
C:/gjmontagner/embarcatech/proj_final/Embarcatech-projeto-final-gmjmontagner/build/Cyclometer.elf:     file format elf32-littlearm

Sections:
Idx Name          Size      VMA       LMA       File off  Algn
  0 .boot2        00000100  10000000  10000000  00001000  2**0
                  CONTENTS, ALLOC, LOAD, READONLY, CODE
  1 .text         000086f8  10000100  10000100  00001100  2**3
                  CONTENTS, ALLOC, LOAD, READONLY, CODE
  2 .rodata       0000218c  100087f8  100087f8  000097f8  2**3
                  CONTENTS, ALLOC, LOAD, READONLY, DATA
  3 .binary_info  00000020  1000a984  1000a984  0000b984  2**2
                  CONTENTS, ALLOC, LOAD, READONLY, DATA
  4 .ram_vector_table 000000c0  20000000  20000000  0000d000  2**2
                  ALLOC
  5 .data         00000d98  200000c0  1000a9a4  0000c0c0  2**4
                  CONTENTS, ALLOC, LOAD, READONLY, CODE
  6 .uninitialized_data 00000000  20000e58  20000e58  0000ce58  2**0
                  CONTENTS
  7 .scratch_x    00000000  20040000  20040000  0000ce58  2**0
                  CONTENTS
  8 .scratch_y    00000000  20041000  20041000  0000ce58  2**0
                  CONTENTS
  9 .bss          0000192c  20000e58  20000e58  0000d000  2**3
                  ALLOC
 10 .heap         00000800  20002784  20002784  0000ce58  2**2
                  CONTENTS, READONLY
 11 .stack_dummy  00000800  20041000  20041000  0000d660  2**5
                  CONTENTS, READONLY
 12 .ARM.attributes 00000028  00000000  00000000  0000de60  2**0
                  CONTENTS, READONLY
 13 .comment      00000045  00000000  00000000  0000de88  2**0
                  CONTENTS, READONLY
 14 .debug_info   0003f3ec  00000000  00000000  0000decd  2**0
                  CONTENTS, READONLY, DEBUGGING, OCTETS
 15 .debug_abbrev 0000aaae  00000000  00000000  0004d2b9  2**0
                  CONTENTS, READONLY, DEBUGGING, OCTETS
 16 .debug_loclists 0001a0f4  00000000  00000000  00057d67  2**0
                  CONTENTS, READONLY, DEBUGGING, OCTETS
 17 .debug_aranges 00001f78  00000000  00000000  00071e60  2**3
                  CONTENTS, READONLY, DEBUGGING, OCTETS
 18 .debug_rnglists 0000201a  00000000  00000000  00073dd8  2**0
                  CONTENTS, READONLY, DEBUGGING, OCTETS
 19 .debug_line   00024032  00000000  00000000  00075df2  2**0
                  CONTENTS, READONLY, DEBUGGING, OCTETS
 20 .debug_str    0000af5b  00000000  00000000  00099e24  2**0
                  CONTENTS, READONLY, DEBUGGING, OCTETS
 21 .debug_frame  00004f98  00000000  00000000  000a4d80  2**2
                  CONTENTS, READONLY, DEBUGGING, OCTETS
 22 .debug_line_str 0000037e  00000000  00000000  000a9d18  2**0
                  CONTENTS, READONLY, DEBUGGING, OCTETS

C:/gjmontagner/embarcatech/proj_final/Embarcatech-projeto-final-gmjmontagner/build/Cyclometer.elf:     file format elf32-littlearm


Disassembly of section .boot2:

10000000 <__boot2_start__>:
10000000:	4b32b500 	.word	0x4b32b500
10000004:	60582021 	.word	0x60582021
10000008:	21026898 	.word	0x21026898
1000000c:	60984388 	.word	0x60984388
10000010:	611860d8 	.word	0x611860d8
10000014:	4b2e6158 	.word	0x4b2e6158
10000018:	60992100 	.word	0x60992100
1000001c:	61592102 	.word	0x61592102
10000020:	22f02101 	.word	0x22f02101
10000024:	492b5099 	.word	0x492b5099
10000028:	21016019 	.word	0x21016019
1000002c:	20356099 	.word	0x20356099
10000030:	f844f000 	.word	0xf844f000
10000034:	42902202 	.word	0x42902202
10000038:	2106d014 	.word	0x2106d014
1000003c:	f0006619 	.word	0xf0006619
10000040:	6e19f834 	.word	0x6e19f834
10000044:	66192101 	.word	0x66192101
10000048:	66182000 	.word	0x66182000
1000004c:	f000661a 	.word	0xf000661a
10000050:	6e19f82c 	.word	0x6e19f82c
10000054:	6e196e19 	.word	0x6e196e19
10000058:	f0002005 	.word	0xf0002005
1000005c:	2101f82f 	.word	0x2101f82f
10000060:	d1f94208 	.word	0xd1f94208
10000064:	60992100 	.word	0x60992100
10000068:	6019491b 	.word	0x6019491b
1000006c:	60592100 	.word	0x60592100
10000070:	481b491a 	.word	0x481b491a
10000074:	21016001 	.word	0x21016001
10000078:	21eb6099 	.word	0x21eb6099
1000007c:	21a06619 	.word	0x21a06619
10000080:	f0006619 	.word	0xf0006619
10000084:	2100f812 	.word	0x2100f812
10000088:	49166099 	.word	0x49166099
1000008c:	60014814 	.word	0x60014814
10000090:	60992101 	.word	0x60992101
10000094:	2800bc01 	.word	0x2800bc01
10000098:	4700d000 	.word	0x4700d000
1000009c:	49134812 	.word	0x49134812
100000a0:	c8036008 	.word	0xc8036008
100000a4:	8808f380 	.word	0x8808f380
100000a8:	b5034708 	.word	0xb5034708
100000ac:	20046a99 	.word	0x20046a99
100000b0:	d0fb4201 	.word	0xd0fb4201
100000b4:	42012001 	.word	0x42012001
100000b8:	bd03d1f8 	.word	0xbd03d1f8
100000bc:	6618b502 	.word	0x6618b502
100000c0:	f7ff6618 	.word	0xf7ff6618
100000c4:	6e18fff2 	.word	0x6e18fff2
100000c8:	bd026e18 	.word	0xbd026e18
100000cc:	40020000 	.word	0x40020000
100000d0:	18000000 	.word	0x18000000
100000d4:	00070000 	.word	0x00070000
100000d8:	005f0300 	.word	0x005f0300
100000dc:	00002221 	.word	0x00002221
100000e0:	180000f4 	.word	0x180000f4
100000e4:	a0002022 	.word	0xa0002022
100000e8:	10000100 	.word	0x10000100
100000ec:	e000ed08 	.word	0xe000ed08
	...
100000fc:	7a4eb274 	.word	0x7a4eb274

Disassembly of section .text:

10000100 <__VECTOR_TABLE>:
10000100:	20042000 	.word	0x20042000
10000104:	100001f7 	.word	0x100001f7
10000108:	100001c3 	.word	0x100001c3
1000010c:	100001c5 	.word	0x100001c5
10000110:	100001c1 	.word	0x100001c1
10000114:	100001c1 	.word	0x100001c1
10000118:	100001c1 	.word	0x100001c1
1000011c:	100001c1 	.word	0x100001c1
10000120:	100001c1 	.word	0x100001c1
10000124:	100001c1 	.word	0x100001c1
10000128:	100001c1 	.word	0x100001c1
1000012c:	100001c7 	.word	0x100001c7
10000130:	100001c1 	.word	0x100001c1
10000134:	100001c1 	.word	0x100001c1
10000138:	100001c9 	.word	0x100001c9
1000013c:	100001cb 	.word	0x100001cb
10000140:	100001cd 	.word	0x100001cd
10000144:	100001cd 	.word	0x100001cd
10000148:	100001cd 	.word	0x100001cd
1000014c:	100001cd 	.word	0x100001cd
10000150:	100001cd 	.word	0x100001cd
10000154:	100001cd 	.word	0x100001cd
10000158:	100001cd 	.word	0x100001cd
1000015c:	100001cd 	.word	0x100001cd
10000160:	100001cd 	.word	0x100001cd
10000164:	100001cd 	.word	0x100001cd
10000168:	100001cd 	.word	0x100001cd
1000016c:	100001cd 	.word	0x100001cd
10000170:	100001cd 	.word	0x100001cd
10000174:	100001cd 	.word	0x100001cd
10000178:	100001cd 	.word	0x100001cd
1000017c:	100001cd 	.word	0x100001cd
10000180:	100001cd 	.word	0x100001cd
10000184:	100001cd 	.word	0x100001cd
10000188:	100001cd 	.word	0x100001cd
1000018c:	100001cd 	.word	0x100001cd
10000190:	100001cd 	.word	0x100001cd
10000194:	100001cd 	.word	0x100001cd
10000198:	100001cd 	.word	0x100001cd
1000019c:	100001cd 	.word	0x100001cd
100001a0:	100001cd 	.word	0x100001cd
100001a4:	100001cd 	.word	0x100001cd
100001a8:	100001cd 	.word	0x100001cd
100001ac:	100001cd 	.word	0x100001cd
100001b0:	100001cd 	.word	0x100001cd
100001b4:	100001cd 	.word	0x100001cd
100001b8:	100001cd 	.word	0x100001cd
100001bc:	100001cd 	.word	0x100001cd

100001c0 <isr_invalid>:
100001c0:	be00      	bkpt	0x0000

100001c2 <isr_nmi>:
100001c2:	be00      	bkpt	0x0000

100001c4 <isr_hardfault>:
100001c4:	be00      	bkpt	0x0000

100001c6 <isr_svcall>:
100001c6:	be00      	bkpt	0x0000

100001c8 <isr_pendsv>:
100001c8:	be00      	bkpt	0x0000

100001ca <isr_systick>:
100001ca:	be00      	bkpt	0x0000

100001cc <__unhandled_user_irq>:
100001cc:	f3ef 8005 	mrs	r0, IPSR
100001d0:	3810      	subs	r0, #16

100001d2 <unhandled_user_irq_num_in_r0>:
100001d2:	be00      	bkpt	0x0000

100001d4 <binary_info_header>:
100001d4:	7188ebf2 	.word	0x7188ebf2
100001d8:	1000a984 	.word	0x1000a984
100001dc:	1000a9a4 	.word	0x1000a9a4
100001e0:	10000234 	.word	0x10000234
100001e4:	e71aa390 	.word	0xe71aa390

100001e8 <_entry_point>:
100001e8:	2000      	movs	r0, #0
100001ea:	491f      	ldr	r1, [pc, #124]	@ (10000268 <hold_non_core0_in_bootrom+0xa>)
100001ec:	6008      	str	r0, [r1, #0]
100001ee:	c806      	ldmia	r0!, {r1, r2}
100001f0:	f381 8808 	msr	MSP, r1
100001f4:	4710      	bx	r2

100001f6 <_reset_handler>:
100001f6:	481d      	ldr	r0, [pc, #116]	@ (1000026c <hold_non_core0_in_bootrom+0xe>)
100001f8:	6800      	ldr	r0, [r0, #0]
100001fa:	2800      	cmp	r0, #0
100001fc:	d12f      	bne.n	1000025e <hold_non_core0_in_bootrom>
100001fe:	a40d      	add	r4, pc, #52	@ (adr r4, 10000234 <data_cpy_table>)
10000200:	cc0e      	ldmia	r4!, {r1, r2, r3}
10000202:	2900      	cmp	r1, #0
10000204:	d002      	beq.n	1000020c <_reset_handler+0x16>
10000206:	f000 f812 	bl	1000022e <data_cpy>
1000020a:	e7f9      	b.n	10000200 <_reset_handler+0xa>
1000020c:	4918      	ldr	r1, [pc, #96]	@ (10000270 <hold_non_core0_in_bootrom+0x12>)
1000020e:	4a19      	ldr	r2, [pc, #100]	@ (10000274 <hold_non_core0_in_bootrom+0x16>)
10000210:	2000      	movs	r0, #0
10000212:	e000      	b.n	10000216 <bss_fill_test>

10000214 <bss_fill_loop>:
10000214:	c101      	stmia	r1!, {r0}

10000216 <bss_fill_test>:
10000216:	4291      	cmp	r1, r2
10000218:	d1fc      	bne.n	10000214 <bss_fill_loop>

1000021a <platform_entry>:
1000021a:	4917      	ldr	r1, [pc, #92]	@ (10000278 <hold_non_core0_in_bootrom+0x1a>)
1000021c:	4788      	blx	r1
1000021e:	4917      	ldr	r1, [pc, #92]	@ (1000027c <hold_non_core0_in_bootrom+0x1e>)
10000220:	4788      	blx	r1
10000222:	4917      	ldr	r1, [pc, #92]	@ (10000280 <hold_non_core0_in_bootrom+0x22>)
10000224:	4788      	blx	r1
10000226:	be00      	bkpt	0x0000
10000228:	e7fd      	b.n	10000226 <platform_entry+0xc>

1000022a <data_cpy_loop>:
1000022a:	c901      	ldmia	r1!, {r0}
1000022c:	c201      	stmia	r2!, {r0}

1000022e <data_cpy>:
1000022e:	429a      	cmp	r2, r3
10000230:	d3fb      	bcc.n	1000022a <data_cpy_loop>
10000232:	4770      	bx	lr

10000234 <data_cpy_table>:
10000234:	1000a9a4 	.word	0x1000a9a4
10000238:	200000c0 	.word	0x200000c0
1000023c:	20000e58 	.word	0x20000e58
10000240:	1000b73c 	.word	0x1000b73c
10000244:	20040000 	.word	0x20040000
10000248:	20040000 	.word	0x20040000
1000024c:	1000b73c 	.word	0x1000b73c
10000250:	20041000 	.word	0x20041000
10000254:	20041000 	.word	0x20041000
10000258:	00000000 	.word	0x00000000
1000025c:	4770      	bx	lr

1000025e <hold_non_core0_in_bootrom>:
1000025e:	4809      	ldr	r0, [pc, #36]	@ (10000284 <hold_non_core0_in_bootrom+0x26>)
10000260:	f003 fe3e 	bl	10003ee0 <rom_func_lookup>
10000264:	4700      	bx	r0
10000266:	0000      	.short	0x0000
10000268:	e000ed08 	.word	0xe000ed08
1000026c:	d0000000 	.word	0xd0000000
10000270:	20000e58 	.word	0x20000e58
10000274:	20002784 	.word	0x20002784
10000278:	10002bc1 	.word	0x10002bc1
1000027c:	10000a0d 	.word	0x10000a0d
10000280:	10002b81 	.word	0x10002b81
10000284:	00005657 	.word	0x00005657

10000288 <__bi_50>:
10000288:	50520006 5360b3ab 10009648              ..RP..`SH...

10000294 <__bi_38>:
10000294:	50520006 02031c86 10009658              ..RP....X...

100002a0 <__bi_30>:
100002a0:	50520006 9da22254 10009664              ..RPT"..d...

100002ac <__bi_22>:
100002ac:	50520005 68f465de 1000b73c              ..RP.e.h<...

100002b8 <_init>:
100002b8:	b5f8      	push	{r3, r4, r5, r6, r7, lr}
100002ba:	46c0      	nop			@ (mov r8, r8)

100002bc <register_tm_clones>:
100002bc:	4806      	ldr	r0, [pc, #24]	@ (100002d8 <register_tm_clones+0x1c>)
100002be:	4907      	ldr	r1, [pc, #28]	@ (100002dc <register_tm_clones+0x20>)
100002c0:	1a09      	subs	r1, r1, r0
100002c2:	108b      	asrs	r3, r1, #2
100002c4:	0fc9      	lsrs	r1, r1, #31
100002c6:	18c9      	adds	r1, r1, r3
100002c8:	b510      	push	{r4, lr}
100002ca:	1049      	asrs	r1, r1, #1
100002cc:	d003      	beq.n	100002d6 <register_tm_clones+0x1a>
100002ce:	4b04      	ldr	r3, [pc, #16]	@ (100002e0 <register_tm_clones+0x24>)
100002d0:	2b00      	cmp	r3, #0
100002d2:	d000      	beq.n	100002d6 <register_tm_clones+0x1a>
100002d4:	4798      	blx	r3
100002d6:	bd10      	pop	{r4, pc}
100002d8:	20000e58 	.word	0x20000e58
100002dc:	20000e58 	.word	0x20000e58
100002e0:	00000000 	.word	0x00000000

100002e4 <frame_dummy>:
100002e4:	4b05      	ldr	r3, [pc, #20]	@ (100002fc <frame_dummy+0x18>)
100002e6:	b510      	push	{r4, lr}
100002e8:	2b00      	cmp	r3, #0
100002ea:	d003      	beq.n	100002f4 <frame_dummy+0x10>
100002ec:	4904      	ldr	r1, [pc, #16]	@ (10000300 <frame_dummy+0x1c>)
100002ee:	4805      	ldr	r0, [pc, #20]	@ (10000304 <frame_dummy+0x20>)
100002f0:	e000      	b.n	100002f4 <frame_dummy+0x10>
100002f2:	bf00      	nop
100002f4:	f7ff ffe2 	bl	100002bc <register_tm_clones>
100002f8:	bd10      	pop	{r4, pc}
100002fa:	46c0      	nop			@ (mov r8, r8)
100002fc:	00000000 	.word	0x00000000
10000300:	200024fc 	.word	0x200024fc
10000304:	100087f8 	.word	0x100087f8

10000308 <pwm_set_chan_level>:
10000308:	0083      	lsls	r3, r0, #2
1000030a:	181b      	adds	r3, r3, r0
1000030c:	009b      	lsls	r3, r3, #2
1000030e:	480b      	ldr	r0, [pc, #44]	@ (1000033c <pwm_set_chan_level+0x34>)
10000310:	4684      	mov	ip, r0
10000312:	4463      	add	r3, ip
10000314:	2900      	cmp	r1, #0
10000316:	d00c      	beq.n	10000332 <pwm_set_chan_level+0x2a>
10000318:	2010      	movs	r0, #16
1000031a:	4082      	lsls	r2, r0
1000031c:	2900      	cmp	r1, #0
1000031e:	d00a      	beq.n	10000336 <pwm_set_chan_level+0x2e>
10000320:	4907      	ldr	r1, [pc, #28]	@ (10000340 <pwm_set_chan_level+0x38>)
10000322:	6818      	ldr	r0, [r3, #0]
10000324:	4042      	eors	r2, r0
10000326:	400a      	ands	r2, r1
10000328:	2180      	movs	r1, #128	@ 0x80
1000032a:	0149      	lsls	r1, r1, #5
1000032c:	430b      	orrs	r3, r1
1000032e:	601a      	str	r2, [r3, #0]
10000330:	4770      	bx	lr
10000332:	0008      	movs	r0, r1
10000334:	e7f1      	b.n	1000031a <pwm_set_chan_level+0x12>
10000336:	4903      	ldr	r1, [pc, #12]	@ (10000344 <pwm_set_chan_level+0x3c>)
10000338:	e7f3      	b.n	10000322 <pwm_set_chan_level+0x1a>
1000033a:	46c0      	nop			@ (mov r8, r8)
1000033c:	4005000c 	.word	0x4005000c
10000340:	ffff0000 	.word	0xffff0000
10000344:	0000ffff 	.word	0x0000ffff

10000348 <sm_config_set_clkdiv>:
10000348:	b570      	push	{r4, r5, r6, lr}
1000034a:	0006      	movs	r6, r0
1000034c:	1c0d      	adds	r5, r1, #0
1000034e:	1c08      	adds	r0, r1, #0
10000350:	f004 fa18 	bl	10004784 <__wrap___aeabi_f2uiz>
10000354:	b284      	uxth	r4, r0
10000356:	2c00      	cmp	r4, #0
10000358:	d012      	beq.n	10000380 <sm_config_set_clkdiv+0x38>
1000035a:	0020      	movs	r0, r4
1000035c:	f004 f9ea 	bl	10004734 <__wrap___aeabi_ui2f>
10000360:	1c01      	adds	r1, r0, #0
10000362:	1c28      	adds	r0, r5, #0
10000364:	f004 f9c5 	bl	100046f2 <__wrap___aeabi_fsub>
10000368:	2187      	movs	r1, #135	@ 0x87
1000036a:	05c9      	lsls	r1, r1, #23
1000036c:	f004 f9db 	bl	10004726 <__wrap___aeabi_fmul>
10000370:	f004 fa08 	bl	10004784 <__wrap___aeabi_f2uiz>
10000374:	b2c3      	uxtb	r3, r0
10000376:	021b      	lsls	r3, r3, #8
10000378:	0424      	lsls	r4, r4, #16
1000037a:	431c      	orrs	r4, r3
1000037c:	6034      	str	r4, [r6, #0]
1000037e:	bd70      	pop	{r4, r5, r6, pc}
10000380:	2300      	movs	r3, #0
10000382:	e7f8      	b.n	10000376 <sm_config_set_clkdiv+0x2e>

10000384 <pio_get_default_sm_config>:
10000384:	b510      	push	{r4, lr}
10000386:	0004      	movs	r4, r0
10000388:	2210      	movs	r2, #16
1000038a:	2100      	movs	r1, #0
1000038c:	f004 fa52 	bl	10004834 <__wrap_memset>
10000390:	2380      	movs	r3, #128	@ 0x80
10000392:	025b      	lsls	r3, r3, #9
10000394:	6023      	str	r3, [r4, #0]
10000396:	23f8      	movs	r3, #248	@ 0xf8
10000398:	025b      	lsls	r3, r3, #9
1000039a:	6063      	str	r3, [r4, #4]
1000039c:	2380      	movs	r3, #128	@ 0x80
1000039e:	02db      	lsls	r3, r3, #11
100003a0:	60a3      	str	r3, [r4, #8]
100003a2:	23c0      	movs	r3, #192	@ 0xc0
100003a4:	031b      	lsls	r3, r3, #12
100003a6:	60a3      	str	r3, [r4, #8]
100003a8:	0020      	movs	r0, r4
100003aa:	bd10      	pop	{r4, pc}

100003ac <quadrature_encoder_program_get_default_config>:
100003ac:	b570      	push	{r4, r5, r6, lr}
100003ae:	0005      	movs	r5, r0
100003b0:	000c      	movs	r4, r1
100003b2:	f7ff ffe7 	bl	10000384 <pio_get_default_sm_config>
100003b6:	0022      	movs	r2, r4
100003b8:	320f      	adds	r2, #15
100003ba:	3417      	adds	r4, #23
100003bc:	686b      	ldr	r3, [r5, #4]
100003be:	4904      	ldr	r1, [pc, #16]	@ (100003d0 <quadrature_encoder_program_get_default_config+0x24>)
100003c0:	400b      	ands	r3, r1
100003c2:	01d2      	lsls	r2, r2, #7
100003c4:	4313      	orrs	r3, r2
100003c6:	0324      	lsls	r4, r4, #12
100003c8:	4323      	orrs	r3, r4
100003ca:	606b      	str	r3, [r5, #4]
100003cc:	0028      	movs	r0, r5
100003ce:	bd70      	pop	{r4, r5, r6, pc}
100003d0:	fffe007f 	.word	0xfffe007f

100003d4 <quadrature_encoder_get_count>:
100003d4:	b530      	push	{r4, r5, lr}
100003d6:	000c      	movs	r4, r1
100003d8:	00c9      	lsls	r1, r1, #3
100003da:	3104      	adds	r1, #4
100003dc:	68c2      	ldr	r2, [r0, #12]
100003de:	40ca      	lsrs	r2, r1
100003e0:	250f      	movs	r5, #15
100003e2:	4015      	ands	r5, r2
100003e4:	3501      	adds	r5, #1
100003e6:	e009      	b.n	100003fc <quadrature_encoder_get_count+0x28>
100003e8:	6842      	ldr	r2, [r0, #4]
100003ea:	0021      	movs	r1, r4
100003ec:	3108      	adds	r1, #8
100003ee:	2301      	movs	r3, #1
100003f0:	408b      	lsls	r3, r1
100003f2:	4213      	tst	r3, r2
100003f4:	d1f8      	bne.n	100003e8 <quadrature_encoder_get_count+0x14>
100003f6:	008b      	lsls	r3, r1, #2
100003f8:	581b      	ldr	r3, [r3, r0]
100003fa:	3d01      	subs	r5, #1
100003fc:	2d00      	cmp	r5, #0
100003fe:	dcf3      	bgt.n	100003e8 <quadrature_encoder_get_count+0x14>
10000400:	0018      	movs	r0, r3
10000402:	bd30      	pop	{r4, r5, pc}

10000404 <pwm_irq_handler>:
10000404:	b510      	push	{r4, lr}
10000406:	4a1f      	ldr	r2, [pc, #124]	@ (10000484 <pwm_irq_handler+0x80>)
10000408:	23b0      	movs	r3, #176	@ 0xb0
1000040a:	58d3      	ldr	r3, [r2, r3]
1000040c:	2220      	movs	r2, #32
1000040e:	0011      	movs	r1, r2
10000410:	4019      	ands	r1, r3
10000412:	421a      	tst	r2, r3
10000414:	d004      	beq.n	10000420 <pwm_irq_handler+0x1c>
10000416:	491b      	ldr	r1, [pc, #108]	@ (10000484 <pwm_irq_handler+0x80>)
10000418:	3284      	adds	r2, #132	@ 0x84
1000041a:	2020      	movs	r0, #32
1000041c:	5088      	str	r0, [r1, r2]
1000041e:	2105      	movs	r1, #5
10000420:	065b      	lsls	r3, r3, #25
10000422:	d50a      	bpl.n	1000043a <pwm_irq_handler+0x36>
10000424:	4a17      	ldr	r2, [pc, #92]	@ (10000484 <pwm_irq_handler+0x80>)
10000426:	23a4      	movs	r3, #164	@ 0xa4
10000428:	2140      	movs	r1, #64	@ 0x40
1000042a:	50d1      	str	r1, [r2, r3]
1000042c:	4a16      	ldr	r2, [pc, #88]	@ (10000488 <pwm_irq_handler+0x84>)
1000042e:	6813      	ldr	r3, [r2, #0]
10000430:	1c59      	adds	r1, r3, #1
10000432:	6011      	str	r1, [r2, #0]
10000434:	2b09      	cmp	r3, #9
10000436:	d813      	bhi.n	10000460 <pwm_irq_handler+0x5c>
10000438:	bd10      	pop	{r4, pc}
1000043a:	2905      	cmp	r1, #5
1000043c:	d1fc      	bne.n	10000438 <pwm_irq_handler+0x34>
1000043e:	4a13      	ldr	r2, [pc, #76]	@ (1000048c <pwm_irq_handler+0x88>)
10000440:	6813      	ldr	r3, [r2, #0]
10000442:	1c59      	adds	r1, r3, #1
10000444:	6011      	str	r1, [r2, #0]
10000446:	2b63      	cmp	r3, #99	@ 0x63
10000448:	d9f6      	bls.n	10000438 <pwm_irq_handler+0x34>
1000044a:	0013      	movs	r3, r2
1000044c:	2200      	movs	r2, #0
1000044e:	601a      	str	r2, [r3, #0]
10000450:	4b0f      	ldr	r3, [pc, #60]	@ (10000490 <pwm_irq_handler+0x8c>)
10000452:	681a      	ldr	r2, [r3, #0]
10000454:	b292      	uxth	r2, r2
10000456:	2101      	movs	r1, #1
10000458:	2005      	movs	r0, #5
1000045a:	f7ff ff55 	bl	10000308 <pwm_set_chan_level>
1000045e:	e7eb      	b.n	10000438 <pwm_irq_handler+0x34>
10000460:	4b09      	ldr	r3, [pc, #36]	@ (10000488 <pwm_irq_handler+0x84>)
10000462:	2200      	movs	r2, #0
10000464:	601a      	str	r2, [r3, #0]
10000466:	4b0b      	ldr	r3, [pc, #44]	@ (10000494 <pwm_irq_handler+0x90>)
10000468:	681a      	ldr	r2, [r3, #0]
1000046a:	b292      	uxth	r2, r2
1000046c:	2101      	movs	r1, #1
1000046e:	2006      	movs	r0, #6
10000470:	f7ff ff4a 	bl	10000308 <pwm_set_chan_level>
10000474:	4b08      	ldr	r3, [pc, #32]	@ (10000498 <pwm_irq_handler+0x94>)
10000476:	681a      	ldr	r2, [r3, #0]
10000478:	b292      	uxth	r2, r2
1000047a:	2100      	movs	r1, #0
1000047c:	2006      	movs	r0, #6
1000047e:	f7ff ff43 	bl	10000308 <pwm_set_chan_level>
10000482:	e7d9      	b.n	10000438 <pwm_irq_handler+0x34>
10000484:	40050000 	.word	0x40050000
10000488:	20001560 	.word	0x20001560
1000048c:	2000155c 	.word	0x2000155c
10000490:	200024e0 	.word	0x200024e0
10000494:	200024e4 	.word	0x200024e4
10000498:	200024dc 	.word	0x200024dc

1000049c <acquisition_finalized_callback>:
1000049c:	b510      	push	{r4, lr}
1000049e:	4b04      	ldr	r3, [pc, #16]	@ (100004b0 <acquisition_finalized_callback+0x14>)
100004a0:	2201      	movs	r2, #1
100004a2:	701a      	strb	r2, [r3, #0]
100004a4:	4803      	ldr	r0, [pc, #12]	@ (100004b4 <acquisition_finalized_callback+0x18>)
100004a6:	f004 fb2b 	bl	10004b00 <__wrap_puts>
100004aa:	2000      	movs	r0, #0
100004ac:	2100      	movs	r1, #0
100004ae:	bd10      	pop	{r4, pc}
100004b0:	2000277a 	.word	0x2000277a
100004b4:	100087f8 	.word	0x100087f8

100004b8 <update_us_since_boot>:
100004b8:	b510      	push	{r4, lr}
100004ba:	2b00      	cmp	r3, #0
100004bc:	db02      	blt.n	100004c4 <update_us_since_boot+0xc>
100004be:	6002      	str	r2, [r0, #0]
100004c0:	6043      	str	r3, [r0, #4]
100004c2:	bd10      	pop	{r4, pc}
100004c4:	4b02      	ldr	r3, [pc, #8]	@ (100004d0 <update_us_since_boot+0x18>)
100004c6:	4a03      	ldr	r2, [pc, #12]	@ (100004d4 <update_us_since_boot+0x1c>)
100004c8:	4803      	ldr	r0, [pc, #12]	@ (100004d8 <update_us_since_boot+0x20>)
100004ca:	213f      	movs	r1, #63	@ 0x3f
100004cc:	f002 fb5c 	bl	10002b88 <__assert_func>
100004d0:	10008810 	.word	0x10008810
100004d4:	10009f28 	.word	0x10009f28
100004d8:	1000882c 	.word	0x1000882c

100004dc <delayed_by_ms>:
100004dc:	b570      	push	{r4, r5, r6, lr}
100004de:	b082      	sub	sp, #8
100004e0:	0006      	movs	r6, r0
100004e2:	0014      	movs	r4, r2
100004e4:	001d      	movs	r5, r3
100004e6:	22fa      	movs	r2, #250	@ 0xfa
100004e8:	0092      	lsls	r2, r2, #2
100004ea:	2300      	movs	r3, #0
100004ec:	9806      	ldr	r0, [sp, #24]
100004ee:	2100      	movs	r1, #0
100004f0:	f004 f8e2 	bl	100046b8 <__wrap___aeabi_lmul>
100004f4:	0002      	movs	r2, r0
100004f6:	000b      	movs	r3, r1
100004f8:	1912      	adds	r2, r2, r4
100004fa:	416b      	adcs	r3, r5
100004fc:	2b00      	cmp	r3, #0
100004fe:	db09      	blt.n	10000514 <delayed_by_ms+0x38>
10000500:	4668      	mov	r0, sp
10000502:	f7ff ffd9 	bl	100004b8 <update_us_since_boot>
10000506:	9a00      	ldr	r2, [sp, #0]
10000508:	9b01      	ldr	r3, [sp, #4]
1000050a:	6032      	str	r2, [r6, #0]
1000050c:	6073      	str	r3, [r6, #4]
1000050e:	0030      	movs	r0, r6
10000510:	b002      	add	sp, #8
10000512:	bd70      	pop	{r4, r5, r6, pc}
10000514:	2201      	movs	r2, #1
10000516:	4252      	negs	r2, r2
10000518:	4b00      	ldr	r3, [pc, #0]	@ (1000051c <delayed_by_ms+0x40>)
1000051a:	e7f1      	b.n	10000500 <delayed_by_ms+0x24>
1000051c:	7fffffff 	.word	0x7fffffff

10000520 <add_repeating_timer_ms>:
10000520:	b5f0      	push	{r4, r5, r6, r7, lr}
10000522:	46c6      	mov	lr, r8
10000524:	b500      	push	{lr}
10000526:	b084      	sub	sp, #16
10000528:	0004      	movs	r4, r0
1000052a:	000e      	movs	r6, r1
1000052c:	0017      	movs	r7, r2
1000052e:	001d      	movs	r5, r3
10000530:	f001 fc3a 	bl	10001da8 <alarm_pool_get_default>
10000534:	4680      	mov	r8, r0
10000536:	17e1      	asrs	r1, r4, #31
10000538:	22fa      	movs	r2, #250	@ 0xfa
1000053a:	0092      	lsls	r2, r2, #2
1000053c:	2300      	movs	r3, #0
1000053e:	0020      	movs	r0, r4
10000540:	f004 f8ba 	bl	100046b8 <__wrap___aeabi_lmul>
10000544:	0002      	movs	r2, r0
10000546:	000b      	movs	r3, r1
10000548:	9502      	str	r5, [sp, #8]
1000054a:	9701      	str	r7, [sp, #4]
1000054c:	9600      	str	r6, [sp, #0]
1000054e:	4640      	mov	r0, r8
10000550:	f001 fd3c 	bl	10001fcc <alarm_pool_add_repeating_timer_us>
10000554:	b004      	add	sp, #16
10000556:	bc80      	pop	{r7}
10000558:	46b8      	mov	r8, r7
1000055a:	bdf0      	pop	{r4, r5, r6, r7, pc}

1000055c <quadrature_encoder_program_init>:
1000055c:	b5f0      	push	{r4, r5, r6, r7, lr}
1000055e:	46ce      	mov	lr, r9
10000560:	4647      	mov	r7, r8
10000562:	b580      	push	{r7, lr}
10000564:	b087      	sub	sp, #28
10000566:	0005      	movs	r5, r0
10000568:	000e      	movs	r6, r1
1000056a:	0014      	movs	r4, r2
1000056c:	001f      	movs	r7, r3
1000056e:	2300      	movs	r3, #0
10000570:	9300      	str	r3, [sp, #0]
10000572:	3302      	adds	r3, #2
10000574:	f007 f8e8 	bl	10007748 <pio_sm_set_consecutive_pindirs>
10000578:	4b2d      	ldr	r3, [pc, #180]	@ (10000630 <quadrature_encoder_program_init+0xd4>)
1000057a:	429d      	cmp	r5, r3
1000057c:	d041      	beq.n	10000602 <quadrature_encoder_program_init+0xa6>
1000057e:	2307      	movs	r3, #7
10000580:	4699      	mov	r9, r3
10000582:	4649      	mov	r1, r9
10000584:	0020      	movs	r0, r4
10000586:	f000 fb4f 	bl	10000c28 <gpio_set_function>
1000058a:	1c63      	adds	r3, r4, #1
1000058c:	4698      	mov	r8, r3
1000058e:	4649      	mov	r1, r9
10000590:	0018      	movs	r0, r3
10000592:	f000 fb49 	bl	10000c28 <gpio_set_function>
10000596:	2200      	movs	r2, #0
10000598:	2101      	movs	r1, #1
1000059a:	0020      	movs	r0, r4
1000059c:	f000 fb5c 	bl	10000c58 <gpio_set_pulls>
100005a0:	2200      	movs	r2, #0
100005a2:	2101      	movs	r1, #1
100005a4:	4640      	mov	r0, r8
100005a6:	f000 fb57 	bl	10000c58 <gpio_set_pulls>
100005aa:	2100      	movs	r1, #0
100005ac:	a802      	add	r0, sp, #8
100005ae:	f7ff fefd 	bl	100003ac <quadrature_encoder_program_get_default_config>
100005b2:	9b05      	ldr	r3, [sp, #20]
100005b4:	4a1f      	ldr	r2, [pc, #124]	@ (10000634 <quadrature_encoder_program_init+0xd8>)
100005b6:	4013      	ands	r3, r2
100005b8:	03e2      	lsls	r2, r4, #15
100005ba:	4313      	orrs	r3, r2
100005bc:	9305      	str	r3, [sp, #20]
100005be:	9a03      	ldr	r2, [sp, #12]
100005c0:	4b1d      	ldr	r3, [pc, #116]	@ (10000638 <quadrature_encoder_program_init+0xdc>)
100005c2:	401a      	ands	r2, r3
100005c4:	0624      	lsls	r4, r4, #24
100005c6:	4322      	orrs	r2, r4
100005c8:	9203      	str	r2, [sp, #12]
100005ca:	9b04      	ldr	r3, [sp, #16]
100005cc:	4a1b      	ldr	r2, [pc, #108]	@ (1000063c <quadrature_encoder_program_init+0xe0>)
100005ce:	401a      	ands	r2, r3
100005d0:	9204      	str	r2, [sp, #16]
100005d2:	4a1b      	ldr	r2, [pc, #108]	@ (10000640 <quadrature_encoder_program_init+0xe4>)
100005d4:	4013      	ands	r3, r2
100005d6:	9304      	str	r3, [sp, #16]
100005d8:	2f00      	cmp	r7, #0
100005da:	d115      	bne.n	10000608 <quadrature_encoder_program_init+0xac>
100005dc:	2380      	movs	r3, #128	@ 0x80
100005de:	025b      	lsls	r3, r3, #9
100005e0:	9302      	str	r3, [sp, #8]
100005e2:	ab02      	add	r3, sp, #8
100005e4:	2200      	movs	r2, #0
100005e6:	0031      	movs	r1, r6
100005e8:	0028      	movs	r0, r5
100005ea:	f007 f8ff 	bl	100077ec <pio_sm_init>
100005ee:	682b      	ldr	r3, [r5, #0]
100005f0:	2201      	movs	r2, #1
100005f2:	40b2      	lsls	r2, r6
100005f4:	4313      	orrs	r3, r2
100005f6:	602b      	str	r3, [r5, #0]
100005f8:	b007      	add	sp, #28
100005fa:	bcc0      	pop	{r6, r7}
100005fc:	46b9      	mov	r9, r7
100005fe:	46b0      	mov	r8, r6
10000600:	bdf0      	pop	{r4, r5, r6, r7, pc}
10000602:	2306      	movs	r3, #6
10000604:	4699      	mov	r9, r3
10000606:	e7bc      	b.n	10000582 <quadrature_encoder_program_init+0x26>
10000608:	2005      	movs	r0, #5
1000060a:	f002 f99b 	bl	10002944 <clock_get_hz>
1000060e:	f004 f891 	bl	10004734 <__wrap___aeabi_ui2f>
10000612:	1c04      	adds	r4, r0, #0
10000614:	200a      	movs	r0, #10
10000616:	4378      	muls	r0, r7
10000618:	f004 f892 	bl	10004740 <__wrap___aeabi_i2f>
1000061c:	1c01      	adds	r1, r0, #0
1000061e:	1c20      	adds	r0, r4, #0
10000620:	f004 f86d 	bl	100046fe <__wrap___aeabi_fdiv>
10000624:	1c01      	adds	r1, r0, #0
10000626:	a802      	add	r0, sp, #8
10000628:	f7ff fe8e 	bl	10000348 <sm_config_set_clkdiv>
1000062c:	e7d9      	b.n	100005e2 <quadrature_encoder_program_init+0x86>
1000062e:	46c0      	nop			@ (mov r8, r8)
10000630:	50200000 	.word	0x50200000
10000634:	fff07fff 	.word	0xfff07fff
10000638:	e0ffffff 	.word	0xe0ffffff
1000063c:	fe0affff 	.word	0xfe0affff
10000640:	3e0affff 	.word	0x3e0affff

10000644 <get_absolute_time>:
10000644:	b510      	push	{r4, lr}
10000646:	b082      	sub	sp, #8
10000648:	0004      	movs	r4, r0
1000064a:	f001 fdd1 	bl	100021f0 <time_us_64>
1000064e:	0002      	movs	r2, r0
10000650:	000b      	movs	r3, r1
10000652:	4668      	mov	r0, sp
10000654:	f7ff ff30 	bl	100004b8 <update_us_since_boot>
10000658:	9a00      	ldr	r2, [sp, #0]
1000065a:	9b01      	ldr	r3, [sp, #4]
1000065c:	6022      	str	r2, [r4, #0]
1000065e:	6063      	str	r3, [r4, #4]
10000660:	0020      	movs	r0, r4
10000662:	b002      	add	sp, #8
10000664:	bd10      	pop	{r4, pc}

10000666 <alarm_pool_add_alarm_in_ms>:
10000666:	b5f0      	push	{r4, r5, r6, r7, lr}
10000668:	46c6      	mov	lr, r8
1000066a:	b500      	push	{lr}
1000066c:	b086      	sub	sp, #24
1000066e:	4680      	mov	r8, r0
10000670:	000c      	movs	r4, r1
10000672:	0015      	movs	r5, r2
10000674:	001e      	movs	r6, r3
10000676:	ab0c      	add	r3, sp, #48	@ 0x30
10000678:	781f      	ldrb	r7, [r3, #0]
1000067a:	a804      	add	r0, sp, #16
1000067c:	f7ff ffe2 	bl	10000644 <get_absolute_time>
10000680:	9a04      	ldr	r2, [sp, #16]
10000682:	9b05      	ldr	r3, [sp, #20]
10000684:	9400      	str	r4, [sp, #0]
10000686:	a804      	add	r0, sp, #16
10000688:	f7ff ff28 	bl	100004dc <delayed_by_ms>
1000068c:	9a04      	ldr	r2, [sp, #16]
1000068e:	9b05      	ldr	r3, [sp, #20]
10000690:	9702      	str	r7, [sp, #8]
10000692:	9601      	str	r6, [sp, #4]
10000694:	9500      	str	r5, [sp, #0]
10000696:	4640      	mov	r0, r8
10000698:	f001 fb9c 	bl	10001dd4 <alarm_pool_add_alarm_at>
1000069c:	b006      	add	sp, #24
1000069e:	bc80      	pop	{r7}
100006a0:	46b8      	mov	r8, r7
100006a2:	bdf0      	pop	{r4, r5, r6, r7, pc}

100006a4 <add_alarm_in_ms>:
100006a4:	b5f0      	push	{r4, r5, r6, r7, lr}
100006a6:	b083      	sub	sp, #12
100006a8:	0004      	movs	r4, r0
100006aa:	000d      	movs	r5, r1
100006ac:	0016      	movs	r6, r2
100006ae:	001f      	movs	r7, r3
100006b0:	f001 fb7a 	bl	10001da8 <alarm_pool_get_default>
100006b4:	9700      	str	r7, [sp, #0]
100006b6:	0033      	movs	r3, r6
100006b8:	002a      	movs	r2, r5
100006ba:	0021      	movs	r1, r4
100006bc:	f7ff ffd3 	bl	10000666 <alarm_pool_add_alarm_in_ms>
100006c0:	b003      	add	sp, #12
100006c2:	bdf0      	pop	{r4, r5, r6, r7, pc}

100006c4 <execute_tacho_read>:
100006c4:	b510      	push	{r4, lr}
100006c6:	2100      	movs	r1, #0
100006c8:	480c      	ldr	r0, [pc, #48]	@ (100006fc <execute_tacho_read+0x38>)
100006ca:	f7ff fe83 	bl	100003d4 <quadrature_encoder_get_count>
100006ce:	4b0c      	ldr	r3, [pc, #48]	@ (10000700 <execute_tacho_read+0x3c>)
100006d0:	6018      	str	r0, [r3, #0]
100006d2:	4a0c      	ldr	r2, [pc, #48]	@ (10000704 <execute_tacho_read+0x40>)
100006d4:	6813      	ldr	r3, [r2, #0]
100006d6:	1ac3      	subs	r3, r0, r3
100006d8:	490b      	ldr	r1, [pc, #44]	@ (10000708 <execute_tacho_read+0x44>)
100006da:	600b      	str	r3, [r1, #0]
100006dc:	6010      	str	r0, [r2, #0]
100006de:	4a0b      	ldr	r2, [pc, #44]	@ (1000070c <execute_tacho_read+0x48>)
100006e0:	6812      	ldr	r2, [r2, #0]
100006e2:	4290      	cmp	r0, r2
100006e4:	d004      	beq.n	100006f0 <execute_tacho_read+0x2c>
100006e6:	4a09      	ldr	r2, [pc, #36]	@ (1000070c <execute_tacho_read+0x48>)
100006e8:	6010      	str	r0, [r2, #0]
100006ea:	4a09      	ldr	r2, [pc, #36]	@ (10000710 <execute_tacho_read+0x4c>)
100006ec:	6013      	str	r3, [r2, #0]
100006ee:	bd10      	pop	{r4, pc}
100006f0:	4a07      	ldr	r2, [pc, #28]	@ (10000710 <execute_tacho_read+0x4c>)
100006f2:	6812      	ldr	r2, [r2, #0]
100006f4:	4293      	cmp	r3, r2
100006f6:	d1f6      	bne.n	100006e6 <execute_tacho_read+0x22>
100006f8:	e7f9      	b.n	100006ee <execute_tacho_read+0x2a>
100006fa:	46c0      	nop			@ (mov r8, r8)
100006fc:	50200000 	.word	0x50200000
10000700:	200024f4 	.word	0x200024f4
10000704:	20002514 	.word	0x20002514
10000708:	2000209c 	.word	0x2000209c
1000070c:	20000d24 	.word	0x20000d24
10000710:	20000d20 	.word	0x20000d20

10000714 <set_RGB_leds>:
10000714:	4b2b      	ldr	r3, [pc, #172]	@ (100007c4 <set_RGB_leds+0xb0>)
10000716:	2200      	movs	r2, #0
10000718:	5e9b      	ldrsh	r3, [r3, r2]
1000071a:	17da      	asrs	r2, r3, #31
1000071c:	189b      	adds	r3, r3, r2
1000071e:	4053      	eors	r3, r2
10000720:	b29b      	uxth	r3, r3
10000722:	4a29      	ldr	r2, [pc, #164]	@ (100007c8 <set_RGB_leds+0xb4>)
10000724:	4293      	cmp	r3, r2
10000726:	d90f      	bls.n	10000748 <set_RGB_leds+0x34>
10000728:	4a28      	ldr	r2, [pc, #160]	@ (100007cc <set_RGB_leds+0xb8>)
1000072a:	213c      	movs	r1, #60	@ 0x3c
1000072c:	6011      	str	r1, [r2, #0]
1000072e:	4a28      	ldr	r2, [pc, #160]	@ (100007d0 <set_RGB_leds+0xbc>)
10000730:	4293      	cmp	r3, r2
10000732:	d90c      	bls.n	1000074e <set_RGB_leds+0x3a>
10000734:	4a25      	ldr	r2, [pc, #148]	@ (100007cc <set_RGB_leds+0xb8>)
10000736:	3144      	adds	r1, #68	@ 0x44
10000738:	6011      	str	r1, [r2, #0]
1000073a:	4a26      	ldr	r2, [pc, #152]	@ (100007d4 <set_RGB_leds+0xc0>)
1000073c:	4293      	cmp	r3, r2
1000073e:	d906      	bls.n	1000074e <set_RGB_leds+0x3a>
10000740:	4b22      	ldr	r3, [pc, #136]	@ (100007cc <set_RGB_leds+0xb8>)
10000742:	22ff      	movs	r2, #255	@ 0xff
10000744:	601a      	str	r2, [r3, #0]
10000746:	e002      	b.n	1000074e <set_RGB_leds+0x3a>
10000748:	4b20      	ldr	r3, [pc, #128]	@ (100007cc <set_RGB_leds+0xb8>)
1000074a:	2200      	movs	r2, #0
1000074c:	601a      	str	r2, [r3, #0]
1000074e:	4b1d      	ldr	r3, [pc, #116]	@ (100007c4 <set_RGB_leds+0xb0>)
10000750:	2202      	movs	r2, #2
10000752:	5e9b      	ldrsh	r3, [r3, r2]
10000754:	17da      	asrs	r2, r3, #31
10000756:	189b      	adds	r3, r3, r2
10000758:	4053      	eors	r3, r2
1000075a:	b29b      	uxth	r3, r3
1000075c:	4a1a      	ldr	r2, [pc, #104]	@ (100007c8 <set_RGB_leds+0xb4>)
1000075e:	4293      	cmp	r3, r2
10000760:	d90f      	bls.n	10000782 <set_RGB_leds+0x6e>
10000762:	4a1d      	ldr	r2, [pc, #116]	@ (100007d8 <set_RGB_leds+0xc4>)
10000764:	213c      	movs	r1, #60	@ 0x3c
10000766:	6011      	str	r1, [r2, #0]
10000768:	4a19      	ldr	r2, [pc, #100]	@ (100007d0 <set_RGB_leds+0xbc>)
1000076a:	4293      	cmp	r3, r2
1000076c:	d90c      	bls.n	10000788 <set_RGB_leds+0x74>
1000076e:	4a1a      	ldr	r2, [pc, #104]	@ (100007d8 <set_RGB_leds+0xc4>)
10000770:	3144      	adds	r1, #68	@ 0x44
10000772:	6011      	str	r1, [r2, #0]
10000774:	4a17      	ldr	r2, [pc, #92]	@ (100007d4 <set_RGB_leds+0xc0>)
10000776:	4293      	cmp	r3, r2
10000778:	d906      	bls.n	10000788 <set_RGB_leds+0x74>
1000077a:	4b17      	ldr	r3, [pc, #92]	@ (100007d8 <set_RGB_leds+0xc4>)
1000077c:	22ff      	movs	r2, #255	@ 0xff
1000077e:	601a      	str	r2, [r3, #0]
10000780:	e002      	b.n	10000788 <set_RGB_leds+0x74>
10000782:	4b15      	ldr	r3, [pc, #84]	@ (100007d8 <set_RGB_leds+0xc4>)
10000784:	2200      	movs	r2, #0
10000786:	601a      	str	r2, [r3, #0]
10000788:	4b0e      	ldr	r3, [pc, #56]	@ (100007c4 <set_RGB_leds+0xb0>)
1000078a:	2204      	movs	r2, #4
1000078c:	5e9b      	ldrsh	r3, [r3, r2]
1000078e:	17da      	asrs	r2, r3, #31
10000790:	189b      	adds	r3, r3, r2
10000792:	4053      	eors	r3, r2
10000794:	b29b      	uxth	r3, r3
10000796:	4a0c      	ldr	r2, [pc, #48]	@ (100007c8 <set_RGB_leds+0xb4>)
10000798:	4293      	cmp	r3, r2
1000079a:	d90f      	bls.n	100007bc <set_RGB_leds+0xa8>
1000079c:	4a0f      	ldr	r2, [pc, #60]	@ (100007dc <set_RGB_leds+0xc8>)
1000079e:	213c      	movs	r1, #60	@ 0x3c
100007a0:	6011      	str	r1, [r2, #0]
100007a2:	4a0b      	ldr	r2, [pc, #44]	@ (100007d0 <set_RGB_leds+0xbc>)
100007a4:	4293      	cmp	r3, r2
100007a6:	d90c      	bls.n	100007c2 <set_RGB_leds+0xae>
100007a8:	4a0c      	ldr	r2, [pc, #48]	@ (100007dc <set_RGB_leds+0xc8>)
100007aa:	3144      	adds	r1, #68	@ 0x44
100007ac:	6011      	str	r1, [r2, #0]
100007ae:	4a09      	ldr	r2, [pc, #36]	@ (100007d4 <set_RGB_leds+0xc0>)
100007b0:	4293      	cmp	r3, r2
100007b2:	d906      	bls.n	100007c2 <set_RGB_leds+0xae>
100007b4:	4b09      	ldr	r3, [pc, #36]	@ (100007dc <set_RGB_leds+0xc8>)
100007b6:	22ff      	movs	r2, #255	@ 0xff
100007b8:	601a      	str	r2, [r3, #0]
100007ba:	e002      	b.n	100007c2 <set_RGB_leds+0xae>
100007bc:	4b07      	ldr	r3, [pc, #28]	@ (100007dc <set_RGB_leds+0xc8>)
100007be:	2200      	movs	r2, #0
100007c0:	601a      	str	r2, [r3, #0]
100007c2:	4770      	bx	lr
100007c4:	200013f4 	.word	0x200013f4
100007c8:	00001388 	.word	0x00001388
100007cc:	200024e4 	.word	0x200024e4
100007d0:	00002710 	.word	0x00002710
100007d4:	00003a98 	.word	0x00003a98
100007d8:	200024e0 	.word	0x200024e0
100007dc:	200024dc 	.word	0x200024dc

100007e0 <setup_pwm_r>:
100007e0:	b510      	push	{r4, lr}
100007e2:	2104      	movs	r1, #4
100007e4:	200d      	movs	r0, #13
100007e6:	f000 fa1f 	bl	10000c28 <gpio_set_function>
100007ea:	2104      	movs	r1, #4
100007ec:	200c      	movs	r0, #12
100007ee:	f000 fa1b 	bl	10000c28 <gpio_set_function>
100007f2:	4c12      	ldr	r4, [pc, #72]	@ (1000083c <setup_pwm_r+0x5c>)
100007f4:	2380      	movs	r3, #128	@ 0x80
100007f6:	67e3      	str	r3, [r4, #124]	@ 0x7c
100007f8:	3308      	adds	r3, #8
100007fa:	4a11      	ldr	r2, [pc, #68]	@ (10000840 <setup_pwm_r+0x60>)
100007fc:	50e2      	str	r2, [r4, r3]
100007fe:	2201      	movs	r2, #1
10000800:	2101      	movs	r1, #1
10000802:	2006      	movs	r0, #6
10000804:	f7ff fd80 	bl	10000308 <pwm_set_chan_level>
10000808:	2201      	movs	r2, #1
1000080a:	2100      	movs	r1, #0
1000080c:	2006      	movs	r0, #6
1000080e:	f7ff fd7b 	bl	10000308 <pwm_set_chan_level>
10000812:	4b0c      	ldr	r3, [pc, #48]	@ (10000844 <setup_pwm_r+0x64>)
10000814:	681a      	ldr	r2, [r3, #0]
10000816:	2301      	movs	r3, #1
10000818:	4393      	bics	r3, r2
1000081a:	4a0b      	ldr	r2, [pc, #44]	@ (10000848 <setup_pwm_r+0x68>)
1000081c:	6013      	str	r3, [r2, #0]
1000081e:	490b      	ldr	r1, [pc, #44]	@ (1000084c <setup_pwm_r+0x6c>)
10000820:	2004      	movs	r0, #4
10000822:	f000 fc19 	bl	10001058 <irq_set_exclusive_handler>
10000826:	2340      	movs	r3, #64	@ 0x40
10000828:	22a4      	movs	r2, #164	@ 0xa4
1000082a:	50a3      	str	r3, [r4, r2]
1000082c:	4a08      	ldr	r2, [pc, #32]	@ (10000850 <setup_pwm_r+0x70>)
1000082e:	6013      	str	r3, [r2, #0]
10000830:	2101      	movs	r1, #1
10000832:	2004      	movs	r0, #4
10000834:	f000 fbe6 	bl	10001004 <irq_set_enabled>
10000838:	bd10      	pop	{r4, pc}
1000083a:	46c0      	nop			@ (mov r8, r8)
1000083c:	40050000 	.word	0x40050000
10000840:	00003d09 	.word	0x00003d09
10000844:	40050078 	.word	0x40050078
10000848:	40051078 	.word	0x40051078
1000084c:	10000405 	.word	0x10000405
10000850:	400520a8 	.word	0x400520a8

10000854 <setup_pwm_g>:
10000854:	b510      	push	{r4, lr}
10000856:	2104      	movs	r1, #4
10000858:	200b      	movs	r0, #11
1000085a:	f000 f9e5 	bl	10000c28 <gpio_set_function>
1000085e:	4c0f      	ldr	r4, [pc, #60]	@ (1000089c <setup_pwm_g+0x48>)
10000860:	2340      	movs	r3, #64	@ 0x40
10000862:	66a3      	str	r3, [r4, #104]	@ 0x68
10000864:	4b0e      	ldr	r3, [pc, #56]	@ (100008a0 <setup_pwm_g+0x4c>)
10000866:	6763      	str	r3, [r4, #116]	@ 0x74
10000868:	2201      	movs	r2, #1
1000086a:	2101      	movs	r1, #1
1000086c:	2005      	movs	r0, #5
1000086e:	f7ff fd4b 	bl	10000308 <pwm_set_chan_level>
10000872:	4b0c      	ldr	r3, [pc, #48]	@ (100008a4 <setup_pwm_g+0x50>)
10000874:	681a      	ldr	r2, [r3, #0]
10000876:	2301      	movs	r3, #1
10000878:	4393      	bics	r3, r2
1000087a:	4a0b      	ldr	r2, [pc, #44]	@ (100008a8 <setup_pwm_g+0x54>)
1000087c:	6013      	str	r3, [r2, #0]
1000087e:	490b      	ldr	r1, [pc, #44]	@ (100008ac <setup_pwm_g+0x58>)
10000880:	2004      	movs	r0, #4
10000882:	f000 fbe9 	bl	10001058 <irq_set_exclusive_handler>
10000886:	2320      	movs	r3, #32
10000888:	22a4      	movs	r2, #164	@ 0xa4
1000088a:	50a3      	str	r3, [r4, r2]
1000088c:	4a08      	ldr	r2, [pc, #32]	@ (100008b0 <setup_pwm_g+0x5c>)
1000088e:	6013      	str	r3, [r2, #0]
10000890:	2101      	movs	r1, #1
10000892:	2004      	movs	r0, #4
10000894:	f000 fbb6 	bl	10001004 <irq_set_enabled>
10000898:	bd10      	pop	{r4, pc}
1000089a:	46c0      	nop			@ (mov r8, r8)
1000089c:	40050000 	.word	0x40050000
100008a0:	00000c35 	.word	0x00000c35
100008a4:	40050064 	.word	0x40050064
100008a8:	40051064 	.word	0x40051064
100008ac:	10000405 	.word	0x10000405
100008b0:	400520a8 	.word	0x400520a8

100008b4 <mpu9250_write_byte>:
100008b4:	b500      	push	{lr}
100008b6:	b085      	sub	sp, #20
100008b8:	466b      	mov	r3, sp
100008ba:	7318      	strb	r0, [r3, #12]
100008bc:	7359      	strb	r1, [r3, #13]
100008be:	4805      	ldr	r0, [pc, #20]	@ (100008d4 <mpu9250_write_byte+0x20>)
100008c0:	2300      	movs	r3, #0
100008c2:	9300      	str	r3, [sp, #0]
100008c4:	3302      	adds	r3, #2
100008c6:	aa03      	add	r2, sp, #12
100008c8:	2168      	movs	r1, #104	@ 0x68
100008ca:	f006 fe1f 	bl	1000750c <i2c_write_blocking>
100008ce:	b005      	add	sp, #20
100008d0:	bd00      	pop	{pc}
100008d2:	46c0      	nop			@ (mov r8, r8)
100008d4:	20000e00 	.word	0x20000e00

100008d8 <mpu9250_read_bytes>:
100008d8:	b570      	push	{r4, r5, r6, lr}
100008da:	b084      	sub	sp, #16
100008dc:	000d      	movs	r5, r1
100008de:	0016      	movs	r6, r2
100008e0:	220f      	movs	r2, #15
100008e2:	446a      	add	r2, sp
100008e4:	7010      	strb	r0, [r2, #0]
100008e6:	4c08      	ldr	r4, [pc, #32]	@ (10000908 <mpu9250_read_bytes+0x30>)
100008e8:	2301      	movs	r3, #1
100008ea:	9300      	str	r3, [sp, #0]
100008ec:	2168      	movs	r1, #104	@ 0x68
100008ee:	0020      	movs	r0, r4
100008f0:	f006 fe0c 	bl	1000750c <i2c_write_blocking>
100008f4:	2300      	movs	r3, #0
100008f6:	9300      	str	r3, [sp, #0]
100008f8:	0033      	movs	r3, r6
100008fa:	002a      	movs	r2, r5
100008fc:	2168      	movs	r1, #104	@ 0x68
100008fe:	0020      	movs	r0, r4
10000900:	f006 fe10 	bl	10007524 <i2c_read_blocking>
10000904:	b004      	add	sp, #16
10000906:	bd70      	pop	{r4, r5, r6, pc}
10000908:	20000e00 	.word	0x20000e00

1000090c <mpu9250_init>:
1000090c:	b510      	push	{r4, lr}
1000090e:	2100      	movs	r1, #0
10000910:	206b      	movs	r0, #107	@ 0x6b
10000912:	f7ff ffcf 	bl	100008b4 <mpu9250_write_byte>
10000916:	2102      	movs	r1, #2
10000918:	2037      	movs	r0, #55	@ 0x37
1000091a:	f7ff ffcb 	bl	100008b4 <mpu9250_write_byte>
1000091e:	2116      	movs	r1, #22
10000920:	200a      	movs	r0, #10
10000922:	f7ff ffc7 	bl	100008b4 <mpu9250_write_byte>
10000926:	bd10      	pop	{r4, pc}

10000928 <read_accel_gyro>:
10000928:	b5f0      	push	{r4, r5, r6, r7, lr}
1000092a:	b085      	sub	sp, #20
1000092c:	0007      	movs	r7, r0
1000092e:	000e      	movs	r6, r1
10000930:	220c      	movs	r2, #12
10000932:	a901      	add	r1, sp, #4
10000934:	203b      	movs	r0, #59	@ 0x3b
10000936:	f7ff ffcf 	bl	100008d8 <mpu9250_read_bytes>
1000093a:	2200      	movs	r2, #0
1000093c:	e010      	b.n	10000960 <read_accel_gyro+0x38>
1000093e:	0053      	lsls	r3, r2, #1
10000940:	ac01      	add	r4, sp, #4
10000942:	5ce0      	ldrb	r0, [r4, r3]
10000944:	1c59      	adds	r1, r3, #1
10000946:	5c61      	ldrb	r1, [r4, r1]
10000948:	0200      	lsls	r0, r0, #8
1000094a:	4301      	orrs	r1, r0
1000094c:	52f9      	strh	r1, [r7, r3]
1000094e:	1cd1      	adds	r1, r2, #3
10000950:	0049      	lsls	r1, r1, #1
10000952:	5c65      	ldrb	r5, [r4, r1]
10000954:	1dd9      	adds	r1, r3, #7
10000956:	5c64      	ldrb	r4, [r4, r1]
10000958:	022d      	lsls	r5, r5, #8
1000095a:	432c      	orrs	r4, r5
1000095c:	52f4      	strh	r4, [r6, r3]
1000095e:	3201      	adds	r2, #1
10000960:	2a02      	cmp	r2, #2
10000962:	ddec      	ble.n	1000093e <read_accel_gyro+0x16>
10000964:	b005      	add	sp, #20
10000966:	bdf0      	pop	{r4, r5, r6, r7, pc}

10000968 <read_magnetometer>:
10000968:	b530      	push	{r4, r5, lr}
1000096a:	b087      	sub	sp, #28
1000096c:	0005      	movs	r5, r0
1000096e:	aa05      	add	r2, sp, #20
10000970:	2303      	movs	r3, #3
10000972:	7013      	strb	r3, [r2, #0]
10000974:	4c0e      	ldr	r4, [pc, #56]	@ (100009b0 <read_magnetometer+0x48>)
10000976:	3b02      	subs	r3, #2
10000978:	9300      	str	r3, [sp, #0]
1000097a:	210c      	movs	r1, #12
1000097c:	0020      	movs	r0, r4
1000097e:	f006 fdc5 	bl	1000750c <i2c_write_blocking>
10000982:	2300      	movs	r3, #0
10000984:	9300      	str	r3, [sp, #0]
10000986:	3306      	adds	r3, #6
10000988:	aa03      	add	r2, sp, #12
1000098a:	210c      	movs	r1, #12
1000098c:	0020      	movs	r0, r4
1000098e:	f006 fdc9 	bl	10007524 <i2c_read_blocking>
10000992:	2300      	movs	r3, #0
10000994:	e008      	b.n	100009a8 <read_magnetometer+0x40>
10000996:	005a      	lsls	r2, r3, #1
10000998:	1c50      	adds	r0, r2, #1
1000099a:	a903      	add	r1, sp, #12
1000099c:	5c0c      	ldrb	r4, [r1, r0]
1000099e:	5c89      	ldrb	r1, [r1, r2]
100009a0:	0224      	lsls	r4, r4, #8
100009a2:	4321      	orrs	r1, r4
100009a4:	52a9      	strh	r1, [r5, r2]
100009a6:	3301      	adds	r3, #1
100009a8:	2b02      	cmp	r3, #2
100009aa:	ddf4      	ble.n	10000996 <read_magnetometer+0x2e>
100009ac:	b007      	add	sp, #28
100009ae:	bd30      	pop	{r4, r5, pc}
100009b0:	20000e00 	.word	0x20000e00

100009b4 <repeating_timer_callback>:
100009b4:	b510      	push	{r4, lr}
100009b6:	480c      	ldr	r0, [pc, #48]	@ (100009e8 <repeating_timer_callback+0x34>)
100009b8:	f007 f810 	bl	100079dc <rtc_get_datetime>
100009bc:	480b      	ldr	r0, [pc, #44]	@ (100009ec <repeating_timer_callback+0x38>)
100009be:	f007 f80d 	bl	100079dc <rtc_get_datetime>
100009c2:	f7ff fe7f 	bl	100006c4 <execute_tacho_read>
100009c6:	480a      	ldr	r0, [pc, #40]	@ (100009f0 <repeating_timer_callback+0x3c>)
100009c8:	f7ff ffce 	bl	10000968 <read_magnetometer>
100009cc:	4909      	ldr	r1, [pc, #36]	@ (100009f4 <repeating_timer_callback+0x40>)
100009ce:	480a      	ldr	r0, [pc, #40]	@ (100009f8 <repeating_timer_callback+0x44>)
100009d0:	f7ff ffaa 	bl	10000928 <read_accel_gyro>
100009d4:	f7ff fe9e 	bl	10000714 <set_RGB_leds>
100009d8:	4b08      	ldr	r3, [pc, #32]	@ (100009fc <repeating_timer_callback+0x48>)
100009da:	2201      	movs	r2, #1
100009dc:	701a      	strb	r2, [r3, #0]
100009de:	4b08      	ldr	r3, [pc, #32]	@ (10000a00 <repeating_timer_callback+0x4c>)
100009e0:	701a      	strb	r2, [r3, #0]
100009e2:	2001      	movs	r0, #1
100009e4:	bd10      	pop	{r4, pc}
100009e6:	46c0      	nop			@ (mov r8, r8)
100009e8:	20000d10 	.word	0x20000d10
100009ec:	20000d18 	.word	0x20000d18
100009f0:	200024ec 	.word	0x200024ec
100009f4:	200020d4 	.word	0x200020d4
100009f8:	200013f4 	.word	0x200013f4
100009fc:	20002778 	.word	0x20002778
10000a00:	20002779 	.word	0x20002779

10000a04 <pico_led_init>:
10000a04:	b510      	push	{r4, lr}
10000a06:	f007 f83f 	bl	10007a88 <cyw43_arch_init>
10000a0a:	bd10      	pop	{r4, pc}

10000a0c <main>:
10000a0c:	b5f0      	push	{r4, r5, r6, r7, lr}
10000a0e:	46de      	mov	lr, fp
10000a10:	4657      	mov	r7, sl
10000a12:	464e      	mov	r6, r9
10000a14:	4645      	mov	r5, r8
10000a16:	b5e0      	push	{r5, r6, r7, lr}
10000a18:	b093      	sub	sp, #76	@ 0x4c
10000a1a:	f004 f8ad 	bl	10004b78 <stdio_init_all>
10000a1e:	4966      	ldr	r1, [pc, #408]	@ (10000bb8 <main+0x1ac>)
10000a20:	ab0a      	add	r3, sp, #40	@ 0x28
10000a22:	2200      	movs	r2, #0
10000a24:	2064      	movs	r0, #100	@ 0x64
10000a26:	f7ff fd7b 	bl	10000520 <add_repeating_timer_ms>
10000a2a:	f7ff fed9 	bl	100007e0 <setup_pwm_r>
10000a2e:	f7ff ff11 	bl	10000854 <setup_pwm_g>
10000a32:	2103      	movs	r1, #3
10000a34:	2002      	movs	r0, #2
10000a36:	f000 f8f7 	bl	10000c28 <gpio_set_function>
10000a3a:	2103      	movs	r1, #3
10000a3c:	2003      	movs	r0, #3
10000a3e:	f000 f8f3 	bl	10000c28 <gpio_set_function>
10000a42:	2200      	movs	r2, #0
10000a44:	2101      	movs	r1, #1
10000a46:	2002      	movs	r0, #2
10000a48:	f000 f906 	bl	10000c58 <gpio_set_pulls>
10000a4c:	2200      	movs	r2, #0
10000a4e:	2101      	movs	r1, #1
10000a50:	2003      	movs	r0, #3
10000a52:	f000 f901 	bl	10000c58 <gpio_set_pulls>
10000a56:	4859      	ldr	r0, [pc, #356]	@ (10000bbc <main+0x1b0>)
10000a58:	4959      	ldr	r1, [pc, #356]	@ (10000bc0 <main+0x1b4>)
10000a5a:	f006 fd2b 	bl	100074b4 <i2c_init>
10000a5e:	f7ff ff55 	bl	1000090c <mpu9250_init>
10000a62:	f7ff ffcf 	bl	10000a04 <pico_led_init>
10000a66:	0004      	movs	r4, r0
10000a68:	4956      	ldr	r1, [pc, #344]	@ (10000bc4 <main+0x1b8>)
10000a6a:	4d57      	ldr	r5, [pc, #348]	@ (10000bc8 <main+0x1bc>)
10000a6c:	0028      	movs	r0, r5
10000a6e:	f006 fe23 	bl	100076b8 <pio_add_program>
10000a72:	2300      	movs	r3, #0
10000a74:	2210      	movs	r2, #16
10000a76:	2100      	movs	r1, #0
10000a78:	0028      	movs	r0, r5
10000a7a:	f7ff fd6f 	bl	1000055c <quadrature_encoder_program_init>
10000a7e:	2c00      	cmp	r4, #0
10000a80:	d006      	beq.n	10000a90 <main+0x84>
10000a82:	4b52      	ldr	r3, [pc, #328]	@ (10000bcc <main+0x1c0>)
10000a84:	4a52      	ldr	r2, [pc, #328]	@ (10000bd0 <main+0x1c4>)
10000a86:	21b4      	movs	r1, #180	@ 0xb4
10000a88:	4852      	ldr	r0, [pc, #328]	@ (10000bd4 <main+0x1c8>)
10000a8a:	0049      	lsls	r1, r1, #1
10000a8c:	f002 f87c 	bl	10002b88 <__assert_func>
10000a90:	aa11      	add	r2, sp, #68	@ 0x44
10000a92:	231b      	movs	r3, #27
10000a94:	7013      	strb	r3, [r2, #0]
10000a96:	4c49      	ldr	r4, [pc, #292]	@ (10000bbc <main+0x1b0>)
10000a98:	2601      	movs	r6, #1
10000a9a:	9600      	str	r6, [sp, #0]
10000a9c:	0033      	movs	r3, r6
10000a9e:	2168      	movs	r1, #104	@ 0x68
10000aa0:	0020      	movs	r0, r4
10000aa2:	f006 fd33 	bl	1000750c <i2c_write_blocking>
10000aa6:	2727      	movs	r7, #39	@ 0x27
10000aa8:	446f      	add	r7, sp
10000aaa:	2500      	movs	r5, #0
10000aac:	9500      	str	r5, [sp, #0]
10000aae:	0033      	movs	r3, r6
10000ab0:	003a      	movs	r2, r7
10000ab2:	2168      	movs	r1, #104	@ 0x68
10000ab4:	0020      	movs	r0, r4
10000ab6:	f006 fd35 	bl	10007524 <i2c_read_blocking>
10000aba:	7839      	ldrb	r1, [r7, #0]
10000abc:	4846      	ldr	r0, [pc, #280]	@ (10000bd8 <main+0x1cc>)
10000abe:	f004 f84f 	bl	10004b60 <__wrap_printf>
10000ac2:	f006 ff21 	bl	10007908 <rtc_init>
10000ac6:	4845      	ldr	r0, [pc, #276]	@ (10000bdc <main+0x1d0>)
10000ac8:	f006 ff54 	bl	10007974 <rtc_set_datetime>
10000acc:	4844      	ldr	r0, [pc, #272]	@ (10000be0 <main+0x1d4>)
10000ace:	f006 ff51 	bl	10007974 <rtc_set_datetime>
10000ad2:	2040      	movs	r0, #64	@ 0x40
10000ad4:	2100      	movs	r1, #0
10000ad6:	f001 faff 	bl	100020d8 <sleep_us>
10000ada:	4942      	ldr	r1, [pc, #264]	@ (10000be4 <main+0x1d8>)
10000adc:	002b      	movs	r3, r5
10000ade:	002a      	movs	r2, r5
10000ae0:	4841      	ldr	r0, [pc, #260]	@ (10000be8 <main+0x1dc>)
10000ae2:	f7ff fddf 	bl	100006a4 <add_alarm_in_ms>
10000ae6:	4841      	ldr	r0, [pc, #260]	@ (10000bec <main+0x1e0>)
10000ae8:	f001 fb03 	bl	100020f2 <sleep_ms>
10000aec:	4840      	ldr	r0, [pc, #256]	@ (10000bf0 <main+0x1e4>)
10000aee:	f004 f807 	bl	10004b00 <__wrap_puts>
10000af2:	4840      	ldr	r0, [pc, #256]	@ (10000bf4 <main+0x1e8>)
10000af4:	f004 f804 	bl	10004b00 <__wrap_puts>
10000af8:	e051      	b.n	10000b9e <main+0x192>
10000afa:	4b3f      	ldr	r3, [pc, #252]	@ (10000bf8 <main+0x1ec>)
10000afc:	781b      	ldrb	r3, [r3, #0]
10000afe:	2b01      	cmp	r3, #1
10000b00:	d14d      	bne.n	10000b9e <main+0x192>
10000b02:	4b3e      	ldr	r3, [pc, #248]	@ (10000bfc <main+0x1f0>)
10000b04:	781b      	ldrb	r3, [r3, #0]
10000b06:	2b01      	cmp	r3, #1
10000b08:	d149      	bne.n	10000b9e <main+0x192>
10000b0a:	4b3b      	ldr	r3, [pc, #236]	@ (10000bf8 <main+0x1ec>)
10000b0c:	2200      	movs	r2, #0
10000b0e:	701a      	strb	r2, [r3, #0]
10000b10:	4b3a      	ldr	r3, [pc, #232]	@ (10000bfc <main+0x1f0>)
10000b12:	701a      	strb	r2, [r3, #0]
10000b14:	4b3a      	ldr	r3, [pc, #232]	@ (10000c00 <main+0x1f4>)
10000b16:	3201      	adds	r2, #1
10000b18:	801a      	strh	r2, [r3, #0]
10000b1a:	e040      	b.n	10000b9e <main+0x192>
10000b1c:	4a2f      	ldr	r2, [pc, #188]	@ (10000bdc <main+0x1d0>)
10000b1e:	2680      	movs	r6, #128	@ 0x80
10000b20:	0076      	lsls	r6, r6, #1
10000b22:	4c38      	ldr	r4, [pc, #224]	@ (10000c04 <main+0x1f8>)
10000b24:	6820      	ldr	r0, [r4, #0]
10000b26:	0031      	movs	r1, r6
10000b28:	f001 fc5e 	bl	100023e8 <datetime_to_str>
10000b2c:	4a2c      	ldr	r2, [pc, #176]	@ (10000be0 <main+0x1d4>)
10000b2e:	4d36      	ldr	r5, [pc, #216]	@ (10000c08 <main+0x1fc>)
10000b30:	6828      	ldr	r0, [r5, #0]
10000b32:	0031      	movs	r1, r6
10000b34:	f001 fc58 	bl	100023e8 <datetime_to_str>
10000b38:	4b34      	ldr	r3, [pc, #208]	@ (10000c0c <main+0x200>)
10000b3a:	681a      	ldr	r2, [r3, #0]
10000b3c:	6829      	ldr	r1, [r5, #0]
10000b3e:	4834      	ldr	r0, [pc, #208]	@ (10000c10 <main+0x204>)
10000b40:	f004 f80e 	bl	10004b60 <__wrap_printf>
10000b44:	4933      	ldr	r1, [pc, #204]	@ (10000c14 <main+0x208>)
10000b46:	2300      	movs	r3, #0
10000b48:	5eca      	ldrsh	r2, [r1, r3]
10000b4a:	2002      	movs	r0, #2
10000b4c:	5e0b      	ldrsh	r3, [r1, r0]
10000b4e:	469b      	mov	fp, r3
10000b50:	2504      	movs	r5, #4
10000b52:	5f4d      	ldrsh	r5, [r1, r5]
10000b54:	4930      	ldr	r1, [pc, #192]	@ (10000c18 <main+0x20c>)
10000b56:	2000      	movs	r0, #0
10000b58:	5e0e      	ldrsh	r6, [r1, r0]
10000b5a:	2002      	movs	r0, #2
10000b5c:	5e0f      	ldrsh	r7, [r1, r0]
10000b5e:	2004      	movs	r0, #4
10000b60:	5e09      	ldrsh	r1, [r1, r0]
10000b62:	468c      	mov	ip, r1
10000b64:	492d      	ldr	r1, [pc, #180]	@ (10000c1c <main+0x210>)
10000b66:	2300      	movs	r3, #0
10000b68:	5ec8      	ldrsh	r0, [r1, r3]
10000b6a:	4680      	mov	r8, r0
10000b6c:	2302      	movs	r3, #2
10000b6e:	5ec8      	ldrsh	r0, [r1, r3]
10000b70:	4681      	mov	r9, r0
10000b72:	2304      	movs	r3, #4
10000b74:	5ec9      	ldrsh	r1, [r1, r3]
10000b76:	468a      	mov	sl, r1
10000b78:	6821      	ldr	r1, [r4, #0]
10000b7a:	4829      	ldr	r0, [pc, #164]	@ (10000c20 <main+0x214>)
10000b7c:	4654      	mov	r4, sl
10000b7e:	9406      	str	r4, [sp, #24]
10000b80:	464c      	mov	r4, r9
10000b82:	9405      	str	r4, [sp, #20]
10000b84:	4644      	mov	r4, r8
10000b86:	9404      	str	r4, [sp, #16]
10000b88:	4664      	mov	r4, ip
10000b8a:	9403      	str	r4, [sp, #12]
10000b8c:	9702      	str	r7, [sp, #8]
10000b8e:	9601      	str	r6, [sp, #4]
10000b90:	9500      	str	r5, [sp, #0]
10000b92:	465b      	mov	r3, fp
10000b94:	f003 ffe4 	bl	10004b60 <__wrap_printf>
10000b98:	4b19      	ldr	r3, [pc, #100]	@ (10000c00 <main+0x1f4>)
10000b9a:	2200      	movs	r2, #0
10000b9c:	801a      	strh	r2, [r3, #0]
10000b9e:	4b21      	ldr	r3, [pc, #132]	@ (10000c24 <main+0x218>)
10000ba0:	781b      	ldrb	r3, [r3, #0]
10000ba2:	2b00      	cmp	r3, #0
10000ba4:	d1fb      	bne.n	10000b9e <main+0x192>
10000ba6:	4b16      	ldr	r3, [pc, #88]	@ (10000c00 <main+0x1f4>)
10000ba8:	2200      	movs	r2, #0
10000baa:	5e9b      	ldrsh	r3, [r3, r2]
10000bac:	2b00      	cmp	r3, #0
10000bae:	d0a4      	beq.n	10000afa <main+0xee>
10000bb0:	2b01      	cmp	r3, #1
10000bb2:	d0b3      	beq.n	10000b1c <main+0x110>
10000bb4:	e7f3      	b.n	10000b9e <main+0x192>
10000bb6:	46c0      	nop			@ (mov r8, r8)
10000bb8:	100009b5 	.word	0x100009b5
10000bbc:	20000e00 	.word	0x20000e00
10000bc0:	000186a0 	.word	0x000186a0
10000bc4:	10009f48 	.word	0x10009f48
10000bc8:	50200000 	.word	0x50200000
10000bcc:	10008880 	.word	0x10008880
10000bd0:	10009f40 	.word	0x10009f40
10000bd4:	10008890 	.word	0x10008890
10000bd8:	100088f0 	.word	0x100088f0
10000bdc:	20000d18 	.word	0x20000d18
10000be0:	20000d10 	.word	0x20000d10
10000be4:	1000049d 	.word	0x1000049d
10000be8:	00007530 	.word	0x00007530
10000bec:	00001388 	.word	0x00001388
10000bf0:	10008910 	.word	0x10008910
10000bf4:	10008930 	.word	0x10008930
10000bf8:	20002778 	.word	0x20002778
10000bfc:	20002779 	.word	0x20002779
10000c00:	20002774 	.word	0x20002774
10000c04:	20000d0c 	.word	0x20000d0c
10000c08:	20000d08 	.word	0x20000d08
10000c0c:	200024f4 	.word	0x200024f4
10000c10:	10008988 	.word	0x10008988
10000c14:	200024ec 	.word	0x200024ec
10000c18:	200013f4 	.word	0x200013f4
10000c1c:	200020d4 	.word	0x200020d4
10000c20:	10008998 	.word	0x10008998
10000c24:	2000277a 	.word	0x2000277a

10000c28 <gpio_set_function>:
10000c28:	b510      	push	{r4, lr}
10000c2a:	0083      	lsls	r3, r0, #2
10000c2c:	4a08      	ldr	r2, [pc, #32]	@ (10000c50 <gpio_set_function+0x28>)
10000c2e:	4694      	mov	ip, r2
10000c30:	4463      	add	r3, ip
10000c32:	681a      	ldr	r2, [r3, #0]
10000c34:	2440      	movs	r4, #64	@ 0x40
10000c36:	4062      	eors	r2, r4
10000c38:	3480      	adds	r4, #128	@ 0x80
10000c3a:	4014      	ands	r4, r2
10000c3c:	2280      	movs	r2, #128	@ 0x80
10000c3e:	0152      	lsls	r2, r2, #5
10000c40:	4313      	orrs	r3, r2
10000c42:	601c      	str	r4, [r3, #0]
10000c44:	00c0      	lsls	r0, r0, #3
10000c46:	4b03      	ldr	r3, [pc, #12]	@ (10000c54 <gpio_set_function+0x2c>)
10000c48:	469c      	mov	ip, r3
10000c4a:	4460      	add	r0, ip
10000c4c:	6041      	str	r1, [r0, #4]
10000c4e:	bd10      	pop	{r4, pc}
10000c50:	4001c004 	.word	0x4001c004
10000c54:	40014000 	.word	0x40014000

10000c58 <gpio_set_pulls>:
10000c58:	0080      	lsls	r0, r0, #2
10000c5a:	4b0b      	ldr	r3, [pc, #44]	@ (10000c88 <gpio_set_pulls+0x30>)
10000c5c:	469c      	mov	ip, r3
10000c5e:	4460      	add	r0, ip
10000c60:	2900      	cmp	r1, #0
10000c62:	d00d      	beq.n	10000c80 <gpio_set_pulls+0x28>
10000c64:	2308      	movs	r3, #8
10000c66:	2a00      	cmp	r2, #0
10000c68:	d00c      	beq.n	10000c84 <gpio_set_pulls+0x2c>
10000c6a:	2204      	movs	r2, #4
10000c6c:	4313      	orrs	r3, r2
10000c6e:	6802      	ldr	r2, [r0, #0]
10000c70:	4053      	eors	r3, r2
10000c72:	220c      	movs	r2, #12
10000c74:	401a      	ands	r2, r3
10000c76:	2380      	movs	r3, #128	@ 0x80
10000c78:	015b      	lsls	r3, r3, #5
10000c7a:	4303      	orrs	r3, r0
10000c7c:	601a      	str	r2, [r3, #0]
10000c7e:	4770      	bx	lr
10000c80:	2300      	movs	r3, #0
10000c82:	e7f0      	b.n	10000c66 <gpio_set_pulls+0xe>
10000c84:	2200      	movs	r2, #0
10000c86:	e7f1      	b.n	10000c6c <gpio_set_pulls+0x14>
10000c88:	4001c004 	.word	0x4001c004

10000c8c <gpio_add_raw_irq_handler_with_order_priority_masked>:
10000c8c:	b570      	push	{r4, r5, r6, lr}
10000c8e:	23d0      	movs	r3, #208	@ 0xd0
10000c90:	061b      	lsls	r3, r3, #24
10000c92:	681b      	ldr	r3, [r3, #0]
10000c94:	4c09      	ldr	r4, [pc, #36]	@ (10000cbc <gpio_add_raw_irq_handler_with_order_priority_masked+0x30>)
10000c96:	009d      	lsls	r5, r3, #2
10000c98:	592c      	ldr	r4, [r5, r4]
10000c9a:	4220      	tst	r0, r4
10000c9c:	d107      	bne.n	10000cae <gpio_add_raw_irq_handler_with_order_priority_masked+0x22>
10000c9e:	4d07      	ldr	r5, [pc, #28]	@ (10000cbc <gpio_add_raw_irq_handler_with_order_priority_masked+0x30>)
10000ca0:	009b      	lsls	r3, r3, #2
10000ca2:	4304      	orrs	r4, r0
10000ca4:	515c      	str	r4, [r3, r5]
10000ca6:	200d      	movs	r0, #13
10000ca8:	f000 fa00 	bl	100010ac <irq_add_shared_handler>
10000cac:	bd70      	pop	{r4, r5, r6, pc}
10000cae:	4b04      	ldr	r3, [pc, #16]	@ (10000cc0 <gpio_add_raw_irq_handler_with_order_priority_masked+0x34>)
10000cb0:	4a04      	ldr	r2, [pc, #16]	@ (10000cc4 <gpio_add_raw_irq_handler_with_order_priority_masked+0x38>)
10000cb2:	4805      	ldr	r0, [pc, #20]	@ (10000cc8 <gpio_add_raw_irq_handler_with_order_priority_masked+0x3c>)
10000cb4:	21cc      	movs	r1, #204	@ 0xcc
10000cb6:	f001 ff67 	bl	10002b88 <__assert_func>
10000cba:	46c0      	nop			@ (mov r8, r8)
10000cbc:	20002530 	.word	0x20002530
10000cc0:	100089d0 	.word	0x100089d0
10000cc4:	10009fa4 	.word	0x10009fa4
10000cc8:	100089fc 	.word	0x100089fc

10000ccc <gpio_remove_raw_irq_handler_masked>:
10000ccc:	b510      	push	{r4, lr}
10000cce:	0004      	movs	r4, r0
10000cd0:	23d0      	movs	r3, #208	@ 0xd0
10000cd2:	061b      	lsls	r3, r3, #24
10000cd4:	681a      	ldr	r2, [r3, #0]
10000cd6:	4b0b      	ldr	r3, [pc, #44]	@ (10000d04 <gpio_remove_raw_irq_handler_masked+0x38>)
10000cd8:	0092      	lsls	r2, r2, #2
10000cda:	58d3      	ldr	r3, [r2, r3]
10000cdc:	4218      	tst	r0, r3
10000cde:	d00b      	beq.n	10000cf8 <gpio_remove_raw_irq_handler_masked+0x2c>
10000ce0:	200d      	movs	r0, #13
10000ce2:	f000 faeb 	bl	100012bc <irq_remove_handler>
10000ce6:	23d0      	movs	r3, #208	@ 0xd0
10000ce8:	061b      	lsls	r3, r3, #24
10000cea:	681b      	ldr	r3, [r3, #0]
10000cec:	4905      	ldr	r1, [pc, #20]	@ (10000d04 <gpio_remove_raw_irq_handler_masked+0x38>)
10000cee:	009b      	lsls	r3, r3, #2
10000cf0:	585a      	ldr	r2, [r3, r1]
10000cf2:	43a2      	bics	r2, r4
10000cf4:	505a      	str	r2, [r3, r1]
10000cf6:	bd10      	pop	{r4, pc}
10000cf8:	4b03      	ldr	r3, [pc, #12]	@ (10000d08 <gpio_remove_raw_irq_handler_masked+0x3c>)
10000cfa:	4a04      	ldr	r2, [pc, #16]	@ (10000d0c <gpio_remove_raw_irq_handler_masked+0x40>)
10000cfc:	4804      	ldr	r0, [pc, #16]	@ (10000d10 <gpio_remove_raw_irq_handler_masked+0x44>)
10000cfe:	21d6      	movs	r1, #214	@ 0xd6
10000d00:	f001 ff42 	bl	10002b88 <__assert_func>
10000d04:	20002530 	.word	0x20002530
10000d08:	10008a4c 	.word	0x10008a4c
10000d0c:	10009f80 	.word	0x10009f80
10000d10:	100089fc 	.word	0x100089fc

10000d14 <gpio_acknowledge_irq>:
10000d14:	2307      	movs	r3, #7
10000d16:	4003      	ands	r3, r0
10000d18:	009b      	lsls	r3, r3, #2
10000d1a:	08c0      	lsrs	r0, r0, #3
10000d1c:	4099      	lsls	r1, r3
10000d1e:	303c      	adds	r0, #60	@ 0x3c
10000d20:	0080      	lsls	r0, r0, #2
10000d22:	4b01      	ldr	r3, [pc, #4]	@ (10000d28 <gpio_acknowledge_irq+0x14>)
10000d24:	50c1      	str	r1, [r0, r3]
10000d26:	4770      	bx	lr
10000d28:	40014000 	.word	0x40014000

10000d2c <_gpio_set_irq_enabled>:
10000d2c:	b5f8      	push	{r3, r4, r5, r6, r7, lr}
10000d2e:	0007      	movs	r7, r0
10000d30:	000c      	movs	r4, r1
10000d32:	0016      	movs	r6, r2
10000d34:	001d      	movs	r5, r3
10000d36:	f7ff ffed 	bl	10000d14 <gpio_acknowledge_irq>
10000d3a:	08fb      	lsrs	r3, r7, #3
10000d3c:	009b      	lsls	r3, r3, #2
10000d3e:	18ed      	adds	r5, r5, r3
10000d40:	2007      	movs	r0, #7
10000d42:	4038      	ands	r0, r7
10000d44:	0080      	lsls	r0, r0, #2
10000d46:	4084      	lsls	r4, r0
10000d48:	2e00      	cmp	r6, #0
10000d4a:	d004      	beq.n	10000d56 <_gpio_set_irq_enabled+0x2a>
10000d4c:	2380      	movs	r3, #128	@ 0x80
10000d4e:	019b      	lsls	r3, r3, #6
10000d50:	432b      	orrs	r3, r5
10000d52:	601c      	str	r4, [r3, #0]
10000d54:	bdf8      	pop	{r3, r4, r5, r6, r7, pc}
10000d56:	23c0      	movs	r3, #192	@ 0xc0
10000d58:	019b      	lsls	r3, r3, #6
10000d5a:	432b      	orrs	r3, r5
10000d5c:	601c      	str	r4, [r3, #0]
10000d5e:	e7f9      	b.n	10000d54 <_gpio_set_irq_enabled+0x28>

10000d60 <gpio_set_irq_enabled>:
10000d60:	b510      	push	{r4, lr}
10000d62:	23d0      	movs	r3, #208	@ 0xd0
10000d64:	061b      	lsls	r3, r3, #24
10000d66:	681b      	ldr	r3, [r3, #0]
10000d68:	2b00      	cmp	r3, #0
10000d6a:	d003      	beq.n	10000d74 <gpio_set_irq_enabled+0x14>
10000d6c:	4b02      	ldr	r3, [pc, #8]	@ (10000d78 <gpio_set_irq_enabled+0x18>)
10000d6e:	f7ff ffdd 	bl	10000d2c <_gpio_set_irq_enabled>
10000d72:	bd10      	pop	{r4, pc}
10000d74:	4b01      	ldr	r3, [pc, #4]	@ (10000d7c <gpio_set_irq_enabled+0x1c>)
10000d76:	e7fa      	b.n	10000d6e <gpio_set_irq_enabled+0xe>
10000d78:	40014130 	.word	0x40014130
10000d7c:	40014100 	.word	0x40014100

10000d80 <running_on_fpga>:
10000d80:	4b03      	ldr	r3, [pc, #12]	@ (10000d90 <running_on_fpga+0x10>)
10000d82:	681b      	ldr	r3, [r3, #0]
10000d84:	2002      	movs	r0, #2
10000d86:	4018      	ands	r0, r3
10000d88:	1e43      	subs	r3, r0, #1
10000d8a:	4198      	sbcs	r0, r3
10000d8c:	b2c0      	uxtb	r0, r0
10000d8e:	4770      	bx	lr
10000d90:	4006c000 	.word	0x4006c000

10000d94 <hw_claim_lock>:
10000d94:	f3ef 8010 	mrs	r0, PRIMASK
10000d98:	b672      	cpsid	i
10000d9a:	4b03      	ldr	r3, [pc, #12]	@ (10000da8 <hw_claim_lock+0x14>)
10000d9c:	681b      	ldr	r3, [r3, #0]
10000d9e:	2b00      	cmp	r3, #0
10000da0:	d0fb      	beq.n	10000d9a <hw_claim_lock+0x6>
10000da2:	f3bf 8f5f 	dmb	sy
10000da6:	4770      	bx	lr
10000da8:	d000012c 	.word	0xd000012c

10000dac <hw_claim_unlock>:
10000dac:	f3bf 8f5f 	dmb	sy
10000db0:	4b02      	ldr	r3, [pc, #8]	@ (10000dbc <hw_claim_unlock+0x10>)
10000db2:	2200      	movs	r2, #0
10000db4:	601a      	str	r2, [r3, #0]
10000db6:	f380 8810 	msr	PRIMASK, r0
10000dba:	4770      	bx	lr
10000dbc:	d000012c 	.word	0xd000012c

10000dc0 <hw_claim_or_assert>:
10000dc0:	b5f8      	push	{r3, r4, r5, r6, r7, lr}
10000dc2:	0006      	movs	r6, r0
10000dc4:	000c      	movs	r4, r1
10000dc6:	0015      	movs	r5, r2
10000dc8:	f7ff ffe4 	bl	10000d94 <hw_claim_lock>
10000dcc:	08e3      	lsrs	r3, r4, #3
10000dce:	18f7      	adds	r7, r6, r3
10000dd0:	5cf1      	ldrb	r1, [r6, r3]
10000dd2:	2207      	movs	r2, #7
10000dd4:	4022      	ands	r2, r4
10000dd6:	2301      	movs	r3, #1
10000dd8:	4093      	lsls	r3, r2
10000dda:	420b      	tst	r3, r1
10000ddc:	d105      	bne.n	10000dea <hw_claim_or_assert+0x2a>
10000dde:	b2db      	uxtb	r3, r3
10000de0:	430b      	orrs	r3, r1
10000de2:	703b      	strb	r3, [r7, #0]
10000de4:	f7ff ffe2 	bl	10000dac <hw_claim_unlock>
10000de8:	bdf8      	pop	{r3, r4, r5, r6, r7, pc}
10000dea:	0021      	movs	r1, r4
10000dec:	0028      	movs	r0, r5
10000dee:	f001 ff63 	bl	10002cb8 <panic>

10000df2 <hw_claim_unused_from_range>:
10000df2:	b5f0      	push	{r4, r5, r6, r7, lr}
10000df4:	b083      	sub	sp, #12
10000df6:	0006      	movs	r6, r0
10000df8:	9101      	str	r1, [sp, #4]
10000dfa:	0014      	movs	r4, r2
10000dfc:	001f      	movs	r7, r3
10000dfe:	f7ff ffc9 	bl	10000d94 <hw_claim_lock>
10000e02:	e000      	b.n	10000e06 <hw_claim_unused_from_range+0x14>
10000e04:	3401      	adds	r4, #1
10000e06:	42bc      	cmp	r4, r7
10000e08:	d80c      	bhi.n	10000e24 <hw_claim_unused_from_range+0x32>
10000e0a:	08e3      	lsrs	r3, r4, #3
10000e0c:	18f5      	adds	r5, r6, r3
10000e0e:	5cf3      	ldrb	r3, [r6, r3]
10000e10:	2107      	movs	r1, #7
10000e12:	4021      	ands	r1, r4
10000e14:	2201      	movs	r2, #1
10000e16:	408a      	lsls	r2, r1
10000e18:	421a      	tst	r2, r3
10000e1a:	d1f3      	bne.n	10000e04 <hw_claim_unused_from_range+0x12>
10000e1c:	b2d2      	uxtb	r2, r2
10000e1e:	431a      	orrs	r2, r3
10000e20:	702a      	strb	r2, [r5, #0]
10000e22:	e001      	b.n	10000e28 <hw_claim_unused_from_range+0x36>
10000e24:	2401      	movs	r4, #1
10000e26:	4264      	negs	r4, r4
10000e28:	f7ff ffc0 	bl	10000dac <hw_claim_unlock>
10000e2c:	2c00      	cmp	r4, #0
10000e2e:	db02      	blt.n	10000e36 <hw_claim_unused_from_range+0x44>
10000e30:	0020      	movs	r0, r4
10000e32:	b003      	add	sp, #12
10000e34:	bdf0      	pop	{r4, r5, r6, r7, pc}
10000e36:	9b01      	ldr	r3, [sp, #4]
10000e38:	2b00      	cmp	r3, #0
10000e3a:	d0f9      	beq.n	10000e30 <hw_claim_unused_from_range+0x3e>
10000e3c:	9808      	ldr	r0, [sp, #32]
10000e3e:	f001 ff3b 	bl	10002cb8 <panic>
	...

10000e44 <hw_claim_clear>:
10000e44:	b570      	push	{r4, r5, r6, lr}
10000e46:	0005      	movs	r5, r0
10000e48:	000c      	movs	r4, r1
10000e4a:	f7ff ffa3 	bl	10000d94 <hw_claim_lock>
10000e4e:	08e3      	lsrs	r3, r4, #3
10000e50:	18ee      	adds	r6, r5, r3
10000e52:	5cea      	ldrb	r2, [r5, r3]
10000e54:	2107      	movs	r1, #7
10000e56:	4021      	ands	r1, r4
10000e58:	2301      	movs	r3, #1
10000e5a:	408b      	lsls	r3, r1
10000e5c:	4213      	tst	r3, r2
10000e5e:	d004      	beq.n	10000e6a <hw_claim_clear+0x26>
10000e60:	439a      	bics	r2, r3
10000e62:	7032      	strb	r2, [r6, #0]
10000e64:	f7ff ffa2 	bl	10000dac <hw_claim_unlock>
10000e68:	bd70      	pop	{r4, r5, r6, pc}
10000e6a:	4b03      	ldr	r3, [pc, #12]	@ (10000e78 <hw_claim_clear+0x34>)
10000e6c:	4a03      	ldr	r2, [pc, #12]	@ (10000e7c <hw_claim_clear+0x38>)
10000e6e:	4804      	ldr	r0, [pc, #16]	@ (10000e80 <hw_claim_clear+0x3c>)
10000e70:	2133      	movs	r1, #51	@ 0x33
10000e72:	f001 fe89 	bl	10002b88 <__assert_func>
10000e76:	46c0      	nop			@ (mov r8, r8)
10000e78:	10008a78 	.word	0x10008a78
10000e7c:	10009fd8 	.word	0x10009fd8
10000e80:	10008a98 	.word	0x10008a98

10000e84 <spin_locks_reset>:
10000e84:	2300      	movs	r3, #0
10000e86:	e007      	b.n	10000e98 <spin_locks_reset+0x14>
10000e88:	4a05      	ldr	r2, [pc, #20]	@ (10000ea0 <spin_locks_reset+0x1c>)
10000e8a:	189a      	adds	r2, r3, r2
10000e8c:	0092      	lsls	r2, r2, #2
10000e8e:	f3bf 8f5f 	dmb	sy
10000e92:	2100      	movs	r1, #0
10000e94:	6011      	str	r1, [r2, #0]
10000e96:	3301      	adds	r3, #1
10000e98:	2b1f      	cmp	r3, #31
10000e9a:	d9f5      	bls.n	10000e88 <spin_locks_reset+0x4>
10000e9c:	4770      	bx	lr
10000e9e:	46c0      	nop			@ (mov r8, r8)
10000ea0:	34000040 	.word	0x34000040

10000ea4 <next_striped_spin_lock_num>:
10000ea4:	4a05      	ldr	r2, [pc, #20]	@ (10000ebc <next_striped_spin_lock_num+0x18>)
10000ea6:	7810      	ldrb	r0, [r2, #0]
10000ea8:	1c43      	adds	r3, r0, #1
10000eaa:	b2db      	uxtb	r3, r3
10000eac:	7013      	strb	r3, [r2, #0]
10000eae:	2b17      	cmp	r3, #23
10000eb0:	d902      	bls.n	10000eb8 <next_striped_spin_lock_num+0x14>
10000eb2:	0013      	movs	r3, r2
10000eb4:	2210      	movs	r2, #16
10000eb6:	701a      	strb	r2, [r3, #0]
10000eb8:	4770      	bx	lr
10000eba:	46c0      	nop			@ (mov r8, r8)
10000ebc:	20000d28 	.word	0x20000d28

10000ec0 <spin_lock_claim_unused>:
10000ec0:	b510      	push	{r4, lr}
10000ec2:	b082      	sub	sp, #8
10000ec4:	0001      	movs	r1, r0
10000ec6:	4c05      	ldr	r4, [pc, #20]	@ (10000edc <spin_lock_claim_unused+0x1c>)
10000ec8:	4b05      	ldr	r3, [pc, #20]	@ (10000ee0 <spin_lock_claim_unused+0x20>)
10000eca:	9300      	str	r3, [sp, #0]
10000ecc:	231f      	movs	r3, #31
10000ece:	2218      	movs	r2, #24
10000ed0:	0020      	movs	r0, r4
10000ed2:	f7ff ff8e 	bl	10000df2 <hw_claim_unused_from_range>
10000ed6:	b002      	add	sp, #8
10000ed8:	bd10      	pop	{r4, pc}
10000eda:	46c0      	nop			@ (mov r8, r8)
10000edc:	20001530 	.word	0x20001530
10000ee0:	10008ae8 	.word	0x10008ae8

10000ee4 <set_raw_irq_handler_and_unlock>:
10000ee4:	4b07      	ldr	r3, [pc, #28]	@ (10000f04 <set_raw_irq_handler_and_unlock+0x20>)
10000ee6:	689b      	ldr	r3, [r3, #8]
10000ee8:	3010      	adds	r0, #16
10000eea:	0080      	lsls	r0, r0, #2
10000eec:	5019      	str	r1, [r3, r0]
10000eee:	f3bf 8f5f 	dmb	sy
10000ef2:	f3bf 8f5f 	dmb	sy
10000ef6:	4b04      	ldr	r3, [pc, #16]	@ (10000f08 <set_raw_irq_handler_and_unlock+0x24>)
10000ef8:	2100      	movs	r1, #0
10000efa:	6019      	str	r1, [r3, #0]
10000efc:	f382 8810 	msr	PRIMASK, r2
10000f00:	4770      	bx	lr
10000f02:	46c0      	nop			@ (mov r8, r8)
10000f04:	e000ed00 	.word	0xe000ed00
10000f08:	d0000124 	.word	0xd0000124

10000f0c <get_user_irq_claim_index>:
10000f0c:	231f      	movs	r3, #31
10000f0e:	1a18      	subs	r0, r3, r0
10000f10:	4770      	bx	lr
	...

10000f14 <resolve_branch>:
10000f14:	b510      	push	{r4, lr}
10000f16:	8803      	ldrh	r3, [r0, #0]
10000f18:	0ada      	lsrs	r2, r3, #11
10000f1a:	2a1c      	cmp	r2, #28
10000f1c:	d105      	bne.n	10000f2a <resolve_branch+0x16>
10000f1e:	055b      	lsls	r3, r3, #21
10000f20:	155b      	asrs	r3, r3, #21
10000f22:	3302      	adds	r3, #2
10000f24:	005b      	lsls	r3, r3, #1
10000f26:	18c0      	adds	r0, r0, r3
10000f28:	bd10      	pop	{r4, pc}
10000f2a:	4b03      	ldr	r3, [pc, #12]	@ (10000f38 <resolve_branch+0x24>)
10000f2c:	4a03      	ldr	r2, [pc, #12]	@ (10000f3c <resolve_branch+0x28>)
10000f2e:	4804      	ldr	r0, [pc, #16]	@ (10000f40 <resolve_branch+0x2c>)
10000f30:	21b1      	movs	r1, #177	@ 0xb1
10000f32:	f001 fe29 	bl	10002b88 <__assert_func>
10000f36:	46c0      	nop			@ (mov r8, r8)
10000f38:	10008b04 	.word	0x10008b04
10000f3c:	1000a03c 	.word	0x1000a03c
10000f40:	10008b1c 	.word	0x10008b1c

10000f44 <make_branch>:
10000f44:	b510      	push	{r4, lr}
10000f46:	1a09      	subs	r1, r1, r0
10000f48:	1f0b      	subs	r3, r1, #4
10000f4a:	4a0a      	ldr	r2, [pc, #40]	@ (10000f74 <make_branch+0x30>)
10000f4c:	1888      	adds	r0, r1, r2
10000f4e:	4a0a      	ldr	r2, [pc, #40]	@ (10000f78 <make_branch+0x34>)
10000f50:	4290      	cmp	r0, r2
10000f52:	d808      	bhi.n	10000f66 <make_branch+0x22>
10000f54:	07c9      	lsls	r1, r1, #31
10000f56:	d406      	bmi.n	10000f66 <make_branch+0x22>
10000f58:	105b      	asrs	r3, r3, #1
10000f5a:	055b      	lsls	r3, r3, #21
10000f5c:	0d5b      	lsrs	r3, r3, #21
10000f5e:	4807      	ldr	r0, [pc, #28]	@ (10000f7c <make_branch+0x38>)
10000f60:	4318      	orrs	r0, r3
10000f62:	b280      	uxth	r0, r0
10000f64:	bd10      	pop	{r4, pc}
10000f66:	4b06      	ldr	r3, [pc, #24]	@ (10000f80 <make_branch+0x3c>)
10000f68:	4a06      	ldr	r2, [pc, #24]	@ (10000f84 <make_branch+0x40>)
10000f6a:	4807      	ldr	r0, [pc, #28]	@ (10000f88 <make_branch+0x44>)
10000f6c:	21a3      	movs	r1, #163	@ 0xa3
10000f6e:	f001 fe0b 	bl	10002b88 <__assert_func>
10000f72:	46c0      	nop			@ (mov r8, r8)
10000f74:	000007fc 	.word	0x000007fc
10000f78:	00000ffe 	.word	0x00000ffe
10000f7c:	ffffe000 	.word	0xffffe000
10000f80:	10008b68 	.word	0x10008b68
10000f84:	1000a030 	.word	0x1000a030
10000f88:	10008b1c 	.word	0x10008b1c

10000f8c <insert_branch_and_link>:
10000f8c:	b510      	push	{r4, lr}
10000f8e:	1a09      	subs	r1, r1, r0
10000f90:	3904      	subs	r1, #4
10000f92:	084a      	lsrs	r2, r1, #1
10000f94:	0b09      	lsrs	r1, r1, #12
10000f96:	d108      	bne.n	10000faa <insert_branch_and_link+0x1e>
10000f98:	0549      	lsls	r1, r1, #21
10000f9a:	0d49      	lsrs	r1, r1, #21
10000f9c:	4b06      	ldr	r3, [pc, #24]	@ (10000fb8 <insert_branch_and_link+0x2c>)
10000f9e:	430b      	orrs	r3, r1
10000fa0:	8003      	strh	r3, [r0, #0]
10000fa2:	4b06      	ldr	r3, [pc, #24]	@ (10000fbc <insert_branch_and_link+0x30>)
10000fa4:	4313      	orrs	r3, r2
10000fa6:	8043      	strh	r3, [r0, #2]
10000fa8:	bd10      	pop	{r4, pc}
10000faa:	4b05      	ldr	r3, [pc, #20]	@ (10000fc0 <insert_branch_and_link+0x34>)
10000fac:	4a05      	ldr	r2, [pc, #20]	@ (10000fc4 <insert_branch_and_link+0x38>)
10000fae:	4806      	ldr	r0, [pc, #24]	@ (10000fc8 <insert_branch_and_link+0x3c>)
10000fb0:	21ab      	movs	r1, #171	@ 0xab
10000fb2:	f001 fde9 	bl	10002b88 <__assert_func>
10000fb6:	46c0      	nop			@ (mov r8, r8)
10000fb8:	fffff000 	.word	0xfffff000
10000fbc:	fffff800 	.word	0xfffff800
10000fc0:	10008b98 	.word	0x10008b98
10000fc4:	1000a004 	.word	0x1000a004
10000fc8:	10008b1c 	.word	0x10008b1c

10000fcc <irq_is_enabled>:
10000fcc:	2301      	movs	r3, #1
10000fce:	4083      	lsls	r3, r0
10000fd0:	4a03      	ldr	r2, [pc, #12]	@ (10000fe0 <irq_is_enabled+0x14>)
10000fd2:	6810      	ldr	r0, [r2, #0]
10000fd4:	4018      	ands	r0, r3
10000fd6:	1e43      	subs	r3, r0, #1
10000fd8:	4198      	sbcs	r0, r3
10000fda:	b2c0      	uxtb	r0, r0
10000fdc:	4770      	bx	lr
10000fde:	46c0      	nop			@ (mov r8, r8)
10000fe0:	e000e100 	.word	0xe000e100

10000fe4 <irq_set_mask_enabled>:
10000fe4:	2900      	cmp	r1, #0
10000fe6:	d004      	beq.n	10000ff2 <irq_set_mask_enabled+0xe>
10000fe8:	4b03      	ldr	r3, [pc, #12]	@ (10000ff8 <irq_set_mask_enabled+0x14>)
10000fea:	6018      	str	r0, [r3, #0]
10000fec:	4b03      	ldr	r3, [pc, #12]	@ (10000ffc <irq_set_mask_enabled+0x18>)
10000fee:	6018      	str	r0, [r3, #0]
10000ff0:	4770      	bx	lr
10000ff2:	4b03      	ldr	r3, [pc, #12]	@ (10001000 <irq_set_mask_enabled+0x1c>)
10000ff4:	6018      	str	r0, [r3, #0]
10000ff6:	e7fb      	b.n	10000ff0 <irq_set_mask_enabled+0xc>
10000ff8:	e000e280 	.word	0xe000e280
10000ffc:	e000e100 	.word	0xe000e100
10001000:	e000e180 	.word	0xe000e180

10001004 <irq_set_enabled>:
10001004:	b510      	push	{r4, lr}
10001006:	2301      	movs	r3, #1
10001008:	4083      	lsls	r3, r0
1000100a:	0018      	movs	r0, r3
1000100c:	f7ff ffea 	bl	10000fe4 <irq_set_mask_enabled>
10001010:	bd10      	pop	{r4, pc}
	...

10001014 <irq_set_pending>:
10001014:	2301      	movs	r3, #1
10001016:	4083      	lsls	r3, r0
10001018:	4a01      	ldr	r2, [pc, #4]	@ (10001020 <irq_set_pending+0xc>)
1000101a:	6013      	str	r3, [r2, #0]
1000101c:	4770      	bx	lr
1000101e:	46c0      	nop			@ (mov r8, r8)
10001020:	e000e200 	.word	0xe000e200

10001024 <irq_get_vtable_handler>:
10001024:	4b02      	ldr	r3, [pc, #8]	@ (10001030 <irq_get_vtable_handler+0xc>)
10001026:	689b      	ldr	r3, [r3, #8]
10001028:	3010      	adds	r0, #16
1000102a:	0080      	lsls	r0, r0, #2
1000102c:	58c0      	ldr	r0, [r0, r3]
1000102e:	4770      	bx	lr
10001030:	e000ed00 	.word	0xe000ed00

10001034 <irq_has_shared_handler>:
10001034:	b510      	push	{r4, lr}
10001036:	f7ff fff5 	bl	10001024 <irq_get_vtable_handler>
1000103a:	2800      	cmp	r0, #0
1000103c:	d005      	beq.n	1000104a <irq_has_shared_handler+0x16>
1000103e:	4b05      	ldr	r3, [pc, #20]	@ (10001054 <irq_has_shared_handler+0x20>)
10001040:	1ac0      	subs	r0, r0, r3
10001042:	282f      	cmp	r0, #47	@ 0x2f
10001044:	d803      	bhi.n	1000104e <irq_has_shared_handler+0x1a>
10001046:	2001      	movs	r0, #1
10001048:	bd10      	pop	{r4, pc}
1000104a:	2000      	movs	r0, #0
1000104c:	e7fc      	b.n	10001048 <irq_has_shared_handler+0x14>
1000104e:	2000      	movs	r0, #0
10001050:	e7fa      	b.n	10001048 <irq_has_shared_handler+0x14>
10001052:	46c0      	nop			@ (mov r8, r8)
10001054:	20000d2c 	.word	0x20000d2c

10001058 <irq_set_exclusive_handler>:
10001058:	b570      	push	{r4, r5, r6, lr}
1000105a:	0004      	movs	r4, r0
1000105c:	000d      	movs	r5, r1
1000105e:	f3ef 8610 	mrs	r6, PRIMASK
10001062:	b672      	cpsid	i
10001064:	4b0c      	ldr	r3, [pc, #48]	@ (10001098 <irq_set_exclusive_handler+0x40>)
10001066:	681b      	ldr	r3, [r3, #0]
10001068:	2b00      	cmp	r3, #0
1000106a:	d0fb      	beq.n	10001064 <irq_set_exclusive_handler+0xc>
1000106c:	f3bf 8f5f 	dmb	sy
10001070:	0020      	movs	r0, r4
10001072:	f7ff ffd7 	bl	10001024 <irq_get_vtable_handler>
10001076:	4b09      	ldr	r3, [pc, #36]	@ (1000109c <irq_set_exclusive_handler+0x44>)
10001078:	4298      	cmp	r0, r3
1000107a:	d001      	beq.n	10001080 <irq_set_exclusive_handler+0x28>
1000107c:	42a8      	cmp	r0, r5
1000107e:	d105      	bne.n	1000108c <irq_set_exclusive_handler+0x34>
10001080:	0032      	movs	r2, r6
10001082:	0029      	movs	r1, r5
10001084:	0020      	movs	r0, r4
10001086:	f7ff ff2d 	bl	10000ee4 <set_raw_irq_handler_and_unlock>
1000108a:	bd70      	pop	{r4, r5, r6, pc}
1000108c:	4b04      	ldr	r3, [pc, #16]	@ (100010a0 <irq_set_exclusive_handler+0x48>)
1000108e:	4a05      	ldr	r2, [pc, #20]	@ (100010a4 <irq_set_exclusive_handler+0x4c>)
10001090:	4805      	ldr	r0, [pc, #20]	@ (100010a8 <irq_set_exclusive_handler+0x50>)
10001092:	2186      	movs	r1, #134	@ 0x86
10001094:	f001 fd78 	bl	10002b88 <__assert_func>
10001098:	d0000124 	.word	0xd0000124
1000109c:	100001cd 	.word	0x100001cd
100010a0:	10008ba8 	.word	0x10008ba8
100010a4:	1000a064 	.word	0x1000a064
100010a8:	10008b1c 	.word	0x10008b1c

100010ac <irq_add_shared_handler>:
100010ac:	b5f0      	push	{r4, r5, r6, r7, lr}
100010ae:	46de      	mov	lr, fp
100010b0:	4657      	mov	r7, sl
100010b2:	464e      	mov	r6, r9
100010b4:	4645      	mov	r5, r8
100010b6:	b5e0      	push	{r5, r6, r7, lr}
100010b8:	b089      	sub	sp, #36	@ 0x24
100010ba:	4681      	mov	r9, r0
100010bc:	9101      	str	r1, [sp, #4]
100010be:	0015      	movs	r5, r2
100010c0:	f3ef 8a10 	mrs	sl, PRIMASK
100010c4:	b672      	cpsid	i
100010c6:	4b6d      	ldr	r3, [pc, #436]	@ (1000127c <irq_add_shared_handler+0x1d0>)
100010c8:	681b      	ldr	r3, [r3, #0]
100010ca:	2b00      	cmp	r3, #0
100010cc:	d0fb      	beq.n	100010c6 <irq_add_shared_handler+0x1a>
100010ce:	f3bf 8f5f 	dmb	sy
100010d2:	4b6b      	ldr	r3, [pc, #428]	@ (10001280 <irq_add_shared_handler+0x1d4>)
100010d4:	2600      	movs	r6, #0
100010d6:	579e      	ldrsb	r6, [r3, r6]
100010d8:	2e00      	cmp	r6, #0
100010da:	db41      	blt.n	10001160 <irq_add_shared_handler+0xb4>
100010dc:	0074      	lsls	r4, r6, #1
100010de:	19a4      	adds	r4, r4, r6
100010e0:	00a4      	lsls	r4, r4, #2
100010e2:	4868      	ldr	r0, [pc, #416]	@ (10001284 <irq_add_shared_handler+0x1d8>)
100010e4:	1824      	adds	r4, r4, r0
100010e6:	2206      	movs	r2, #6
100010e8:	56a2      	ldrsb	r2, [r4, r2]
100010ea:	4b65      	ldr	r3, [pc, #404]	@ (10001280 <irq_add_shared_handler+0x1d4>)
100010ec:	701a      	strb	r2, [r3, #0]
100010ee:	4b66      	ldr	r3, [pc, #408]	@ (10001288 <irq_add_shared_handler+0x1dc>)
100010f0:	689a      	ldr	r2, [r3, #8]
100010f2:	464b      	mov	r3, r9
100010f4:	3310      	adds	r3, #16
100010f6:	009b      	lsls	r3, r3, #2
100010f8:	58d3      	ldr	r3, [r2, r3]
100010fa:	4698      	mov	r8, r3
100010fc:	001f      	movs	r7, r3
100010fe:	1a18      	subs	r0, r3, r0
10001100:	282f      	cmp	r0, #47	@ 0x2f
10001102:	d939      	bls.n	10001178 <irq_add_shared_handler+0xcc>
10001104:	4b61      	ldr	r3, [pc, #388]	@ (1000128c <irq_add_shared_handler+0x1e0>)
10001106:	4598      	cmp	r8, r3
10001108:	d130      	bne.n	1000116c <irq_add_shared_handler+0xc0>
1000110a:	af05      	add	r7, sp, #20
1000110c:	4b60      	ldr	r3, [pc, #384]	@ (10001290 <irq_add_shared_handler+0x1e4>)
1000110e:	803b      	strh	r3, [r7, #0]
10001110:	4960      	ldr	r1, [pc, #384]	@ (10001294 <irq_add_shared_handler+0x1e8>)
10001112:	0073      	lsls	r3, r6, #1
10001114:	469b      	mov	fp, r3
10001116:	1998      	adds	r0, r3, r6
10001118:	0080      	lsls	r0, r0, #2
1000111a:	4b5a      	ldr	r3, [pc, #360]	@ (10001284 <irq_add_shared_handler+0x1d8>)
1000111c:	4698      	mov	r8, r3
1000111e:	4440      	add	r0, r8
10001120:	3002      	adds	r0, #2
10001122:	f7ff ff0f 	bl	10000f44 <make_branch>
10001126:	8078      	strh	r0, [r7, #2]
10001128:	4b5b      	ldr	r3, [pc, #364]	@ (10001298 <irq_add_shared_handler+0x1ec>)
1000112a:	80bb      	strh	r3, [r7, #4]
1000112c:	23ff      	movs	r3, #255	@ 0xff
1000112e:	71bb      	strb	r3, [r7, #6]
10001130:	71fd      	strb	r5, [r7, #7]
10001132:	9b01      	ldr	r3, [sp, #4]
10001134:	9307      	str	r3, [sp, #28]
10001136:	0033      	movs	r3, r6
10001138:	445b      	add	r3, fp
1000113a:	009b      	lsls	r3, r3, #2
1000113c:	4443      	add	r3, r8
1000113e:	cf07      	ldmia	r7!, {r0, r1, r2}
10001140:	c307      	stmia	r3!, {r0, r1, r2}
10001142:	2301      	movs	r3, #1
10001144:	431c      	orrs	r4, r3
10001146:	46a0      	mov	r8, r4
10001148:	4652      	mov	r2, sl
1000114a:	4641      	mov	r1, r8
1000114c:	4648      	mov	r0, r9
1000114e:	f7ff fec9 	bl	10000ee4 <set_raw_irq_handler_and_unlock>
10001152:	b009      	add	sp, #36	@ 0x24
10001154:	bcf0      	pop	{r4, r5, r6, r7}
10001156:	46bb      	mov	fp, r7
10001158:	46b2      	mov	sl, r6
1000115a:	46a9      	mov	r9, r5
1000115c:	46a0      	mov	r8, r4
1000115e:	bdf0      	pop	{r4, r5, r6, r7, pc}
10001160:	4b4e      	ldr	r3, [pc, #312]	@ (1000129c <irq_add_shared_handler+0x1f0>)
10001162:	4a4f      	ldr	r2, [pc, #316]	@ (100012a0 <irq_add_shared_handler+0x1f4>)
10001164:	484f      	ldr	r0, [pc, #316]	@ (100012a4 <irq_add_shared_handler+0x1f8>)
10001166:	21d7      	movs	r1, #215	@ 0xd7
10001168:	f001 fd0e 	bl	10002b88 <__assert_func>
1000116c:	4b4e      	ldr	r3, [pc, #312]	@ (100012a8 <irq_add_shared_handler+0x1fc>)
1000116e:	4a4c      	ldr	r2, [pc, #304]	@ (100012a0 <irq_add_shared_handler+0x1f4>)
10001170:	484c      	ldr	r0, [pc, #304]	@ (100012a4 <irq_add_shared_handler+0x1f8>)
10001172:	21de      	movs	r1, #222	@ 0xde
10001174:	f001 fd08 	bl	10002b88 <__assert_func>
10001178:	3801      	subs	r0, #1
1000117a:	210c      	movs	r1, #12
1000117c:	f002 ff04 	bl	10003f88 <__wrap___aeabi_uidiv>
10001180:	2900      	cmp	r1, #0
10001182:	d112      	bne.n	100011aa <irq_add_shared_handler+0xfe>
10001184:	2301      	movs	r3, #1
10001186:	439f      	bics	r7, r3
10001188:	46bb      	mov	fp, r7
1000118a:	003b      	movs	r3, r7
1000118c:	2700      	movs	r7, #0
1000118e:	79da      	ldrb	r2, [r3, #7]
10001190:	42aa      	cmp	r2, r5
10001192:	d911      	bls.n	100011b8 <irq_add_shared_handler+0x10c>
10001194:	2106      	movs	r1, #6
10001196:	5659      	ldrsb	r1, [r3, r1]
10001198:	2900      	cmp	r1, #0
1000119a:	db0c      	blt.n	100011b6 <irq_add_shared_handler+0x10a>
1000119c:	004a      	lsls	r2, r1, #1
1000119e:	1852      	adds	r2, r2, r1
100011a0:	0092      	lsls	r2, r2, #2
100011a2:	4938      	ldr	r1, [pc, #224]	@ (10001284 <irq_add_shared_handler+0x1d8>)
100011a4:	001f      	movs	r7, r3
100011a6:	188b      	adds	r3, r1, r2
100011a8:	e7f1      	b.n	1000118e <irq_add_shared_handler+0xe2>
100011aa:	4b40      	ldr	r3, [pc, #256]	@ (100012ac <irq_add_shared_handler+0x200>)
100011ac:	4a3c      	ldr	r2, [pc, #240]	@ (100012a0 <irq_add_shared_handler+0x1f4>)
100011ae:	483d      	ldr	r0, [pc, #244]	@ (100012a4 <irq_add_shared_handler+0x1f8>)
100011b0:	21ea      	movs	r1, #234	@ 0xea
100011b2:	f001 fce9 	bl	10002b88 <__assert_func>
100011b6:	001f      	movs	r7, r3
100011b8:	2f00      	cmp	r7, #0
100011ba:	d02e      	beq.n	1000121a <irq_add_shared_handler+0x16e>
100011bc:	ab05      	add	r3, sp, #20
100011be:	4a3c      	ldr	r2, [pc, #240]	@ (100012b0 <irq_add_shared_handler+0x204>)
100011c0:	801a      	strh	r2, [r3, #0]
100011c2:	3a81      	subs	r2, #129	@ 0x81
100011c4:	805a      	strh	r2, [r3, #2]
100011c6:	2306      	movs	r3, #6
100011c8:	56fb      	ldrsb	r3, [r7, r3]
100011ca:	9302      	str	r3, [sp, #8]
100011cc:	2b00      	cmp	r3, #0
100011ce:	da17      	bge.n	10001200 <irq_add_shared_handler+0x154>
100011d0:	4838      	ldr	r0, [pc, #224]	@ (100012b4 <irq_add_shared_handler+0x208>)
100011d2:	ab05      	add	r3, sp, #20
100011d4:	469b      	mov	fp, r3
100011d6:	8098      	strh	r0, [r3, #4]
100011d8:	9a02      	ldr	r2, [sp, #8]
100011da:	719a      	strb	r2, [r3, #6]
100011dc:	71dd      	strb	r5, [r3, #7]
100011de:	9a01      	ldr	r2, [sp, #4]
100011e0:	9207      	str	r2, [sp, #28]
100011e2:	1d38      	adds	r0, r7, #4
100011e4:	0021      	movs	r1, r4
100011e6:	f7ff fead 	bl	10000f44 <make_branch>
100011ea:	80b8      	strh	r0, [r7, #4]
100011ec:	71be      	strb	r6, [r7, #6]
100011ee:	4b25      	ldr	r3, [pc, #148]	@ (10001284 <irq_add_shared_handler+0x1d8>)
100011f0:	0072      	lsls	r2, r6, #1
100011f2:	1992      	adds	r2, r2, r6
100011f4:	0092      	lsls	r2, r2, #2
100011f6:	189b      	adds	r3, r3, r2
100011f8:	465a      	mov	r2, fp
100011fa:	ca13      	ldmia	r2!, {r0, r1, r4}
100011fc:	c313      	stmia	r3!, {r0, r1, r4}
100011fe:	e7a3      	b.n	10001148 <irq_add_shared_handler+0x9c>
10001200:	1d38      	adds	r0, r7, #4
10001202:	f7ff fe87 	bl	10000f14 <resolve_branch>
10001206:	0001      	movs	r1, r0
10001208:	0070      	lsls	r0, r6, #1
1000120a:	1980      	adds	r0, r0, r6
1000120c:	0080      	lsls	r0, r0, #2
1000120e:	4b1d      	ldr	r3, [pc, #116]	@ (10001284 <irq_add_shared_handler+0x1d8>)
10001210:	18c0      	adds	r0, r0, r3
10001212:	3004      	adds	r0, #4
10001214:	f7ff fe96 	bl	10000f44 <make_branch>
10001218:	e7db      	b.n	100011d2 <irq_add_shared_handler+0x126>
1000121a:	af05      	add	r7, sp, #20
1000121c:	4b1c      	ldr	r3, [pc, #112]	@ (10001290 <irq_add_shared_handler+0x1e4>)
1000121e:	803b      	strh	r3, [r7, #0]
10001220:	491c      	ldr	r1, [pc, #112]	@ (10001294 <irq_add_shared_handler+0x1e8>)
10001222:	0073      	lsls	r3, r6, #1
10001224:	9302      	str	r3, [sp, #8]
10001226:	199b      	adds	r3, r3, r6
10001228:	009b      	lsls	r3, r3, #2
1000122a:	4a16      	ldr	r2, [pc, #88]	@ (10001284 <irq_add_shared_handler+0x1d8>)
1000122c:	4690      	mov	r8, r2
1000122e:	001a      	movs	r2, r3
10001230:	4442      	add	r2, r8
10001232:	9203      	str	r2, [sp, #12]
10001234:	1c90      	adds	r0, r2, #2
10001236:	f7ff fe85 	bl	10000f44 <make_branch>
1000123a:	8078      	strh	r0, [r7, #2]
1000123c:	9a03      	ldr	r2, [sp, #12]
1000123e:	1d10      	adds	r0, r2, #4
10001240:	4659      	mov	r1, fp
10001242:	f7ff fe7f 	bl	10000f44 <make_branch>
10001246:	80b8      	strh	r0, [r7, #4]
10001248:	4b1b      	ldr	r3, [pc, #108]	@ (100012b8 <irq_add_shared_handler+0x20c>)
1000124a:	465a      	mov	r2, fp
1000124c:	4641      	mov	r1, r8
1000124e:	1a52      	subs	r2, r2, r1
10001250:	4152      	adcs	r2, r2
10001252:	4353      	muls	r3, r2
10001254:	0d1b      	lsrs	r3, r3, #20
10001256:	71bb      	strb	r3, [r7, #6]
10001258:	71fd      	strb	r5, [r7, #7]
1000125a:	9a01      	ldr	r2, [sp, #4]
1000125c:	9207      	str	r2, [sp, #28]
1000125e:	9b02      	ldr	r3, [sp, #8]
10001260:	199b      	adds	r3, r3, r6
10001262:	009b      	lsls	r3, r3, #2
10001264:	4443      	add	r3, r8
10001266:	cf07      	ldmia	r7!, {r0, r1, r2}
10001268:	c307      	stmia	r3!, {r0, r1, r2}
1000126a:	4b11      	ldr	r3, [pc, #68]	@ (100012b0 <irq_add_shared_handler+0x204>)
1000126c:	465a      	mov	r2, fp
1000126e:	8013      	strh	r3, [r2, #0]
10001270:	3b81      	subs	r3, #129	@ 0x81
10001272:	8053      	strh	r3, [r2, #2]
10001274:	2301      	movs	r3, #1
10001276:	431c      	orrs	r4, r3
10001278:	46a0      	mov	r8, r4
1000127a:	e765      	b.n	10001148 <irq_add_shared_handler+0x9c>
1000127c:	d0000124 	.word	0xd0000124
10001280:	2000277e 	.word	0x2000277e
10001284:	20000d2c 	.word	0x20000d2c
10001288:	e000ed00 	.word	0xe000ed00
1000128c:	100001cd 	.word	0x100001cd
10001290:	ffffa100 	.word	0xffffa100
10001294:	20000d5c 	.word	0x20000d5c
10001298:	ffffbd01 	.word	0xffffbd01
1000129c:	10008be0 	.word	0x10008be0
100012a0:	1000a04c 	.word	0x1000a04c
100012a4:	10008b1c 	.word	0x10008b1c
100012a8:	10008c08 	.word	0x10008c08
100012ac:	10008c30 	.word	0x10008c30
100012b0:	00004801 	.word	0x00004801
100012b4:	0000bd01 	.word	0x0000bd01
100012b8:	0000aaaa 	.word	0x0000aaaa

100012bc <irq_remove_handler>:
100012bc:	b5f0      	push	{r4, r5, r6, r7, lr}
100012be:	46ce      	mov	lr, r9
100012c0:	4647      	mov	r7, r8
100012c2:	b580      	push	{r7, lr}
100012c4:	b083      	sub	sp, #12
100012c6:	0006      	movs	r6, r0
100012c8:	000d      	movs	r5, r1
100012ca:	f3ef 8810 	mrs	r8, PRIMASK
100012ce:	b672      	cpsid	i
100012d0:	4b4f      	ldr	r3, [pc, #316]	@ (10001410 <irq_remove_handler+0x154>)
100012d2:	681b      	ldr	r3, [r3, #0]
100012d4:	2b00      	cmp	r3, #0
100012d6:	d0fb      	beq.n	100012d0 <irq_remove_handler+0x14>
100012d8:	f3bf 8f5f 	dmb	sy
100012dc:	4b4d      	ldr	r3, [pc, #308]	@ (10001414 <irq_remove_handler+0x158>)
100012de:	689a      	ldr	r2, [r3, #8]
100012e0:	0034      	movs	r4, r6
100012e2:	3410      	adds	r4, #16
100012e4:	00a3      	lsls	r3, r4, #2
100012e6:	58d7      	ldr	r7, [r2, r3]
100012e8:	4b4b      	ldr	r3, [pc, #300]	@ (10001418 <irq_remove_handler+0x15c>)
100012ea:	429f      	cmp	r7, r3
100012ec:	d007      	beq.n	100012fe <irq_remove_handler+0x42>
100012ee:	42af      	cmp	r7, r5
100012f0:	d100      	bne.n	100012f4 <irq_remove_handler+0x38>
100012f2:	e08b      	b.n	1000140c <irq_remove_handler+0x150>
100012f4:	9701      	str	r7, [sp, #4]
100012f6:	4b49      	ldr	r3, [pc, #292]	@ (1000141c <irq_remove_handler+0x160>)
100012f8:	1afb      	subs	r3, r7, r3
100012fa:	2b2f      	cmp	r3, #47	@ 0x2f
100012fc:	d909      	bls.n	10001312 <irq_remove_handler+0x56>
100012fe:	4642      	mov	r2, r8
10001300:	0039      	movs	r1, r7
10001302:	0030      	movs	r0, r6
10001304:	f7ff fdee 	bl	10000ee4 <set_raw_irq_handler_and_unlock>
10001308:	b003      	add	sp, #12
1000130a:	bcc0      	pop	{r6, r7}
1000130c:	46b9      	mov	r9, r7
1000130e:	46b0      	mov	r8, r6
10001310:	bdf0      	pop	{r4, r5, r6, r7, pc}
10001312:	0030      	movs	r0, r6
10001314:	f7ff fe5a 	bl	10000fcc <irq_is_enabled>
10001318:	4681      	mov	r9, r0
1000131a:	2100      	movs	r1, #0
1000131c:	0030      	movs	r0, r6
1000131e:	f7ff fe71 	bl	10001004 <irq_set_enabled>
10001322:	f3bf 8f5f 	dmb	sy
10001326:	f3ef 8105 	mrs	r1, IPSR
1000132a:	2900      	cmp	r1, #0
1000132c:	d001      	beq.n	10001332 <irq_remove_handler+0x76>
1000132e:	428c      	cmp	r4, r1
10001330:	d111      	bne.n	10001356 <irq_remove_handler+0x9a>
10001332:	2301      	movs	r3, #1
10001334:	9c01      	ldr	r4, [sp, #4]
10001336:	439c      	bics	r4, r3
10001338:	2000      	movs	r0, #0
1000133a:	68a3      	ldr	r3, [r4, #8]
1000133c:	42ab      	cmp	r3, r5
1000133e:	d012      	beq.n	10001366 <irq_remove_handler+0xaa>
10001340:	2206      	movs	r2, #6
10001342:	56a2      	ldrsb	r2, [r4, r2]
10001344:	2a00      	cmp	r2, #0
10001346:	db0d      	blt.n	10001364 <irq_remove_handler+0xa8>
10001348:	0053      	lsls	r3, r2, #1
1000134a:	189b      	adds	r3, r3, r2
1000134c:	009b      	lsls	r3, r3, #2
1000134e:	4a33      	ldr	r2, [pc, #204]	@ (1000141c <irq_remove_handler+0x160>)
10001350:	0020      	movs	r0, r4
10001352:	18d4      	adds	r4, r2, r3
10001354:	e7f1      	b.n	1000133a <irq_remove_handler+0x7e>
10001356:	4b32      	ldr	r3, [pc, #200]	@ (10001420 <irq_remove_handler+0x164>)
10001358:	4a32      	ldr	r2, [pc, #200]	@ (10001424 <irq_remove_handler+0x168>)
1000135a:	2136      	movs	r1, #54	@ 0x36
1000135c:	4832      	ldr	r0, [pc, #200]	@ (10001428 <irq_remove_handler+0x16c>)
1000135e:	31ff      	adds	r1, #255	@ 0xff
10001360:	f001 fc12 	bl	10002b88 <__assert_func>
10001364:	0020      	movs	r0, r4
10001366:	42ab      	cmp	r3, r5
10001368:	d149      	bne.n	100013fe <irq_remove_handler+0x142>
1000136a:	2506      	movs	r5, #6
1000136c:	5765      	ldrsb	r5, [r4, r5]
1000136e:	2d00      	cmp	r5, #0
10001370:	db2b      	blt.n	100013ca <irq_remove_handler+0x10e>
10001372:	4b2a      	ldr	r3, [pc, #168]	@ (1000141c <irq_remove_handler+0x160>)
10001374:	006a      	lsls	r2, r5, #1
10001376:	1952      	adds	r2, r2, r5
10001378:	0092      	lsls	r2, r2, #2
1000137a:	189b      	adds	r3, r3, r2
1000137c:	689a      	ldr	r2, [r3, #8]
1000137e:	60a2      	str	r2, [r4, #8]
10001380:	79da      	ldrb	r2, [r3, #7]
10001382:	71e2      	strb	r2, [r4, #7]
10001384:	799b      	ldrb	r3, [r3, #6]
10001386:	b25b      	sxtb	r3, r3
10001388:	71a3      	strb	r3, [r4, #6]
1000138a:	2b00      	cmp	r3, #0
1000138c:	da0f      	bge.n	100013ae <irq_remove_handler+0xf2>
1000138e:	4827      	ldr	r0, [pc, #156]	@ (1000142c <irq_remove_handler+0x170>)
10001390:	80a0      	strh	r0, [r4, #4]
10001392:	4b22      	ldr	r3, [pc, #136]	@ (1000141c <irq_remove_handler+0x160>)
10001394:	006a      	lsls	r2, r5, #1
10001396:	1952      	adds	r2, r2, r5
10001398:	0092      	lsls	r2, r2, #2
1000139a:	189b      	adds	r3, r3, r2
1000139c:	4a24      	ldr	r2, [pc, #144]	@ (10001430 <irq_remove_handler+0x174>)
1000139e:	7811      	ldrb	r1, [r2, #0]
100013a0:	7199      	strb	r1, [r3, #6]
100013a2:	7015      	strb	r5, [r2, #0]
100013a4:	4649      	mov	r1, r9
100013a6:	0030      	movs	r0, r6
100013a8:	f7ff fe2c 	bl	10001004 <irq_set_enabled>
100013ac:	e7a7      	b.n	100012fe <irq_remove_handler+0x42>
100013ae:	0068      	lsls	r0, r5, #1
100013b0:	1940      	adds	r0, r0, r5
100013b2:	0080      	lsls	r0, r0, #2
100013b4:	4b19      	ldr	r3, [pc, #100]	@ (1000141c <irq_remove_handler+0x160>)
100013b6:	18c0      	adds	r0, r0, r3
100013b8:	3004      	adds	r0, #4
100013ba:	f7ff fdab 	bl	10000f14 <resolve_branch>
100013be:	0001      	movs	r1, r0
100013c0:	1d23      	adds	r3, r4, #4
100013c2:	0018      	movs	r0, r3
100013c4:	f7ff fdbe 	bl	10000f44 <make_branch>
100013c8:	e7e2      	b.n	10001390 <irq_remove_handler+0xd4>
100013ca:	2900      	cmp	r1, #0
100013cc:	d112      	bne.n	100013f4 <irq_remove_handler+0x138>
100013ce:	2800      	cmp	r0, #0
100013d0:	d00e      	beq.n	100013f0 <irq_remove_handler+0x134>
100013d2:	23ff      	movs	r3, #255	@ 0xff
100013d4:	7183      	strb	r3, [r0, #6]
100013d6:	4b17      	ldr	r3, [pc, #92]	@ (10001434 <irq_remove_handler+0x178>)
100013d8:	8083      	strh	r3, [r0, #4]
100013da:	4915      	ldr	r1, [pc, #84]	@ (10001430 <irq_remove_handler+0x174>)
100013dc:	780b      	ldrb	r3, [r1, #0]
100013de:	71a3      	strb	r3, [r4, #6]
100013e0:	4a0e      	ldr	r2, [pc, #56]	@ (1000141c <irq_remove_handler+0x160>)
100013e2:	4b15      	ldr	r3, [pc, #84]	@ (10001438 <irq_remove_handler+0x17c>)
100013e4:	1aa4      	subs	r4, r4, r2
100013e6:	4164      	adcs	r4, r4
100013e8:	4363      	muls	r3, r4
100013ea:	0d1b      	lsrs	r3, r3, #20
100013ec:	700b      	strb	r3, [r1, #0]
100013ee:	e7d9      	b.n	100013a4 <irq_remove_handler+0xe8>
100013f0:	4f09      	ldr	r7, [pc, #36]	@ (10001418 <irq_remove_handler+0x15c>)
100013f2:	e7f2      	b.n	100013da <irq_remove_handler+0x11e>
100013f4:	4911      	ldr	r1, [pc, #68]	@ (1000143c <irq_remove_handler+0x180>)
100013f6:	1d20      	adds	r0, r4, #4
100013f8:	f7ff fdc8 	bl	10000f8c <insert_branch_and_link>
100013fc:	e7d2      	b.n	100013a4 <irq_remove_handler+0xe8>
100013fe:	4b10      	ldr	r3, [pc, #64]	@ (10001440 <irq_remove_handler+0x184>)
10001400:	4a08      	ldr	r2, [pc, #32]	@ (10001424 <irq_remove_handler+0x168>)
10001402:	216a      	movs	r1, #106	@ 0x6a
10001404:	4808      	ldr	r0, [pc, #32]	@ (10001428 <irq_remove_handler+0x16c>)
10001406:	31ff      	adds	r1, #255	@ 0xff
10001408:	f001 fbbe 	bl	10002b88 <__assert_func>
1000140c:	4f02      	ldr	r7, [pc, #8]	@ (10001418 <irq_remove_handler+0x15c>)
1000140e:	e776      	b.n	100012fe <irq_remove_handler+0x42>
10001410:	d0000124 	.word	0xd0000124
10001414:	e000ed00 	.word	0xe000ed00
10001418:	100001cd 	.word	0x100001cd
1000141c:	20000d2c 	.word	0x20000d2c
10001420:	10008ca4 	.word	0x10008ca4
10001424:	1000a01c 	.word	0x1000a01c
10001428:	10008b1c 	.word	0x10008b1c
1000142c:	0000bd01 	.word	0x0000bd01
10001430:	2000277e 	.word	0x2000277e
10001434:	ffffbd01 	.word	0xffffbd01
10001438:	0000aaaa 	.word	0x0000aaaa
1000143c:	20000d66 	.word	0x20000d66
10001440:	10008cd8 	.word	0x10008cd8

10001444 <irq_set_priority>:
10001444:	b510      	push	{r4, lr}
10001446:	2303      	movs	r3, #3
10001448:	0004      	movs	r4, r0
1000144a:	439c      	bics	r4, r3
1000144c:	4a06      	ldr	r2, [pc, #24]	@ (10001468 <irq_set_priority+0x24>)
1000144e:	4694      	mov	ip, r2
10001450:	4464      	add	r4, ip
10001452:	6822      	ldr	r2, [r4, #0]
10001454:	4018      	ands	r0, r3
10001456:	00c0      	lsls	r0, r0, #3
10001458:	33fc      	adds	r3, #252	@ 0xfc
1000145a:	4083      	lsls	r3, r0
1000145c:	439a      	bics	r2, r3
1000145e:	0013      	movs	r3, r2
10001460:	4081      	lsls	r1, r0
10001462:	430b      	orrs	r3, r1
10001464:	6023      	str	r3, [r4, #0]
10001466:	bd10      	pop	{r4, pc}
10001468:	e000e400 	.word	0xe000e400

1000146c <irq_add_tail_to_free_list>:
1000146c:	b570      	push	{r4, r5, r6, lr}
1000146e:	2201      	movs	r2, #1
10001470:	4302      	orrs	r2, r0
10001472:	4b2e      	ldr	r3, [pc, #184]	@ (1000152c <irq_add_tail_to_free_list+0xc0>)
10001474:	1ad3      	subs	r3, r2, r3
10001476:	2b2f      	cmp	r3, #47	@ 0x2f
10001478:	d828      	bhi.n	100014cc <irq_add_tail_to_free_list+0x60>
1000147a:	f3ef 8305 	mrs	r3, IPSR
1000147e:	2b00      	cmp	r3, #0
10001480:	d02b      	beq.n	100014da <irq_add_tail_to_free_list+0x6e>
10001482:	f3ef 8c10 	mrs	ip, PRIMASK
10001486:	b672      	cpsid	i
10001488:	4929      	ldr	r1, [pc, #164]	@ (10001530 <irq_add_tail_to_free_list+0xc4>)
1000148a:	6809      	ldr	r1, [r1, #0]
1000148c:	2900      	cmp	r1, #0
1000148e:	d0fb      	beq.n	10001488 <irq_add_tail_to_free_list+0x1c>
10001490:	f3bf 8f5f 	dmb	sy
10001494:	4c25      	ldr	r4, [pc, #148]	@ (1000152c <irq_add_tail_to_free_list+0xc0>)
10001496:	4927      	ldr	r1, [pc, #156]	@ (10001534 <irq_add_tail_to_free_list+0xc8>)
10001498:	0005      	movs	r5, r0
1000149a:	1b2d      	subs	r5, r5, r4
1000149c:	416d      	adcs	r5, r5
1000149e:	4369      	muls	r1, r5
100014a0:	0d09      	lsrs	r1, r1, #20
100014a2:	b24c      	sxtb	r4, r1
100014a4:	4924      	ldr	r1, [pc, #144]	@ (10001538 <irq_add_tail_to_free_list+0xcc>)
100014a6:	6889      	ldr	r1, [r1, #8]
100014a8:	009b      	lsls	r3, r3, #2
100014aa:	58c9      	ldr	r1, [r1, r3]
100014ac:	4291      	cmp	r1, r2
100014ae:	d01b      	beq.n	100014e8 <irq_add_tail_to_free_list+0x7c>
100014b0:	2100      	movs	r1, #0
100014b2:	2903      	cmp	r1, #3
100014b4:	d832      	bhi.n	1000151c <irq_add_tail_to_free_list+0xb0>
100014b6:	4b1d      	ldr	r3, [pc, #116]	@ (1000152c <irq_add_tail_to_free_list+0xc0>)
100014b8:	004a      	lsls	r2, r1, #1
100014ba:	1852      	adds	r2, r2, r1
100014bc:	0092      	lsls	r2, r2, #2
100014be:	189b      	adds	r3, r3, r2
100014c0:	799b      	ldrb	r3, [r3, #6]
100014c2:	b25b      	sxtb	r3, r3
100014c4:	42a3      	cmp	r3, r4
100014c6:	d01f      	beq.n	10001508 <irq_add_tail_to_free_list+0x9c>
100014c8:	3101      	adds	r1, #1
100014ca:	e7f2      	b.n	100014b2 <irq_add_tail_to_free_list+0x46>
100014cc:	4b1b      	ldr	r3, [pc, #108]	@ (1000153c <irq_add_tail_to_free_list+0xd0>)
100014ce:	4a1c      	ldr	r2, [pc, #112]	@ (10001540 <irq_add_tail_to_free_list+0xd4>)
100014d0:	21c7      	movs	r1, #199	@ 0xc7
100014d2:	481c      	ldr	r0, [pc, #112]	@ (10001544 <irq_add_tail_to_free_list+0xd8>)
100014d4:	0049      	lsls	r1, r1, #1
100014d6:	f001 fb57 	bl	10002b88 <__assert_func>
100014da:	4b1b      	ldr	r3, [pc, #108]	@ (10001548 <irq_add_tail_to_free_list+0xdc>)
100014dc:	4a18      	ldr	r2, [pc, #96]	@ (10001540 <irq_add_tail_to_free_list+0xd4>)
100014de:	2192      	movs	r1, #146	@ 0x92
100014e0:	4818      	ldr	r0, [pc, #96]	@ (10001544 <irq_add_tail_to_free_list+0xd8>)
100014e2:	31ff      	adds	r1, #255	@ 0xff
100014e4:	f001 fb50 	bl	10002b88 <__assert_func>
100014e8:	4a13      	ldr	r2, [pc, #76]	@ (10001538 <irq_add_tail_to_free_list+0xcc>)
100014ea:	6892      	ldr	r2, [r2, #8]
100014ec:	4917      	ldr	r1, [pc, #92]	@ (1000154c <irq_add_tail_to_free_list+0xe0>)
100014ee:	50d1      	str	r1, [r2, r3]
100014f0:	4b17      	ldr	r3, [pc, #92]	@ (10001550 <irq_add_tail_to_free_list+0xe4>)
100014f2:	781a      	ldrb	r2, [r3, #0]
100014f4:	7182      	strb	r2, [r0, #6]
100014f6:	701c      	strb	r4, [r3, #0]
100014f8:	f3bf 8f5f 	dmb	sy
100014fc:	4b0c      	ldr	r3, [pc, #48]	@ (10001530 <irq_add_tail_to_free_list+0xc4>)
100014fe:	2200      	movs	r2, #0
10001500:	601a      	str	r2, [r3, #0]
10001502:	f38c 8810 	msr	PRIMASK, ip
10001506:	bd70      	pop	{r4, r5, r6, pc}
10001508:	4b08      	ldr	r3, [pc, #32]	@ (1000152c <irq_add_tail_to_free_list+0xc0>)
1000150a:	004a      	lsls	r2, r1, #1
1000150c:	1855      	adds	r5, r2, r1
1000150e:	00ad      	lsls	r5, r5, #2
10001510:	195d      	adds	r5, r3, r5
10001512:	26ff      	movs	r6, #255	@ 0xff
10001514:	71ae      	strb	r6, [r5, #6]
10001516:	4a0f      	ldr	r2, [pc, #60]	@ (10001554 <irq_add_tail_to_free_list+0xe8>)
10001518:	80aa      	strh	r2, [r5, #4]
1000151a:	e7e9      	b.n	100014f0 <irq_add_tail_to_free_list+0x84>
1000151c:	4b0e      	ldr	r3, [pc, #56]	@ (10001558 <irq_add_tail_to_free_list+0xec>)
1000151e:	4a08      	ldr	r2, [pc, #32]	@ (10001540 <irq_add_tail_to_free_list+0xd4>)
10001520:	21d1      	movs	r1, #209	@ 0xd1
10001522:	4808      	ldr	r0, [pc, #32]	@ (10001544 <irq_add_tail_to_free_list+0xd8>)
10001524:	0049      	lsls	r1, r1, #1
10001526:	f001 fb2f 	bl	10002b88 <__assert_func>
1000152a:	46c0      	nop			@ (mov r8, r8)
1000152c:	20000d2c 	.word	0x20000d2c
10001530:	d0000124 	.word	0xd0000124
10001534:	0000aaaa 	.word	0x0000aaaa
10001538:	e000ed00 	.word	0xe000ed00
1000153c:	10008ce0 	.word	0x10008ce0
10001540:	10009fe8 	.word	0x10009fe8
10001544:	10008b1c 	.word	0x10008b1c
10001548:	10008d08 	.word	0x10008d08
1000154c:	100001cd 	.word	0x100001cd
10001550:	2000277e 	.word	0x2000277e
10001554:	ffffbd01 	.word	0xffffbd01
10001558:	10008d14 	.word	0x10008d14

1000155c <irq_init_priorities>:
1000155c:	2200      	movs	r2, #0
1000155e:	4b04      	ldr	r3, [pc, #16]	@ (10001570 <irq_init_priorities+0x14>)
10001560:	e002      	b.n	10001568 <irq_init_priorities+0xc>
10001562:	4904      	ldr	r1, [pc, #16]	@ (10001574 <irq_init_priorities+0x18>)
10001564:	c302      	stmia	r3!, {r1}
10001566:	3201      	adds	r2, #1
10001568:	2a07      	cmp	r2, #7
1000156a:	d9fa      	bls.n	10001562 <irq_init_priorities+0x6>
1000156c:	4770      	bx	lr
1000156e:	46c0      	nop			@ (mov r8, r8)
10001570:	e000e400 	.word	0xe000e400
10001574:	80808080 	.word	0x80808080

10001578 <user_irq_unclaim>:
10001578:	b510      	push	{r4, lr}
1000157a:	f7ff fcc7 	bl	10000f0c <get_user_irq_claim_index>
1000157e:	0001      	movs	r1, r0
10001580:	4b02      	ldr	r3, [pc, #8]	@ (1000158c <user_irq_unclaim+0x14>)
10001582:	0018      	movs	r0, r3
10001584:	f7ff fc5e 	bl	10000e44 <hw_claim_clear>
10001588:	bd10      	pop	{r4, pc}
1000158a:	46c0      	nop			@ (mov r8, r8)
1000158c:	20002783 	.word	0x20002783

10001590 <user_irq_claim_unused>:
10001590:	b510      	push	{r4, lr}
10001592:	b082      	sub	sp, #8
10001594:	0001      	movs	r1, r0
10001596:	4c07      	ldr	r4, [pc, #28]	@ (100015b4 <user_irq_claim_unused+0x24>)
10001598:	4b07      	ldr	r3, [pc, #28]	@ (100015b8 <user_irq_claim_unused+0x28>)
1000159a:	9300      	str	r3, [sp, #0]
1000159c:	2305      	movs	r3, #5
1000159e:	2200      	movs	r2, #0
100015a0:	0020      	movs	r0, r4
100015a2:	f7ff fc26 	bl	10000df2 <hw_claim_unused_from_range>
100015a6:	2800      	cmp	r0, #0
100015a8:	db01      	blt.n	100015ae <user_irq_claim_unused+0x1e>
100015aa:	231f      	movs	r3, #31
100015ac:	1a18      	subs	r0, r3, r0
100015ae:	b002      	add	sp, #8
100015b0:	bd10      	pop	{r4, pc}
100015b2:	46c0      	nop			@ (mov r8, r8)
100015b4:	20002783 	.word	0x20002783
100015b8:	10008d1c 	.word	0x10008d1c

100015bc <sem_init>:
100015bc:	b570      	push	{r4, r5, r6, lr}
100015be:	0004      	movs	r4, r0
100015c0:	000e      	movs	r6, r1
100015c2:	0015      	movs	r5, r2
100015c4:	f7ff fc6e 	bl	10000ea4 <next_striped_spin_lock_num>
100015c8:	0001      	movs	r1, r0
100015ca:	0020      	movs	r0, r4
100015cc:	f000 f806 	bl	100015dc <lock_init>
100015d0:	80a6      	strh	r6, [r4, #4]
100015d2:	80e5      	strh	r5, [r4, #6]
100015d4:	f3bf 8f5f 	dmb	sy
100015d8:	bd70      	pop	{r4, r5, r6, pc}
	...

100015dc <lock_init>:
100015dc:	4b02      	ldr	r3, [pc, #8]	@ (100015e8 <lock_init+0xc>)
100015de:	469c      	mov	ip, r3
100015e0:	4461      	add	r1, ip
100015e2:	0089      	lsls	r1, r1, #2
100015e4:	6001      	str	r1, [r0, #0]
100015e6:	4770      	bx	lr
100015e8:	34000040 	.word	0x34000040

100015ec <update_us_since_boot>:
100015ec:	b510      	push	{r4, lr}
100015ee:	2b00      	cmp	r3, #0
100015f0:	db02      	blt.n	100015f8 <update_us_since_boot+0xc>
100015f2:	6002      	str	r2, [r0, #0]
100015f4:	6043      	str	r3, [r0, #4]
100015f6:	bd10      	pop	{r4, pc}
100015f8:	4b02      	ldr	r3, [pc, #8]	@ (10001604 <update_us_since_boot+0x18>)
100015fa:	4a03      	ldr	r2, [pc, #12]	@ (10001608 <update_us_since_boot+0x1c>)
100015fc:	4803      	ldr	r0, [pc, #12]	@ (1000160c <update_us_since_boot+0x20>)
100015fe:	213f      	movs	r1, #63	@ 0x3f
10001600:	f001 fac2 	bl	10002b88 <__assert_func>
10001604:	10008810 	.word	0x10008810
10001608:	1000a0bc 	.word	0x1000a0bc
1000160c:	1000882c 	.word	0x1000882c

10001610 <delayed_by_ms>:
10001610:	b570      	push	{r4, r5, r6, lr}
10001612:	b082      	sub	sp, #8
10001614:	0006      	movs	r6, r0
10001616:	0014      	movs	r4, r2
10001618:	001d      	movs	r5, r3
1000161a:	22fa      	movs	r2, #250	@ 0xfa
1000161c:	0092      	lsls	r2, r2, #2
1000161e:	2300      	movs	r3, #0
10001620:	9806      	ldr	r0, [sp, #24]
10001622:	2100      	movs	r1, #0
10001624:	f003 f848 	bl	100046b8 <__wrap___aeabi_lmul>
10001628:	0002      	movs	r2, r0
1000162a:	000b      	movs	r3, r1
1000162c:	1912      	adds	r2, r2, r4
1000162e:	416b      	adcs	r3, r5
10001630:	2b00      	cmp	r3, #0
10001632:	db09      	blt.n	10001648 <delayed_by_ms+0x38>
10001634:	4668      	mov	r0, sp
10001636:	f7ff ffd9 	bl	100015ec <update_us_since_boot>
1000163a:	9a00      	ldr	r2, [sp, #0]
1000163c:	9b01      	ldr	r3, [sp, #4]
1000163e:	6032      	str	r2, [r6, #0]
10001640:	6073      	str	r3, [r6, #4]
10001642:	0030      	movs	r0, r6
10001644:	b002      	add	sp, #8
10001646:	bd70      	pop	{r4, r5, r6, pc}
10001648:	2201      	movs	r2, #1
1000164a:	4252      	negs	r2, r2
1000164c:	4b00      	ldr	r3, [pc, #0]	@ (10001650 <delayed_by_ms+0x40>)
1000164e:	e7f1      	b.n	10001634 <delayed_by_ms+0x24>
10001650:	7fffffff 	.word	0x7fffffff

10001654 <get_absolute_time>:
10001654:	b510      	push	{r4, lr}
10001656:	b082      	sub	sp, #8
10001658:	0004      	movs	r4, r0
1000165a:	f000 fdc9 	bl	100021f0 <time_us_64>
1000165e:	0002      	movs	r2, r0
10001660:	000b      	movs	r3, r1
10001662:	4668      	mov	r0, sp
10001664:	f7ff ffc2 	bl	100015ec <update_us_since_boot>
10001668:	9a00      	ldr	r2, [sp, #0]
1000166a:	9b01      	ldr	r3, [sp, #4]
1000166c:	6022      	str	r2, [r4, #0]
1000166e:	6063      	str	r3, [r4, #4]
10001670:	0020      	movs	r0, r4
10001672:	b002      	add	sp, #8
10001674:	bd10      	pop	{r4, pc}

10001676 <make_timeout_time_ms>:
10001676:	b530      	push	{r4, r5, lr}
10001678:	b085      	sub	sp, #20
1000167a:	0004      	movs	r4, r0
1000167c:	000d      	movs	r5, r1
1000167e:	a802      	add	r0, sp, #8
10001680:	f7ff ffe8 	bl	10001654 <get_absolute_time>
10001684:	9a02      	ldr	r2, [sp, #8]
10001686:	9b03      	ldr	r3, [sp, #12]
10001688:	9500      	str	r5, [sp, #0]
1000168a:	0020      	movs	r0, r4
1000168c:	f7ff ffc0 	bl	10001610 <delayed_by_ms>
10001690:	0020      	movs	r0, r4
10001692:	b005      	add	sp, #20
10001694:	bd30      	pop	{r4, r5, pc}

10001696 <mutex_init>:
10001696:	b510      	push	{r4, lr}
10001698:	0004      	movs	r4, r0
1000169a:	f7ff fc03 	bl	10000ea4 <next_striped_spin_lock_num>
1000169e:	0001      	movs	r1, r0
100016a0:	0020      	movs	r0, r4
100016a2:	f7ff ff9b 	bl	100015dc <lock_init>
100016a6:	23ff      	movs	r3, #255	@ 0xff
100016a8:	7123      	strb	r3, [r4, #4]
100016aa:	f3bf 8f5f 	dmb	sy
100016ae:	bd10      	pop	{r4, pc}

100016b0 <recursive_mutex_init>:
100016b0:	b510      	push	{r4, lr}
100016b2:	0004      	movs	r4, r0
100016b4:	f7ff fbf6 	bl	10000ea4 <next_striped_spin_lock_num>
100016b8:	0001      	movs	r1, r0
100016ba:	0020      	movs	r0, r4
100016bc:	f7ff ff8e 	bl	100015dc <lock_init>
100016c0:	23ff      	movs	r3, #255	@ 0xff
100016c2:	7123      	strb	r3, [r4, #4]
100016c4:	2300      	movs	r3, #0
100016c6:	7163      	strb	r3, [r4, #5]
100016c8:	f3bf 8f5f 	dmb	sy
100016cc:	bd10      	pop	{r4, pc}
	...

100016d0 <critical_section_init_with_lock_num>:
100016d0:	4b03      	ldr	r3, [pc, #12]	@ (100016e0 <critical_section_init_with_lock_num+0x10>)
100016d2:	469c      	mov	ip, r3
100016d4:	4461      	add	r1, ip
100016d6:	0089      	lsls	r1, r1, #2
100016d8:	6001      	str	r1, [r0, #0]
100016da:	f3bf 8f5f 	dmb	sy
100016de:	4770      	bx	lr
100016e0:	34000040 	.word	0x34000040

100016e4 <critical_section_init>:
100016e4:	b510      	push	{r4, lr}
100016e6:	0004      	movs	r4, r0
100016e8:	2001      	movs	r0, #1
100016ea:	f7ff fbe9 	bl	10000ec0 <spin_lock_claim_unused>
100016ee:	0001      	movs	r1, r0
100016f0:	0020      	movs	r0, r4
100016f2:	f7ff ffed 	bl	100016d0 <critical_section_init_with_lock_num>
100016f6:	bd10      	pop	{r4, pc}

100016f8 <time_reached>:
100016f8:	4b08      	ldr	r3, [pc, #32]	@ (1000171c <time_reached+0x24>)
100016fa:	6a5b      	ldr	r3, [r3, #36]	@ 0x24
100016fc:	4299      	cmp	r1, r3
100016fe:	d809      	bhi.n	10001714 <time_reached+0x1c>
10001700:	4a06      	ldr	r2, [pc, #24]	@ (1000171c <time_reached+0x24>)
10001702:	6a92      	ldr	r2, [r2, #40]	@ 0x28
10001704:	4282      	cmp	r2, r0
10001706:	d207      	bcs.n	10001718 <time_reached+0x20>
10001708:	4299      	cmp	r1, r3
1000170a:	d001      	beq.n	10001710 <time_reached+0x18>
1000170c:	2001      	movs	r0, #1
1000170e:	e002      	b.n	10001716 <time_reached+0x1e>
10001710:	2000      	movs	r0, #0
10001712:	e000      	b.n	10001716 <time_reached+0x1e>
10001714:	2000      	movs	r0, #0
10001716:	4770      	bx	lr
10001718:	2001      	movs	r0, #1
1000171a:	e7fc      	b.n	10001716 <time_reached+0x1e>
1000171c:	40054000 	.word	0x40054000

10001720 <get_entry>:
10001720:	b510      	push	{r4, lr}
10001722:	2900      	cmp	r1, #0
10001724:	d00a      	beq.n	1000173c <get_entry+0x1c>
10001726:	6803      	ldr	r3, [r0, #0]
10001728:	7b1b      	ldrb	r3, [r3, #12]
1000172a:	428b      	cmp	r3, r1
1000172c:	d306      	bcc.n	1000173c <get_entry+0x1c>
1000172e:	6880      	ldr	r0, [r0, #8]
10001730:	4b05      	ldr	r3, [pc, #20]	@ (10001748 <get_entry+0x28>)
10001732:	469c      	mov	ip, r3
10001734:	4461      	add	r1, ip
10001736:	0109      	lsls	r1, r1, #4
10001738:	1840      	adds	r0, r0, r1
1000173a:	bd10      	pop	{r4, pc}
1000173c:	4b03      	ldr	r3, [pc, #12]	@ (1000174c <get_entry+0x2c>)
1000173e:	4a04      	ldr	r2, [pc, #16]	@ (10001750 <get_entry+0x30>)
10001740:	4804      	ldr	r0, [pc, #16]	@ (10001754 <get_entry+0x34>)
10001742:	213c      	movs	r1, #60	@ 0x3c
10001744:	f001 fa20 	bl	10002b88 <__assert_func>
10001748:	0fffffff 	.word	0x0fffffff
1000174c:	10008dd4 	.word	0x10008dd4
10001750:	1000a1fc 	.word	0x1000a1fc
10001754:	10008df8 	.word	0x10008df8

10001758 <timer_pool_entry_comparator>:
10001758:	b5f8      	push	{r3, r4, r5, r6, r7, lr}
1000175a:	0004      	movs	r4, r0
1000175c:	0017      	movs	r7, r2
1000175e:	f7ff ffdf 	bl	10001720 <get_entry>
10001762:	6806      	ldr	r6, [r0, #0]
10001764:	6845      	ldr	r5, [r0, #4]
10001766:	0039      	movs	r1, r7
10001768:	0020      	movs	r0, r4
1000176a:	f7ff ffd9 	bl	10001720 <get_entry>
1000176e:	6802      	ldr	r2, [r0, #0]
10001770:	6843      	ldr	r3, [r0, #4]
10001772:	2001      	movs	r0, #1
10001774:	42ab      	cmp	r3, r5
10001776:	d801      	bhi.n	1000177c <timer_pool_entry_comparator+0x24>
10001778:	d002      	beq.n	10001780 <timer_pool_entry_comparator+0x28>
1000177a:	2000      	movs	r0, #0
1000177c:	b2c0      	uxtb	r0, r0
1000177e:	bdf8      	pop	{r3, r4, r5, r6, r7, pc}
10001780:	42b2      	cmp	r2, r6
10001782:	d8fb      	bhi.n	1000177c <timer_pool_entry_comparator+0x24>
10001784:	e7f9      	b.n	1000177a <timer_pool_entry_comparator+0x22>
	...

10001788 <update_us_since_boot>:
10001788:	b510      	push	{r4, lr}
1000178a:	2b00      	cmp	r3, #0
1000178c:	db02      	blt.n	10001794 <update_us_since_boot+0xc>
1000178e:	6002      	str	r2, [r0, #0]
10001790:	6043      	str	r3, [r0, #4]
10001792:	bd10      	pop	{r4, pc}
10001794:	4b02      	ldr	r3, [pc, #8]	@ (100017a0 <update_us_since_boot+0x18>)
10001796:	4a03      	ldr	r2, [pc, #12]	@ (100017a4 <update_us_since_boot+0x1c>)
10001798:	4803      	ldr	r0, [pc, #12]	@ (100017a8 <update_us_since_boot+0x20>)
1000179a:	213f      	movs	r1, #63	@ 0x3f
1000179c:	f001 f9f4 	bl	10002b88 <__assert_func>
100017a0:	10008810 	.word	0x10008810
100017a4:	1000a1c8 	.word	0x1000a1c8
100017a8:	1000882c 	.word	0x1000882c

100017ac <delayed_by_us>:
100017ac:	b510      	push	{r4, lr}
100017ae:	b082      	sub	sp, #8
100017b0:	0004      	movs	r4, r0
100017b2:	9804      	ldr	r0, [sp, #16]
100017b4:	9905      	ldr	r1, [sp, #20]
100017b6:	1812      	adds	r2, r2, r0
100017b8:	414b      	adcs	r3, r1
100017ba:	2b00      	cmp	r3, #0
100017bc:	db09      	blt.n	100017d2 <delayed_by_us+0x26>
100017be:	4668      	mov	r0, sp
100017c0:	f7ff ffe2 	bl	10001788 <update_us_since_boot>
100017c4:	9a00      	ldr	r2, [sp, #0]
100017c6:	9b01      	ldr	r3, [sp, #4]
100017c8:	6022      	str	r2, [r4, #0]
100017ca:	6063      	str	r3, [r4, #4]
100017cc:	0020      	movs	r0, r4
100017ce:	b002      	add	sp, #8
100017d0:	bd10      	pop	{r4, pc}
100017d2:	2201      	movs	r2, #1
100017d4:	4252      	negs	r2, r2
100017d6:	4b01      	ldr	r3, [pc, #4]	@ (100017dc <delayed_by_us+0x30>)
100017d8:	e7f1      	b.n	100017be <delayed_by_us+0x12>
100017da:	46c0      	nop			@ (mov r8, r8)
100017dc:	7fffffff 	.word	0x7fffffff

100017e0 <ph_get_node>:
100017e0:	b510      	push	{r4, lr}
100017e2:	2900      	cmp	r1, #0
100017e4:	d008      	beq.n	100017f8 <ph_get_node+0x18>
100017e6:	7b03      	ldrb	r3, [r0, #12]
100017e8:	428b      	cmp	r3, r1
100017ea:	d305      	bcc.n	100017f8 <ph_get_node+0x18>
100017ec:	6800      	ldr	r0, [r0, #0]
100017ee:	004b      	lsls	r3, r1, #1
100017f0:	185b      	adds	r3, r3, r1
100017f2:	3b03      	subs	r3, #3
100017f4:	18c0      	adds	r0, r0, r3
100017f6:	bd10      	pop	{r4, pc}
100017f8:	4b02      	ldr	r3, [pc, #8]	@ (10001804 <ph_get_node+0x24>)
100017fa:	4a03      	ldr	r2, [pc, #12]	@ (10001808 <ph_get_node+0x28>)
100017fc:	4803      	ldr	r0, [pc, #12]	@ (1000180c <ph_get_node+0x2c>)
100017fe:	2168      	movs	r1, #104	@ 0x68
10001800:	f001 f9c2 	bl	10002b88 <__assert_func>
10001804:	10008e40 	.word	0x10008e40
10001808:	1000a1a4 	.word	0x1000a1a4
1000180c:	10008e5c 	.word	0x10008e5c

10001810 <ph_contains_node>:
10001810:	b510      	push	{r4, lr}
10001812:	7b43      	ldrb	r3, [r0, #13]
10001814:	428b      	cmp	r3, r1
10001816:	d101      	bne.n	1000181c <ph_contains_node+0xc>
10001818:	2001      	movs	r0, #1
1000181a:	bd10      	pop	{r4, pc}
1000181c:	f7ff ffe0 	bl	100017e0 <ph_get_node>
10001820:	7883      	ldrb	r3, [r0, #2]
10001822:	2b00      	cmp	r3, #0
10001824:	d101      	bne.n	1000182a <ph_contains_node+0x1a>
10001826:	2000      	movs	r0, #0
10001828:	e7f7      	b.n	1000181a <ph_contains_node+0xa>
1000182a:	2001      	movs	r0, #1
1000182c:	e7f5      	b.n	1000181a <ph_contains_node+0xa>

1000182e <ph_new_node>:
1000182e:	b570      	push	{r4, r5, r6, lr}
10001830:	0004      	movs	r4, r0
10001832:	7b85      	ldrb	r5, [r0, #14]
10001834:	2d00      	cmp	r5, #0
10001836:	d101      	bne.n	1000183c <ph_new_node+0xe>
10001838:	0028      	movs	r0, r5
1000183a:	bd70      	pop	{r4, r5, r6, pc}
1000183c:	0029      	movs	r1, r5
1000183e:	f7ff ffcf 	bl	100017e0 <ph_get_node>
10001842:	7843      	ldrb	r3, [r0, #1]
10001844:	73a3      	strb	r3, [r4, #14]
10001846:	2b00      	cmp	r3, #0
10001848:	d100      	bne.n	1000184c <ph_new_node+0x1e>
1000184a:	73e3      	strb	r3, [r4, #15]
1000184c:	2300      	movs	r3, #0
1000184e:	7083      	strb	r3, [r0, #2]
10001850:	7043      	strb	r3, [r0, #1]
10001852:	7003      	strb	r3, [r0, #0]
10001854:	e7f0      	b.n	10001838 <ph_new_node+0xa>
	...

10001858 <ph_add_child_node>:
10001858:	b5f8      	push	{r3, r4, r5, r6, r7, lr}
1000185a:	0006      	movs	r6, r0
1000185c:	000c      	movs	r4, r1
1000185e:	0015      	movs	r5, r2
10001860:	f7ff ffbe 	bl	100017e0 <ph_get_node>
10001864:	0007      	movs	r7, r0
10001866:	2c00      	cmp	r4, #0
10001868:	d00d      	beq.n	10001886 <ph_add_child_node+0x2e>
1000186a:	2d00      	cmp	r5, #0
1000186c:	d011      	beq.n	10001892 <ph_add_child_node+0x3a>
1000186e:	42ac      	cmp	r4, r5
10001870:	d015      	beq.n	1000189e <ph_add_child_node+0x46>
10001872:	0029      	movs	r1, r5
10001874:	0030      	movs	r0, r6
10001876:	f7ff ffb3 	bl	100017e0 <ph_get_node>
1000187a:	7084      	strb	r4, [r0, #2]
1000187c:	783b      	ldrb	r3, [r7, #0]
1000187e:	2b00      	cmp	r3, #0
10001880:	d113      	bne.n	100018aa <ph_add_child_node+0x52>
10001882:	703d      	strb	r5, [r7, #0]
10001884:	bdf8      	pop	{r3, r4, r5, r6, r7, pc}
10001886:	4b0a      	ldr	r3, [pc, #40]	@ (100018b0 <ph_add_child_node+0x58>)
10001888:	4a0a      	ldr	r2, [pc, #40]	@ (100018b4 <ph_add_child_node+0x5c>)
1000188a:	480b      	ldr	r0, [pc, #44]	@ (100018b8 <ph_add_child_node+0x60>)
1000188c:	216f      	movs	r1, #111	@ 0x6f
1000188e:	f001 f97b 	bl	10002b88 <__assert_func>
10001892:	4b0a      	ldr	r3, [pc, #40]	@ (100018bc <ph_add_child_node+0x64>)
10001894:	4a07      	ldr	r2, [pc, #28]	@ (100018b4 <ph_add_child_node+0x5c>)
10001896:	4808      	ldr	r0, [pc, #32]	@ (100018b8 <ph_add_child_node+0x60>)
10001898:	2170      	movs	r1, #112	@ 0x70
1000189a:	f001 f975 	bl	10002b88 <__assert_func>
1000189e:	4b08      	ldr	r3, [pc, #32]	@ (100018c0 <ph_add_child_node+0x68>)
100018a0:	4a04      	ldr	r2, [pc, #16]	@ (100018b4 <ph_add_child_node+0x5c>)
100018a2:	4805      	ldr	r0, [pc, #20]	@ (100018b8 <ph_add_child_node+0x60>)
100018a4:	2171      	movs	r1, #113	@ 0x71
100018a6:	f001 f96f 	bl	10002b88 <__assert_func>
100018aa:	7043      	strb	r3, [r0, #1]
100018ac:	703d      	strb	r5, [r7, #0]
100018ae:	e7e9      	b.n	10001884 <ph_add_child_node+0x2c>
100018b0:	10008eb4 	.word	0x10008eb4
100018b4:	1000a180 	.word	0x1000a180
100018b8:	10008e5c 	.word	0x10008e5c
100018bc:	10008ec0 	.word	0x10008ec0
100018c0:	10008ecc 	.word	0x10008ecc

100018c4 <ph_merge_nodes>:
100018c4:	b570      	push	{r4, r5, r6, lr}
100018c6:	0006      	movs	r6, r0
100018c8:	000d      	movs	r5, r1
100018ca:	0014      	movs	r4, r2
100018cc:	2900      	cmp	r1, #0
100018ce:	d014      	beq.n	100018fa <ph_merge_nodes+0x36>
100018d0:	2a00      	cmp	r2, #0
100018d2:	d014      	beq.n	100018fe <ph_merge_nodes+0x3a>
100018d4:	6843      	ldr	r3, [r0, #4]
100018d6:	6880      	ldr	r0, [r0, #8]
100018d8:	4798      	blx	r3
100018da:	2800      	cmp	r0, #0
100018dc:	d006      	beq.n	100018ec <ph_merge_nodes+0x28>
100018de:	0022      	movs	r2, r4
100018e0:	0029      	movs	r1, r5
100018e2:	0030      	movs	r0, r6
100018e4:	f7ff ffb8 	bl	10001858 <ph_add_child_node>
100018e8:	0028      	movs	r0, r5
100018ea:	e007      	b.n	100018fc <ph_merge_nodes+0x38>
100018ec:	002a      	movs	r2, r5
100018ee:	0021      	movs	r1, r4
100018f0:	0030      	movs	r0, r6
100018f2:	f7ff ffb1 	bl	10001858 <ph_add_child_node>
100018f6:	0020      	movs	r0, r4
100018f8:	e000      	b.n	100018fc <ph_merge_nodes+0x38>
100018fa:	0010      	movs	r0, r2
100018fc:	bd70      	pop	{r4, r5, r6, pc}
100018fe:	0008      	movs	r0, r1
10001900:	e7fc      	b.n	100018fc <ph_merge_nodes+0x38>
	...

10001904 <ph_insert_node>:
10001904:	b570      	push	{r4, r5, r6, lr}
10001906:	0004      	movs	r4, r0
10001908:	1e0d      	subs	r5, r1, #0
1000190a:	d00c      	beq.n	10001926 <ph_insert_node+0x22>
1000190c:	f7ff ff68 	bl	100017e0 <ph_get_node>
10001910:	2300      	movs	r3, #0
10001912:	7083      	strb	r3, [r0, #2]
10001914:	7043      	strb	r3, [r0, #1]
10001916:	7003      	strb	r3, [r0, #0]
10001918:	7b61      	ldrb	r1, [r4, #13]
1000191a:	002a      	movs	r2, r5
1000191c:	0020      	movs	r0, r4
1000191e:	f7ff ffd1 	bl	100018c4 <ph_merge_nodes>
10001922:	7360      	strb	r0, [r4, #13]
10001924:	bd70      	pop	{r4, r5, r6, pc}
10001926:	4b03      	ldr	r3, [pc, #12]	@ (10001934 <ph_insert_node+0x30>)
10001928:	4a03      	ldr	r2, [pc, #12]	@ (10001938 <ph_insert_node+0x34>)
1000192a:	4804      	ldr	r0, [pc, #16]	@ (1000193c <ph_insert_node+0x38>)
1000192c:	21a5      	movs	r1, #165	@ 0xa5
1000192e:	f001 f92b 	bl	10002b88 <__assert_func>
10001932:	46c0      	nop			@ (mov r8, r8)
10001934:	10008f2c 	.word	0x10008f2c
10001938:	1000a194 	.word	0x1000a194
1000193c:	10008e5c 	.word	0x10008e5c

10001940 <ph_free_node>:
10001940:	b570      	push	{r4, r5, r6, lr}
10001942:	0004      	movs	r4, r0
10001944:	1e0d      	subs	r5, r1, #0
10001946:	d00f      	beq.n	10001968 <ph_free_node+0x28>
10001948:	f7ff ff62 	bl	10001810 <ph_contains_node>
1000194c:	2800      	cmp	r0, #0
1000194e:	d10b      	bne.n	10001968 <ph_free_node+0x28>
10001950:	7be1      	ldrb	r1, [r4, #15]
10001952:	2900      	cmp	r1, #0
10001954:	d10e      	bne.n	10001974 <ph_free_node+0x34>
10001956:	7ba3      	ldrb	r3, [r4, #14]
10001958:	2b00      	cmp	r3, #0
1000195a:	d103      	bne.n	10001964 <ph_free_node+0x24>
1000195c:	7be3      	ldrb	r3, [r4, #15]
1000195e:	2b00      	cmp	r3, #0
10001960:	d10d      	bne.n	1000197e <ph_free_node+0x3e>
10001962:	73a5      	strb	r5, [r4, #14]
10001964:	73e5      	strb	r5, [r4, #15]
10001966:	bd70      	pop	{r4, r5, r6, pc}
10001968:	4b08      	ldr	r3, [pc, #32]	@ (1000198c <ph_free_node+0x4c>)
1000196a:	4a09      	ldr	r2, [pc, #36]	@ (10001990 <ph_free_node+0x50>)
1000196c:	4809      	ldr	r0, [pc, #36]	@ (10001994 <ph_free_node+0x54>)
1000196e:	21f6      	movs	r1, #246	@ 0xf6
10001970:	f001 f90a 	bl	10002b88 <__assert_func>
10001974:	0020      	movs	r0, r4
10001976:	f7ff ff33 	bl	100017e0 <ph_get_node>
1000197a:	7045      	strb	r5, [r0, #1]
1000197c:	e7eb      	b.n	10001956 <ph_free_node+0x16>
1000197e:	4b06      	ldr	r3, [pc, #24]	@ (10001998 <ph_free_node+0x58>)
10001980:	4a03      	ldr	r2, [pc, #12]	@ (10001990 <ph_free_node+0x50>)
10001982:	4804      	ldr	r0, [pc, #16]	@ (10001994 <ph_free_node+0x54>)
10001984:	21fb      	movs	r1, #251	@ 0xfb
10001986:	f001 f8ff 	bl	10002b88 <__assert_func>
1000198a:	46c0      	nop			@ (mov r8, r8)
1000198c:	10008ee4 	.word	0x10008ee4
10001990:	1000a170 	.word	0x1000a170
10001994:	10008e5c 	.word	0x10008e5c
10001998:	10008f08 	.word	0x10008f08

1000199c <get_entry_id_high>:
1000199c:	b510      	push	{r4, lr}
1000199e:	2900      	cmp	r1, #0
100019a0:	d007      	beq.n	100019b2 <get_entry_id_high+0x16>
100019a2:	6803      	ldr	r3, [r0, #0]
100019a4:	7b1b      	ldrb	r3, [r3, #12]
100019a6:	428b      	cmp	r3, r1
100019a8:	d303      	bcc.n	100019b2 <get_entry_id_high+0x16>
100019aa:	68c0      	ldr	r0, [r0, #12]
100019ac:	3901      	subs	r1, #1
100019ae:	1840      	adds	r0, r0, r1
100019b0:	bd10      	pop	{r4, pc}
100019b2:	4b03      	ldr	r3, [pc, #12]	@ (100019c0 <get_entry_id_high+0x24>)
100019b4:	4a03      	ldr	r2, [pc, #12]	@ (100019c4 <get_entry_id_high+0x28>)
100019b6:	4804      	ldr	r0, [pc, #16]	@ (100019c8 <get_entry_id_high+0x2c>)
100019b8:	2141      	movs	r1, #65	@ 0x41
100019ba:	f001 f8e5 	bl	10002b88 <__assert_func>
100019be:	46c0      	nop			@ (mov r8, r8)
100019c0:	10008dd4 	.word	0x10008dd4
100019c4:	1000a15c 	.word	0x1000a15c
100019c8:	10008df8 	.word	0x10008df8

100019cc <repeating_timer_callback>:
100019cc:	b510      	push	{r4, lr}
100019ce:	000c      	movs	r4, r1
100019d0:	68cb      	ldr	r3, [r1, #12]
100019d2:	4283      	cmp	r3, r0
100019d4:	d107      	bne.n	100019e6 <repeating_timer_callback+0x1a>
100019d6:	690b      	ldr	r3, [r1, #16]
100019d8:	0008      	movs	r0, r1
100019da:	4798      	blx	r3
100019dc:	2800      	cmp	r0, #0
100019de:	d009      	beq.n	100019f4 <repeating_timer_callback+0x28>
100019e0:	6820      	ldr	r0, [r4, #0]
100019e2:	6861      	ldr	r1, [r4, #4]
100019e4:	bd10      	pop	{r4, pc}
100019e6:	4b06      	ldr	r3, [pc, #24]	@ (10001a00 <repeating_timer_callback+0x34>)
100019e8:	4a06      	ldr	r2, [pc, #24]	@ (10001a04 <repeating_timer_callback+0x38>)
100019ea:	2152      	movs	r1, #82	@ 0x52
100019ec:	4806      	ldr	r0, [pc, #24]	@ (10001a08 <repeating_timer_callback+0x3c>)
100019ee:	31ff      	adds	r1, #255	@ 0xff
100019f0:	f001 f8ca 	bl	10002b88 <__assert_func>
100019f4:	2300      	movs	r3, #0
100019f6:	60e3      	str	r3, [r4, #12]
100019f8:	2000      	movs	r0, #0
100019fa:	2100      	movs	r1, #0
100019fc:	e7f2      	b.n	100019e4 <repeating_timer_callback+0x18>
100019fe:	46c0      	nop			@ (mov r8, r8)
10001a00:	10008f1c 	.word	0x10008f1c
10001a04:	1000a110 	.word	0x1000a110
10001a08:	10008df8 	.word	0x10008df8

10001a0c <alarm_pool_post_alloc_init>:
10001a0c:	b570      	push	{r4, r5, r6, lr}
10001a0e:	0005      	movs	r5, r0
10001a10:	000c      	movs	r4, r1
10001a12:	0008      	movs	r0, r1
10001a14:	f000 fcc8 	bl	100023a8 <hardware_alarm_cancel>
10001a18:	4909      	ldr	r1, [pc, #36]	@ (10001a40 <alarm_pool_post_alloc_init+0x34>)
10001a1a:	0020      	movs	r0, r4
10001a1c:	f000 fc08 	bl	10002230 <hardware_alarm_set_callback>
10001a20:	f7ff fa40 	bl	10000ea4 <next_striped_spin_lock_num>
10001a24:	4b07      	ldr	r3, [pc, #28]	@ (10001a44 <alarm_pool_post_alloc_init+0x38>)
10001a26:	469c      	mov	ip, r3
10001a28:	4460      	add	r0, ip
10001a2a:	0080      	lsls	r0, r0, #2
10001a2c:	6068      	str	r0, [r5, #4]
10001a2e:	752c      	strb	r4, [r5, #20]
10001a30:	23d0      	movs	r3, #208	@ 0xd0
10001a32:	061b      	lsls	r3, r3, #24
10001a34:	781b      	ldrb	r3, [r3, #0]
10001a36:	756b      	strb	r3, [r5, #21]
10001a38:	4b03      	ldr	r3, [pc, #12]	@ (10001a48 <alarm_pool_post_alloc_init+0x3c>)
10001a3a:	00a4      	lsls	r4, r4, #2
10001a3c:	50e5      	str	r5, [r4, r3]
10001a3e:	bd70      	pop	{r4, r5, r6, pc}
10001a40:	10001b59 	.word	0x10001b59
10001a44:	34000040 	.word	0x34000040
10001a48:	20002520 	.word	0x20002520

10001a4c <sleep_until_callback>:
10001a4c:	4b0a      	ldr	r3, [pc, #40]	@ (10001a78 <sleep_until_callback+0x2c>)
10001a4e:	681a      	ldr	r2, [r3, #0]
10001a50:	f3ef 8110 	mrs	r1, PRIMASK
10001a54:	b672      	cpsid	i
10001a56:	6813      	ldr	r3, [r2, #0]
10001a58:	2b00      	cmp	r3, #0
10001a5a:	d0fc      	beq.n	10001a56 <sleep_until_callback+0xa>
10001a5c:	f3bf 8f5f 	dmb	sy
10001a60:	4b05      	ldr	r3, [pc, #20]	@ (10001a78 <sleep_until_callback+0x2c>)
10001a62:	681b      	ldr	r3, [r3, #0]
10001a64:	f3bf 8f5f 	dmb	sy
10001a68:	2200      	movs	r2, #0
10001a6a:	601a      	str	r2, [r3, #0]
10001a6c:	f381 8810 	msr	PRIMASK, r1
10001a70:	bf40      	sev
10001a72:	2000      	movs	r0, #0
10001a74:	2100      	movs	r1, #0
10001a76:	4770      	bx	lr
10001a78:	20002744 	.word	0x20002744

10001a7c <get_absolute_time>:
10001a7c:	b510      	push	{r4, lr}
10001a7e:	b082      	sub	sp, #8
10001a80:	0004      	movs	r4, r0
10001a82:	f000 fbb5 	bl	100021f0 <time_us_64>
10001a86:	0002      	movs	r2, r0
10001a88:	000b      	movs	r3, r1
10001a8a:	4668      	mov	r0, sp
10001a8c:	f7ff fe7c 	bl	10001788 <update_us_since_boot>
10001a90:	9a00      	ldr	r2, [sp, #0]
10001a92:	9b01      	ldr	r3, [sp, #4]
10001a94:	6022      	str	r2, [r4, #0]
10001a96:	6063      	str	r3, [r4, #4]
10001a98:	0020      	movs	r0, r4
10001a9a:	b002      	add	sp, #8
10001a9c:	bd10      	pop	{r4, pc}

10001a9e <make_timeout_time_us>:
10001a9e:	b570      	push	{r4, r5, r6, lr}
10001aa0:	b084      	sub	sp, #16
10001aa2:	0004      	movs	r4, r0
10001aa4:	0016      	movs	r6, r2
10001aa6:	001d      	movs	r5, r3
10001aa8:	a802      	add	r0, sp, #8
10001aaa:	f7ff ffe7 	bl	10001a7c <get_absolute_time>
10001aae:	9a02      	ldr	r2, [sp, #8]
10001ab0:	9b03      	ldr	r3, [sp, #12]
10001ab2:	9600      	str	r6, [sp, #0]
10001ab4:	9501      	str	r5, [sp, #4]
10001ab6:	0020      	movs	r0, r4
10001ab8:	f7ff fe78 	bl	100017ac <delayed_by_us>
10001abc:	0020      	movs	r0, r4
10001abe:	b004      	add	sp, #16
10001ac0:	bd70      	pop	{r4, r5, r6, pc}
	...

10001ac4 <add_alarm_under_lock>:
10001ac4:	b5f0      	push	{r4, r5, r6, r7, lr}
10001ac6:	b083      	sub	sp, #12
10001ac8:	0007      	movs	r7, r0
10001aca:	9201      	str	r2, [sp, #4]
10001acc:	001d      	movs	r5, r3
10001ace:	ab0a      	add	r3, sp, #40	@ 0x28
10001ad0:	781c      	ldrb	r4, [r3, #0]
10001ad2:	ab0b      	add	r3, sp, #44	@ 0x2c
10001ad4:	781e      	ldrb	r6, [r3, #0]
10001ad6:	2c00      	cmp	r4, #0
10001ad8:	d00b      	beq.n	10001af2 <add_alarm_under_lock+0x2e>
10001ada:	6800      	ldr	r0, [r0, #0]
10001adc:	0021      	movs	r1, r4
10001ade:	f7ff fe97 	bl	10001810 <ph_contains_node>
10001ae2:	2800      	cmp	r0, #0
10001ae4:	d009      	beq.n	10001afa <add_alarm_under_lock+0x36>
10001ae6:	4b19      	ldr	r3, [pc, #100]	@ (10001b4c <add_alarm_under_lock+0x88>)
10001ae8:	4a19      	ldr	r2, [pc, #100]	@ (10001b50 <add_alarm_under_lock+0x8c>)
10001aea:	481a      	ldr	r0, [pc, #104]	@ (10001b54 <add_alarm_under_lock+0x90>)
10001aec:	2167      	movs	r1, #103	@ 0x67
10001aee:	f001 f84b 	bl	10002b88 <__assert_func>
10001af2:	6800      	ldr	r0, [r0, #0]
10001af4:	f7ff fe9b 	bl	1000182e <ph_new_node>
10001af8:	0004      	movs	r4, r0
10001afa:	2c00      	cmp	r4, #0
10001afc:	d102      	bne.n	10001b04 <add_alarm_under_lock+0x40>
10001afe:	0020      	movs	r0, r4
10001b00:	b003      	add	sp, #12
10001b02:	bdf0      	pop	{r4, r5, r6, r7, pc}
10001b04:	0021      	movs	r1, r4
10001b06:	0038      	movs	r0, r7
10001b08:	f7ff fe0a 	bl	10001720 <get_entry>
10001b0c:	9b01      	ldr	r3, [sp, #4]
10001b0e:	6003      	str	r3, [r0, #0]
10001b10:	6045      	str	r5, [r0, #4]
10001b12:	9b08      	ldr	r3, [sp, #32]
10001b14:	6083      	str	r3, [r0, #8]
10001b16:	9b09      	ldr	r3, [sp, #36]	@ 0x24
10001b18:	60c3      	str	r3, [r0, #12]
10001b1a:	6838      	ldr	r0, [r7, #0]
10001b1c:	0021      	movs	r1, r4
10001b1e:	f7ff fef1 	bl	10001904 <ph_insert_node>
10001b22:	42a0      	cmp	r0, r4
10001b24:	d1eb      	bne.n	10001afe <add_alarm_under_lock+0x3a>
10001b26:	7d38      	ldrb	r0, [r7, #20]
10001b28:	9a01      	ldr	r2, [sp, #4]
10001b2a:	002b      	movs	r3, r5
10001b2c:	f000 fbc8 	bl	100022c0 <hardware_alarm_set_target>
10001b30:	1e05      	subs	r5, r0, #0
10001b32:	d001      	beq.n	10001b38 <add_alarm_under_lock+0x74>
10001b34:	2e00      	cmp	r6, #0
10001b36:	d004      	beq.n	10001b42 <add_alarm_under_lock+0x7e>
10001b38:	9b0c      	ldr	r3, [sp, #48]	@ 0x30
10001b3a:	2b00      	cmp	r3, #0
10001b3c:	d0df      	beq.n	10001afe <add_alarm_under_lock+0x3a>
10001b3e:	701d      	strb	r5, [r3, #0]
10001b40:	e7dd      	b.n	10001afe <add_alarm_under_lock+0x3a>
10001b42:	6838      	ldr	r0, [r7, #0]
10001b44:	0021      	movs	r1, r4
10001b46:	f000 fda9 	bl	1000269c <ph_remove_and_free_node>
10001b4a:	e7f5      	b.n	10001b38 <add_alarm_under_lock+0x74>
10001b4c:	10008f30 	.word	0x10008f30
10001b50:	1000a1b0 	.word	0x1000a1b0
10001b54:	10008df8 	.word	0x10008df8

10001b58 <alarm_pool_alarm_callback>:
10001b58:	b5f0      	push	{r4, r5, r6, r7, lr}
10001b5a:	46de      	mov	lr, fp
10001b5c:	4657      	mov	r7, sl
10001b5e:	464e      	mov	r6, r9
10001b60:	4645      	mov	r5, r8
10001b62:	b5e0      	push	{r5, r6, r7, lr}
10001b64:	b08f      	sub	sp, #60	@ 0x3c
10001b66:	900b      	str	r0, [sp, #44]	@ 0x2c
10001b68:	2100      	movs	r1, #0
10001b6a:	4b79      	ldr	r3, [pc, #484]	@ (10001d50 <alarm_pool_alarm_callback+0x1f8>)
10001b6c:	0082      	lsls	r2, r0, #2
10001b6e:	58d4      	ldr	r4, [r2, r3]
10001b70:	4689      	mov	r9, r1
10001b72:	e083      	b.n	10001c7c <alarm_pool_alarm_callback+0x124>
10001b74:	0029      	movs	r1, r5
10001b76:	0020      	movs	r0, r4
10001b78:	f7ff fdd2 	bl	10001720 <get_entry>
10001b7c:	4680      	mov	r8, r0
10001b7e:	6802      	ldr	r2, [r0, #0]
10001b80:	6843      	ldr	r3, [r0, #4]
10001b82:	1b92      	subs	r2, r2, r6
10001b84:	41bb      	sbcs	r3, r7
10001b86:	2b00      	cmp	r3, #0
10001b88:	dd09      	ble.n	10001b9e <alarm_pool_alarm_callback+0x46>
10001b8a:	4643      	mov	r3, r8
10001b8c:	681a      	ldr	r2, [r3, #0]
10001b8e:	685b      	ldr	r3, [r3, #4]
10001b90:	980b      	ldr	r0, [sp, #44]	@ 0x2c
10001b92:	f000 fb95 	bl	100022c0 <hardware_alarm_set_target>
10001b96:	2300      	movs	r3, #0
10001b98:	4698      	mov	r8, r3
10001b9a:	2600      	movs	r6, #0
10001b9c:	e08a      	b.n	10001cb4 <alarm_pool_alarm_callback+0x15c>
10001b9e:	2b00      	cmp	r3, #0
10001ba0:	d101      	bne.n	10001ba6 <alarm_pool_alarm_callback+0x4e>
10001ba2:	2a00      	cmp	r2, #0
10001ba4:	d1f1      	bne.n	10001b8a <alarm_pool_alarm_callback+0x32>
10001ba6:	2100      	movs	r1, #0
10001ba8:	4658      	mov	r0, fp
10001baa:	f000 fd6d 	bl	10002688 <ph_remove_head>
10001bae:	0007      	movs	r7, r0
10001bb0:	42a8      	cmp	r0, r5
10001bb2:	d115      	bne.n	10001be0 <alarm_pool_alarm_callback+0x88>
10001bb4:	4643      	mov	r3, r8
10001bb6:	681a      	ldr	r2, [r3, #0]
10001bb8:	685b      	ldr	r3, [r3, #4]
10001bba:	9208      	str	r2, [sp, #32]
10001bbc:	9309      	str	r3, [sp, #36]	@ 0x24
10001bbe:	4643      	mov	r3, r8
10001bc0:	689e      	ldr	r6, [r3, #8]
10001bc2:	68db      	ldr	r3, [r3, #12]
10001bc4:	4698      	mov	r8, r3
10001bc6:	2e00      	cmp	r6, #0
10001bc8:	d010      	beq.n	10001bec <alarm_pool_alarm_callback+0x94>
10001bca:	0029      	movs	r1, r5
10001bcc:	0020      	movs	r0, r4
10001bce:	f7ff fee5 	bl	1000199c <get_entry_id_high>
10001bd2:	7803      	ldrb	r3, [r0, #0]
10001bd4:	4699      	mov	r9, r3
10001bd6:	021b      	lsls	r3, r3, #8
10001bd8:	431f      	orrs	r7, r3
10001bda:	6127      	str	r7, [r4, #16]
10001bdc:	2000      	movs	r0, #0
10001bde:	e069      	b.n	10001cb4 <alarm_pool_alarm_callback+0x15c>
10001be0:	4b5c      	ldr	r3, [pc, #368]	@ (10001d54 <alarm_pool_alarm_callback+0x1fc>)
10001be2:	4a5d      	ldr	r2, [pc, #372]	@ (10001d58 <alarm_pool_alarm_callback+0x200>)
10001be4:	485d      	ldr	r0, [pc, #372]	@ (10001d5c <alarm_pool_alarm_callback+0x204>)
10001be6:	218e      	movs	r1, #142	@ 0x8e
10001be8:	f000 ffce 	bl	10002b88 <__assert_func>
10001bec:	4b5c      	ldr	r3, [pc, #368]	@ (10001d60 <alarm_pool_alarm_callback+0x208>)
10001bee:	4a5a      	ldr	r2, [pc, #360]	@ (10001d58 <alarm_pool_alarm_callback+0x200>)
10001bf0:	485a      	ldr	r0, [pc, #360]	@ (10001d5c <alarm_pool_alarm_callback+0x204>)
10001bf2:	2192      	movs	r1, #146	@ 0x92
10001bf4:	f000 ffc8 	bl	10002b88 <__assert_func>
10001bf8:	6923      	ldr	r3, [r4, #16]
10001bfa:	2b00      	cmp	r3, #0
10001bfc:	d100      	bne.n	10001c00 <alarm_pool_alarm_callback+0xa8>
10001bfe:	e077      	b.n	10001cf0 <alarm_pool_alarm_callback+0x198>
10001c00:	42bb      	cmp	r3, r7
10001c02:	d119      	bne.n	10001c38 <alarm_pool_alarm_callback+0xe0>
10001c04:	9806      	ldr	r0, [sp, #24]
10001c06:	9907      	ldr	r1, [sp, #28]
10001c08:	2300      	movs	r3, #0
10001c0a:	4242      	negs	r2, r0
10001c0c:	418b      	sbcs	r3, r1
10001c0e:	9200      	str	r2, [sp, #0]
10001c10:	9301      	str	r3, [sp, #4]
10001c12:	9a08      	ldr	r2, [sp, #32]
10001c14:	9b09      	ldr	r3, [sp, #36]	@ 0x24
10001c16:	a80c      	add	r0, sp, #48	@ 0x30
10001c18:	f7ff fdc8 	bl	100017ac <delayed_by_us>
10001c1c:	9a0c      	ldr	r2, [sp, #48]	@ 0x30
10001c1e:	9b0d      	ldr	r3, [sp, #52]	@ 0x34
10001c20:	2100      	movs	r1, #0
10001c22:	9104      	str	r1, [sp, #16]
10001c24:	3101      	adds	r1, #1
10001c26:	9103      	str	r1, [sp, #12]
10001c28:	9502      	str	r5, [sp, #8]
10001c2a:	4641      	mov	r1, r8
10001c2c:	9101      	str	r1, [sp, #4]
10001c2e:	9600      	str	r6, [sp, #0]
10001c30:	0020      	movs	r0, r4
10001c32:	f7ff ff47 	bl	10001ac4 <add_alarm_under_lock>
10001c36:	e016      	b.n	10001c66 <alarm_pool_alarm_callback+0x10e>
10001c38:	4b4a      	ldr	r3, [pc, #296]	@ (10001d64 <alarm_pool_alarm_callback+0x20c>)
10001c3a:	4a47      	ldr	r2, [pc, #284]	@ (10001d58 <alarm_pool_alarm_callback+0x200>)
10001c3c:	4847      	ldr	r0, [pc, #284]	@ (10001d5c <alarm_pool_alarm_callback+0x204>)
10001c3e:	21a1      	movs	r1, #161	@ 0xa1
10001c40:	f000 ffa2 	bl	10002b88 <__assert_func>
10001c44:	9a06      	ldr	r2, [sp, #24]
10001c46:	9b07      	ldr	r3, [sp, #28]
10001c48:	2b00      	cmp	r3, #0
10001c4a:	d101      	bne.n	10001c50 <alarm_pool_alarm_callback+0xf8>
10001c4c:	2a00      	cmp	r2, #0
10001c4e:	d152      	bne.n	10001cf6 <alarm_pool_alarm_callback+0x19e>
10001c50:	6820      	ldr	r0, [r4, #0]
10001c52:	0029      	movs	r1, r5
10001c54:	f7ff fe74 	bl	10001940 <ph_free_node>
10001c58:	0029      	movs	r1, r5
10001c5a:	0020      	movs	r0, r4
10001c5c:	f7ff fe9e 	bl	1000199c <get_entry_id_high>
10001c60:	7803      	ldrb	r3, [r0, #0]
10001c62:	3301      	adds	r3, #1
10001c64:	7003      	strb	r3, [r0, #0]
10001c66:	2300      	movs	r3, #0
10001c68:	6123      	str	r3, [r4, #16]
10001c6a:	6862      	ldr	r2, [r4, #4]
10001c6c:	f3bf 8f5f 	dmb	sy
10001c70:	6013      	str	r3, [r2, #0]
10001c72:	f38a 8810 	msr	PRIMASK, sl
10001c76:	2001      	movs	r0, #1
10001c78:	2800      	cmp	r0, #0
10001c7a:	d061      	beq.n	10001d40 <alarm_pool_alarm_callback+0x1e8>
10001c7c:	a80c      	add	r0, sp, #48	@ 0x30
10001c7e:	f7ff fefd 	bl	10001a7c <get_absolute_time>
10001c82:	9e0c      	ldr	r6, [sp, #48]	@ 0x30
10001c84:	9f0d      	ldr	r7, [sp, #52]	@ 0x34
10001c86:	2200      	movs	r2, #0
10001c88:	2300      	movs	r3, #0
10001c8a:	9208      	str	r2, [sp, #32]
10001c8c:	9309      	str	r3, [sp, #36]	@ 0x24
10001c8e:	6862      	ldr	r2, [r4, #4]
10001c90:	f3ef 8a10 	mrs	sl, PRIMASK
10001c94:	b672      	cpsid	i
10001c96:	6813      	ldr	r3, [r2, #0]
10001c98:	2b00      	cmp	r3, #0
10001c9a:	d0fc      	beq.n	10001c96 <alarm_pool_alarm_callback+0x13e>
10001c9c:	f3bf 8f5f 	dmb	sy
10001ca0:	6823      	ldr	r3, [r4, #0]
10001ca2:	469b      	mov	fp, r3
10001ca4:	7b5d      	ldrb	r5, [r3, #13]
10001ca6:	2d00      	cmp	r5, #0
10001ca8:	d000      	beq.n	10001cac <alarm_pool_alarm_callback+0x154>
10001caa:	e763      	b.n	10001b74 <alarm_pool_alarm_callback+0x1c>
10001cac:	2300      	movs	r3, #0
10001cae:	4698      	mov	r8, r3
10001cb0:	2600      	movs	r6, #0
10001cb2:	2000      	movs	r0, #0
10001cb4:	6863      	ldr	r3, [r4, #4]
10001cb6:	f3bf 8f5f 	dmb	sy
10001cba:	2200      	movs	r2, #0
10001cbc:	601a      	str	r2, [r3, #0]
10001cbe:	f38a 8810 	msr	PRIMASK, sl
10001cc2:	2e00      	cmp	r6, #0
10001cc4:	d0d8      	beq.n	10001c78 <alarm_pool_alarm_callback+0x120>
10001cc6:	464b      	mov	r3, r9
10001cc8:	021f      	lsls	r7, r3, #8
10001cca:	432f      	orrs	r7, r5
10001ccc:	4641      	mov	r1, r8
10001cce:	0038      	movs	r0, r7
10001cd0:	47b0      	blx	r6
10001cd2:	9006      	str	r0, [sp, #24]
10001cd4:	9107      	str	r1, [sp, #28]
10001cd6:	6862      	ldr	r2, [r4, #4]
10001cd8:	f3ef 8a10 	mrs	sl, PRIMASK
10001cdc:	b672      	cpsid	i
10001cde:	6813      	ldr	r3, [r2, #0]
10001ce0:	2b00      	cmp	r3, #0
10001ce2:	d0fc      	beq.n	10001cde <alarm_pool_alarm_callback+0x186>
10001ce4:	f3bf 8f5f 	dmb	sy
10001ce8:	9b07      	ldr	r3, [sp, #28]
10001cea:	2b00      	cmp	r3, #0
10001cec:	da00      	bge.n	10001cf0 <alarm_pool_alarm_callback+0x198>
10001cee:	e783      	b.n	10001bf8 <alarm_pool_alarm_callback+0xa0>
10001cf0:	9b07      	ldr	r3, [sp, #28]
10001cf2:	2b00      	cmp	r3, #0
10001cf4:	dda6      	ble.n	10001c44 <alarm_pool_alarm_callback+0xec>
10001cf6:	6923      	ldr	r3, [r4, #16]
10001cf8:	2b00      	cmp	r3, #0
10001cfa:	d0a9      	beq.n	10001c50 <alarm_pool_alarm_callback+0xf8>
10001cfc:	42bb      	cmp	r3, r7
10001cfe:	d119      	bne.n	10001d34 <alarm_pool_alarm_callback+0x1dc>
10001d00:	a80c      	add	r0, sp, #48	@ 0x30
10001d02:	f7ff febb 	bl	10001a7c <get_absolute_time>
10001d06:	9a0c      	ldr	r2, [sp, #48]	@ 0x30
10001d08:	9b0d      	ldr	r3, [sp, #52]	@ 0x34
10001d0a:	9806      	ldr	r0, [sp, #24]
10001d0c:	9907      	ldr	r1, [sp, #28]
10001d0e:	9000      	str	r0, [sp, #0]
10001d10:	9101      	str	r1, [sp, #4]
10001d12:	a80c      	add	r0, sp, #48	@ 0x30
10001d14:	f7ff fd4a 	bl	100017ac <delayed_by_us>
10001d18:	9a0c      	ldr	r2, [sp, #48]	@ 0x30
10001d1a:	9b0d      	ldr	r3, [sp, #52]	@ 0x34
10001d1c:	2100      	movs	r1, #0
10001d1e:	9104      	str	r1, [sp, #16]
10001d20:	3101      	adds	r1, #1
10001d22:	9103      	str	r1, [sp, #12]
10001d24:	9502      	str	r5, [sp, #8]
10001d26:	4641      	mov	r1, r8
10001d28:	9101      	str	r1, [sp, #4]
10001d2a:	9600      	str	r6, [sp, #0]
10001d2c:	0020      	movs	r0, r4
10001d2e:	f7ff fec9 	bl	10001ac4 <add_alarm_under_lock>
10001d32:	e798      	b.n	10001c66 <alarm_pool_alarm_callback+0x10e>
10001d34:	4b0b      	ldr	r3, [pc, #44]	@ (10001d64 <alarm_pool_alarm_callback+0x20c>)
10001d36:	4a08      	ldr	r2, [pc, #32]	@ (10001d58 <alarm_pool_alarm_callback+0x200>)
10001d38:	4808      	ldr	r0, [pc, #32]	@ (10001d5c <alarm_pool_alarm_callback+0x204>)
10001d3a:	21a4      	movs	r1, #164	@ 0xa4
10001d3c:	f000 ff24 	bl	10002b88 <__assert_func>
10001d40:	b00f      	add	sp, #60	@ 0x3c
10001d42:	bcf0      	pop	{r4, r5, r6, r7}
10001d44:	46bb      	mov	fp, r7
10001d46:	46b2      	mov	sl, r6
10001d48:	46a9      	mov	r9, r5
10001d4a:	46a0      	mov	r8, r4
10001d4c:	bdf0      	pop	{r4, r5, r6, r7, pc}
10001d4e:	46c0      	nop			@ (mov r8, r8)
10001d50:	20002520 	.word	0x20002520
10001d54:	10008f58 	.word	0x10008f58
10001d58:	1000a1e0 	.word	0x1000a1e0
10001d5c:	10008df8 	.word	0x10008df8
10001d60:	10008f70 	.word	0x10008f70
10001d64:	10008f7c 	.word	0x10008f7c

10001d68 <alarm_pool_init_default>:
10001d68:	b510      	push	{r4, lr}
10001d6a:	4b0c      	ldr	r3, [pc, #48]	@ (10001d9c <alarm_pool_init_default+0x34>)
10001d6c:	685b      	ldr	r3, [r3, #4]
10001d6e:	2b00      	cmp	r3, #0
10001d70:	d004      	beq.n	10001d7c <alarm_pool_init_default+0x14>
10001d72:	480b      	ldr	r0, [pc, #44]	@ (10001da0 <alarm_pool_init_default+0x38>)
10001d74:	210a      	movs	r1, #10
10001d76:	f7ff fc31 	bl	100015dc <lock_init>
10001d7a:	bd10      	pop	{r4, pc}
10001d7c:	4c07      	ldr	r4, [pc, #28]	@ (10001d9c <alarm_pool_init_default+0x34>)
10001d7e:	4a09      	ldr	r2, [pc, #36]	@ (10001da4 <alarm_pool_init_default+0x3c>)
10001d80:	6820      	ldr	r0, [r4, #0]
10001d82:	0023      	movs	r3, r4
10001d84:	2110      	movs	r1, #16
10001d86:	f000 fbea 	bl	1000255e <ph_post_alloc_init>
10001d8a:	2003      	movs	r0, #3
10001d8c:	f000 fa24 	bl	100021d8 <hardware_alarm_claim>
10001d90:	2103      	movs	r1, #3
10001d92:	0020      	movs	r0, r4
10001d94:	f7ff fe3a 	bl	10001a0c <alarm_pool_post_alloc_init>
10001d98:	e7eb      	b.n	10001d72 <alarm_pool_init_default+0xa>
10001d9a:	46c0      	nop			@ (mov r8, r8)
10001d9c:	20000d74 	.word	0x20000d74
10001da0:	20002744 	.word	0x20002744
10001da4:	10001759 	.word	0x10001759

10001da8 <alarm_pool_get_default>:
10001da8:	b510      	push	{r4, lr}
10001daa:	4b06      	ldr	r3, [pc, #24]	@ (10001dc4 <alarm_pool_get_default+0x1c>)
10001dac:	685b      	ldr	r3, [r3, #4]
10001dae:	2b00      	cmp	r3, #0
10001db0:	d001      	beq.n	10001db6 <alarm_pool_get_default+0xe>
10001db2:	4804      	ldr	r0, [pc, #16]	@ (10001dc4 <alarm_pool_get_default+0x1c>)
10001db4:	bd10      	pop	{r4, pc}
10001db6:	4b04      	ldr	r3, [pc, #16]	@ (10001dc8 <alarm_pool_get_default+0x20>)
10001db8:	4a04      	ldr	r2, [pc, #16]	@ (10001dcc <alarm_pool_get_default+0x24>)
10001dba:	4805      	ldr	r0, [pc, #20]	@ (10001dd0 <alarm_pool_get_default+0x28>)
10001dbc:	215e      	movs	r1, #94	@ 0x5e
10001dbe:	f000 fee3 	bl	10002b88 <__assert_func>
10001dc2:	46c0      	nop			@ (mov r8, r8)
10001dc4:	20000d74 	.word	0x20000d74
10001dc8:	10008fb8 	.word	0x10008fb8
10001dcc:	1000a144 	.word	0x1000a144
10001dd0:	10008df8 	.word	0x10008df8

10001dd4 <alarm_pool_add_alarm_at>:
10001dd4:	b5f0      	push	{r4, r5, r6, r7, lr}
10001dd6:	46de      	mov	lr, fp
10001dd8:	4657      	mov	r7, sl
10001dda:	464e      	mov	r6, r9
10001ddc:	4645      	mov	r5, r8
10001dde:	b5e0      	push	{r5, r6, r7, lr}
10001de0:	b08d      	sub	sp, #52	@ 0x34
10001de2:	0006      	movs	r6, r0
10001de4:	4690      	mov	r8, r2
10001de6:	001f      	movs	r7, r3
10001de8:	9b16      	ldr	r3, [sp, #88]	@ 0x58
10001dea:	469a      	mov	sl, r3
10001dec:	9b17      	ldr	r3, [sp, #92]	@ 0x5c
10001dee:	4699      	mov	r9, r3
10001df0:	ab18      	add	r3, sp, #96	@ 0x60
10001df2:	781b      	ldrb	r3, [r3, #0]
10001df4:	9307      	str	r3, [sp, #28]
10001df6:	2327      	movs	r3, #39	@ 0x27
10001df8:	aa02      	add	r2, sp, #8
10001dfa:	4694      	mov	ip, r2
10001dfc:	4463      	add	r3, ip
10001dfe:	2200      	movs	r2, #0
10001e00:	701a      	strb	r2, [r3, #0]
10001e02:	e021      	b.n	10001e48 <alarm_pool_add_alarm_at+0x74>
10001e04:	0001      	movs	r1, r0
10001e06:	0030      	movs	r0, r6
10001e08:	f7ff fdc8 	bl	1000199c <get_entry_id_high>
10001e0c:	7800      	ldrb	r0, [r0, #0]
10001e0e:	e03c      	b.n	10001e8a <alarm_pool_add_alarm_at+0xb6>
10001e10:	9806      	ldr	r0, [sp, #24]
10001e12:	2b00      	cmp	r3, #0
10001e14:	d05c      	beq.n	10001ed0 <alarm_pool_add_alarm_at+0xfc>
10001e16:	9b07      	ldr	r3, [sp, #28]
10001e18:	2b00      	cmp	r3, #0
10001e1a:	d059      	beq.n	10001ed0 <alarm_pool_add_alarm_at+0xfc>
10001e1c:	4649      	mov	r1, r9
10001e1e:	47d0      	blx	sl
10001e20:	0004      	movs	r4, r0
10001e22:	000d      	movs	r5, r1
10001e24:	0003      	movs	r3, r0
10001e26:	430b      	orrs	r3, r1
10001e28:	d059      	beq.n	10001ede <alarm_pool_add_alarm_at+0x10a>
10001e2a:	2900      	cmp	r1, #0
10001e2c:	db40      	blt.n	10001eb0 <alarm_pool_add_alarm_at+0xdc>
10001e2e:	a808      	add	r0, sp, #32
10001e30:	f7ff fe24 	bl	10001a7c <get_absolute_time>
10001e34:	9a08      	ldr	r2, [sp, #32]
10001e36:	9b09      	ldr	r3, [sp, #36]	@ 0x24
10001e38:	9400      	str	r4, [sp, #0]
10001e3a:	9501      	str	r5, [sp, #4]
10001e3c:	a808      	add	r0, sp, #32
10001e3e:	f7ff fcb5 	bl	100017ac <delayed_by_us>
10001e42:	9b08      	ldr	r3, [sp, #32]
10001e44:	4698      	mov	r8, r3
10001e46:	9f09      	ldr	r7, [sp, #36]	@ 0x24
10001e48:	6872      	ldr	r2, [r6, #4]
10001e4a:	f3ef 8b10 	mrs	fp, PRIMASK
10001e4e:	b672      	cpsid	i
10001e50:	6813      	ldr	r3, [r2, #0]
10001e52:	4259      	negs	r1, r3
10001e54:	414b      	adcs	r3, r1
10001e56:	b2d9      	uxtb	r1, r3
10001e58:	9106      	str	r1, [sp, #24]
10001e5a:	2b00      	cmp	r3, #0
10001e5c:	d1f8      	bne.n	10001e50 <alarm_pool_add_alarm_at+0x7c>
10001e5e:	f3bf 8f5f 	dmb	sy
10001e62:	3327      	adds	r3, #39	@ 0x27
10001e64:	aa02      	add	r2, sp, #8
10001e66:	4694      	mov	ip, r2
10001e68:	4463      	add	r3, ip
10001e6a:	9304      	str	r3, [sp, #16]
10001e6c:	2300      	movs	r3, #0
10001e6e:	9303      	str	r3, [sp, #12]
10001e70:	9302      	str	r3, [sp, #8]
10001e72:	464b      	mov	r3, r9
10001e74:	9301      	str	r3, [sp, #4]
10001e76:	4653      	mov	r3, sl
10001e78:	9300      	str	r3, [sp, #0]
10001e7a:	4642      	mov	r2, r8
10001e7c:	003b      	movs	r3, r7
10001e7e:	0030      	movs	r0, r6
10001e80:	f7ff fe20 	bl	10001ac4 <add_alarm_under_lock>
10001e84:	0004      	movs	r4, r0
10001e86:	1e05      	subs	r5, r0, #0
10001e88:	d1bc      	bne.n	10001e04 <alarm_pool_add_alarm_at+0x30>
10001e8a:	6873      	ldr	r3, [r6, #4]
10001e8c:	f3bf 8f5f 	dmb	sy
10001e90:	2100      	movs	r1, #0
10001e92:	6019      	str	r1, [r3, #0]
10001e94:	f38b 8810 	msr	PRIMASK, fp
10001e98:	2d00      	cmp	r5, #0
10001e9a:	d017      	beq.n	10001ecc <alarm_pool_add_alarm_at+0xf8>
10001e9c:	2327      	movs	r3, #39	@ 0x27
10001e9e:	aa02      	add	r2, sp, #8
10001ea0:	4694      	mov	ip, r2
10001ea2:	4463      	add	r3, ip
10001ea4:	781b      	ldrb	r3, [r3, #0]
10001ea6:	2b00      	cmp	r3, #0
10001ea8:	d1b2      	bne.n	10001e10 <alarm_pool_add_alarm_at+0x3c>
10001eaa:	0200      	lsls	r0, r0, #8
10001eac:	4320      	orrs	r0, r4
10001eae:	e7b0      	b.n	10001e12 <alarm_pool_add_alarm_at+0x3e>
10001eb0:	2300      	movs	r3, #0
10001eb2:	4262      	negs	r2, r4
10001eb4:	41ab      	sbcs	r3, r5
10001eb6:	9200      	str	r2, [sp, #0]
10001eb8:	9301      	str	r3, [sp, #4]
10001eba:	4642      	mov	r2, r8
10001ebc:	003b      	movs	r3, r7
10001ebe:	a808      	add	r0, sp, #32
10001ec0:	f7ff fc74 	bl	100017ac <delayed_by_us>
10001ec4:	9b08      	ldr	r3, [sp, #32]
10001ec6:	4698      	mov	r8, r3
10001ec8:	9f09      	ldr	r7, [sp, #36]	@ 0x24
10001eca:	e7bd      	b.n	10001e48 <alarm_pool_add_alarm_at+0x74>
10001ecc:	2001      	movs	r0, #1
10001ece:	4240      	negs	r0, r0
10001ed0:	b00d      	add	sp, #52	@ 0x34
10001ed2:	bcf0      	pop	{r4, r5, r6, r7}
10001ed4:	46bb      	mov	fp, r7
10001ed6:	46b2      	mov	sl, r6
10001ed8:	46a9      	mov	r9, r5
10001eda:	46a0      	mov	r8, r4
10001edc:	bdf0      	pop	{r4, r5, r6, r7, pc}
10001ede:	9806      	ldr	r0, [sp, #24]
10001ee0:	e7f6      	b.n	10001ed0 <alarm_pool_add_alarm_at+0xfc>

10001ee2 <add_alarm_at>:
10001ee2:	b5f0      	push	{r4, r5, r6, r7, lr}
10001ee4:	46c6      	mov	lr, r8
10001ee6:	b500      	push	{lr}
10001ee8:	b084      	sub	sp, #16
10001eea:	0005      	movs	r5, r0
10001eec:	4688      	mov	r8, r1
10001eee:	0016      	movs	r6, r2
10001ef0:	001f      	movs	r7, r3
10001ef2:	ab0a      	add	r3, sp, #40	@ 0x28
10001ef4:	781c      	ldrb	r4, [r3, #0]
10001ef6:	f7ff ff57 	bl	10001da8 <alarm_pool_get_default>
10001efa:	9402      	str	r4, [sp, #8]
10001efc:	9701      	str	r7, [sp, #4]
10001efe:	9600      	str	r6, [sp, #0]
10001f00:	002a      	movs	r2, r5
10001f02:	4643      	mov	r3, r8
10001f04:	f7ff ff66 	bl	10001dd4 <alarm_pool_add_alarm_at>
10001f08:	b004      	add	sp, #16
10001f0a:	bc80      	pop	{r7}
10001f0c:	46b8      	mov	r8, r7
10001f0e:	bdf0      	pop	{r4, r5, r6, r7, pc}

10001f10 <alarm_pool_cancel_alarm>:
10001f10:	b5f0      	push	{r4, r5, r6, r7, lr}
10001f12:	46c6      	mov	lr, r8
10001f14:	b500      	push	{lr}
10001f16:	0005      	movs	r5, r0
10001f18:	1e0c      	subs	r4, r1, #0
10001f1a:	d042      	beq.n	10001fa2 <alarm_pool_cancel_alarm+0x92>
10001f1c:	6842      	ldr	r2, [r0, #4]
10001f1e:	f3ef 8710 	mrs	r7, PRIMASK
10001f22:	b672      	cpsid	i
10001f24:	6813      	ldr	r3, [r2, #0]
10001f26:	2b00      	cmp	r3, #0
10001f28:	d0fc      	beq.n	10001f24 <alarm_pool_cancel_alarm+0x14>
10001f2a:	f3bf 8f5f 	dmb	sy
10001f2e:	b2e6      	uxtb	r6, r4
10001f30:	682b      	ldr	r3, [r5, #0]
10001f32:	4698      	mov	r8, r3
10001f34:	0031      	movs	r1, r6
10001f36:	0018      	movs	r0, r3
10001f38:	f7ff fc6a 	bl	10001810 <ph_contains_node>
10001f3c:	2800      	cmp	r0, #0
10001f3e:	d02a      	beq.n	10001f96 <alarm_pool_cancel_alarm+0x86>
10001f40:	692b      	ldr	r3, [r5, #16]
10001f42:	42a3      	cmp	r3, r4
10001f44:	d013      	beq.n	10001f6e <alarm_pool_cancel_alarm+0x5e>
10001f46:	0a24      	lsrs	r4, r4, #8
10001f48:	b2e4      	uxtb	r4, r4
10001f4a:	0031      	movs	r1, r6
10001f4c:	0028      	movs	r0, r5
10001f4e:	f7ff fd25 	bl	1000199c <get_entry_id_high>
10001f52:	7803      	ldrb	r3, [r0, #0]
10001f54:	42a3      	cmp	r3, r4
10001f56:	d011      	beq.n	10001f7c <alarm_pool_cancel_alarm+0x6c>
10001f58:	2000      	movs	r0, #0
10001f5a:	686b      	ldr	r3, [r5, #4]
10001f5c:	f3bf 8f5f 	dmb	sy
10001f60:	2200      	movs	r2, #0
10001f62:	601a      	str	r2, [r3, #0]
10001f64:	f387 8810 	msr	PRIMASK, r7
10001f68:	bc80      	pop	{r7}
10001f6a:	46b8      	mov	r8, r7
10001f6c:	bdf0      	pop	{r4, r5, r6, r7, pc}
10001f6e:	4b0e      	ldr	r3, [pc, #56]	@ (10001fa8 <alarm_pool_cancel_alarm+0x98>)
10001f70:	4a0e      	ldr	r2, [pc, #56]	@ (10001fac <alarm_pool_cancel_alarm+0x9c>)
10001f72:	212c      	movs	r1, #44	@ 0x2c
10001f74:	480e      	ldr	r0, [pc, #56]	@ (10001fb0 <alarm_pool_cancel_alarm+0xa0>)
10001f76:	31ff      	adds	r1, #255	@ 0xff
10001f78:	f000 fe06 	bl	10002b88 <__assert_func>
10001f7c:	0031      	movs	r1, r6
10001f7e:	4640      	mov	r0, r8
10001f80:	f000 fb8c 	bl	1000269c <ph_remove_and_free_node>
10001f84:	2800      	cmp	r0, #0
10001f86:	d1e8      	bne.n	10001f5a <alarm_pool_cancel_alarm+0x4a>
10001f88:	4b0a      	ldr	r3, [pc, #40]	@ (10001fb4 <alarm_pool_cancel_alarm+0xa4>)
10001f8a:	4a08      	ldr	r2, [pc, #32]	@ (10001fac <alarm_pool_cancel_alarm+0x9c>)
10001f8c:	2199      	movs	r1, #153	@ 0x99
10001f8e:	4808      	ldr	r0, [pc, #32]	@ (10001fb0 <alarm_pool_cancel_alarm+0xa0>)
10001f90:	0049      	lsls	r1, r1, #1
10001f92:	f000 fdf9 	bl	10002b88 <__assert_func>
10001f96:	692b      	ldr	r3, [r5, #16]
10001f98:	42a3      	cmp	r3, r4
10001f9a:	d1de      	bne.n	10001f5a <alarm_pool_cancel_alarm+0x4a>
10001f9c:	2300      	movs	r3, #0
10001f9e:	612b      	str	r3, [r5, #16]
10001fa0:	e7db      	b.n	10001f5a <alarm_pool_cancel_alarm+0x4a>
10001fa2:	2000      	movs	r0, #0
10001fa4:	e7e0      	b.n	10001f68 <alarm_pool_cancel_alarm+0x58>
10001fa6:	46c0      	nop			@ (mov r8, r8)
10001fa8:	10008fdc 	.word	0x10008fdc
10001fac:	1000a12c 	.word	0x1000a12c
10001fb0:	10008df8 	.word	0x10008df8
10001fb4:	10009000 	.word	0x10009000

10001fb8 <cancel_alarm>:
10001fb8:	b510      	push	{r4, lr}
10001fba:	0004      	movs	r4, r0
10001fbc:	f7ff fef4 	bl	10001da8 <alarm_pool_get_default>
10001fc0:	0021      	movs	r1, r4
10001fc2:	f7ff ffa5 	bl	10001f10 <alarm_pool_cancel_alarm>
10001fc6:	bd10      	pop	{r4, pc}

10001fc8 <alarm_pool_core_num>:
10001fc8:	7d40      	ldrb	r0, [r0, #21]
10001fca:	4770      	bx	lr

10001fcc <alarm_pool_add_repeating_timer_us>:
10001fcc:	b5f0      	push	{r4, r5, r6, r7, lr}
10001fce:	b087      	sub	sp, #28
10001fd0:	0005      	movs	r5, r0
10001fd2:	0010      	movs	r0, r2
10001fd4:	0019      	movs	r1, r3
10001fd6:	9c0e      	ldr	r4, [sp, #56]	@ 0x38
10001fd8:	0013      	movs	r3, r2
10001fda:	430b      	orrs	r3, r1
10001fdc:	d101      	bne.n	10001fe2 <alarm_pool_add_repeating_timer_us+0x16>
10001fde:	2001      	movs	r0, #1
10001fe0:	2100      	movs	r1, #0
10001fe2:	60a5      	str	r5, [r4, #8]
10001fe4:	9b0c      	ldr	r3, [sp, #48]	@ 0x30
10001fe6:	6123      	str	r3, [r4, #16]
10001fe8:	6020      	str	r0, [r4, #0]
10001fea:	6061      	str	r1, [r4, #4]
10001fec:	9b0d      	ldr	r3, [sp, #52]	@ 0x34
10001fee:	6163      	str	r3, [r4, #20]
10001ff0:	17ce      	asrs	r6, r1, #31
10001ff2:	0037      	movs	r7, r6
10001ff4:	4070      	eors	r0, r6
10001ff6:	0002      	movs	r2, r0
10001ff8:	4071      	eors	r1, r6
10001ffa:	000b      	movs	r3, r1
10001ffc:	1b92      	subs	r2, r2, r6
10001ffe:	41bb      	sbcs	r3, r7
10002000:	a804      	add	r0, sp, #16
10002002:	f7ff fd4c 	bl	10001a9e <make_timeout_time_us>
10002006:	9a04      	ldr	r2, [sp, #16]
10002008:	9b05      	ldr	r3, [sp, #20]
1000200a:	2101      	movs	r1, #1
1000200c:	9102      	str	r1, [sp, #8]
1000200e:	9401      	str	r4, [sp, #4]
10002010:	4904      	ldr	r1, [pc, #16]	@ (10002024 <alarm_pool_add_repeating_timer_us+0x58>)
10002012:	9100      	str	r1, [sp, #0]
10002014:	0028      	movs	r0, r5
10002016:	f7ff fedd 	bl	10001dd4 <alarm_pool_add_alarm_at>
1000201a:	60e0      	str	r0, [r4, #12]
1000201c:	43c0      	mvns	r0, r0
1000201e:	0fc0      	lsrs	r0, r0, #31
10002020:	b007      	add	sp, #28
10002022:	bdf0      	pop	{r4, r5, r6, r7, pc}
10002024:	100019cd 	.word	0x100019cd

10002028 <sleep_until>:
10002028:	b530      	push	{r4, r5, lr}
1000202a:	b087      	sub	sp, #28
1000202c:	0004      	movs	r4, r0
1000202e:	000d      	movs	r5, r1
10002030:	f3ef 8305 	mrs	r3, IPSR
10002034:	2b00      	cmp	r3, #0
10002036:	d120      	bne.n	1000207a <sleep_until+0x52>
10002038:	2206      	movs	r2, #6
1000203a:	4252      	negs	r2, r2
1000203c:	17d3      	asrs	r3, r2, #31
1000203e:	1912      	adds	r2, r2, r4
10002040:	416b      	adcs	r3, r5
10002042:	428b      	cmp	r3, r1
10002044:	d802      	bhi.n	1000204c <sleep_until+0x24>
10002046:	d103      	bne.n	10002050 <sleep_until+0x28>
10002048:	4282      	cmp	r2, r0
1000204a:	d901      	bls.n	10002050 <sleep_until+0x28>
1000204c:	2200      	movs	r2, #0
1000204e:	2300      	movs	r3, #0
10002050:	a804      	add	r0, sp, #16
10002052:	f7ff fb99 	bl	10001788 <update_us_since_boot>
10002056:	a802      	add	r0, sp, #8
10002058:	f7ff fd10 	bl	10001a7c <get_absolute_time>
1000205c:	9802      	ldr	r0, [sp, #8]
1000205e:	9903      	ldr	r1, [sp, #12]
10002060:	9a04      	ldr	r2, [sp, #16]
10002062:	9b05      	ldr	r3, [sp, #20]
10002064:	1a12      	subs	r2, r2, r0
10002066:	418b      	sbcs	r3, r1
10002068:	2b00      	cmp	r3, #0
1000206a:	dc0b      	bgt.n	10002084 <sleep_until+0x5c>
1000206c:	d008      	beq.n	10002080 <sleep_until+0x58>
1000206e:	0020      	movs	r0, r4
10002070:	0029      	movs	r1, r5
10002072:	f000 f8c9 	bl	10002208 <busy_wait_until>
10002076:	b007      	add	sp, #28
10002078:	bd30      	pop	{r4, r5, pc}
1000207a:	4814      	ldr	r0, [pc, #80]	@ (100020cc <sleep_until+0xa4>)
1000207c:	f000 fe1c 	bl	10002cb8 <panic>
10002080:	2a00      	cmp	r2, #0
10002082:	d0f4      	beq.n	1000206e <sleep_until+0x46>
10002084:	4a12      	ldr	r2, [pc, #72]	@ (100020d0 <sleep_until+0xa8>)
10002086:	9804      	ldr	r0, [sp, #16]
10002088:	9905      	ldr	r1, [sp, #20]
1000208a:	2300      	movs	r3, #0
1000208c:	9300      	str	r3, [sp, #0]
1000208e:	f7ff ff28 	bl	10001ee2 <add_alarm_at>
10002092:	2800      	cmp	r0, #0
10002094:	da13      	bge.n	100020be <sleep_until+0x96>
10002096:	e7ea      	b.n	1000206e <sleep_until+0x46>
10002098:	4b0e      	ldr	r3, [pc, #56]	@ (100020d4 <sleep_until+0xac>)
1000209a:	681a      	ldr	r2, [r3, #0]
1000209c:	f3ef 8110 	mrs	r1, PRIMASK
100020a0:	b672      	cpsid	i
100020a2:	6813      	ldr	r3, [r2, #0]
100020a4:	2b00      	cmp	r3, #0
100020a6:	d0fc      	beq.n	100020a2 <sleep_until+0x7a>
100020a8:	f3bf 8f5f 	dmb	sy
100020ac:	4b09      	ldr	r3, [pc, #36]	@ (100020d4 <sleep_until+0xac>)
100020ae:	681b      	ldr	r3, [r3, #0]
100020b0:	f3bf 8f5f 	dmb	sy
100020b4:	2200      	movs	r2, #0
100020b6:	601a      	str	r2, [r3, #0]
100020b8:	f381 8810 	msr	PRIMASK, r1
100020bc:	bf20      	wfe
100020be:	9804      	ldr	r0, [sp, #16]
100020c0:	9905      	ldr	r1, [sp, #20]
100020c2:	f7ff fb19 	bl	100016f8 <time_reached>
100020c6:	2800      	cmp	r0, #0
100020c8:	d0e6      	beq.n	10002098 <sleep_until+0x70>
100020ca:	e7d0      	b.n	1000206e <sleep_until+0x46>
100020cc:	10009004 	.word	0x10009004
100020d0:	10001a4d 	.word	0x10001a4d
100020d4:	20002744 	.word	0x20002744

100020d8 <sleep_us>:
100020d8:	b500      	push	{lr}
100020da:	b083      	sub	sp, #12
100020dc:	0002      	movs	r2, r0
100020de:	000b      	movs	r3, r1
100020e0:	4668      	mov	r0, sp
100020e2:	f7ff fcdc 	bl	10001a9e <make_timeout_time_us>
100020e6:	9800      	ldr	r0, [sp, #0]
100020e8:	9901      	ldr	r1, [sp, #4]
100020ea:	f7ff ff9d 	bl	10002028 <sleep_until>
100020ee:	b003      	add	sp, #12
100020f0:	bd00      	pop	{pc}

100020f2 <sleep_ms>:
100020f2:	b510      	push	{r4, lr}
100020f4:	22fa      	movs	r2, #250	@ 0xfa
100020f6:	0092      	lsls	r2, r2, #2
100020f8:	2300      	movs	r3, #0
100020fa:	2100      	movs	r1, #0
100020fc:	f002 fadc 	bl	100046b8 <__wrap___aeabi_lmul>
10002100:	f7ff ffea 	bl	100020d8 <sleep_us>
10002104:	bd10      	pop	{r4, pc}
	...

10002108 <best_effort_wfe_or_timeout>:
10002108:	b530      	push	{r4, r5, lr}
1000210a:	b083      	sub	sp, #12
1000210c:	0005      	movs	r5, r0
1000210e:	000c      	movs	r4, r1
10002110:	f3ef 8305 	mrs	r3, IPSR
10002114:	2b00      	cmp	r3, #0
10002116:	d10f      	bne.n	10002138 <best_effort_wfe_or_timeout+0x30>
10002118:	4a0b      	ldr	r2, [pc, #44]	@ (10002148 <best_effort_wfe_or_timeout+0x40>)
1000211a:	2300      	movs	r3, #0
1000211c:	9300      	str	r3, [sp, #0]
1000211e:	f7ff fee0 	bl	10001ee2 <add_alarm_at>
10002122:	2800      	cmp	r0, #0
10002124:	dd0b      	ble.n	1000213e <best_effort_wfe_or_timeout+0x36>
10002126:	bf20      	wfe
10002128:	f7ff ff46 	bl	10001fb8 <cancel_alarm>
1000212c:	0028      	movs	r0, r5
1000212e:	0021      	movs	r1, r4
10002130:	f7ff fae2 	bl	100016f8 <time_reached>
10002134:	b003      	add	sp, #12
10002136:	bd30      	pop	{r4, r5, pc}
10002138:	f7ff fade 	bl	100016f8 <time_reached>
1000213c:	e7fa      	b.n	10002134 <best_effort_wfe_or_timeout+0x2c>
1000213e:	0028      	movs	r0, r5
10002140:	0021      	movs	r1, r4
10002142:	f7ff fad9 	bl	100016f8 <time_reached>
10002146:	e7f5      	b.n	10002134 <best_effort_wfe_or_timeout+0x2c>
10002148:	10001a4d 	.word	0x10001a4d

1000214c <hardware_alarm_irq_handler>:
1000214c:	b570      	push	{r4, r5, r6, lr}
1000214e:	f3ef 8005 	mrs	r0, IPSR
10002152:	3810      	subs	r0, #16
10002154:	f3ef 8c10 	mrs	ip, PRIMASK
10002158:	b672      	cpsid	i
1000215a:	4b19      	ldr	r3, [pc, #100]	@ (100021c0 <hardware_alarm_irq_handler+0x74>)
1000215c:	681b      	ldr	r3, [r3, #0]
1000215e:	2b00      	cmp	r3, #0
10002160:	d0fb      	beq.n	1000215a <hardware_alarm_irq_handler+0xe>
10002162:	f3bf 8f5f 	dmb	sy
10002166:	2201      	movs	r2, #1
10002168:	0013      	movs	r3, r2
1000216a:	4083      	lsls	r3, r0
1000216c:	4915      	ldr	r1, [pc, #84]	@ (100021c4 <hardware_alarm_irq_handler+0x78>)
1000216e:	634b      	str	r3, [r1, #52]	@ 0x34
10002170:	4915      	ldr	r1, [pc, #84]	@ (100021c8 <hardware_alarm_irq_handler+0x7c>)
10002172:	600b      	str	r3, [r1, #0]
10002174:	4915      	ldr	r1, [pc, #84]	@ (100021cc <hardware_alarm_irq_handler+0x80>)
10002176:	7809      	ldrb	r1, [r1, #0]
10002178:	000c      	movs	r4, r1
1000217a:	40c4      	lsrs	r4, r0
1000217c:	4222      	tst	r2, r4
1000217e:	d013      	beq.n	100021a8 <hardware_alarm_irq_handler+0x5c>
10002180:	4a10      	ldr	r2, [pc, #64]	@ (100021c4 <hardware_alarm_irq_handler+0x78>)
10002182:	6a54      	ldr	r4, [r2, #36]	@ 0x24
10002184:	4a12      	ldr	r2, [pc, #72]	@ (100021d0 <hardware_alarm_irq_handler+0x84>)
10002186:	0085      	lsls	r5, r0, #2
10002188:	58aa      	ldr	r2, [r5, r2]
1000218a:	4294      	cmp	r4, r2
1000218c:	d305      	bcc.n	1000219a <hardware_alarm_irq_handler+0x4e>
1000218e:	4a11      	ldr	r2, [pc, #68]	@ (100021d4 <hardware_alarm_irq_handler+0x88>)
10002190:	58aa      	ldr	r2, [r5, r2]
10002192:	4c0e      	ldr	r4, [pc, #56]	@ (100021cc <hardware_alarm_irq_handler+0x80>)
10002194:	4399      	bics	r1, r3
10002196:	7021      	strb	r1, [r4, #0]
10002198:	e007      	b.n	100021aa <hardware_alarm_irq_handler+0x5e>
1000219a:	4a0a      	ldr	r2, [pc, #40]	@ (100021c4 <hardware_alarm_irq_handler+0x78>)
1000219c:	1d03      	adds	r3, r0, #4
1000219e:	009b      	lsls	r3, r3, #2
100021a0:	5899      	ldr	r1, [r3, r2]
100021a2:	5099      	str	r1, [r3, r2]
100021a4:	2200      	movs	r2, #0
100021a6:	e000      	b.n	100021aa <hardware_alarm_irq_handler+0x5e>
100021a8:	2200      	movs	r2, #0
100021aa:	f3bf 8f5f 	dmb	sy
100021ae:	4b04      	ldr	r3, [pc, #16]	@ (100021c0 <hardware_alarm_irq_handler+0x74>)
100021b0:	2100      	movs	r1, #0
100021b2:	6019      	str	r1, [r3, #0]
100021b4:	f38c 8810 	msr	PRIMASK, ip
100021b8:	2a00      	cmp	r2, #0
100021ba:	d000      	beq.n	100021be <hardware_alarm_irq_handler+0x72>
100021bc:	4790      	blx	r2
100021be:	bd70      	pop	{r4, r5, r6, pc}
100021c0:	d0000128 	.word	0xd0000128
100021c4:	40054000 	.word	0x40054000
100021c8:	4005703c 	.word	0x4005703c
100021cc:	20002782 	.word	0x20002782
100021d0:	20002750 	.word	0x20002750
100021d4:	200013fc 	.word	0x200013fc

100021d8 <hardware_alarm_claim>:
100021d8:	b510      	push	{r4, lr}
100021da:	0001      	movs	r1, r0
100021dc:	4a02      	ldr	r2, [pc, #8]	@ (100021e8 <hardware_alarm_claim+0x10>)
100021de:	4b03      	ldr	r3, [pc, #12]	@ (100021ec <hardware_alarm_claim+0x14>)
100021e0:	0018      	movs	r0, r3
100021e2:	f7fe fded 	bl	10000dc0 <hw_claim_or_assert>
100021e6:	bd10      	pop	{r4, pc}
100021e8:	10009054 	.word	0x10009054
100021ec:	2000277c 	.word	0x2000277c

100021f0 <time_us_64>:
100021f0:	4b04      	ldr	r3, [pc, #16]	@ (10002204 <time_us_64+0x14>)
100021f2:	6a5b      	ldr	r3, [r3, #36]	@ 0x24
100021f4:	4a03      	ldr	r2, [pc, #12]	@ (10002204 <time_us_64+0x14>)
100021f6:	6a90      	ldr	r0, [r2, #40]	@ 0x28
100021f8:	0019      	movs	r1, r3
100021fa:	6a53      	ldr	r3, [r2, #36]	@ 0x24
100021fc:	4299      	cmp	r1, r3
100021fe:	d1f9      	bne.n	100021f4 <time_us_64+0x4>
10002200:	4770      	bx	lr
10002202:	46c0      	nop			@ (mov r8, r8)
10002204:	40054000 	.word	0x40054000

10002208 <busy_wait_until>:
10002208:	4b08      	ldr	r3, [pc, #32]	@ (1000222c <busy_wait_until+0x24>)
1000220a:	6a5b      	ldr	r3, [r3, #36]	@ 0x24
1000220c:	e001      	b.n	10002212 <busy_wait_until+0xa>
1000220e:	4b07      	ldr	r3, [pc, #28]	@ (1000222c <busy_wait_until+0x24>)
10002210:	6a5b      	ldr	r3, [r3, #36]	@ 0x24
10002212:	428b      	cmp	r3, r1
10002214:	d3fb      	bcc.n	1000220e <busy_wait_until+0x6>
10002216:	e001      	b.n	1000221c <busy_wait_until+0x14>
10002218:	4b04      	ldr	r3, [pc, #16]	@ (1000222c <busy_wait_until+0x24>)
1000221a:	6a5b      	ldr	r3, [r3, #36]	@ 0x24
1000221c:	428b      	cmp	r3, r1
1000221e:	d103      	bne.n	10002228 <busy_wait_until+0x20>
10002220:	4b02      	ldr	r3, [pc, #8]	@ (1000222c <busy_wait_until+0x24>)
10002222:	6a9b      	ldr	r3, [r3, #40]	@ 0x28
10002224:	4283      	cmp	r3, r0
10002226:	d3f7      	bcc.n	10002218 <busy_wait_until+0x10>
10002228:	4770      	bx	lr
1000222a:	46c0      	nop			@ (mov r8, r8)
1000222c:	40054000 	.word	0x40054000

10002230 <hardware_alarm_set_callback>:
10002230:	b570      	push	{r4, r5, r6, lr}
10002232:	0004      	movs	r4, r0
10002234:	000e      	movs	r6, r1
10002236:	f3ef 8510 	mrs	r5, PRIMASK
1000223a:	b672      	cpsid	i
1000223c:	4b1b      	ldr	r3, [pc, #108]	@ (100022ac <hardware_alarm_set_callback+0x7c>)
1000223e:	681b      	ldr	r3, [r3, #0]
10002240:	2b00      	cmp	r3, #0
10002242:	d0fb      	beq.n	1000223c <hardware_alarm_set_callback+0xc>
10002244:	f3bf 8f5f 	dmb	sy
10002248:	2e00      	cmp	r6, #0
1000224a:	d01c      	beq.n	10002286 <hardware_alarm_set_callback+0x56>
1000224c:	0020      	movs	r0, r4
1000224e:	f7fe fee9 	bl	10001024 <irq_get_vtable_handler>
10002252:	4b17      	ldr	r3, [pc, #92]	@ (100022b0 <hardware_alarm_set_callback+0x80>)
10002254:	4283      	cmp	r3, r0
10002256:	d00b      	beq.n	10002270 <hardware_alarm_set_callback+0x40>
10002258:	0019      	movs	r1, r3
1000225a:	0020      	movs	r0, r4
1000225c:	f7fe fefc 	bl	10001058 <irq_set_exclusive_handler>
10002260:	2101      	movs	r1, #1
10002262:	0020      	movs	r0, r4
10002264:	f7fe fece 	bl	10001004 <irq_set_enabled>
10002268:	2301      	movs	r3, #1
1000226a:	40a3      	lsls	r3, r4
1000226c:	4a11      	ldr	r2, [pc, #68]	@ (100022b4 <hardware_alarm_set_callback+0x84>)
1000226e:	6013      	str	r3, [r2, #0]
10002270:	4b11      	ldr	r3, [pc, #68]	@ (100022b8 <hardware_alarm_set_callback+0x88>)
10002272:	00a4      	lsls	r4, r4, #2
10002274:	50e6      	str	r6, [r4, r3]
10002276:	f3bf 8f5f 	dmb	sy
1000227a:	4b0c      	ldr	r3, [pc, #48]	@ (100022ac <hardware_alarm_set_callback+0x7c>)
1000227c:	2200      	movs	r2, #0
1000227e:	601a      	str	r2, [r3, #0]
10002280:	f385 8810 	msr	PRIMASK, r5
10002284:	bd70      	pop	{r4, r5, r6, pc}
10002286:	4b0c      	ldr	r3, [pc, #48]	@ (100022b8 <hardware_alarm_set_callback+0x88>)
10002288:	00a2      	lsls	r2, r4, #2
1000228a:	2100      	movs	r1, #0
1000228c:	50d1      	str	r1, [r2, r3]
1000228e:	2201      	movs	r2, #1
10002290:	40a2      	lsls	r2, r4
10002292:	490a      	ldr	r1, [pc, #40]	@ (100022bc <hardware_alarm_set_callback+0x8c>)
10002294:	780b      	ldrb	r3, [r1, #0]
10002296:	4393      	bics	r3, r2
10002298:	700b      	strb	r3, [r1, #0]
1000229a:	4905      	ldr	r1, [pc, #20]	@ (100022b0 <hardware_alarm_set_callback+0x80>)
1000229c:	0020      	movs	r0, r4
1000229e:	f7ff f80d 	bl	100012bc <irq_remove_handler>
100022a2:	2100      	movs	r1, #0
100022a4:	0020      	movs	r0, r4
100022a6:	f7fe fead 	bl	10001004 <irq_set_enabled>
100022aa:	e7e4      	b.n	10002276 <hardware_alarm_set_callback+0x46>
100022ac:	d0000128 	.word	0xd0000128
100022b0:	1000214d 	.word	0x1000214d
100022b4:	40056038 	.word	0x40056038
100022b8:	200013fc 	.word	0x200013fc
100022bc:	20002782 	.word	0x20002782

100022c0 <hardware_alarm_set_target>:
100022c0:	b5f0      	push	{r4, r5, r6, r7, lr}
100022c2:	46de      	mov	lr, fp
100022c4:	b500      	push	{lr}
100022c6:	b084      	sub	sp, #16
100022c8:	0004      	movs	r4, r0
100022ca:	0015      	movs	r5, r2
100022cc:	9201      	str	r2, [sp, #4]
100022ce:	001e      	movs	r6, r3
100022d0:	9302      	str	r3, [sp, #8]
100022d2:	f7ff ff8d 	bl	100021f0 <time_us_64>
100022d6:	9503      	str	r5, [sp, #12]
100022d8:	428e      	cmp	r6, r1
100022da:	d802      	bhi.n	100022e2 <hardware_alarm_set_target+0x22>
100022dc:	d14e      	bne.n	1000237c <hardware_alarm_set_target+0xbc>
100022de:	4285      	cmp	r5, r0
100022e0:	d94c      	bls.n	1000237c <hardware_alarm_set_target+0xbc>
100022e2:	f3ef 8b10 	mrs	fp, PRIMASK
100022e6:	b672      	cpsid	i
100022e8:	4b27      	ldr	r3, [pc, #156]	@ (10002388 <hardware_alarm_set_target+0xc8>)
100022ea:	681b      	ldr	r3, [r3, #0]
100022ec:	2b00      	cmp	r3, #0
100022ee:	d0fb      	beq.n	100022e8 <hardware_alarm_set_target+0x28>
100022f0:	f3bf 8f5f 	dmb	sy
100022f4:	4a25      	ldr	r2, [pc, #148]	@ (1000238c <hardware_alarm_set_target+0xcc>)
100022f6:	7817      	ldrb	r7, [r2, #0]
100022f8:	2501      	movs	r5, #1
100022fa:	40a5      	lsls	r5, r4
100022fc:	b2eb      	uxtb	r3, r5
100022fe:	433b      	orrs	r3, r7
10002300:	7013      	strb	r3, [r2, #0]
10002302:	4b23      	ldr	r3, [pc, #140]	@ (10002390 <hardware_alarm_set_target+0xd0>)
10002304:	635d      	str	r5, [r3, #52]	@ 0x34
10002306:	1d22      	adds	r2, r4, #4
10002308:	0092      	lsls	r2, r2, #2
1000230a:	9901      	ldr	r1, [sp, #4]
1000230c:	50d1      	str	r1, [r2, r3]
1000230e:	4a21      	ldr	r2, [pc, #132]	@ (10002394 <hardware_alarm_set_target+0xd4>)
10002310:	00a1      	lsls	r1, r4, #2
10002312:	9802      	ldr	r0, [sp, #8]
10002314:	5088      	str	r0, [r1, r2]
10002316:	6a1b      	ldr	r3, [r3, #32]
10002318:	422b      	tst	r3, r5
1000231a:	d112      	bne.n	10002342 <hardware_alarm_set_target+0x82>
1000231c:	4b1c      	ldr	r3, [pc, #112]	@ (10002390 <hardware_alarm_set_target+0xd0>)
1000231e:	6c1b      	ldr	r3, [r3, #64]	@ 0x40
10002320:	422b      	tst	r3, r5
10002322:	d008      	beq.n	10002336 <hardware_alarm_set_target+0x76>
10002324:	2000      	movs	r0, #0
10002326:	f3bf 8f5f 	dmb	sy
1000232a:	4b17      	ldr	r3, [pc, #92]	@ (10002388 <hardware_alarm_set_target+0xc8>)
1000232c:	2200      	movs	r2, #0
1000232e:	601a      	str	r2, [r3, #0]
10002330:	f38b 8810 	msr	PRIMASK, fp
10002334:	e023      	b.n	1000237e <hardware_alarm_set_target+0xbe>
10002336:	4b18      	ldr	r3, [pc, #96]	@ (10002398 <hardware_alarm_set_target+0xd8>)
10002338:	4a18      	ldr	r2, [pc, #96]	@ (1000239c <hardware_alarm_set_target+0xdc>)
1000233a:	4819      	ldr	r0, [pc, #100]	@ (100023a0 <hardware_alarm_set_target+0xe0>)
1000233c:	21c5      	movs	r1, #197	@ 0xc5
1000233e:	f000 fc23 	bl	10002b88 <__assert_func>
10002342:	f7ff ff55 	bl	100021f0 <time_us_64>
10002346:	428e      	cmp	r6, r1
10002348:	d814      	bhi.n	10002374 <hardware_alarm_set_target+0xb4>
1000234a:	d102      	bne.n	10002352 <hardware_alarm_set_target+0x92>
1000234c:	9b03      	ldr	r3, [sp, #12]
1000234e:	4283      	cmp	r3, r0
10002350:	d810      	bhi.n	10002374 <hardware_alarm_set_target+0xb4>
10002352:	4b0e      	ldr	r3, [pc, #56]	@ (1000238c <hardware_alarm_set_target+0xcc>)
10002354:	781b      	ldrb	r3, [r3, #0]
10002356:	42bb      	cmp	r3, r7
10002358:	d00e      	beq.n	10002378 <hardware_alarm_set_target+0xb8>
1000235a:	4b0d      	ldr	r3, [pc, #52]	@ (10002390 <hardware_alarm_set_target+0xd0>)
1000235c:	621d      	str	r5, [r3, #32]
1000235e:	635d      	str	r5, [r3, #52]	@ 0x34
10002360:	221f      	movs	r2, #31
10002362:	4022      	ands	r2, r4
10002364:	2301      	movs	r3, #1
10002366:	4093      	lsls	r3, r2
10002368:	4a0e      	ldr	r2, [pc, #56]	@ (100023a4 <hardware_alarm_set_target+0xe4>)
1000236a:	6013      	str	r3, [r2, #0]
1000236c:	4b07      	ldr	r3, [pc, #28]	@ (1000238c <hardware_alarm_set_target+0xcc>)
1000236e:	701f      	strb	r7, [r3, #0]
10002370:	2001      	movs	r0, #1
10002372:	e7d8      	b.n	10002326 <hardware_alarm_set_target+0x66>
10002374:	2000      	movs	r0, #0
10002376:	e7d6      	b.n	10002326 <hardware_alarm_set_target+0x66>
10002378:	2001      	movs	r0, #1
1000237a:	e7d4      	b.n	10002326 <hardware_alarm_set_target+0x66>
1000237c:	2001      	movs	r0, #1
1000237e:	b004      	add	sp, #16
10002380:	bc80      	pop	{r7}
10002382:	46bb      	mov	fp, r7
10002384:	bdf0      	pop	{r4, r5, r6, r7, pc}
10002386:	46c0      	nop			@ (mov r8, r8)
10002388:	d0000128 	.word	0xd0000128
1000238c:	20002782 	.word	0x20002782
10002390:	40054000 	.word	0x40054000
10002394:	20002750 	.word	0x20002750
10002398:	10009078 	.word	0x10009078
1000239c:	1000a210 	.word	0x1000a210
100023a0:	1000909c 	.word	0x1000909c
100023a4:	e000e280 	.word	0xe000e280

100023a8 <hardware_alarm_cancel>:
100023a8:	f3ef 8c10 	mrs	ip, PRIMASK
100023ac:	b672      	cpsid	i
100023ae:	4b0b      	ldr	r3, [pc, #44]	@ (100023dc <hardware_alarm_cancel+0x34>)
100023b0:	681b      	ldr	r3, [r3, #0]
100023b2:	2b00      	cmp	r3, #0
100023b4:	d0fb      	beq.n	100023ae <hardware_alarm_cancel+0x6>
100023b6:	f3bf 8f5f 	dmb	sy
100023ba:	2301      	movs	r3, #1
100023bc:	4083      	lsls	r3, r0
100023be:	4a08      	ldr	r2, [pc, #32]	@ (100023e0 <hardware_alarm_cancel+0x38>)
100023c0:	6213      	str	r3, [r2, #32]
100023c2:	4908      	ldr	r1, [pc, #32]	@ (100023e4 <hardware_alarm_cancel+0x3c>)
100023c4:	780a      	ldrb	r2, [r1, #0]
100023c6:	439a      	bics	r2, r3
100023c8:	700a      	strb	r2, [r1, #0]
100023ca:	f3bf 8f5f 	dmb	sy
100023ce:	4b03      	ldr	r3, [pc, #12]	@ (100023dc <hardware_alarm_cancel+0x34>)
100023d0:	2200      	movs	r2, #0
100023d2:	601a      	str	r2, [r3, #0]
100023d4:	f38c 8810 	msr	PRIMASK, ip
100023d8:	4770      	bx	lr
100023da:	46c0      	nop			@ (mov r8, r8)
100023dc:	d0000128 	.word	0xd0000128
100023e0:	40054000 	.word	0x40054000
100023e4:	20002782 	.word	0x20002782

100023e8 <datetime_to_str>:
100023e8:	b5f0      	push	{r4, r5, r6, r7, lr}
100023ea:	46ce      	mov	lr, r9
100023ec:	4647      	mov	r7, r8
100023ee:	b580      	push	{r7, lr}
100023f0:	b087      	sub	sp, #28
100023f2:	2404      	movs	r4, #4
100023f4:	5714      	ldrsb	r4, [r2, r4]
100023f6:	2603      	movs	r6, #3
100023f8:	5796      	ldrsb	r6, [r2, r6]
100023fa:	2502      	movs	r5, #2
100023fc:	5755      	ldrsb	r5, [r2, r5]
100023fe:	3d01      	subs	r5, #1
10002400:	2705      	movs	r7, #5
10002402:	57d7      	ldrsb	r7, [r2, r7]
10002404:	2306      	movs	r3, #6
10002406:	56d3      	ldrsb	r3, [r2, r3]
10002408:	469c      	mov	ip, r3
1000240a:	2307      	movs	r3, #7
1000240c:	56d3      	ldrsb	r3, [r2, r3]
1000240e:	4698      	mov	r8, r3
10002410:	2300      	movs	r3, #0
10002412:	5ed3      	ldrsh	r3, [r2, r3]
10002414:	4699      	mov	r9, r3
10002416:	4b0b      	ldr	r3, [pc, #44]	@ (10002444 <datetime_to_str+0x5c>)
10002418:	00a4      	lsls	r4, r4, #2
1000241a:	58e3      	ldr	r3, [r4, r3]
1000241c:	4a0a      	ldr	r2, [pc, #40]	@ (10002448 <datetime_to_str+0x60>)
1000241e:	464c      	mov	r4, r9
10002420:	9405      	str	r4, [sp, #20]
10002422:	4644      	mov	r4, r8
10002424:	9404      	str	r4, [sp, #16]
10002426:	4664      	mov	r4, ip
10002428:	9403      	str	r4, [sp, #12]
1000242a:	9702      	str	r7, [sp, #8]
1000242c:	4c07      	ldr	r4, [pc, #28]	@ (1000244c <datetime_to_str+0x64>)
1000242e:	00ad      	lsls	r5, r5, #2
10002430:	592c      	ldr	r4, [r5, r4]
10002432:	9401      	str	r4, [sp, #4]
10002434:	9600      	str	r6, [sp, #0]
10002436:	f001 fd27 	bl	10003e88 <__wrap_snprintf>
1000243a:	b007      	add	sp, #28
1000243c:	bcc0      	pop	{r6, r7}
1000243e:	46b9      	mov	r9, r7
10002440:	46b0      	mov	r8, r6
10002442:	bdf0      	pop	{r4, r5, r6, r7, pc}
10002444:	1000a22c 	.word	0x1000a22c
10002448:	100090ec 	.word	0x100090ec
1000244c:	1000a248 	.word	0x1000a248

10002450 <ph_get_node>:
10002450:	b510      	push	{r4, lr}
10002452:	2900      	cmp	r1, #0
10002454:	d008      	beq.n	10002468 <ph_get_node+0x18>
10002456:	7b03      	ldrb	r3, [r0, #12]
10002458:	428b      	cmp	r3, r1
1000245a:	d305      	bcc.n	10002468 <ph_get_node+0x18>
1000245c:	6800      	ldr	r0, [r0, #0]
1000245e:	004b      	lsls	r3, r1, #1
10002460:	185b      	adds	r3, r3, r1
10002462:	3b03      	subs	r3, #3
10002464:	18c0      	adds	r0, r0, r3
10002466:	bd10      	pop	{r4, pc}
10002468:	4b02      	ldr	r3, [pc, #8]	@ (10002474 <ph_get_node+0x24>)
1000246a:	4a03      	ldr	r2, [pc, #12]	@ (10002478 <ph_get_node+0x28>)
1000246c:	4803      	ldr	r0, [pc, #12]	@ (1000247c <ph_get_node+0x2c>)
1000246e:	2168      	movs	r1, #104	@ 0x68
10002470:	f000 fb8a 	bl	10002b88 <__assert_func>
10002474:	10008e40 	.word	0x10008e40
10002478:	1000a2b8 	.word	0x1000a2b8
1000247c:	10008e5c 	.word	0x10008e5c

10002480 <ph_add_child_node>:
10002480:	b5f8      	push	{r3, r4, r5, r6, r7, lr}
10002482:	0006      	movs	r6, r0
10002484:	000c      	movs	r4, r1
10002486:	0015      	movs	r5, r2
10002488:	f7ff ffe2 	bl	10002450 <ph_get_node>
1000248c:	0007      	movs	r7, r0
1000248e:	2c00      	cmp	r4, #0
10002490:	d00d      	beq.n	100024ae <ph_add_child_node+0x2e>
10002492:	2d00      	cmp	r5, #0
10002494:	d011      	beq.n	100024ba <ph_add_child_node+0x3a>
10002496:	42ac      	cmp	r4, r5
10002498:	d015      	beq.n	100024c6 <ph_add_child_node+0x46>
1000249a:	0029      	movs	r1, r5
1000249c:	0030      	movs	r0, r6
1000249e:	f7ff ffd7 	bl	10002450 <ph_get_node>
100024a2:	7084      	strb	r4, [r0, #2]
100024a4:	783b      	ldrb	r3, [r7, #0]
100024a6:	2b00      	cmp	r3, #0
100024a8:	d113      	bne.n	100024d2 <ph_add_child_node+0x52>
100024aa:	703d      	strb	r5, [r7, #0]
100024ac:	bdf8      	pop	{r3, r4, r5, r6, r7, pc}
100024ae:	4b0a      	ldr	r3, [pc, #40]	@ (100024d8 <ph_add_child_node+0x58>)
100024b0:	4a0a      	ldr	r2, [pc, #40]	@ (100024dc <ph_add_child_node+0x5c>)
100024b2:	480b      	ldr	r0, [pc, #44]	@ (100024e0 <ph_add_child_node+0x60>)
100024b4:	216f      	movs	r1, #111	@ 0x6f
100024b6:	f000 fb67 	bl	10002b88 <__assert_func>
100024ba:	4b0a      	ldr	r3, [pc, #40]	@ (100024e4 <ph_add_child_node+0x64>)
100024bc:	4a07      	ldr	r2, [pc, #28]	@ (100024dc <ph_add_child_node+0x5c>)
100024be:	4808      	ldr	r0, [pc, #32]	@ (100024e0 <ph_add_child_node+0x60>)
100024c0:	2170      	movs	r1, #112	@ 0x70
100024c2:	f000 fb61 	bl	10002b88 <__assert_func>
100024c6:	4b08      	ldr	r3, [pc, #32]	@ (100024e8 <ph_add_child_node+0x68>)
100024c8:	4a04      	ldr	r2, [pc, #16]	@ (100024dc <ph_add_child_node+0x5c>)
100024ca:	4805      	ldr	r0, [pc, #20]	@ (100024e0 <ph_add_child_node+0x60>)
100024cc:	2171      	movs	r1, #113	@ 0x71
100024ce:	f000 fb5b 	bl	10002b88 <__assert_func>
100024d2:	7043      	strb	r3, [r0, #1]
100024d4:	703d      	strb	r5, [r7, #0]
100024d6:	e7e9      	b.n	100024ac <ph_add_child_node+0x2c>
100024d8:	10008eb4 	.word	0x10008eb4
100024dc:	1000a2a4 	.word	0x1000a2a4
100024e0:	10008e5c 	.word	0x10008e5c
100024e4:	10008ec0 	.word	0x10008ec0
100024e8:	10008ecc 	.word	0x10008ecc

100024ec <ph_merge_nodes>:
100024ec:	b570      	push	{r4, r5, r6, lr}
100024ee:	0006      	movs	r6, r0
100024f0:	000d      	movs	r5, r1
100024f2:	0014      	movs	r4, r2
100024f4:	2900      	cmp	r1, #0
100024f6:	d014      	beq.n	10002522 <ph_merge_nodes+0x36>
100024f8:	2a00      	cmp	r2, #0
100024fa:	d014      	beq.n	10002526 <ph_merge_nodes+0x3a>
100024fc:	6843      	ldr	r3, [r0, #4]
100024fe:	6880      	ldr	r0, [r0, #8]
10002500:	4798      	blx	r3
10002502:	2800      	cmp	r0, #0
10002504:	d006      	beq.n	10002514 <ph_merge_nodes+0x28>
10002506:	0022      	movs	r2, r4
10002508:	0029      	movs	r1, r5
1000250a:	0030      	movs	r0, r6
1000250c:	f7ff ffb8 	bl	10002480 <ph_add_child_node>
10002510:	0028      	movs	r0, r5
10002512:	e007      	b.n	10002524 <ph_merge_nodes+0x38>
10002514:	002a      	movs	r2, r5
10002516:	0021      	movs	r1, r4
10002518:	0030      	movs	r0, r6
1000251a:	f7ff ffb1 	bl	10002480 <ph_add_child_node>
1000251e:	0020      	movs	r0, r4
10002520:	e000      	b.n	10002524 <ph_merge_nodes+0x38>
10002522:	0010      	movs	r0, r2
10002524:	bd70      	pop	{r4, r5, r6, pc}
10002526:	0008      	movs	r0, r1
10002528:	e7fc      	b.n	10002524 <ph_merge_nodes+0x38>

1000252a <ph_clear>:
1000252a:	b570      	push	{r4, r5, r6, lr}
1000252c:	0005      	movs	r5, r0
1000252e:	2300      	movs	r3, #0
10002530:	7343      	strb	r3, [r0, #13]
10002532:	3301      	adds	r3, #1
10002534:	7383      	strb	r3, [r0, #14]
10002536:	7b03      	ldrb	r3, [r0, #12]
10002538:	73c3      	strb	r3, [r0, #15]
1000253a:	2401      	movs	r4, #1
1000253c:	e006      	b.n	1000254c <ph_clear+0x22>
1000253e:	0021      	movs	r1, r4
10002540:	0028      	movs	r0, r5
10002542:	f7ff ff85 	bl	10002450 <ph_get_node>
10002546:	3401      	adds	r4, #1
10002548:	b2e4      	uxtb	r4, r4
1000254a:	7044      	strb	r4, [r0, #1]
1000254c:	7b29      	ldrb	r1, [r5, #12]
1000254e:	42a1      	cmp	r1, r4
10002550:	d8f5      	bhi.n	1000253e <ph_clear+0x14>
10002552:	0028      	movs	r0, r5
10002554:	f7ff ff7c 	bl	10002450 <ph_get_node>
10002558:	2300      	movs	r3, #0
1000255a:	7043      	strb	r3, [r0, #1]
1000255c:	bd70      	pop	{r4, r5, r6, pc}

1000255e <ph_post_alloc_init>:
1000255e:	b510      	push	{r4, lr}
10002560:	7301      	strb	r1, [r0, #12]
10002562:	6042      	str	r2, [r0, #4]
10002564:	6083      	str	r3, [r0, #8]
10002566:	f7ff ffe0 	bl	1000252a <ph_clear>
1000256a:	bd10      	pop	{r4, pc}

1000256c <ph_merge_two_pass>:
1000256c:	b5f0      	push	{r4, r5, r6, r7, lr}
1000256e:	46c6      	mov	lr, r8
10002570:	b500      	push	{lr}
10002572:	0005      	movs	r5, r0
10002574:	1e0c      	subs	r4, r1, #0
10002576:	d103      	bne.n	10002580 <ph_merge_two_pass+0x14>
10002578:	0020      	movs	r0, r4
1000257a:	bc80      	pop	{r7}
1000257c:	46b8      	mov	r8, r7
1000257e:	bdf0      	pop	{r4, r5, r6, r7, pc}
10002580:	f7ff ff66 	bl	10002450 <ph_get_node>
10002584:	7846      	ldrb	r6, [r0, #1]
10002586:	2e00      	cmp	r6, #0
10002588:	d0f6      	beq.n	10002578 <ph_merge_two_pass+0xc>
1000258a:	0031      	movs	r1, r6
1000258c:	0028      	movs	r0, r5
1000258e:	f7ff ff5f 	bl	10002450 <ph_get_node>
10002592:	7847      	ldrb	r7, [r0, #1]
10002594:	2300      	movs	r3, #0
10002596:	4698      	mov	r8, r3
10002598:	7043      	strb	r3, [r0, #1]
1000259a:	0021      	movs	r1, r4
1000259c:	0028      	movs	r0, r5
1000259e:	f7ff ff57 	bl	10002450 <ph_get_node>
100025a2:	4643      	mov	r3, r8
100025a4:	7043      	strb	r3, [r0, #1]
100025a6:	0032      	movs	r2, r6
100025a8:	0021      	movs	r1, r4
100025aa:	0028      	movs	r0, r5
100025ac:	f7ff ff9e 	bl	100024ec <ph_merge_nodes>
100025b0:	0004      	movs	r4, r0
100025b2:	0039      	movs	r1, r7
100025b4:	0028      	movs	r0, r5
100025b6:	f7ff ffd9 	bl	1000256c <ph_merge_two_pass>
100025ba:	0002      	movs	r2, r0
100025bc:	0021      	movs	r1, r4
100025be:	0028      	movs	r0, r5
100025c0:	f7ff ff94 	bl	100024ec <ph_merge_nodes>
100025c4:	0004      	movs	r4, r0
100025c6:	e7d7      	b.n	10002578 <ph_merge_two_pass+0xc>

100025c8 <ph_remove_any_head>:
100025c8:	b5f0      	push	{r4, r5, r6, r7, lr}
100025ca:	46c6      	mov	lr, r8
100025cc:	b500      	push	{lr}
100025ce:	0004      	movs	r4, r0
100025d0:	000d      	movs	r5, r1
100025d2:	0017      	movs	r7, r2
100025d4:	2900      	cmp	r1, #0
100025d6:	d027      	beq.n	10002628 <ph_remove_any_head+0x60>
100025d8:	f7ff ff3a 	bl	10002450 <ph_get_node>
100025dc:	7843      	ldrb	r3, [r0, #1]
100025de:	2b00      	cmp	r3, #0
100025e0:	d128      	bne.n	10002634 <ph_remove_any_head+0x6c>
100025e2:	7883      	ldrb	r3, [r0, #2]
100025e4:	2b00      	cmp	r3, #0
100025e6:	d12b      	bne.n	10002640 <ph_remove_any_head+0x78>
100025e8:	7801      	ldrb	r1, [r0, #0]
100025ea:	0020      	movs	r0, r4
100025ec:	f7ff ffbe 	bl	1000256c <ph_merge_two_pass>
100025f0:	0006      	movs	r6, r0
100025f2:	4680      	mov	r8, r0
100025f4:	2f00      	cmp	r7, #0
100025f6:	d00a      	beq.n	1000260e <ph_remove_any_head+0x46>
100025f8:	7be1      	ldrb	r1, [r4, #15]
100025fa:	2900      	cmp	r1, #0
100025fc:	d126      	bne.n	1000264c <ph_remove_any_head+0x84>
100025fe:	7ba3      	ldrb	r3, [r4, #14]
10002600:	2b00      	cmp	r3, #0
10002602:	d103      	bne.n	1000260c <ph_remove_any_head+0x44>
10002604:	7be3      	ldrb	r3, [r4, #15]
10002606:	2b00      	cmp	r3, #0
10002608:	d125      	bne.n	10002656 <ph_remove_any_head+0x8e>
1000260a:	73a5      	strb	r5, [r4, #14]
1000260c:	73e5      	strb	r5, [r4, #15]
1000260e:	4643      	mov	r3, r8
10002610:	2b00      	cmp	r3, #0
10002612:	d126      	bne.n	10002662 <ph_remove_any_head+0x9a>
10002614:	0029      	movs	r1, r5
10002616:	0020      	movs	r0, r4
10002618:	f7ff ff1a 	bl	10002450 <ph_get_node>
1000261c:	2300      	movs	r3, #0
1000261e:	7043      	strb	r3, [r0, #1]
10002620:	0030      	movs	r0, r6
10002622:	bc80      	pop	{r7}
10002624:	46b8      	mov	r8, r7
10002626:	bdf0      	pop	{r4, r5, r6, r7, pc}
10002628:	4b11      	ldr	r3, [pc, #68]	@ (10002670 <ph_remove_any_head+0xa8>)
1000262a:	4a12      	ldr	r2, [pc, #72]	@ (10002674 <ph_remove_any_head+0xac>)
1000262c:	4812      	ldr	r0, [pc, #72]	@ (10002678 <ph_remove_any_head+0xb0>)
1000262e:	2138      	movs	r1, #56	@ 0x38
10002630:	f000 faaa 	bl	10002b88 <__assert_func>
10002634:	4b11      	ldr	r3, [pc, #68]	@ (1000267c <ph_remove_any_head+0xb4>)
10002636:	4a0f      	ldr	r2, [pc, #60]	@ (10002674 <ph_remove_any_head+0xac>)
10002638:	480f      	ldr	r0, [pc, #60]	@ (10002678 <ph_remove_any_head+0xb0>)
1000263a:	213a      	movs	r1, #58	@ 0x3a
1000263c:	f000 faa4 	bl	10002b88 <__assert_func>
10002640:	4b0f      	ldr	r3, [pc, #60]	@ (10002680 <ph_remove_any_head+0xb8>)
10002642:	4a0c      	ldr	r2, [pc, #48]	@ (10002674 <ph_remove_any_head+0xac>)
10002644:	480c      	ldr	r0, [pc, #48]	@ (10002678 <ph_remove_any_head+0xb0>)
10002646:	213b      	movs	r1, #59	@ 0x3b
10002648:	f000 fa9e 	bl	10002b88 <__assert_func>
1000264c:	0020      	movs	r0, r4
1000264e:	f7ff feff 	bl	10002450 <ph_get_node>
10002652:	7045      	strb	r5, [r0, #1]
10002654:	e7d3      	b.n	100025fe <ph_remove_any_head+0x36>
10002656:	4b0b      	ldr	r3, [pc, #44]	@ (10002684 <ph_remove_any_head+0xbc>)
10002658:	4a06      	ldr	r2, [pc, #24]	@ (10002674 <ph_remove_any_head+0xac>)
1000265a:	4807      	ldr	r0, [pc, #28]	@ (10002678 <ph_remove_any_head+0xb0>)
1000265c:	2142      	movs	r1, #66	@ 0x42
1000265e:	f000 fa93 	bl	10002b88 <__assert_func>
10002662:	0031      	movs	r1, r6
10002664:	0020      	movs	r0, r4
10002666:	f7ff fef3 	bl	10002450 <ph_get_node>
1000266a:	2300      	movs	r3, #0
1000266c:	7083      	strb	r3, [r0, #2]
1000266e:	e7d1      	b.n	10002614 <ph_remove_any_head+0x4c>
10002670:	100091b8 	.word	0x100091b8
10002674:	1000a290 	.word	0x1000a290
10002678:	100091c0 	.word	0x100091c0
1000267c:	10009208 	.word	0x10009208
10002680:	10009230 	.word	0x10009230
10002684:	10008f08 	.word	0x10008f08

10002688 <ph_remove_head>:
10002688:	b570      	push	{r4, r5, r6, lr}
1000268a:	0004      	movs	r4, r0
1000268c:	000a      	movs	r2, r1
1000268e:	7b45      	ldrb	r5, [r0, #13]
10002690:	0029      	movs	r1, r5
10002692:	f7ff ff99 	bl	100025c8 <ph_remove_any_head>
10002696:	7360      	strb	r0, [r4, #13]
10002698:	0028      	movs	r0, r5
1000269a:	bd70      	pop	{r4, r5, r6, pc}

1000269c <ph_remove_and_free_node>:
1000269c:	b570      	push	{r4, r5, r6, lr}
1000269e:	0006      	movs	r6, r0
100026a0:	1e0c      	subs	r4, r1, #0
100026a2:	d040      	beq.n	10002726 <ph_remove_and_free_node+0x8a>
100026a4:	7b43      	ldrb	r3, [r0, #13]
100026a6:	428b      	cmp	r3, r1
100026a8:	d007      	beq.n	100026ba <ph_remove_and_free_node+0x1e>
100026aa:	f7ff fed1 	bl	10002450 <ph_get_node>
100026ae:	0005      	movs	r5, r0
100026b0:	7881      	ldrb	r1, [r0, #2]
100026b2:	2900      	cmp	r1, #0
100026b4:	d106      	bne.n	100026c4 <ph_remove_and_free_node+0x28>
100026b6:	2000      	movs	r0, #0
100026b8:	e036      	b.n	10002728 <ph_remove_and_free_node+0x8c>
100026ba:	2101      	movs	r1, #1
100026bc:	f7ff ffe4 	bl	10002688 <ph_remove_head>
100026c0:	2001      	movs	r0, #1
100026c2:	e031      	b.n	10002728 <ph_remove_and_free_node+0x8c>
100026c4:	0030      	movs	r0, r6
100026c6:	f7ff fec3 	bl	10002450 <ph_get_node>
100026ca:	7801      	ldrb	r1, [r0, #0]
100026cc:	42a1      	cmp	r1, r4
100026ce:	d00d      	beq.n	100026ec <ph_remove_and_free_node+0x50>
100026d0:	0030      	movs	r0, r6
100026d2:	f7ff febd 	bl	10002450 <ph_get_node>
100026d6:	7841      	ldrb	r1, [r0, #1]
100026d8:	42a1      	cmp	r1, r4
100026da:	d00a      	beq.n	100026f2 <ph_remove_and_free_node+0x56>
100026dc:	2900      	cmp	r1, #0
100026de:	d1f7      	bne.n	100026d0 <ph_remove_and_free_node+0x34>
100026e0:	4b12      	ldr	r3, [pc, #72]	@ (1000272c <ph_remove_and_free_node+0x90>)
100026e2:	4a13      	ldr	r2, [pc, #76]	@ (10002730 <ph_remove_and_free_node+0x94>)
100026e4:	4813      	ldr	r0, [pc, #76]	@ (10002734 <ph_remove_and_free_node+0x98>)
100026e6:	316b      	adds	r1, #107	@ 0x6b
100026e8:	f000 fa4e 	bl	10002b88 <__assert_func>
100026ec:	786b      	ldrb	r3, [r5, #1]
100026ee:	7003      	strb	r3, [r0, #0]
100026f0:	e001      	b.n	100026f6 <ph_remove_and_free_node+0x5a>
100026f2:	786b      	ldrb	r3, [r5, #1]
100026f4:	7043      	strb	r3, [r0, #1]
100026f6:	2300      	movs	r3, #0
100026f8:	70ab      	strb	r3, [r5, #2]
100026fa:	706b      	strb	r3, [r5, #1]
100026fc:	2201      	movs	r2, #1
100026fe:	0021      	movs	r1, r4
10002700:	0030      	movs	r0, r6
10002702:	f7ff ff61 	bl	100025c8 <ph_remove_any_head>
10002706:	0002      	movs	r2, r0
10002708:	7b71      	ldrb	r1, [r6, #13]
1000270a:	4281      	cmp	r1, r0
1000270c:	d005      	beq.n	1000271a <ph_remove_and_free_node+0x7e>
1000270e:	0030      	movs	r0, r6
10002710:	f7ff feec 	bl	100024ec <ph_merge_nodes>
10002714:	7370      	strb	r0, [r6, #13]
10002716:	2001      	movs	r0, #1
10002718:	e006      	b.n	10002728 <ph_remove_and_free_node+0x8c>
1000271a:	4b07      	ldr	r3, [pc, #28]	@ (10002738 <ph_remove_and_free_node+0x9c>)
1000271c:	4a04      	ldr	r2, [pc, #16]	@ (10002730 <ph_remove_and_free_node+0x94>)
1000271e:	4805      	ldr	r0, [pc, #20]	@ (10002734 <ph_remove_and_free_node+0x98>)
10002720:	2171      	movs	r1, #113	@ 0x71
10002722:	f000 fa31 	bl	10002b88 <__assert_func>
10002726:	2000      	movs	r0, #0
10002728:	bd70      	pop	{r4, r5, r6, pc}
1000272a:	46c0      	nop			@ (mov r8, r8)
1000272c:	10008d14 	.word	0x10008d14
10002730:	1000a278 	.word	0x1000a278
10002734:	100091c0 	.word	0x100091c0
10002738:	10009254 	.word	0x10009254

1000273c <clock_configure>:
1000273c:	b5f8      	push	{r3, r4, r5, r6, r7, lr}
1000273e:	46de      	mov	lr, fp
10002740:	4657      	mov	r7, sl
10002742:	464e      	mov	r6, r9
10002744:	4645      	mov	r5, r8
10002746:	b5e0      	push	{r5, r6, r7, lr}
10002748:	0006      	movs	r6, r0
1000274a:	000f      	movs	r7, r1
1000274c:	0015      	movs	r5, r2
1000274e:	9a0a      	ldr	r2, [sp, #40]	@ 0x28
10002750:	4293      	cmp	r3, r2
10002752:	d350      	bcc.n	100027f6 <clock_configure+0xba>
10002754:	0e1a      	lsrs	r2, r3, #24
10002756:	4692      	mov	sl, r2
10002758:	021b      	lsls	r3, r3, #8
1000275a:	4698      	mov	r8, r3
1000275c:	9a0a      	ldr	r2, [sp, #40]	@ 0x28
1000275e:	2300      	movs	r3, #0
10002760:	4640      	mov	r0, r8
10002762:	4651      	mov	r1, sl
10002764:	f001 fc4e 	bl	10004004 <__wrap___aeabi_uldivmod>
10002768:	4681      	mov	r9, r0
1000276a:	0074      	lsls	r4, r6, #1
1000276c:	19a4      	adds	r4, r4, r6
1000276e:	00a4      	lsls	r4, r4, #2
10002770:	4b2f      	ldr	r3, [pc, #188]	@ (10002830 <clock_configure+0xf4>)
10002772:	469c      	mov	ip, r3
10002774:	4464      	add	r4, ip
10002776:	6863      	ldr	r3, [r4, #4]
10002778:	4283      	cmp	r3, r0
1000277a:	d200      	bcs.n	1000277e <clock_configure+0x42>
1000277c:	6060      	str	r0, [r4, #4]
1000277e:	1f33      	subs	r3, r6, #4
10002780:	b2db      	uxtb	r3, r3
10002782:	469b      	mov	fp, r3
10002784:	2b01      	cmp	r3, #1
10002786:	d93c      	bls.n	10002802 <clock_configure+0xc6>
10002788:	23c0      	movs	r3, #192	@ 0xc0
1000278a:	019b      	lsls	r3, r3, #6
1000278c:	4323      	orrs	r3, r4
1000278e:	2280      	movs	r2, #128	@ 0x80
10002790:	0112      	lsls	r2, r2, #4
10002792:	601a      	str	r2, [r3, #0]
10002794:	4b27      	ldr	r3, [pc, #156]	@ (10002834 <clock_configure+0xf8>)
10002796:	00b2      	lsls	r2, r6, #2
10002798:	58d1      	ldr	r1, [r2, r3]
1000279a:	2900      	cmp	r1, #0
1000279c:	d007      	beq.n	100027ae <clock_configure+0x72>
1000279e:	6958      	ldr	r0, [r3, #20]
100027a0:	f001 fbf2 	bl	10003f88 <__wrap___aeabi_uidiv>
100027a4:	3001      	adds	r0, #1
100027a6:	0043      	lsls	r3, r0, #1
100027a8:	181b      	adds	r3, r3, r0
100027aa:	3b03      	subs	r3, #3
100027ac:	d2fd      	bcs.n	100027aa <clock_configure+0x6e>
100027ae:	016d      	lsls	r5, r5, #5
100027b0:	6823      	ldr	r3, [r4, #0]
100027b2:	405d      	eors	r5, r3
100027b4:	22e0      	movs	r2, #224	@ 0xe0
100027b6:	402a      	ands	r2, r5
100027b8:	2380      	movs	r3, #128	@ 0x80
100027ba:	015b      	lsls	r3, r3, #5
100027bc:	4323      	orrs	r3, r4
100027be:	601a      	str	r2, [r3, #0]
100027c0:	465a      	mov	r2, fp
100027c2:	2a01      	cmp	r2, #1
100027c4:	d928      	bls.n	10002818 <clock_configure+0xdc>
100027c6:	2380      	movs	r3, #128	@ 0x80
100027c8:	019b      	lsls	r3, r3, #6
100027ca:	4323      	orrs	r3, r4
100027cc:	2280      	movs	r2, #128	@ 0x80
100027ce:	0112      	lsls	r2, r2, #4
100027d0:	601a      	str	r2, [r3, #0]
100027d2:	464b      	mov	r3, r9
100027d4:	6063      	str	r3, [r4, #4]
100027d6:	464a      	mov	r2, r9
100027d8:	2300      	movs	r3, #0
100027da:	4640      	mov	r0, r8
100027dc:	4651      	mov	r1, sl
100027de:	f001 fc11 	bl	10004004 <__wrap___aeabi_uldivmod>
100027e2:	4b14      	ldr	r3, [pc, #80]	@ (10002834 <clock_configure+0xf8>)
100027e4:	00b6      	lsls	r6, r6, #2
100027e6:	5198      	str	r0, [r3, r6]
100027e8:	2001      	movs	r0, #1
100027ea:	bcf0      	pop	{r4, r5, r6, r7}
100027ec:	46bb      	mov	fp, r7
100027ee:	46b2      	mov	sl, r6
100027f0:	46a9      	mov	r9, r5
100027f2:	46a0      	mov	r8, r4
100027f4:	bdf8      	pop	{r3, r4, r5, r6, r7, pc}
100027f6:	4b10      	ldr	r3, [pc, #64]	@ (10002838 <clock_configure+0xfc>)
100027f8:	4a10      	ldr	r2, [pc, #64]	@ (1000283c <clock_configure+0x100>)
100027fa:	4811      	ldr	r0, [pc, #68]	@ (10002840 <clock_configure+0x104>)
100027fc:	2133      	movs	r1, #51	@ 0x33
100027fe:	f000 f9c3 	bl	10002b88 <__assert_func>
10002802:	2f01      	cmp	r7, #1
10002804:	d1c0      	bne.n	10002788 <clock_configure+0x4c>
10002806:	23c0      	movs	r3, #192	@ 0xc0
10002808:	019b      	lsls	r3, r3, #6
1000280a:	4323      	orrs	r3, r4
1000280c:	2203      	movs	r2, #3
1000280e:	601a      	str	r2, [r3, #0]
10002810:	68a3      	ldr	r3, [r4, #8]
10002812:	07db      	lsls	r3, r3, #31
10002814:	d5fc      	bpl.n	10002810 <clock_configure+0xd4>
10002816:	e7ca      	b.n	100027ae <clock_configure+0x72>
10002818:	6821      	ldr	r1, [r4, #0]
1000281a:	4079      	eors	r1, r7
1000281c:	2203      	movs	r2, #3
1000281e:	400a      	ands	r2, r1
10002820:	601a      	str	r2, [r3, #0]
10002822:	68a3      	ldr	r3, [r4, #8]
10002824:	2501      	movs	r5, #1
10002826:	40bd      	lsls	r5, r7
10002828:	421d      	tst	r5, r3
1000282a:	d0fa      	beq.n	10002822 <clock_configure+0xe6>
1000282c:	e7cb      	b.n	100027c6 <clock_configure+0x8a>
1000282e:	46c0      	nop			@ (mov r8, r8)
10002830:	40008000 	.word	0x40008000
10002834:	20001534 	.word	0x20001534
10002838:	10009274 	.word	0x10009274
1000283c:	1000a2c4 	.word	0x1000a2c4
10002840:	10009288 	.word	0x10009288

10002844 <clocks_init>:
10002844:	b530      	push	{r4, r5, lr}
10002846:	b083      	sub	sp, #12
10002848:	200c      	movs	r0, #12
1000284a:	f000 f911 	bl	10002a70 <watchdog_start_tick>
1000284e:	f7fe fa97 	bl	10000d80 <running_on_fpga>
10002852:	2800      	cmp	r0, #0
10002854:	d00d      	beq.n	10002872 <clocks_init+0x2e>
10002856:	2300      	movs	r3, #0
10002858:	e004      	b.n	10002864 <clocks_init+0x20>
1000285a:	4a2e      	ldr	r2, [pc, #184]	@ (10002914 <clocks_init+0xd0>)
1000285c:	0099      	lsls	r1, r3, #2
1000285e:	482e      	ldr	r0, [pc, #184]	@ (10002918 <clocks_init+0xd4>)
10002860:	5088      	str	r0, [r1, r2]
10002862:	3301      	adds	r3, #1
10002864:	2b09      	cmp	r3, #9
10002866:	d9f8      	bls.n	1000285a <clocks_init+0x16>
10002868:	4b2a      	ldr	r3, [pc, #168]	@ (10002914 <clocks_init+0xd0>)
1000286a:	4a2c      	ldr	r2, [pc, #176]	@ (1000291c <clocks_init+0xd8>)
1000286c:	625a      	str	r2, [r3, #36]	@ 0x24
1000286e:	b003      	add	sp, #12
10002870:	bd30      	pop	{r4, r5, pc}
10002872:	4b2b      	ldr	r3, [pc, #172]	@ (10002920 <clocks_init+0xdc>)
10002874:	2200      	movs	r2, #0
10002876:	679a      	str	r2, [r3, #120]	@ 0x78
10002878:	f000 f96c 	bl	10002b54 <xosc_init>
1000287c:	4b29      	ldr	r3, [pc, #164]	@ (10002924 <clocks_init+0xe0>)
1000287e:	2201      	movs	r2, #1
10002880:	601a      	str	r2, [r3, #0]
10002882:	4b27      	ldr	r3, [pc, #156]	@ (10002920 <clocks_init+0xdc>)
10002884:	6c5b      	ldr	r3, [r3, #68]	@ 0x44
10002886:	2b01      	cmp	r3, #1
10002888:	d1fb      	bne.n	10002882 <clocks_init+0x3e>
1000288a:	4b27      	ldr	r3, [pc, #156]	@ (10002928 <clocks_init+0xe4>)
1000288c:	2203      	movs	r2, #3
1000288e:	601a      	str	r2, [r3, #0]
10002890:	4b23      	ldr	r3, [pc, #140]	@ (10002920 <clocks_init+0xdc>)
10002892:	6b9b      	ldr	r3, [r3, #56]	@ 0x38
10002894:	2b01      	cmp	r3, #1
10002896:	d1fb      	bne.n	10002890 <clocks_init+0x4c>
10002898:	3301      	adds	r3, #1
1000289a:	9300      	str	r3, [sp, #0]
1000289c:	3304      	adds	r3, #4
1000289e:	4a23      	ldr	r2, [pc, #140]	@ (1000292c <clocks_init+0xe8>)
100028a0:	2101      	movs	r1, #1
100028a2:	4823      	ldr	r0, [pc, #140]	@ (10002930 <clocks_init+0xec>)
100028a4:	f000 f854 	bl	10002950 <pll_init>
100028a8:	2305      	movs	r3, #5
100028aa:	9300      	str	r3, [sp, #0]
100028ac:	4a21      	ldr	r2, [pc, #132]	@ (10002934 <clocks_init+0xf0>)
100028ae:	2101      	movs	r1, #1
100028b0:	4821      	ldr	r0, [pc, #132]	@ (10002938 <clocks_init+0xf4>)
100028b2:	f000 f84d 	bl	10002950 <pll_init>
100028b6:	4b21      	ldr	r3, [pc, #132]	@ (1000293c <clocks_init+0xf8>)
100028b8:	9300      	str	r3, [sp, #0]
100028ba:	2200      	movs	r2, #0
100028bc:	2102      	movs	r1, #2
100028be:	2004      	movs	r0, #4
100028c0:	f7ff ff3c 	bl	1000273c <clock_configure>
100028c4:	4d1e      	ldr	r5, [pc, #120]	@ (10002940 <clocks_init+0xfc>)
100028c6:	9500      	str	r5, [sp, #0]
100028c8:	002b      	movs	r3, r5
100028ca:	2200      	movs	r2, #0
100028cc:	2101      	movs	r1, #1
100028ce:	2005      	movs	r0, #5
100028d0:	f7ff ff34 	bl	1000273c <clock_configure>
100028d4:	4c10      	ldr	r4, [pc, #64]	@ (10002918 <clocks_init+0xd4>)
100028d6:	9400      	str	r4, [sp, #0]
100028d8:	0023      	movs	r3, r4
100028da:	2200      	movs	r2, #0
100028dc:	2100      	movs	r1, #0
100028de:	2007      	movs	r0, #7
100028e0:	f7ff ff2c 	bl	1000273c <clock_configure>
100028e4:	9400      	str	r4, [sp, #0]
100028e6:	0023      	movs	r3, r4
100028e8:	2200      	movs	r2, #0
100028ea:	2100      	movs	r1, #0
100028ec:	2008      	movs	r0, #8
100028ee:	f7ff ff25 	bl	1000273c <clock_configure>
100028f2:	4b0a      	ldr	r3, [pc, #40]	@ (1000291c <clocks_init+0xd8>)
100028f4:	9300      	str	r3, [sp, #0]
100028f6:	0023      	movs	r3, r4
100028f8:	2200      	movs	r2, #0
100028fa:	2100      	movs	r1, #0
100028fc:	2009      	movs	r0, #9
100028fe:	f7ff ff1d 	bl	1000273c <clock_configure>
10002902:	9500      	str	r5, [sp, #0]
10002904:	002b      	movs	r3, r5
10002906:	2200      	movs	r2, #0
10002908:	2100      	movs	r1, #0
1000290a:	2006      	movs	r0, #6
1000290c:	f7ff ff16 	bl	1000273c <clock_configure>
10002910:	e7ad      	b.n	1000286e <clocks_init+0x2a>
10002912:	46c0      	nop			@ (mov r8, r8)
10002914:	20001534 	.word	0x20001534
10002918:	02dc6c00 	.word	0x02dc6c00
1000291c:	0000b71b 	.word	0x0000b71b
10002920:	40008000 	.word	0x40008000
10002924:	4000b03c 	.word	0x4000b03c
10002928:	4000b030 	.word	0x4000b030
1000292c:	59682f00 	.word	0x59682f00
10002930:	40028000 	.word	0x40028000
10002934:	47868c00 	.word	0x47868c00
10002938:	4002c000 	.word	0x4002c000
1000293c:	00b71b00 	.word	0x00b71b00
10002940:	07735940 	.word	0x07735940

10002944 <clock_get_hz>:
10002944:	4b01      	ldr	r3, [pc, #4]	@ (1000294c <clock_get_hz+0x8>)
10002946:	0080      	lsls	r0, r0, #2
10002948:	58c0      	ldr	r0, [r0, r3]
1000294a:	4770      	bx	lr
1000294c:	20001534 	.word	0x20001534

10002950 <pll_init>:
10002950:	b5f0      	push	{r4, r5, r6, r7, lr}
10002952:	46c6      	mov	lr, r8
10002954:	b500      	push	{lr}
10002956:	0004      	movs	r4, r0
10002958:	000e      	movs	r6, r1
1000295a:	0017      	movs	r7, r2
1000295c:	001d      	movs	r5, r3
1000295e:	4837      	ldr	r0, [pc, #220]	@ (10002a3c <pll_init+0xec>)
10002960:	f001 fb12 	bl	10003f88 <__wrap___aeabi_uidiv>
10002964:	4680      	mov	r8, r0
10002966:	4b36      	ldr	r3, [pc, #216]	@ (10002a40 <pll_init+0xf0>)
10002968:	18fa      	adds	r2, r7, r3
1000296a:	4b36      	ldr	r3, [pc, #216]	@ (10002a44 <pll_init+0xf4>)
1000296c:	429a      	cmp	r2, r3
1000296e:	d839      	bhi.n	100029e4 <pll_init+0x94>
10002970:	0001      	movs	r1, r0
10002972:	0038      	movs	r0, r7
10002974:	f001 fb08 	bl	10003f88 <__wrap___aeabi_uidiv>
10002978:	0002      	movs	r2, r0
1000297a:	3a10      	subs	r2, #16
1000297c:	2398      	movs	r3, #152	@ 0x98
1000297e:	005b      	lsls	r3, r3, #1
10002980:	429a      	cmp	r2, r3
10002982:	d835      	bhi.n	100029f0 <pll_init+0xa0>
10002984:	1e6b      	subs	r3, r5, #1
10002986:	2b06      	cmp	r3, #6
10002988:	d838      	bhi.n	100029fc <pll_init+0xac>
1000298a:	9b06      	ldr	r3, [sp, #24]
1000298c:	3b01      	subs	r3, #1
1000298e:	2b06      	cmp	r3, #6
10002990:	d834      	bhi.n	100029fc <pll_init+0xac>
10002992:	093f      	lsrs	r7, r7, #4
10002994:	4547      	cmp	r7, r8
10002996:	d337      	bcc.n	10002a08 <pll_init+0xb8>
10002998:	042d      	lsls	r5, r5, #16
1000299a:	9b06      	ldr	r3, [sp, #24]
1000299c:	031b      	lsls	r3, r3, #12
1000299e:	431d      	orrs	r5, r3
100029a0:	6823      	ldr	r3, [r4, #0]
100029a2:	2b00      	cmp	r3, #0
100029a4:	db36      	blt.n	10002a14 <pll_init+0xc4>
100029a6:	4b28      	ldr	r3, [pc, #160]	@ (10002a48 <pll_init+0xf8>)
100029a8:	429c      	cmp	r4, r3
100029aa:	d044      	beq.n	10002a36 <pll_init+0xe6>
100029ac:	2380      	movs	r3, #128	@ 0x80
100029ae:	015b      	lsls	r3, r3, #5
100029b0:	4a26      	ldr	r2, [pc, #152]	@ (10002a4c <pll_init+0xfc>)
100029b2:	6013      	str	r3, [r2, #0]
100029b4:	4a26      	ldr	r2, [pc, #152]	@ (10002a50 <pll_init+0x100>)
100029b6:	6013      	str	r3, [r2, #0]
100029b8:	4a26      	ldr	r2, [pc, #152]	@ (10002a54 <pll_init+0x104>)
100029ba:	6892      	ldr	r2, [r2, #8]
100029bc:	0019      	movs	r1, r3
100029be:	4391      	bics	r1, r2
100029c0:	d1fa      	bne.n	100029b8 <pll_init+0x68>
100029c2:	6026      	str	r6, [r4, #0]
100029c4:	60a0      	str	r0, [r4, #8]
100029c6:	1d22      	adds	r2, r4, #4
100029c8:	23c0      	movs	r3, #192	@ 0xc0
100029ca:	019b      	lsls	r3, r3, #6
100029cc:	4313      	orrs	r3, r2
100029ce:	2221      	movs	r2, #33	@ 0x21
100029d0:	601a      	str	r2, [r3, #0]
100029d2:	6822      	ldr	r2, [r4, #0]
100029d4:	2a00      	cmp	r2, #0
100029d6:	dafc      	bge.n	100029d2 <pll_init+0x82>
100029d8:	60e5      	str	r5, [r4, #12]
100029da:	2208      	movs	r2, #8
100029dc:	601a      	str	r2, [r3, #0]
100029de:	bc80      	pop	{r7}
100029e0:	46b8      	mov	r8, r7
100029e2:	bdf0      	pop	{r4, r5, r6, r7, pc}
100029e4:	4b1c      	ldr	r3, [pc, #112]	@ (10002a58 <pll_init+0x108>)
100029e6:	4a1d      	ldr	r2, [pc, #116]	@ (10002a5c <pll_init+0x10c>)
100029e8:	481d      	ldr	r0, [pc, #116]	@ (10002a60 <pll_init+0x110>)
100029ea:	2111      	movs	r1, #17
100029ec:	f000 f8cc 	bl	10002b88 <__assert_func>
100029f0:	4b1c      	ldr	r3, [pc, #112]	@ (10002a64 <pll_init+0x114>)
100029f2:	4a1a      	ldr	r2, [pc, #104]	@ (10002a5c <pll_init+0x10c>)
100029f4:	481a      	ldr	r0, [pc, #104]	@ (10002a60 <pll_init+0x110>)
100029f6:	2119      	movs	r1, #25
100029f8:	f000 f8c6 	bl	10002b88 <__assert_func>
100029fc:	4b1a      	ldr	r3, [pc, #104]	@ (10002a68 <pll_init+0x118>)
100029fe:	4a17      	ldr	r2, [pc, #92]	@ (10002a5c <pll_init+0x10c>)
10002a00:	4817      	ldr	r0, [pc, #92]	@ (10002a60 <pll_init+0x110>)
10002a02:	211c      	movs	r1, #28
10002a04:	f000 f8c0 	bl	10002b88 <__assert_func>
10002a08:	4b18      	ldr	r3, [pc, #96]	@ (10002a6c <pll_init+0x11c>)
10002a0a:	4a14      	ldr	r2, [pc, #80]	@ (10002a5c <pll_init+0x10c>)
10002a0c:	4814      	ldr	r0, [pc, #80]	@ (10002a60 <pll_init+0x110>)
10002a0e:	2123      	movs	r1, #35	@ 0x23
10002a10:	f000 f8ba 	bl	10002b88 <__assert_func>
10002a14:	6822      	ldr	r2, [r4, #0]
10002a16:	233f      	movs	r3, #63	@ 0x3f
10002a18:	4013      	ands	r3, r2
10002a1a:	42b3      	cmp	r3, r6
10002a1c:	d1c3      	bne.n	100029a6 <pll_init+0x56>
10002a1e:	68a3      	ldr	r3, [r4, #8]
10002a20:	051b      	lsls	r3, r3, #20
10002a22:	0d1b      	lsrs	r3, r3, #20
10002a24:	4283      	cmp	r3, r0
10002a26:	d1be      	bne.n	100029a6 <pll_init+0x56>
10002a28:	68e3      	ldr	r3, [r4, #12]
10002a2a:	22ee      	movs	r2, #238	@ 0xee
10002a2c:	02d2      	lsls	r2, r2, #11
10002a2e:	4013      	ands	r3, r2
10002a30:	42ab      	cmp	r3, r5
10002a32:	d1b8      	bne.n	100029a6 <pll_init+0x56>
10002a34:	e7d3      	b.n	100029de <pll_init+0x8e>
10002a36:	2380      	movs	r3, #128	@ 0x80
10002a38:	019b      	lsls	r3, r3, #6
10002a3a:	e7b9      	b.n	100029b0 <pll_init+0x60>
10002a3c:	00b71b00 	.word	0x00b71b00
10002a40:	d34be880 	.word	0xd34be880
10002a44:	32a9f880 	.word	0x32a9f880
10002a48:	4002c000 	.word	0x4002c000
10002a4c:	4000e000 	.word	0x4000e000
10002a50:	4000f000 	.word	0x4000f000
10002a54:	4000c000 	.word	0x4000c000
10002a58:	100092dc 	.word	0x100092dc
10002a5c:	1000a2d4 	.word	0x1000a2d4
10002a60:	1000933c 	.word	0x1000933c
10002a64:	10009388 	.word	0x10009388
10002a68:	100093a4 	.word	0x100093a4
10002a6c:	100093f0 	.word	0x100093f0

10002a70 <watchdog_start_tick>:
10002a70:	2380      	movs	r3, #128	@ 0x80
10002a72:	009b      	lsls	r3, r3, #2
10002a74:	4303      	orrs	r3, r0
10002a76:	4a01      	ldr	r2, [pc, #4]	@ (10002a7c <watchdog_start_tick+0xc>)
10002a78:	62d3      	str	r3, [r2, #44]	@ 0x2c
10002a7a:	4770      	bx	lr
10002a7c:	40058000 	.word	0x40058000

10002a80 <watchdog_update>:
10002a80:	4b02      	ldr	r3, [pc, #8]	@ (10002a8c <watchdog_update+0xc>)
10002a82:	681a      	ldr	r2, [r3, #0]
10002a84:	4b02      	ldr	r3, [pc, #8]	@ (10002a90 <watchdog_update+0x10>)
10002a86:	605a      	str	r2, [r3, #4]
10002a88:	4770      	bx	lr
10002a8a:	46c0      	nop			@ (mov r8, r8)
10002a8c:	200024e8 	.word	0x200024e8
10002a90:	40058000 	.word	0x40058000

10002a94 <_watchdog_enable>:
10002a94:	b510      	push	{r4, lr}
10002a96:	4b17      	ldr	r3, [pc, #92]	@ (10002af4 <_watchdog_enable+0x60>)
10002a98:	2280      	movs	r2, #128	@ 0x80
10002a9a:	05d2      	lsls	r2, r2, #23
10002a9c:	601a      	str	r2, [r3, #0]
10002a9e:	4b16      	ldr	r3, [pc, #88]	@ (10002af8 <_watchdog_enable+0x64>)
10002aa0:	4a16      	ldr	r2, [pc, #88]	@ (10002afc <_watchdog_enable+0x68>)
10002aa2:	601a      	str	r2, [r3, #0]
10002aa4:	2900      	cmp	r1, #0
10002aa6:	d00a      	beq.n	10002abe <_watchdog_enable+0x2a>
10002aa8:	4b15      	ldr	r3, [pc, #84]	@ (10002b00 <_watchdog_enable+0x6c>)
10002aaa:	22e0      	movs	r2, #224	@ 0xe0
10002aac:	04d2      	lsls	r2, r2, #19
10002aae:	601a      	str	r2, [r3, #0]
10002ab0:	2800      	cmp	r0, #0
10002ab2:	d109      	bne.n	10002ac8 <_watchdog_enable+0x34>
10002ab4:	4b12      	ldr	r3, [pc, #72]	@ (10002b00 <_watchdog_enable+0x6c>)
10002ab6:	2280      	movs	r2, #128	@ 0x80
10002ab8:	0612      	lsls	r2, r2, #24
10002aba:	601a      	str	r2, [r3, #0]
10002abc:	bd10      	pop	{r4, pc}
10002abe:	4b0d      	ldr	r3, [pc, #52]	@ (10002af4 <_watchdog_enable+0x60>)
10002ac0:	22e0      	movs	r2, #224	@ 0xe0
10002ac2:	04d2      	lsls	r2, r2, #19
10002ac4:	601a      	str	r2, [r3, #0]
10002ac6:	e7f3      	b.n	10002ab0 <_watchdog_enable+0x1c>
10002ac8:	0143      	lsls	r3, r0, #5
10002aca:	1a1b      	subs	r3, r3, r0
10002acc:	009b      	lsls	r3, r3, #2
10002ace:	1818      	adds	r0, r3, r0
10002ad0:	0100      	lsls	r0, r0, #4
10002ad2:	4b0c      	ldr	r3, [pc, #48]	@ (10002b04 <_watchdog_enable+0x70>)
10002ad4:	6018      	str	r0, [r3, #0]
10002ad6:	2380      	movs	r3, #128	@ 0x80
10002ad8:	045b      	lsls	r3, r3, #17
10002ada:	4298      	cmp	r0, r3
10002adc:	d302      	bcc.n	10002ae4 <_watchdog_enable+0x50>
10002ade:	4b09      	ldr	r3, [pc, #36]	@ (10002b04 <_watchdog_enable+0x70>)
10002ae0:	4a09      	ldr	r2, [pc, #36]	@ (10002b08 <_watchdog_enable+0x74>)
10002ae2:	601a      	str	r2, [r3, #0]
10002ae4:	f7ff ffcc 	bl	10002a80 <watchdog_update>
10002ae8:	4b05      	ldr	r3, [pc, #20]	@ (10002b00 <_watchdog_enable+0x6c>)
10002aea:	2280      	movs	r2, #128	@ 0x80
10002aec:	05d2      	lsls	r2, r2, #23
10002aee:	601a      	str	r2, [r3, #0]
10002af0:	e7e4      	b.n	10002abc <_watchdog_enable+0x28>
10002af2:	46c0      	nop			@ (mov r8, r8)
10002af4:	4005b000 	.word	0x4005b000
10002af8:	40012008 	.word	0x40012008
10002afc:	0001fffc 	.word	0x0001fffc
10002b00:	4005a000 	.word	0x4005a000
10002b04:	200024e8 	.word	0x200024e8
10002b08:	00ffffff 	.word	0x00ffffff

10002b0c <watchdog_reboot>:
10002b0c:	b510      	push	{r4, lr}
10002b0e:	0003      	movs	r3, r0
10002b10:	0010      	movs	r0, r2
10002b12:	4a0c      	ldr	r2, [pc, #48]	@ (10002b44 <watchdog_reboot+0x38>)
10002b14:	2480      	movs	r4, #128	@ 0x80
10002b16:	05e4      	lsls	r4, r4, #23
10002b18:	6014      	str	r4, [r2, #0]
10002b1a:	2b00      	cmp	r3, #0
10002b1c:	d00d      	beq.n	10002b3a <watchdog_reboot+0x2e>
10002b1e:	2201      	movs	r2, #1
10002b20:	4313      	orrs	r3, r2
10002b22:	4a09      	ldr	r2, [pc, #36]	@ (10002b48 <watchdog_reboot+0x3c>)
10002b24:	4c09      	ldr	r4, [pc, #36]	@ (10002b4c <watchdog_reboot+0x40>)
10002b26:	61d4      	str	r4, [r2, #28]
10002b28:	4c09      	ldr	r4, [pc, #36]	@ (10002b50 <watchdog_reboot+0x44>)
10002b2a:	405c      	eors	r4, r3
10002b2c:	6214      	str	r4, [r2, #32]
10002b2e:	6251      	str	r1, [r2, #36]	@ 0x24
10002b30:	6293      	str	r3, [r2, #40]	@ 0x28
10002b32:	2100      	movs	r1, #0
10002b34:	f7ff ffae 	bl	10002a94 <_watchdog_enable>
10002b38:	bd10      	pop	{r4, pc}
10002b3a:	4b03      	ldr	r3, [pc, #12]	@ (10002b48 <watchdog_reboot+0x3c>)
10002b3c:	2200      	movs	r2, #0
10002b3e:	61da      	str	r2, [r3, #28]
10002b40:	e7f7      	b.n	10002b32 <watchdog_reboot+0x26>
10002b42:	46c0      	nop			@ (mov r8, r8)
10002b44:	4005b000 	.word	0x4005b000
10002b48:	40058000 	.word	0x40058000
10002b4c:	b007c0d3 	.word	0xb007c0d3
10002b50:	4ff83f2d 	.word	0x4ff83f2d

10002b54 <xosc_init>:
10002b54:	4b06      	ldr	r3, [pc, #24]	@ (10002b70 <xosc_init+0x1c>)
10002b56:	22aa      	movs	r2, #170	@ 0xaa
10002b58:	0112      	lsls	r2, r2, #4
10002b5a:	601a      	str	r2, [r3, #0]
10002b5c:	222f      	movs	r2, #47	@ 0x2f
10002b5e:	60da      	str	r2, [r3, #12]
10002b60:	4b04      	ldr	r3, [pc, #16]	@ (10002b74 <xosc_init+0x20>)
10002b62:	4a05      	ldr	r2, [pc, #20]	@ (10002b78 <xosc_init+0x24>)
10002b64:	601a      	str	r2, [r3, #0]
10002b66:	4b02      	ldr	r3, [pc, #8]	@ (10002b70 <xosc_init+0x1c>)
10002b68:	685b      	ldr	r3, [r3, #4]
10002b6a:	2b00      	cmp	r3, #0
10002b6c:	dafb      	bge.n	10002b66 <xosc_init+0x12>
10002b6e:	4770      	bx	lr
10002b70:	40024000 	.word	0x40024000
10002b74:	40026000 	.word	0x40026000
10002b78:	00fab000 	.word	0x00fab000

10002b7c <_exit>:
10002b7c:	be00      	bkpt	0x0000
10002b7e:	e7fd      	b.n	10002b7c <_exit>

10002b80 <exit>:
10002b80:	b510      	push	{r4, lr}
10002b82:	f7ff fffb 	bl	10002b7c <_exit>
	...

10002b88 <__assert_func>:
10002b88:	b530      	push	{r4, r5, lr}
10002b8a:	b083      	sub	sp, #12
10002b8c:	000d      	movs	r5, r1
10002b8e:	0019      	movs	r1, r3
10002b90:	2a00      	cmp	r2, #0
10002b92:	d00b      	beq.n	10002bac <__assert_func+0x24>
10002b94:	4b07      	ldr	r3, [pc, #28]	@ (10002bb4 <__assert_func+0x2c>)
10002b96:	4c08      	ldr	r4, [pc, #32]	@ (10002bb8 <__assert_func+0x30>)
10002b98:	9201      	str	r2, [sp, #4]
10002b9a:	9300      	str	r3, [sp, #0]
10002b9c:	002b      	movs	r3, r5
10002b9e:	0002      	movs	r2, r0
10002ba0:	0020      	movs	r0, r4
10002ba2:	f001 ffdd 	bl	10004b60 <__wrap_printf>
10002ba6:	2001      	movs	r0, #1
10002ba8:	f7ff ffe8 	bl	10002b7c <_exit>
10002bac:	4b03      	ldr	r3, [pc, #12]	@ (10002bbc <__assert_func+0x34>)
10002bae:	001a      	movs	r2, r3
10002bb0:	e7f1      	b.n	10002b96 <__assert_func+0xe>
10002bb2:	46c0      	nop			@ (mov r8, r8)
10002bb4:	1000940c 	.word	0x1000940c
10002bb8:	1000941c 	.word	0x1000941c
10002bbc:	10008984 	.word	0x10008984

10002bc0 <runtime_init>:
10002bc0:	b570      	push	{r4, r5, r6, lr}
10002bc2:	4b2b      	ldr	r3, [pc, #172]	@ (10002c70 <runtime_init+0xb0>)
10002bc4:	4a2b      	ldr	r2, [pc, #172]	@ (10002c74 <runtime_init+0xb4>)
10002bc6:	601a      	str	r2, [r3, #0]
10002bc8:	4b2b      	ldr	r3, [pc, #172]	@ (10002c78 <runtime_init+0xb8>)
10002bca:	4a2c      	ldr	r2, [pc, #176]	@ (10002c7c <runtime_init+0xbc>)
10002bcc:	601a      	str	r2, [r3, #0]
10002bce:	4b2c      	ldr	r3, [pc, #176]	@ (10002c80 <runtime_init+0xc0>)
10002bd0:	689a      	ldr	r2, [r3, #8]
10002bd2:	4b2a      	ldr	r3, [pc, #168]	@ (10002c7c <runtime_init+0xbc>)
10002bd4:	4393      	bics	r3, r2
10002bd6:	d1fa      	bne.n	10002bce <runtime_init+0xe>
10002bd8:	4c2a      	ldr	r4, [pc, #168]	@ (10002c84 <runtime_init+0xc4>)
10002bda:	e001      	b.n	10002be0 <runtime_init+0x20>
10002bdc:	cc08      	ldmia	r4!, {r3}
10002bde:	4798      	blx	r3
10002be0:	4b29      	ldr	r3, [pc, #164]	@ (10002c88 <runtime_init+0xc8>)
10002be2:	429c      	cmp	r4, r3
10002be4:	d3fa      	bcc.n	10002bdc <runtime_init+0x1c>
10002be6:	f7ff fe2d 	bl	10002844 <clocks_init>
10002bea:	4b23      	ldr	r3, [pc, #140]	@ (10002c78 <runtime_init+0xb8>)
10002bec:	4a27      	ldr	r2, [pc, #156]	@ (10002c8c <runtime_init+0xcc>)
10002bee:	601a      	str	r2, [r3, #0]
10002bf0:	4b23      	ldr	r3, [pc, #140]	@ (10002c80 <runtime_init+0xc0>)
10002bf2:	689b      	ldr	r3, [r3, #8]
10002bf4:	43db      	mvns	r3, r3
10002bf6:	01db      	lsls	r3, r3, #7
10002bf8:	d1fa      	bne.n	10002bf0 <runtime_init+0x30>
10002bfa:	4b25      	ldr	r3, [pc, #148]	@ (10002c90 <runtime_init+0xd0>)
10002bfc:	2240      	movs	r2, #64	@ 0x40
10002bfe:	679a      	str	r2, [r3, #120]	@ 0x78
10002c00:	675a      	str	r2, [r3, #116]	@ 0x74
10002c02:	671a      	str	r2, [r3, #112]	@ 0x70
10002c04:	66da      	str	r2, [r3, #108]	@ 0x6c
10002c06:	4c23      	ldr	r4, [pc, #140]	@ (10002c94 <runtime_init+0xd4>)
10002c08:	e009      	b.n	10002c1e <runtime_init+0x5e>
10002c0a:	4b23      	ldr	r3, [pc, #140]	@ (10002c98 <runtime_init+0xd8>)
10002c0c:	4a23      	ldr	r2, [pc, #140]	@ (10002c9c <runtime_init+0xdc>)
10002c0e:	4824      	ldr	r0, [pc, #144]	@ (10002ca0 <runtime_init+0xe0>)
10002c10:	2187      	movs	r1, #135	@ 0x87
10002c12:	f7ff ffb9 	bl	10002b88 <__assert_func>
10002c16:	0020      	movs	r0, r4
10002c18:	f7fe fd3d 	bl	10001696 <mutex_init>
10002c1c:	3408      	adds	r4, #8
10002c1e:	4b21      	ldr	r3, [pc, #132]	@ (10002ca4 <runtime_init+0xe4>)
10002c20:	429c      	cmp	r4, r3
10002c22:	d209      	bcs.n	10002c38 <runtime_init+0x78>
10002c24:	6823      	ldr	r3, [r4, #0]
10002c26:	2b00      	cmp	r3, #0
10002c28:	d0f5      	beq.n	10002c16 <runtime_init+0x56>
10002c2a:	2b01      	cmp	r3, #1
10002c2c:	d1ed      	bne.n	10002c0a <runtime_init+0x4a>
10002c2e:	0020      	movs	r0, r4
10002c30:	f7fe fd3e 	bl	100016b0 <recursive_mutex_init>
10002c34:	3408      	adds	r4, #8
10002c36:	e7f2      	b.n	10002c1e <runtime_init+0x5e>
10002c38:	4d1b      	ldr	r5, [pc, #108]	@ (10002ca8 <runtime_init+0xe8>)
10002c3a:	68a9      	ldr	r1, [r5, #8]
10002c3c:	4c1b      	ldr	r4, [pc, #108]	@ (10002cac <runtime_init+0xec>)
10002c3e:	22c0      	movs	r2, #192	@ 0xc0
10002c40:	0020      	movs	r0, r4
10002c42:	f001 fdfd 	bl	10004840 <__wrap___aeabi_memcpy>
10002c46:	60ac      	str	r4, [r5, #8]
10002c48:	f3ef 8305 	mrs	r3, IPSR
10002c4c:	2b00      	cmp	r3, #0
10002c4e:	d000      	beq.n	10002c52 <runtime_init+0x92>
10002c50:	be00      	bkpt	0x0000
10002c52:	f7fe f917 	bl	10000e84 <spin_locks_reset>
10002c56:	f7fe fc81 	bl	1000155c <irq_init_priorities>
10002c5a:	f7ff f885 	bl	10001d68 <alarm_pool_init_default>
10002c5e:	4c14      	ldr	r4, [pc, #80]	@ (10002cb0 <runtime_init+0xf0>)
10002c60:	e001      	b.n	10002c66 <runtime_init+0xa6>
10002c62:	cc08      	ldmia	r4!, {r3}
10002c64:	4798      	blx	r3
10002c66:	4b13      	ldr	r3, [pc, #76]	@ (10002cb4 <runtime_init+0xf4>)
10002c68:	429c      	cmp	r4, r3
10002c6a:	d3fa      	bcc.n	10002c62 <runtime_init+0xa2>
10002c6c:	bd70      	pop	{r4, r5, r6, pc}
10002c6e:	46c0      	nop			@ (mov r8, r8)
10002c70:	4000e000 	.word	0x4000e000
10002c74:	fefbcdbf 	.word	0xfefbcdbf
10002c78:	4000f000 	.word	0x4000f000
10002c7c:	003c7ffe 	.word	0x003c7ffe
10002c80:	4000c000 	.word	0x4000c000
10002c84:	20000e40 	.word	0x20000e40
10002c88:	20000e50 	.word	0x20000e50
10002c8c:	01ffffff 	.word	0x01ffffff
10002c90:	4001f000 	.word	0x4001f000
10002c94:	20000e38 	.word	0x20000e38
10002c98:	1000944c 	.word	0x1000944c
10002c9c:	1000a2e0 	.word	0x1000a2e0
10002ca0:	1000946c 	.word	0x1000946c
10002ca4:	20000e40 	.word	0x20000e40
10002ca8:	e000ed00 	.word	0xe000ed00
10002cac:	20000000 	.word	0x20000000
10002cb0:	20000e50 	.word	0x20000e50
10002cb4:	20000e58 	.word	0x20000e58

10002cb8 <panic>:
10002cb8:	b40f      	push	{r0, r1, r2, r3}
10002cba:	b500      	push	{lr}
10002cbc:	b083      	sub	sp, #12
10002cbe:	4808      	ldr	r0, [pc, #32]	@ (10002ce0 <panic+0x28>)
10002cc0:	f001 ff1e 	bl	10004b00 <__wrap_puts>
10002cc4:	9b04      	ldr	r3, [sp, #16]
10002cc6:	2b00      	cmp	r3, #0
10002cc8:	d007      	beq.n	10002cda <panic+0x22>
10002cca:	a905      	add	r1, sp, #20
10002ccc:	9101      	str	r1, [sp, #4]
10002cce:	0018      	movs	r0, r3
10002cd0:	f001 ff26 	bl	10004b20 <__wrap_vprintf>
10002cd4:	4803      	ldr	r0, [pc, #12]	@ (10002ce4 <panic+0x2c>)
10002cd6:	f001 ff13 	bl	10004b00 <__wrap_puts>
10002cda:	2001      	movs	r0, #1
10002cdc:	f7ff ff4e 	bl	10002b7c <_exit>
10002ce0:	100094bc 	.word	0x100094bc
10002ce4:	1000890c 	.word	0x1000890c

10002ce8 <_out_buffer>:
10002ce8:	429a      	cmp	r2, r3
10002cea:	d200      	bcs.n	10002cee <_out_buffer+0x6>
10002cec:	5488      	strb	r0, [r1, r2]
10002cee:	4770      	bx	lr

10002cf0 <_out_null>:
10002cf0:	4770      	bx	lr

10002cf2 <_out_fct>:
10002cf2:	b510      	push	{r4, lr}
10002cf4:	2800      	cmp	r0, #0
10002cf6:	d002      	beq.n	10002cfe <_out_fct+0xc>
10002cf8:	680b      	ldr	r3, [r1, #0]
10002cfa:	6849      	ldr	r1, [r1, #4]
10002cfc:	4798      	blx	r3
10002cfe:	bd10      	pop	{r4, pc}

10002d00 <_atoi>:
10002d00:	0001      	movs	r1, r0
10002d02:	2000      	movs	r0, #0
10002d04:	e007      	b.n	10002d16 <_atoi+0x16>
10002d06:	0083      	lsls	r3, r0, #2
10002d08:	181b      	adds	r3, r3, r0
10002d0a:	005b      	lsls	r3, r3, #1
10002d0c:	1c50      	adds	r0, r2, #1
10002d0e:	6008      	str	r0, [r1, #0]
10002d10:	7810      	ldrb	r0, [r2, #0]
10002d12:	18c0      	adds	r0, r0, r3
10002d14:	3830      	subs	r0, #48	@ 0x30
10002d16:	680a      	ldr	r2, [r1, #0]
10002d18:	7813      	ldrb	r3, [r2, #0]
10002d1a:	3b30      	subs	r3, #48	@ 0x30
10002d1c:	b2db      	uxtb	r3, r3
10002d1e:	2b09      	cmp	r3, #9
10002d20:	d9f1      	bls.n	10002d06 <_atoi+0x6>
10002d22:	4770      	bx	lr

10002d24 <_out_rev>:
10002d24:	b5f0      	push	{r4, r5, r6, r7, lr}
10002d26:	46de      	mov	lr, fp
10002d28:	4657      	mov	r7, sl
10002d2a:	464e      	mov	r6, r9
10002d2c:	4645      	mov	r5, r8
10002d2e:	b5e0      	push	{r5, r6, r7, lr}
10002d30:	b083      	sub	sp, #12
10002d32:	4693      	mov	fp, r2
10002d34:	001f      	movs	r7, r3
10002d36:	9b0c      	ldr	r3, [sp, #48]	@ 0x30
10002d38:	469a      	mov	sl, r3
10002d3a:	9c0d      	ldr	r4, [sp, #52]	@ 0x34
10002d3c:	9b0e      	ldr	r3, [sp, #56]	@ 0x38
10002d3e:	4699      	mov	r9, r3
10002d40:	9b0f      	ldr	r3, [sp, #60]	@ 0x3c
10002d42:	079b      	lsls	r3, r3, #30
10002d44:	d003      	beq.n	10002d4e <_out_rev+0x2a>
10002d46:	46b8      	mov	r8, r7
10002d48:	000f      	movs	r7, r1
10002d4a:	0006      	movs	r6, r0
10002d4c:	e022      	b.n	10002d94 <_out_rev+0x70>
10002d4e:	9201      	str	r2, [sp, #4]
10002d50:	46a3      	mov	fp, r4
10002d52:	4688      	mov	r8, r1
10002d54:	464e      	mov	r6, r9
10002d56:	46b9      	mov	r9, r7
10002d58:	0007      	movs	r7, r0
10002d5a:	42b4      	cmp	r4, r6
10002d5c:	d207      	bcs.n	10002d6e <_out_rev+0x4a>
10002d5e:	1c55      	adds	r5, r2, #1
10002d60:	464b      	mov	r3, r9
10002d62:	4641      	mov	r1, r8
10002d64:	2020      	movs	r0, #32
10002d66:	47b8      	blx	r7
10002d68:	3401      	adds	r4, #1
10002d6a:	002a      	movs	r2, r5
10002d6c:	e7f5      	b.n	10002d5a <_out_rev+0x36>
10002d6e:	003d      	movs	r5, r7
10002d70:	464f      	mov	r7, r9
10002d72:	465c      	mov	r4, fp
10002d74:	9b01      	ldr	r3, [sp, #4]
10002d76:	469b      	mov	fp, r3
10002d78:	46b1      	mov	r9, r6
10002d7a:	4646      	mov	r6, r8
10002d7c:	46b8      	mov	r8, r7
10002d7e:	0037      	movs	r7, r6
10002d80:	002e      	movs	r6, r5
10002d82:	e007      	b.n	10002d94 <_out_rev+0x70>
10002d84:	3c01      	subs	r4, #1
10002d86:	1c55      	adds	r5, r2, #1
10002d88:	4653      	mov	r3, sl
10002d8a:	5d18      	ldrb	r0, [r3, r4]
10002d8c:	4643      	mov	r3, r8
10002d8e:	0039      	movs	r1, r7
10002d90:	47b0      	blx	r6
10002d92:	002a      	movs	r2, r5
10002d94:	2c00      	cmp	r4, #0
10002d96:	d1f5      	bne.n	10002d84 <_out_rev+0x60>
10002d98:	0035      	movs	r5, r6
10002d9a:	003e      	movs	r6, r7
10002d9c:	4647      	mov	r7, r8
10002d9e:	9b0f      	ldr	r3, [sp, #60]	@ 0x3c
10002da0:	079b      	lsls	r3, r3, #30
10002da2:	d407      	bmi.n	10002db4 <_out_rev+0x90>
10002da4:	0010      	movs	r0, r2
10002da6:	b003      	add	sp, #12
10002da8:	bcf0      	pop	{r4, r5, r6, r7}
10002daa:	46bb      	mov	fp, r7
10002dac:	46b2      	mov	sl, r6
10002dae:	46a9      	mov	r9, r5
10002db0:	46a0      	mov	r8, r4
10002db2:	bdf0      	pop	{r4, r5, r6, r7, pc}
10002db4:	46b0      	mov	r8, r6
10002db6:	464e      	mov	r6, r9
10002db8:	46b9      	mov	r9, r7
10002dba:	002f      	movs	r7, r5
10002dbc:	465d      	mov	r5, fp
10002dbe:	1b53      	subs	r3, r2, r5
10002dc0:	42b3      	cmp	r3, r6
10002dc2:	d2ef      	bcs.n	10002da4 <_out_rev+0x80>
10002dc4:	1c54      	adds	r4, r2, #1
10002dc6:	464b      	mov	r3, r9
10002dc8:	4641      	mov	r1, r8
10002dca:	2020      	movs	r0, #32
10002dcc:	47b8      	blx	r7
10002dce:	0022      	movs	r2, r4
10002dd0:	e7f5      	b.n	10002dbe <_out_rev+0x9a>

10002dd2 <_ntoa_format>:
10002dd2:	b5f0      	push	{r4, r5, r6, r7, lr}
10002dd4:	46ce      	mov	lr, r9
10002dd6:	4647      	mov	r7, r8
10002dd8:	b580      	push	{r7, lr}
10002dda:	b085      	sub	sp, #20
10002ddc:	4694      	mov	ip, r2
10002dde:	4698      	mov	r8, r3
10002de0:	9d0c      	ldr	r5, [sp, #48]	@ 0x30
10002de2:	9c0d      	ldr	r4, [sp, #52]	@ 0x34
10002de4:	ab0e      	add	r3, sp, #56	@ 0x38
10002de6:	781b      	ldrb	r3, [r3, #0]
10002de8:	4699      	mov	r9, r3
10002dea:	9a10      	ldr	r2, [sp, #64]	@ 0x40
10002dec:	9b11      	ldr	r3, [sp, #68]	@ 0x44
10002dee:	9e12      	ldr	r6, [sp, #72]	@ 0x48
10002df0:	07b7      	lsls	r7, r6, #30
10002df2:	d41c      	bmi.n	10002e2e <_ntoa_format+0x5c>
10002df4:	2b00      	cmp	r3, #0
10002df6:	d00c      	beq.n	10002e12 <_ntoa_format+0x40>
10002df8:	07f7      	lsls	r7, r6, #31
10002dfa:	d50a      	bpl.n	10002e12 <_ntoa_format+0x40>
10002dfc:	464f      	mov	r7, r9
10002dfe:	2f00      	cmp	r7, #0
10002e00:	d102      	bne.n	10002e08 <_ntoa_format+0x36>
10002e02:	370c      	adds	r7, #12
10002e04:	4237      	tst	r7, r6
10002e06:	d004      	beq.n	10002e12 <_ntoa_format+0x40>
10002e08:	3b01      	subs	r3, #1
10002e0a:	e002      	b.n	10002e12 <_ntoa_format+0x40>
10002e0c:	2730      	movs	r7, #48	@ 0x30
10002e0e:	552f      	strb	r7, [r5, r4]
10002e10:	3401      	adds	r4, #1
10002e12:	4294      	cmp	r4, r2
10002e14:	d201      	bcs.n	10002e1a <_ntoa_format+0x48>
10002e16:	2c1f      	cmp	r4, #31
10002e18:	d9f8      	bls.n	10002e0c <_ntoa_format+0x3a>
10002e1a:	07f7      	lsls	r7, r6, #31
10002e1c:	d507      	bpl.n	10002e2e <_ntoa_format+0x5c>
10002e1e:	429c      	cmp	r4, r3
10002e20:	d205      	bcs.n	10002e2e <_ntoa_format+0x5c>
10002e22:	2c1f      	cmp	r4, #31
10002e24:	d803      	bhi.n	10002e2e <_ntoa_format+0x5c>
10002e26:	2730      	movs	r7, #48	@ 0x30
10002e28:	552f      	strb	r7, [r5, r4]
10002e2a:	3401      	adds	r4, #1
10002e2c:	e7f5      	b.n	10002e1a <_ntoa_format+0x48>
10002e2e:	06f7      	lsls	r7, r6, #27
10002e30:	d512      	bpl.n	10002e58 <_ntoa_format+0x86>
10002e32:	0577      	lsls	r7, r6, #21
10002e34:	d405      	bmi.n	10002e42 <_ntoa_format+0x70>
10002e36:	2c00      	cmp	r4, #0
10002e38:	d003      	beq.n	10002e42 <_ntoa_format+0x70>
10002e3a:	4294      	cmp	r4, r2
10002e3c:	d021      	beq.n	10002e82 <_ntoa_format+0xb0>
10002e3e:	429c      	cmp	r4, r3
10002e40:	d01f      	beq.n	10002e82 <_ntoa_format+0xb0>
10002e42:	9a0f      	ldr	r2, [sp, #60]	@ 0x3c
10002e44:	2a10      	cmp	r2, #16
10002e46:	d032      	beq.n	10002eae <_ntoa_format+0xdc>
10002e48:	9a0f      	ldr	r2, [sp, #60]	@ 0x3c
10002e4a:	2a02      	cmp	r2, #2
10002e4c:	d037      	beq.n	10002ebe <_ntoa_format+0xec>
10002e4e:	2c1f      	cmp	r4, #31
10002e50:	d80a      	bhi.n	10002e68 <_ntoa_format+0x96>
10002e52:	2230      	movs	r2, #48	@ 0x30
10002e54:	552a      	strb	r2, [r5, r4]
10002e56:	3401      	adds	r4, #1
10002e58:	2c1f      	cmp	r4, #31
10002e5a:	d805      	bhi.n	10002e68 <_ntoa_format+0x96>
10002e5c:	464a      	mov	r2, r9
10002e5e:	2a00      	cmp	r2, #0
10002e60:	d033      	beq.n	10002eca <_ntoa_format+0xf8>
10002e62:	222d      	movs	r2, #45	@ 0x2d
10002e64:	552a      	strb	r2, [r5, r4]
10002e66:	3401      	adds	r4, #1
10002e68:	9603      	str	r6, [sp, #12]
10002e6a:	9302      	str	r3, [sp, #8]
10002e6c:	9401      	str	r4, [sp, #4]
10002e6e:	9500      	str	r5, [sp, #0]
10002e70:	4643      	mov	r3, r8
10002e72:	4662      	mov	r2, ip
10002e74:	f7ff ff56 	bl	10002d24 <_out_rev>
10002e78:	b005      	add	sp, #20
10002e7a:	bcc0      	pop	{r6, r7}
10002e7c:	46b9      	mov	r9, r7
10002e7e:	46b0      	mov	r8, r6
10002e80:	bdf0      	pop	{r4, r5, r6, r7, pc}
10002e82:	1e62      	subs	r2, r4, #1
10002e84:	2c01      	cmp	r4, #1
10002e86:	d010      	beq.n	10002eaa <_ntoa_format+0xd8>
10002e88:	9f0f      	ldr	r7, [sp, #60]	@ 0x3c
10002e8a:	2f10      	cmp	r7, #16
10002e8c:	d00b      	beq.n	10002ea6 <_ntoa_format+0xd4>
10002e8e:	0014      	movs	r4, r2
10002e90:	9a0f      	ldr	r2, [sp, #60]	@ 0x3c
10002e92:	2a10      	cmp	r2, #16
10002e94:	d1d8      	bne.n	10002e48 <_ntoa_format+0x76>
10002e96:	06b2      	lsls	r2, r6, #26
10002e98:	d5d6      	bpl.n	10002e48 <_ntoa_format+0x76>
10002e9a:	2c1f      	cmp	r4, #31
10002e9c:	d8d4      	bhi.n	10002e48 <_ntoa_format+0x76>
10002e9e:	2258      	movs	r2, #88	@ 0x58
10002ea0:	552a      	strb	r2, [r5, r4]
10002ea2:	3401      	adds	r4, #1
10002ea4:	e7d3      	b.n	10002e4e <_ntoa_format+0x7c>
10002ea6:	3c02      	subs	r4, #2
10002ea8:	e7cb      	b.n	10002e42 <_ntoa_format+0x70>
10002eaa:	0014      	movs	r4, r2
10002eac:	e7c9      	b.n	10002e42 <_ntoa_format+0x70>
10002eae:	06b2      	lsls	r2, r6, #26
10002eb0:	d4ee      	bmi.n	10002e90 <_ntoa_format+0xbe>
10002eb2:	2c1f      	cmp	r4, #31
10002eb4:	d8ec      	bhi.n	10002e90 <_ntoa_format+0xbe>
10002eb6:	2278      	movs	r2, #120	@ 0x78
10002eb8:	552a      	strb	r2, [r5, r4]
10002eba:	3401      	adds	r4, #1
10002ebc:	e7c7      	b.n	10002e4e <_ntoa_format+0x7c>
10002ebe:	2c1f      	cmp	r4, #31
10002ec0:	d8d2      	bhi.n	10002e68 <_ntoa_format+0x96>
10002ec2:	3260      	adds	r2, #96	@ 0x60
10002ec4:	552a      	strb	r2, [r5, r4]
10002ec6:	3401      	adds	r4, #1
10002ec8:	e7c1      	b.n	10002e4e <_ntoa_format+0x7c>
10002eca:	0772      	lsls	r2, r6, #29
10002ecc:	d503      	bpl.n	10002ed6 <_ntoa_format+0x104>
10002ece:	222b      	movs	r2, #43	@ 0x2b
10002ed0:	552a      	strb	r2, [r5, r4]
10002ed2:	3401      	adds	r4, #1
10002ed4:	e7c8      	b.n	10002e68 <_ntoa_format+0x96>
10002ed6:	0732      	lsls	r2, r6, #28
10002ed8:	d5c6      	bpl.n	10002e68 <_ntoa_format+0x96>
10002eda:	2220      	movs	r2, #32
10002edc:	552a      	strb	r2, [r5, r4]
10002ede:	3401      	adds	r4, #1
10002ee0:	e7c2      	b.n	10002e68 <_ntoa_format+0x96>

10002ee2 <_ntoa_long>:
10002ee2:	b5f0      	push	{r4, r5, r6, r7, lr}
10002ee4:	46de      	mov	lr, fp
10002ee6:	4657      	mov	r7, sl
10002ee8:	464e      	mov	r6, r9
10002eea:	4645      	mov	r5, r8
10002eec:	b5e0      	push	{r5, r6, r7, lr}
10002eee:	b093      	sub	sp, #76	@ 0x4c
10002ef0:	4681      	mov	r9, r0
10002ef2:	468a      	mov	sl, r1
10002ef4:	9208      	str	r2, [sp, #32]
10002ef6:	9309      	str	r3, [sp, #36]	@ 0x24
10002ef8:	ab1c      	add	r3, sp, #112	@ 0x70
10002efa:	cb10      	ldmia	r3!, {r4}
10002efc:	781b      	ldrb	r3, [r3, #0]
10002efe:	469b      	mov	fp, r3
10002f00:	9d1e      	ldr	r5, [sp, #120]	@ 0x78
10002f02:	9b21      	ldr	r3, [sp, #132]	@ 0x84
10002f04:	4698      	mov	r8, r3
10002f06:	2c00      	cmp	r4, #0
10002f08:	d103      	bne.n	10002f12 <_ntoa_long+0x30>
10002f0a:	2310      	movs	r3, #16
10002f0c:	4642      	mov	r2, r8
10002f0e:	439a      	bics	r2, r3
10002f10:	4690      	mov	r8, r2
10002f12:	2380      	movs	r3, #128	@ 0x80
10002f14:	00db      	lsls	r3, r3, #3
10002f16:	4646      	mov	r6, r8
10002f18:	401e      	ands	r6, r3
10002f1a:	4642      	mov	r2, r8
10002f1c:	421a      	tst	r2, r3
10002f1e:	d012      	beq.n	10002f46 <_ntoa_long+0x64>
10002f20:	2c00      	cmp	r4, #0
10002f22:	d022      	beq.n	10002f6a <_ntoa_long+0x88>
10002f24:	2600      	movs	r6, #0
10002f26:	e00e      	b.n	10002f46 <_ntoa_long+0x64>
10002f28:	3330      	adds	r3, #48	@ 0x30
10002f2a:	b2d9      	uxtb	r1, r3
10002f2c:	1c77      	adds	r7, r6, #1
10002f2e:	ab0a      	add	r3, sp, #40	@ 0x28
10002f30:	5599      	strb	r1, [r3, r6]
10002f32:	0029      	movs	r1, r5
10002f34:	0020      	movs	r0, r4
10002f36:	f001 f827 	bl	10003f88 <__wrap___aeabi_uidiv>
10002f3a:	42ac      	cmp	r4, r5
10002f3c:	d316      	bcc.n	10002f6c <_ntoa_long+0x8a>
10002f3e:	2f1f      	cmp	r7, #31
10002f40:	d814      	bhi.n	10002f6c <_ntoa_long+0x8a>
10002f42:	003e      	movs	r6, r7
10002f44:	0004      	movs	r4, r0
10002f46:	0029      	movs	r1, r5
10002f48:	0020      	movs	r0, r4
10002f4a:	f001 f81d 	bl	10003f88 <__wrap___aeabi_uidiv>
10002f4e:	b2cb      	uxtb	r3, r1
10002f50:	2b09      	cmp	r3, #9
10002f52:	d9e9      	bls.n	10002f28 <_ntoa_long+0x46>
10002f54:	4642      	mov	r2, r8
10002f56:	0692      	lsls	r2, r2, #26
10002f58:	d505      	bpl.n	10002f66 <_ntoa_long+0x84>
10002f5a:	2141      	movs	r1, #65	@ 0x41
10002f5c:	18c9      	adds	r1, r1, r3
10002f5e:	b2c9      	uxtb	r1, r1
10002f60:	390a      	subs	r1, #10
10002f62:	b2c9      	uxtb	r1, r1
10002f64:	e7e2      	b.n	10002f2c <_ntoa_long+0x4a>
10002f66:	2161      	movs	r1, #97	@ 0x61
10002f68:	e7f8      	b.n	10002f5c <_ntoa_long+0x7a>
10002f6a:	0027      	movs	r7, r4
10002f6c:	4643      	mov	r3, r8
10002f6e:	9306      	str	r3, [sp, #24]
10002f70:	9b20      	ldr	r3, [sp, #128]	@ 0x80
10002f72:	9305      	str	r3, [sp, #20]
10002f74:	9b1f      	ldr	r3, [sp, #124]	@ 0x7c
10002f76:	9304      	str	r3, [sp, #16]
10002f78:	9503      	str	r5, [sp, #12]
10002f7a:	465b      	mov	r3, fp
10002f7c:	9302      	str	r3, [sp, #8]
10002f7e:	9701      	str	r7, [sp, #4]
10002f80:	ab0a      	add	r3, sp, #40	@ 0x28
10002f82:	9300      	str	r3, [sp, #0]
10002f84:	9b09      	ldr	r3, [sp, #36]	@ 0x24
10002f86:	9a08      	ldr	r2, [sp, #32]
10002f88:	4651      	mov	r1, sl
10002f8a:	4648      	mov	r0, r9
10002f8c:	f7ff ff21 	bl	10002dd2 <_ntoa_format>
10002f90:	b013      	add	sp, #76	@ 0x4c
10002f92:	bcf0      	pop	{r4, r5, r6, r7}
10002f94:	46bb      	mov	fp, r7
10002f96:	46b2      	mov	sl, r6
10002f98:	46a9      	mov	r9, r5
10002f9a:	46a0      	mov	r8, r4
10002f9c:	bdf0      	pop	{r4, r5, r6, r7, pc}

10002f9e <_ntoa_long_long>:
10002f9e:	b5f0      	push	{r4, r5, r6, r7, lr}
10002fa0:	46de      	mov	lr, fp
10002fa2:	4657      	mov	r7, sl
10002fa4:	464e      	mov	r6, r9
10002fa6:	4645      	mov	r5, r8
10002fa8:	b5e0      	push	{r5, r6, r7, lr}
10002faa:	b097      	sub	sp, #92	@ 0x5c
10002fac:	900a      	str	r0, [sp, #40]	@ 0x28
10002fae:	910b      	str	r1, [sp, #44]	@ 0x2c
10002fb0:	920c      	str	r2, [sp, #48]	@ 0x30
10002fb2:	469a      	mov	sl, r3
10002fb4:	9b20      	ldr	r3, [sp, #128]	@ 0x80
10002fb6:	4699      	mov	r9, r3
10002fb8:	9f21      	ldr	r7, [sp, #132]	@ 0x84
10002fba:	aa22      	add	r2, sp, #136	@ 0x88
10002fbc:	7813      	ldrb	r3, [r2, #0]
10002fbe:	469b      	mov	fp, r3
10002fc0:	9b24      	ldr	r3, [sp, #144]	@ 0x90
10002fc2:	9309      	str	r3, [sp, #36]	@ 0x24
10002fc4:	9c25      	ldr	r4, [sp, #148]	@ 0x94
10002fc6:	9b28      	ldr	r3, [sp, #160]	@ 0xa0
10002fc8:	4698      	mov	r8, r3
10002fca:	464a      	mov	r2, r9
10002fcc:	433a      	orrs	r2, r7
10002fce:	d102      	bne.n	10002fd6 <_ntoa_long_long+0x38>
10002fd0:	3210      	adds	r2, #16
10002fd2:	4393      	bics	r3, r2
10002fd4:	4698      	mov	r8, r3
10002fd6:	2280      	movs	r2, #128	@ 0x80
10002fd8:	00d2      	lsls	r2, r2, #3
10002fda:	4645      	mov	r5, r8
10002fdc:	4015      	ands	r5, r2
10002fde:	4643      	mov	r3, r8
10002fe0:	4213      	tst	r3, r2
10002fe2:	d00a      	beq.n	10002ffa <_ntoa_long_long+0x5c>
10002fe4:	464a      	mov	r2, r9
10002fe6:	433a      	orrs	r2, r7
10002fe8:	d041      	beq.n	1000306e <_ntoa_long_long+0xd0>
10002fea:	2500      	movs	r5, #0
10002fec:	002e      	movs	r6, r5
10002fee:	4653      	mov	r3, sl
10002ff0:	930d      	str	r3, [sp, #52]	@ 0x34
10002ff2:	464d      	mov	r5, r9
10002ff4:	9b09      	ldr	r3, [sp, #36]	@ 0x24
10002ff6:	469a      	mov	sl, r3
10002ff8:	e01b      	b.n	10003032 <_ntoa_long_long+0x94>
10002ffa:	002e      	movs	r6, r5
10002ffc:	4653      	mov	r3, sl
10002ffe:	930d      	str	r3, [sp, #52]	@ 0x34
10003000:	464d      	mov	r5, r9
10003002:	9b09      	ldr	r3, [sp, #36]	@ 0x24
10003004:	469a      	mov	sl, r3
10003006:	e014      	b.n	10003032 <_ntoa_long_long+0x94>
10003008:	3330      	adds	r3, #48	@ 0x30
1000300a:	b2da      	uxtb	r2, r3
1000300c:	1c73      	adds	r3, r6, #1
1000300e:	4699      	mov	r9, r3
10003010:	ab0e      	add	r3, sp, #56	@ 0x38
10003012:	559a      	strb	r2, [r3, r6]
10003014:	4652      	mov	r2, sl
10003016:	0023      	movs	r3, r4
10003018:	0028      	movs	r0, r5
1000301a:	0039      	movs	r1, r7
1000301c:	f000 fff2 	bl	10004004 <__wrap___aeabi_uldivmod>
10003020:	42bc      	cmp	r4, r7
10003022:	d826      	bhi.n	10003072 <_ntoa_long_long+0xd4>
10003024:	d019      	beq.n	1000305a <_ntoa_long_long+0xbc>
10003026:	464b      	mov	r3, r9
10003028:	2b1f      	cmp	r3, #31
1000302a:	d81c      	bhi.n	10003066 <_ntoa_long_long+0xc8>
1000302c:	464e      	mov	r6, r9
1000302e:	0005      	movs	r5, r0
10003030:	000f      	movs	r7, r1
10003032:	4652      	mov	r2, sl
10003034:	0023      	movs	r3, r4
10003036:	0028      	movs	r0, r5
10003038:	0039      	movs	r1, r7
1000303a:	f000 ffe3 	bl	10004004 <__wrap___aeabi_uldivmod>
1000303e:	b2d3      	uxtb	r3, r2
10003040:	2b09      	cmp	r3, #9
10003042:	d9e1      	bls.n	10003008 <_ntoa_long_long+0x6a>
10003044:	4642      	mov	r2, r8
10003046:	0692      	lsls	r2, r2, #26
10003048:	d505      	bpl.n	10003056 <_ntoa_long_long+0xb8>
1000304a:	2241      	movs	r2, #65	@ 0x41
1000304c:	18d2      	adds	r2, r2, r3
1000304e:	b2d2      	uxtb	r2, r2
10003050:	3a0a      	subs	r2, #10
10003052:	b2d2      	uxtb	r2, r2
10003054:	e7da      	b.n	1000300c <_ntoa_long_long+0x6e>
10003056:	2261      	movs	r2, #97	@ 0x61
10003058:	e7f8      	b.n	1000304c <_ntoa_long_long+0xae>
1000305a:	45aa      	cmp	sl, r5
1000305c:	d9e3      	bls.n	10003026 <_ntoa_long_long+0x88>
1000305e:	464e      	mov	r6, r9
10003060:	9b0d      	ldr	r3, [sp, #52]	@ 0x34
10003062:	469a      	mov	sl, r3
10003064:	e008      	b.n	10003078 <_ntoa_long_long+0xda>
10003066:	464e      	mov	r6, r9
10003068:	9b0d      	ldr	r3, [sp, #52]	@ 0x34
1000306a:	469a      	mov	sl, r3
1000306c:	e004      	b.n	10003078 <_ntoa_long_long+0xda>
1000306e:	2600      	movs	r6, #0
10003070:	e002      	b.n	10003078 <_ntoa_long_long+0xda>
10003072:	464e      	mov	r6, r9
10003074:	9b0d      	ldr	r3, [sp, #52]	@ 0x34
10003076:	469a      	mov	sl, r3
10003078:	4643      	mov	r3, r8
1000307a:	9306      	str	r3, [sp, #24]
1000307c:	9b27      	ldr	r3, [sp, #156]	@ 0x9c
1000307e:	9305      	str	r3, [sp, #20]
10003080:	9b26      	ldr	r3, [sp, #152]	@ 0x98
10003082:	9304      	str	r3, [sp, #16]
10003084:	9b09      	ldr	r3, [sp, #36]	@ 0x24
10003086:	9303      	str	r3, [sp, #12]
10003088:	465b      	mov	r3, fp
1000308a:	9302      	str	r3, [sp, #8]
1000308c:	9601      	str	r6, [sp, #4]
1000308e:	ab0e      	add	r3, sp, #56	@ 0x38
10003090:	9300      	str	r3, [sp, #0]
10003092:	4653      	mov	r3, sl
10003094:	9a0c      	ldr	r2, [sp, #48]	@ 0x30
10003096:	990b      	ldr	r1, [sp, #44]	@ 0x2c
10003098:	980a      	ldr	r0, [sp, #40]	@ 0x28
1000309a:	f7ff fe9a 	bl	10002dd2 <_ntoa_format>
1000309e:	b017      	add	sp, #92	@ 0x5c
100030a0:	bcf0      	pop	{r4, r5, r6, r7}
100030a2:	46bb      	mov	fp, r7
100030a4:	46b2      	mov	sl, r6
100030a6:	46a9      	mov	r9, r5
100030a8:	46a0      	mov	r8, r4
100030aa:	bdf0      	pop	{r4, r5, r6, r7, pc}

100030ac <_etoa>:
100030ac:	b5f0      	push	{r4, r5, r6, r7, lr}
100030ae:	46de      	mov	lr, fp
100030b0:	4657      	mov	r7, sl
100030b2:	464e      	mov	r6, r9
100030b4:	4645      	mov	r5, r8
100030b6:	b5e0      	push	{r5, r6, r7, lr}
100030b8:	b091      	sub	sp, #68	@ 0x44
100030ba:	4680      	mov	r8, r0
100030bc:	4689      	mov	r9, r1
100030be:	920c      	str	r2, [sp, #48]	@ 0x30
100030c0:	469a      	mov	sl, r3
100030c2:	9c1a      	ldr	r4, [sp, #104]	@ 0x68
100030c4:	9d1b      	ldr	r5, [sp, #108]	@ 0x6c
100030c6:	0022      	movs	r2, r4
100030c8:	002b      	movs	r3, r5
100030ca:	0020      	movs	r0, r4
100030cc:	0029      	movs	r1, r5
100030ce:	f001 fa14 	bl	100044fa <__wrap___aeabi_dcmpun>
100030d2:	2800      	cmp	r0, #0
100030d4:	d000      	beq.n	100030d8 <_etoa+0x2c>
100030d6:	e0ec      	b.n	100032b2 <_etoa+0x206>
100030d8:	2201      	movs	r2, #1
100030da:	4252      	negs	r2, r2
100030dc:	4bd4      	ldr	r3, [pc, #848]	@ (10003430 <_etoa+0x384>)
100030de:	0020      	movs	r0, r4
100030e0:	0029      	movs	r1, r5
100030e2:	f001 fa05 	bl	100044f0 <__wrap___aeabi_dcmpgt>
100030e6:	2800      	cmp	r0, #0
100030e8:	d000      	beq.n	100030ec <_etoa+0x40>
100030ea:	e0e2      	b.n	100032b2 <_etoa+0x206>
100030ec:	2201      	movs	r2, #1
100030ee:	4252      	negs	r2, r2
100030f0:	4bd0      	ldr	r3, [pc, #832]	@ (10003434 <_etoa+0x388>)
100030f2:	0020      	movs	r0, r4
100030f4:	0029      	movs	r1, r5
100030f6:	f001 f9e5 	bl	100044c4 <__wrap___aeabi_dcmplt>
100030fa:	2800      	cmp	r0, #0
100030fc:	d000      	beq.n	10003100 <_etoa+0x54>
100030fe:	e0d8      	b.n	100032b2 <_etoa+0x206>
10003100:	2200      	movs	r2, #0
10003102:	2300      	movs	r3, #0
10003104:	0020      	movs	r0, r4
10003106:	0029      	movs	r1, r5
10003108:	f001 f9dc 	bl	100044c4 <__wrap___aeabi_dcmplt>
1000310c:	2800      	cmp	r0, #0
1000310e:	d000      	beq.n	10003112 <_etoa+0x66>
10003110:	e0e4      	b.n	100032dc <_etoa+0x230>
10003112:	9406      	str	r4, [sp, #24]
10003114:	9507      	str	r5, [sp, #28]
10003116:	2380      	movs	r3, #128	@ 0x80
10003118:	00db      	lsls	r3, r3, #3
1000311a:	9a1e      	ldr	r2, [sp, #120]	@ 0x78
1000311c:	401a      	ands	r2, r3
1000311e:	920d      	str	r2, [sp, #52]	@ 0x34
10003120:	9a1e      	ldr	r2, [sp, #120]	@ 0x78
10003122:	421a      	tst	r2, r3
10003124:	d101      	bne.n	1000312a <_etoa+0x7e>
10003126:	2306      	movs	r3, #6
10003128:	931c      	str	r3, [sp, #112]	@ 0x70
1000312a:	9806      	ldr	r0, [sp, #24]
1000312c:	9907      	ldr	r1, [sp, #28]
1000312e:	0002      	movs	r2, r0
10003130:	000b      	movs	r3, r1
10003132:	9208      	str	r2, [sp, #32]
10003134:	9309      	str	r3, [sp, #36]	@ 0x24
10003136:	0003      	movs	r3, r0
10003138:	000a      	movs	r2, r1
1000313a:	4302      	orrs	r2, r0
1000313c:	d100      	bne.n	10003140 <_etoa+0x94>
1000313e:	e0d9      	b.n	100032f4 <_etoa+0x248>
10003140:	0d08      	lsrs	r0, r1, #20
10003142:	0540      	lsls	r0, r0, #21
10003144:	0d40      	lsrs	r0, r0, #21
10003146:	4ebc      	ldr	r6, [pc, #752]	@ (10003438 <_etoa+0x38c>)
10003148:	46b4      	mov	ip, r6
1000314a:	4460      	add	r0, ip
1000314c:	030a      	lsls	r2, r1, #12
1000314e:	0b12      	lsrs	r2, r2, #12
10003150:	001e      	movs	r6, r3
10003152:	4bba      	ldr	r3, [pc, #744]	@ (1000343c <_etoa+0x390>)
10003154:	4313      	orrs	r3, r2
10003156:	001f      	movs	r7, r3
10003158:	f001 f9e2 	bl	10004520 <__wrap___aeabi_i2d>
1000315c:	4ab8      	ldr	r2, [pc, #736]	@ (10003440 <_etoa+0x394>)
1000315e:	4bb9      	ldr	r3, [pc, #740]	@ (10003444 <_etoa+0x398>)
10003160:	f001 f971 	bl	10004446 <__wrap___aeabi_dmul>
10003164:	4ab8      	ldr	r2, [pc, #736]	@ (10003448 <_etoa+0x39c>)
10003166:	4bb9      	ldr	r3, [pc, #740]	@ (1000344c <_etoa+0x3a0>)
10003168:	f001 f94e 	bl	10004408 <__wrap___aeabi_dadd>
1000316c:	9008      	str	r0, [sp, #32]
1000316e:	9109      	str	r1, [sp, #36]	@ 0x24
10003170:	2200      	movs	r2, #0
10003172:	4bb7      	ldr	r3, [pc, #732]	@ (10003450 <_etoa+0x3a4>)
10003174:	0030      	movs	r0, r6
10003176:	0039      	movs	r1, r7
10003178:	f001 f941 	bl	100043fe <__wrap___aeabi_dsub>
1000317c:	4ab5      	ldr	r2, [pc, #724]	@ (10003454 <_etoa+0x3a8>)
1000317e:	4bb6      	ldr	r3, [pc, #728]	@ (10003458 <_etoa+0x3ac>)
10003180:	f001 f961 	bl	10004446 <__wrap___aeabi_dmul>
10003184:	0002      	movs	r2, r0
10003186:	000b      	movs	r3, r1
10003188:	9808      	ldr	r0, [sp, #32]
1000318a:	9909      	ldr	r1, [sp, #36]	@ 0x24
1000318c:	f001 f93c 	bl	10004408 <__wrap___aeabi_dadd>
10003190:	f001 f9de 	bl	10004550 <__wrap___aeabi_d2iz>
10003194:	4683      	mov	fp, r0
10003196:	f001 f9c3 	bl	10004520 <__wrap___aeabi_i2d>
1000319a:	0006      	movs	r6, r0
1000319c:	000f      	movs	r7, r1
1000319e:	4aaf      	ldr	r2, [pc, #700]	@ (1000345c <_etoa+0x3b0>)
100031a0:	4baf      	ldr	r3, [pc, #700]	@ (10003460 <_etoa+0x3b4>)
100031a2:	f001 f950 	bl	10004446 <__wrap___aeabi_dmul>
100031a6:	2200      	movs	r2, #0
100031a8:	4bae      	ldr	r3, [pc, #696]	@ (10003464 <_etoa+0x3b8>)
100031aa:	f001 f92d 	bl	10004408 <__wrap___aeabi_dadd>
100031ae:	f001 f9cf 	bl	10004550 <__wrap___aeabi_d2iz>
100031b2:	9008      	str	r0, [sp, #32]
100031b4:	4aac      	ldr	r2, [pc, #688]	@ (10003468 <_etoa+0x3bc>)
100031b6:	4bad      	ldr	r3, [pc, #692]	@ (1000346c <_etoa+0x3c0>)
100031b8:	0030      	movs	r0, r6
100031ba:	0039      	movs	r1, r7
100031bc:	f001 f943 	bl	10004446 <__wrap___aeabi_dmul>
100031c0:	0006      	movs	r6, r0
100031c2:	000f      	movs	r7, r1
100031c4:	9808      	ldr	r0, [sp, #32]
100031c6:	f001 f9ab 	bl	10004520 <__wrap___aeabi_i2d>
100031ca:	4aa9      	ldr	r2, [pc, #676]	@ (10003470 <_etoa+0x3c4>)
100031cc:	4ba9      	ldr	r3, [pc, #676]	@ (10003474 <_etoa+0x3c8>)
100031ce:	f001 f93a 	bl	10004446 <__wrap___aeabi_dmul>
100031d2:	0002      	movs	r2, r0
100031d4:	000b      	movs	r3, r1
100031d6:	0030      	movs	r0, r6
100031d8:	0039      	movs	r1, r7
100031da:	f001 f910 	bl	100043fe <__wrap___aeabi_dsub>
100031de:	0006      	movs	r6, r0
100031e0:	000f      	movs	r7, r1
100031e2:	0002      	movs	r2, r0
100031e4:	000b      	movs	r3, r1
100031e6:	f001 f92e 	bl	10004446 <__wrap___aeabi_dmul>
100031ea:	900a      	str	r0, [sp, #40]	@ 0x28
100031ec:	910b      	str	r1, [sp, #44]	@ 0x2c
100031ee:	9b08      	ldr	r3, [sp, #32]
100031f0:	4aa1      	ldr	r2, [pc, #644]	@ (10003478 <_etoa+0x3cc>)
100031f2:	4694      	mov	ip, r2
100031f4:	4463      	add	r3, ip
100031f6:	2100      	movs	r1, #0
100031f8:	2200      	movs	r2, #0
100031fa:	9108      	str	r1, [sp, #32]
100031fc:	9209      	str	r2, [sp, #36]	@ 0x24
100031fe:	051b      	lsls	r3, r3, #20
10003200:	9309      	str	r3, [sp, #36]	@ 0x24
10003202:	2300      	movs	r3, #0
10003204:	9308      	str	r3, [sp, #32]
10003206:	0032      	movs	r2, r6
10003208:	003b      	movs	r3, r7
1000320a:	0030      	movs	r0, r6
1000320c:	0039      	movs	r1, r7
1000320e:	f001 f8fb 	bl	10004408 <__wrap___aeabi_dadd>
10003212:	900e      	str	r0, [sp, #56]	@ 0x38
10003214:	910f      	str	r1, [sp, #60]	@ 0x3c
10003216:	0032      	movs	r2, r6
10003218:	003b      	movs	r3, r7
1000321a:	2000      	movs	r0, #0
1000321c:	2180      	movs	r1, #128	@ 0x80
1000321e:	05c9      	lsls	r1, r1, #23
10003220:	f001 f8ed 	bl	100043fe <__wrap___aeabi_dsub>
10003224:	0006      	movs	r6, r0
10003226:	000f      	movs	r7, r1
10003228:	2200      	movs	r2, #0
1000322a:	4b94      	ldr	r3, [pc, #592]	@ (1000347c <_etoa+0x3d0>)
1000322c:	980a      	ldr	r0, [sp, #40]	@ 0x28
1000322e:	990b      	ldr	r1, [sp, #44]	@ 0x2c
10003230:	f001 f8ef 	bl	10004412 <__wrap___aeabi_ddiv>
10003234:	2200      	movs	r2, #0
10003236:	4b92      	ldr	r3, [pc, #584]	@ (10003480 <_etoa+0x3d4>)
10003238:	f001 f8e6 	bl	10004408 <__wrap___aeabi_dadd>
1000323c:	0002      	movs	r2, r0
1000323e:	000b      	movs	r3, r1
10003240:	980a      	ldr	r0, [sp, #40]	@ 0x28
10003242:	990b      	ldr	r1, [sp, #44]	@ 0x2c
10003244:	f001 f8e5 	bl	10004412 <__wrap___aeabi_ddiv>
10003248:	2200      	movs	r2, #0
1000324a:	4b8e      	ldr	r3, [pc, #568]	@ (10003484 <_etoa+0x3d8>)
1000324c:	f001 f8dc 	bl	10004408 <__wrap___aeabi_dadd>
10003250:	0002      	movs	r2, r0
10003252:	000b      	movs	r3, r1
10003254:	980a      	ldr	r0, [sp, #40]	@ 0x28
10003256:	990b      	ldr	r1, [sp, #44]	@ 0x2c
10003258:	f001 f8db 	bl	10004412 <__wrap___aeabi_ddiv>
1000325c:	0002      	movs	r2, r0
1000325e:	000b      	movs	r3, r1
10003260:	0030      	movs	r0, r6
10003262:	0039      	movs	r1, r7
10003264:	f001 f8d0 	bl	10004408 <__wrap___aeabi_dadd>
10003268:	0002      	movs	r2, r0
1000326a:	000b      	movs	r3, r1
1000326c:	980e      	ldr	r0, [sp, #56]	@ 0x38
1000326e:	990f      	ldr	r1, [sp, #60]	@ 0x3c
10003270:	f001 f8cf 	bl	10004412 <__wrap___aeabi_ddiv>
10003274:	2200      	movs	r2, #0
10003276:	4b71      	ldr	r3, [pc, #452]	@ (1000343c <_etoa+0x390>)
10003278:	f001 f8c6 	bl	10004408 <__wrap___aeabi_dadd>
1000327c:	9a08      	ldr	r2, [sp, #32]
1000327e:	9b09      	ldr	r3, [sp, #36]	@ 0x24
10003280:	f001 f8e1 	bl	10004446 <__wrap___aeabi_dmul>
10003284:	0006      	movs	r6, r0
10003286:	000f      	movs	r7, r1
10003288:	9608      	str	r6, [sp, #32]
1000328a:	9709      	str	r7, [sp, #36]	@ 0x24
1000328c:	9a06      	ldr	r2, [sp, #24]
1000328e:	9b07      	ldr	r3, [sp, #28]
10003290:	f001 f92e 	bl	100044f0 <__wrap___aeabi_dcmpgt>
10003294:	2800      	cmp	r0, #0
10003296:	d02f      	beq.n	100032f8 <_etoa+0x24c>
10003298:	2301      	movs	r3, #1
1000329a:	425b      	negs	r3, r3
1000329c:	469c      	mov	ip, r3
1000329e:	44e3      	add	fp, ip
100032a0:	2200      	movs	r2, #0
100032a2:	4b77      	ldr	r3, [pc, #476]	@ (10003480 <_etoa+0x3d4>)
100032a4:	0030      	movs	r0, r6
100032a6:	0039      	movs	r1, r7
100032a8:	f001 f8b3 	bl	10004412 <__wrap___aeabi_ddiv>
100032ac:	9008      	str	r0, [sp, #32]
100032ae:	9109      	str	r1, [sp, #36]	@ 0x24
100032b0:	e022      	b.n	100032f8 <_etoa+0x24c>
100032b2:	9b1e      	ldr	r3, [sp, #120]	@ 0x78
100032b4:	9304      	str	r3, [sp, #16]
100032b6:	9b1d      	ldr	r3, [sp, #116]	@ 0x74
100032b8:	9303      	str	r3, [sp, #12]
100032ba:	9b1c      	ldr	r3, [sp, #112]	@ 0x70
100032bc:	9302      	str	r3, [sp, #8]
100032be:	9400      	str	r4, [sp, #0]
100032c0:	9501      	str	r5, [sp, #4]
100032c2:	4653      	mov	r3, sl
100032c4:	9a0c      	ldr	r2, [sp, #48]	@ 0x30
100032c6:	4649      	mov	r1, r9
100032c8:	4640      	mov	r0, r8
100032ca:	f000 f8ff 	bl	100034cc <_ftoa>
100032ce:	b011      	add	sp, #68	@ 0x44
100032d0:	bcf0      	pop	{r4, r5, r6, r7}
100032d2:	46bb      	mov	fp, r7
100032d4:	46b2      	mov	sl, r6
100032d6:	46a9      	mov	r9, r5
100032d8:	46a0      	mov	r8, r4
100032da:	bdf0      	pop	{r4, r5, r6, r7, pc}
100032dc:	2100      	movs	r1, #0
100032de:	2200      	movs	r2, #0
100032e0:	9106      	str	r1, [sp, #24]
100032e2:	9207      	str	r2, [sp, #28]
100032e4:	9406      	str	r4, [sp, #24]
100032e6:	2380      	movs	r3, #128	@ 0x80
100032e8:	061b      	lsls	r3, r3, #24
100032ea:	469c      	mov	ip, r3
100032ec:	44ac      	add	ip, r5
100032ee:	4663      	mov	r3, ip
100032f0:	9307      	str	r3, [sp, #28]
100032f2:	e710      	b.n	10003116 <_etoa+0x6a>
100032f4:	2300      	movs	r3, #0
100032f6:	469b      	mov	fp, r3
100032f8:	465b      	mov	r3, fp
100032fa:	3363      	adds	r3, #99	@ 0x63
100032fc:	2bc6      	cmp	r3, #198	@ 0xc6
100032fe:	d820      	bhi.n	10003342 <_etoa+0x296>
10003300:	2604      	movs	r6, #4
10003302:	9b1e      	ldr	r3, [sp, #120]	@ 0x78
10003304:	051b      	lsls	r3, r3, #20
10003306:	d528      	bpl.n	1000335a <_etoa+0x2ae>
10003308:	9a08      	ldr	r2, [sp, #32]
1000330a:	9b09      	ldr	r3, [sp, #36]	@ 0x24
1000330c:	0019      	movs	r1, r3
1000330e:	4311      	orrs	r1, r2
10003310:	d00f      	beq.n	10003332 <_etoa+0x286>
10003312:	4a5d      	ldr	r2, [pc, #372]	@ (10003488 <_etoa+0x3dc>)
10003314:	4b5d      	ldr	r3, [pc, #372]	@ (1000348c <_etoa+0x3e0>)
10003316:	9806      	ldr	r0, [sp, #24]
10003318:	9907      	ldr	r1, [sp, #28]
1000331a:	f001 f8e1 	bl	100044e0 <__wrap___aeabi_dcmpge>
1000331e:	2800      	cmp	r0, #0
10003320:	d07a      	beq.n	10003418 <_etoa+0x36c>
10003322:	2200      	movs	r2, #0
10003324:	4b5a      	ldr	r3, [pc, #360]	@ (10003490 <_etoa+0x3e4>)
10003326:	9806      	ldr	r0, [sp, #24]
10003328:	9907      	ldr	r1, [sp, #28]
1000332a:	f001 f8cb 	bl	100044c4 <__wrap___aeabi_dcmplt>
1000332e:	2800      	cmp	r0, #0
10003330:	d072      	beq.n	10003418 <_etoa+0x36c>
10003332:	9b1c      	ldr	r3, [sp, #112]	@ 0x70
10003334:	455b      	cmp	r3, fp
10003336:	dd06      	ble.n	10003346 <_etoa+0x29a>
10003338:	465a      	mov	r2, fp
1000333a:	1a9b      	subs	r3, r3, r2
1000333c:	3b01      	subs	r3, #1
1000333e:	931c      	str	r3, [sp, #112]	@ 0x70
10003340:	e003      	b.n	1000334a <_etoa+0x29e>
10003342:	2605      	movs	r6, #5
10003344:	e7dd      	b.n	10003302 <_etoa+0x256>
10003346:	2300      	movs	r3, #0
10003348:	931c      	str	r3, [sp, #112]	@ 0x70
1000334a:	2380      	movs	r3, #128	@ 0x80
1000334c:	00db      	lsls	r3, r3, #3
1000334e:	9a1e      	ldr	r2, [sp, #120]	@ 0x78
10003350:	431a      	orrs	r2, r3
10003352:	921e      	str	r2, [sp, #120]	@ 0x78
10003354:	2600      	movs	r6, #0
10003356:	2300      	movs	r3, #0
10003358:	469b      	mov	fp, r3
1000335a:	9b1d      	ldr	r3, [sp, #116]	@ 0x74
1000335c:	429e      	cmp	r6, r3
1000335e:	d265      	bcs.n	1000342c <_etoa+0x380>
10003360:	1b9f      	subs	r7, r3, r6
10003362:	2302      	movs	r3, #2
10003364:	9a1e      	ldr	r2, [sp, #120]	@ 0x78
10003366:	401a      	ands	r2, r3
10003368:	920a      	str	r2, [sp, #40]	@ 0x28
1000336a:	9a1e      	ldr	r2, [sp, #120]	@ 0x78
1000336c:	4213      	tst	r3, r2
1000336e:	d002      	beq.n	10003376 <_etoa+0x2ca>
10003370:	2e00      	cmp	r6, #0
10003372:	d000      	beq.n	10003376 <_etoa+0x2ca>
10003374:	2700      	movs	r7, #0
10003376:	465b      	mov	r3, fp
10003378:	2b00      	cmp	r3, #0
1000337a:	d007      	beq.n	1000338c <_etoa+0x2e0>
1000337c:	9a08      	ldr	r2, [sp, #32]
1000337e:	9b09      	ldr	r3, [sp, #36]	@ 0x24
10003380:	9806      	ldr	r0, [sp, #24]
10003382:	9907      	ldr	r1, [sp, #28]
10003384:	f001 f845 	bl	10004412 <__wrap___aeabi_ddiv>
10003388:	9006      	str	r0, [sp, #24]
1000338a:	9107      	str	r1, [sp, #28]
1000338c:	2200      	movs	r2, #0
1000338e:	2300      	movs	r3, #0
10003390:	0020      	movs	r0, r4
10003392:	0029      	movs	r1, r5
10003394:	f001 f896 	bl	100044c4 <__wrap___aeabi_dcmplt>
10003398:	2800      	cmp	r0, #0
1000339a:	d000      	beq.n	1000339e <_etoa+0x2f2>
1000339c:	e07c      	b.n	10003498 <_etoa+0x3ec>
1000339e:	4b3d      	ldr	r3, [pc, #244]	@ (10003494 <_etoa+0x3e8>)
100033a0:	9a1e      	ldr	r2, [sp, #120]	@ 0x78
100033a2:	4013      	ands	r3, r2
100033a4:	9304      	str	r3, [sp, #16]
100033a6:	9703      	str	r7, [sp, #12]
100033a8:	9b1c      	ldr	r3, [sp, #112]	@ 0x70
100033aa:	9302      	str	r3, [sp, #8]
100033ac:	9b06      	ldr	r3, [sp, #24]
100033ae:	9c07      	ldr	r4, [sp, #28]
100033b0:	9300      	str	r3, [sp, #0]
100033b2:	9401      	str	r4, [sp, #4]
100033b4:	4653      	mov	r3, sl
100033b6:	9a0c      	ldr	r2, [sp, #48]	@ 0x30
100033b8:	4649      	mov	r1, r9
100033ba:	4640      	mov	r0, r8
100033bc:	f000 f886 	bl	100034cc <_ftoa>
100033c0:	2e00      	cmp	r6, #0
100033c2:	d100      	bne.n	100033c6 <_etoa+0x31a>
100033c4:	e783      	b.n	100032ce <_etoa+0x222>
100033c6:	9b1e      	ldr	r3, [sp, #120]	@ 0x78
100033c8:	069b      	lsls	r3, r3, #26
100033ca:	d571      	bpl.n	100034b0 <_etoa+0x404>
100033cc:	2545      	movs	r5, #69	@ 0x45
100033ce:	1c44      	adds	r4, r0, #1
100033d0:	4653      	mov	r3, sl
100033d2:	0002      	movs	r2, r0
100033d4:	4649      	mov	r1, r9
100033d6:	0028      	movs	r0, r5
100033d8:	47c0      	blx	r8
100033da:	465a      	mov	r2, fp
100033dc:	17d3      	asrs	r3, r2, #31
100033de:	18d2      	adds	r2, r2, r3
100033e0:	405a      	eors	r2, r3
100033e2:	2305      	movs	r3, #5
100033e4:	9305      	str	r3, [sp, #20]
100033e6:	3e01      	subs	r6, #1
100033e8:	9604      	str	r6, [sp, #16]
100033ea:	2300      	movs	r3, #0
100033ec:	9303      	str	r3, [sp, #12]
100033ee:	330a      	adds	r3, #10
100033f0:	9302      	str	r3, [sp, #8]
100033f2:	465b      	mov	r3, fp
100033f4:	0fdb      	lsrs	r3, r3, #31
100033f6:	9301      	str	r3, [sp, #4]
100033f8:	9200      	str	r2, [sp, #0]
100033fa:	4653      	mov	r3, sl
100033fc:	0022      	movs	r2, r4
100033fe:	4649      	mov	r1, r9
10003400:	4640      	mov	r0, r8
10003402:	f7ff fd6e 	bl	10002ee2 <_ntoa_long>
10003406:	9b0a      	ldr	r3, [sp, #40]	@ 0x28
10003408:	2b00      	cmp	r3, #0
1000340a:	d100      	bne.n	1000340e <_etoa+0x362>
1000340c:	e75f      	b.n	100032ce <_etoa+0x222>
1000340e:	0002      	movs	r2, r0
10003410:	4647      	mov	r7, r8
10003412:	9e0c      	ldr	r6, [sp, #48]	@ 0x30
10003414:	9d1d      	ldr	r5, [sp, #116]	@ 0x74
10003416:	e053      	b.n	100034c0 <_etoa+0x414>
10003418:	9b1c      	ldr	r3, [sp, #112]	@ 0x70
1000341a:	2b00      	cmp	r3, #0
1000341c:	d09d      	beq.n	1000335a <_etoa+0x2ae>
1000341e:	9b0d      	ldr	r3, [sp, #52]	@ 0x34
10003420:	2b00      	cmp	r3, #0
10003422:	d09a      	beq.n	1000335a <_etoa+0x2ae>
10003424:	9b1c      	ldr	r3, [sp, #112]	@ 0x70
10003426:	3b01      	subs	r3, #1
10003428:	931c      	str	r3, [sp, #112]	@ 0x70
1000342a:	e796      	b.n	1000335a <_etoa+0x2ae>
1000342c:	2700      	movs	r7, #0
1000342e:	e798      	b.n	10003362 <_etoa+0x2b6>
10003430:	7fefffff 	.word	0x7fefffff
10003434:	ffefffff 	.word	0xffefffff
10003438:	fffffc01 	.word	0xfffffc01
1000343c:	3ff00000 	.word	0x3ff00000
10003440:	509f79fb 	.word	0x509f79fb
10003444:	3fd34413 	.word	0x3fd34413
10003448:	8b60c8b3 	.word	0x8b60c8b3
1000344c:	3fc68a28 	.word	0x3fc68a28
10003450:	3ff80000 	.word	0x3ff80000
10003454:	636f4361 	.word	0x636f4361
10003458:	3fd287a7 	.word	0x3fd287a7
1000345c:	0979a371 	.word	0x0979a371
10003460:	400a934f 	.word	0x400a934f
10003464:	3fe00000 	.word	0x3fe00000
10003468:	bbb55516 	.word	0xbbb55516
1000346c:	40026bb1 	.word	0x40026bb1
10003470:	fefa39ef 	.word	0xfefa39ef
10003474:	3fe62e42 	.word	0x3fe62e42
10003478:	000003ff 	.word	0x000003ff
1000347c:	402c0000 	.word	0x402c0000
10003480:	40240000 	.word	0x40240000
10003484:	40180000 	.word	0x40180000
10003488:	eb1c432d 	.word	0xeb1c432d
1000348c:	3f1a36e2 	.word	0x3f1a36e2
10003490:	412e8480 	.word	0x412e8480
10003494:	fffff7ff 	.word	0xfffff7ff
10003498:	9c06      	ldr	r4, [sp, #24]
1000349a:	9d07      	ldr	r5, [sp, #28]
1000349c:	0022      	movs	r2, r4
1000349e:	0029      	movs	r1, r5
100034a0:	2080      	movs	r0, #128	@ 0x80
100034a2:	0600      	lsls	r0, r0, #24
100034a4:	4684      	mov	ip, r0
100034a6:	4461      	add	r1, ip
100034a8:	000b      	movs	r3, r1
100034aa:	9206      	str	r2, [sp, #24]
100034ac:	9307      	str	r3, [sp, #28]
100034ae:	e776      	b.n	1000339e <_etoa+0x2f2>
100034b0:	2565      	movs	r5, #101	@ 0x65
100034b2:	e78c      	b.n	100033ce <_etoa+0x322>
100034b4:	1c54      	adds	r4, r2, #1
100034b6:	4653      	mov	r3, sl
100034b8:	4649      	mov	r1, r9
100034ba:	2020      	movs	r0, #32
100034bc:	47b8      	blx	r7
100034be:	0022      	movs	r2, r4
100034c0:	1b93      	subs	r3, r2, r6
100034c2:	42ab      	cmp	r3, r5
100034c4:	d3f6      	bcc.n	100034b4 <_etoa+0x408>
100034c6:	0010      	movs	r0, r2
100034c8:	e701      	b.n	100032ce <_etoa+0x222>
100034ca:	46c0      	nop			@ (mov r8, r8)

100034cc <_ftoa>:
100034cc:	b5f0      	push	{r4, r5, r6, r7, lr}
100034ce:	46de      	mov	lr, fp
100034d0:	4657      	mov	r7, sl
100034d2:	464e      	mov	r6, r9
100034d4:	4645      	mov	r5, r8
100034d6:	b5e0      	push	{r5, r6, r7, lr}
100034d8:	b095      	sub	sp, #84	@ 0x54
100034da:	9006      	str	r0, [sp, #24]
100034dc:	9107      	str	r1, [sp, #28]
100034de:	4693      	mov	fp, r2
100034e0:	4699      	mov	r9, r3
100034e2:	9f20      	ldr	r7, [sp, #128]	@ 0x80
100034e4:	9a1e      	ldr	r2, [sp, #120]	@ 0x78
100034e6:	9b1f      	ldr	r3, [sp, #124]	@ 0x7c
100034e8:	0010      	movs	r0, r2
100034ea:	0019      	movs	r1, r3
100034ec:	f001 f805 	bl	100044fa <__wrap___aeabi_dcmpun>
100034f0:	2800      	cmp	r0, #0
100034f2:	d131      	bne.n	10003558 <_ftoa+0x8c>
100034f4:	2201      	movs	r2, #1
100034f6:	4252      	negs	r2, r2
100034f8:	4bbf      	ldr	r3, [pc, #764]	@ (100037f8 <_ftoa+0x32c>)
100034fa:	981e      	ldr	r0, [sp, #120]	@ 0x78
100034fc:	991f      	ldr	r1, [sp, #124]	@ 0x7c
100034fe:	f000 ffe1 	bl	100044c4 <__wrap___aeabi_dcmplt>
10003502:	2800      	cmp	r0, #0
10003504:	d137      	bne.n	10003576 <_ftoa+0xaa>
10003506:	2201      	movs	r2, #1
10003508:	4252      	negs	r2, r2
1000350a:	4bbc      	ldr	r3, [pc, #752]	@ (100037fc <_ftoa+0x330>)
1000350c:	981e      	ldr	r0, [sp, #120]	@ 0x78
1000350e:	991f      	ldr	r1, [sp, #124]	@ 0x7c
10003510:	f000 ffee 	bl	100044f0 <__wrap___aeabi_dcmpgt>
10003514:	2800      	cmp	r0, #0
10003516:	d13d      	bne.n	10003594 <_ftoa+0xc8>
10003518:	2200      	movs	r2, #0
1000351a:	4bb9      	ldr	r3, [pc, #740]	@ (10003800 <_ftoa+0x334>)
1000351c:	981e      	ldr	r0, [sp, #120]	@ 0x78
1000351e:	991f      	ldr	r1, [sp, #124]	@ 0x7c
10003520:	f000 ffe6 	bl	100044f0 <__wrap___aeabi_dcmpgt>
10003524:	2800      	cmp	r0, #0
10003526:	d150      	bne.n	100035ca <_ftoa+0xfe>
10003528:	2200      	movs	r2, #0
1000352a:	4bb6      	ldr	r3, [pc, #728]	@ (10003804 <_ftoa+0x338>)
1000352c:	981e      	ldr	r0, [sp, #120]	@ 0x78
1000352e:	991f      	ldr	r1, [sp, #124]	@ 0x7c
10003530:	f000 ffc8 	bl	100044c4 <__wrap___aeabi_dcmplt>
10003534:	2800      	cmp	r0, #0
10003536:	d148      	bne.n	100035ca <_ftoa+0xfe>
10003538:	2200      	movs	r2, #0
1000353a:	2300      	movs	r3, #0
1000353c:	981e      	ldr	r0, [sp, #120]	@ 0x78
1000353e:	991f      	ldr	r1, [sp, #124]	@ 0x7c
10003540:	f000 ffc0 	bl	100044c4 <__wrap___aeabi_dcmplt>
10003544:	2800      	cmp	r0, #0
10003546:	d150      	bne.n	100035ea <_ftoa+0x11e>
10003548:	2300      	movs	r3, #0
1000354a:	4698      	mov	r8, r3
1000354c:	9b22      	ldr	r3, [sp, #136]	@ 0x88
1000354e:	055b      	lsls	r3, r3, #21
10003550:	d400      	bmi.n	10003554 <_ftoa+0x88>
10003552:	e0b6      	b.n	100036c2 <_ftoa+0x1f6>
10003554:	2400      	movs	r4, #0
10003556:	e058      	b.n	1000360a <_ftoa+0x13e>
10003558:	9b22      	ldr	r3, [sp, #136]	@ 0x88
1000355a:	9303      	str	r3, [sp, #12]
1000355c:	9b21      	ldr	r3, [sp, #132]	@ 0x84
1000355e:	9302      	str	r3, [sp, #8]
10003560:	2303      	movs	r3, #3
10003562:	9301      	str	r3, [sp, #4]
10003564:	4ba8      	ldr	r3, [pc, #672]	@ (10003808 <_ftoa+0x33c>)
10003566:	9300      	str	r3, [sp, #0]
10003568:	464b      	mov	r3, r9
1000356a:	465a      	mov	r2, fp
1000356c:	9907      	ldr	r1, [sp, #28]
1000356e:	9806      	ldr	r0, [sp, #24]
10003570:	f7ff fbd8 	bl	10002d24 <_out_rev>
10003574:	e10e      	b.n	10003794 <_ftoa+0x2c8>
10003576:	9b22      	ldr	r3, [sp, #136]	@ 0x88
10003578:	9303      	str	r3, [sp, #12]
1000357a:	9b21      	ldr	r3, [sp, #132]	@ 0x84
1000357c:	9302      	str	r3, [sp, #8]
1000357e:	2304      	movs	r3, #4
10003580:	9301      	str	r3, [sp, #4]
10003582:	4ba2      	ldr	r3, [pc, #648]	@ (1000380c <_ftoa+0x340>)
10003584:	9300      	str	r3, [sp, #0]
10003586:	464b      	mov	r3, r9
10003588:	465a      	mov	r2, fp
1000358a:	9907      	ldr	r1, [sp, #28]
1000358c:	9806      	ldr	r0, [sp, #24]
1000358e:	f7ff fbc9 	bl	10002d24 <_out_rev>
10003592:	e0ff      	b.n	10003794 <_ftoa+0x2c8>
10003594:	2304      	movs	r3, #4
10003596:	9a22      	ldr	r2, [sp, #136]	@ 0x88
10003598:	401a      	ands	r2, r3
1000359a:	9922      	ldr	r1, [sp, #136]	@ 0x88
1000359c:	420b      	tst	r3, r1
1000359e:	d010      	beq.n	100035c2 <_ftoa+0xf6>
100035a0:	4b9b      	ldr	r3, [pc, #620]	@ (10003810 <_ftoa+0x344>)
100035a2:	2a00      	cmp	r2, #0
100035a4:	d00f      	beq.n	100035c6 <_ftoa+0xfa>
100035a6:	2204      	movs	r2, #4
100035a8:	9922      	ldr	r1, [sp, #136]	@ 0x88
100035aa:	9103      	str	r1, [sp, #12]
100035ac:	9921      	ldr	r1, [sp, #132]	@ 0x84
100035ae:	9102      	str	r1, [sp, #8]
100035b0:	9201      	str	r2, [sp, #4]
100035b2:	9300      	str	r3, [sp, #0]
100035b4:	464b      	mov	r3, r9
100035b6:	465a      	mov	r2, fp
100035b8:	9907      	ldr	r1, [sp, #28]
100035ba:	9806      	ldr	r0, [sp, #24]
100035bc:	f7ff fbb2 	bl	10002d24 <_out_rev>
100035c0:	e0e8      	b.n	10003794 <_ftoa+0x2c8>
100035c2:	4b94      	ldr	r3, [pc, #592]	@ (10003814 <_ftoa+0x348>)
100035c4:	e7ed      	b.n	100035a2 <_ftoa+0xd6>
100035c6:	2203      	movs	r2, #3
100035c8:	e7ee      	b.n	100035a8 <_ftoa+0xdc>
100035ca:	9b22      	ldr	r3, [sp, #136]	@ 0x88
100035cc:	9304      	str	r3, [sp, #16]
100035ce:	9b21      	ldr	r3, [sp, #132]	@ 0x84
100035d0:	9303      	str	r3, [sp, #12]
100035d2:	9702      	str	r7, [sp, #8]
100035d4:	9b1e      	ldr	r3, [sp, #120]	@ 0x78
100035d6:	9c1f      	ldr	r4, [sp, #124]	@ 0x7c
100035d8:	9300      	str	r3, [sp, #0]
100035da:	9401      	str	r4, [sp, #4]
100035dc:	464b      	mov	r3, r9
100035de:	465a      	mov	r2, fp
100035e0:	9907      	ldr	r1, [sp, #28]
100035e2:	9806      	ldr	r0, [sp, #24]
100035e4:	f7ff fd62 	bl	100030ac <_etoa>
100035e8:	e0d4      	b.n	10003794 <_ftoa+0x2c8>
100035ea:	9a1e      	ldr	r2, [sp, #120]	@ 0x78
100035ec:	9b1f      	ldr	r3, [sp, #124]	@ 0x7c
100035ee:	2000      	movs	r0, #0
100035f0:	2100      	movs	r1, #0
100035f2:	f000 ff04 	bl	100043fe <__wrap___aeabi_dsub>
100035f6:	901e      	str	r0, [sp, #120]	@ 0x78
100035f8:	911f      	str	r1, [sp, #124]	@ 0x7c
100035fa:	2301      	movs	r3, #1
100035fc:	4698      	mov	r8, r3
100035fe:	e7a5      	b.n	1000354c <_ftoa+0x80>
10003600:	ab0c      	add	r3, sp, #48	@ 0x30
10003602:	2230      	movs	r2, #48	@ 0x30
10003604:	551a      	strb	r2, [r3, r4]
10003606:	3f01      	subs	r7, #1
10003608:	3401      	adds	r4, #1
1000360a:	2c1f      	cmp	r4, #31
1000360c:	d801      	bhi.n	10003612 <_ftoa+0x146>
1000360e:	2f09      	cmp	r7, #9
10003610:	d8f6      	bhi.n	10003600 <_ftoa+0x134>
10003612:	981e      	ldr	r0, [sp, #120]	@ 0x78
10003614:	991f      	ldr	r1, [sp, #124]	@ 0x7c
10003616:	f000 ff9b 	bl	10004550 <__wrap___aeabi_d2iz>
1000361a:	0005      	movs	r5, r0
1000361c:	f000 ff80 	bl	10004520 <__wrap___aeabi_i2d>
10003620:	0002      	movs	r2, r0
10003622:	000b      	movs	r3, r1
10003624:	981e      	ldr	r0, [sp, #120]	@ 0x78
10003626:	991f      	ldr	r1, [sp, #124]	@ 0x7c
10003628:	f000 fee9 	bl	100043fe <__wrap___aeabi_dsub>
1000362c:	4b7a      	ldr	r3, [pc, #488]	@ (10003818 <_ftoa+0x34c>)
1000362e:	00fa      	lsls	r2, r7, #3
10003630:	189b      	adds	r3, r3, r2
10003632:	681a      	ldr	r2, [r3, #0]
10003634:	685b      	ldr	r3, [r3, #4]
10003636:	920a      	str	r2, [sp, #40]	@ 0x28
10003638:	930b      	str	r3, [sp, #44]	@ 0x2c
1000363a:	f000 ff04 	bl	10004446 <__wrap___aeabi_dmul>
1000363e:	9008      	str	r0, [sp, #32]
10003640:	9109      	str	r1, [sp, #36]	@ 0x24
10003642:	f000 ffa9 	bl	10004598 <__wrap___aeabi_d2uiz>
10003646:	0006      	movs	r6, r0
10003648:	f000 ff66 	bl	10004518 <__wrap___aeabi_ui2d>
1000364c:	0002      	movs	r2, r0
1000364e:	000b      	movs	r3, r1
10003650:	9808      	ldr	r0, [sp, #32]
10003652:	9909      	ldr	r1, [sp, #36]	@ 0x24
10003654:	f000 fed3 	bl	100043fe <__wrap___aeabi_dsub>
10003658:	9008      	str	r0, [sp, #32]
1000365a:	9109      	str	r1, [sp, #36]	@ 0x24
1000365c:	2200      	movs	r2, #0
1000365e:	4b6f      	ldr	r3, [pc, #444]	@ (1000381c <_ftoa+0x350>)
10003660:	f000 ff46 	bl	100044f0 <__wrap___aeabi_dcmpgt>
10003664:	2800      	cmp	r0, #0
10003666:	d02e      	beq.n	100036c6 <_ftoa+0x1fa>
10003668:	3601      	adds	r6, #1
1000366a:	0030      	movs	r0, r6
1000366c:	f000 ff54 	bl	10004518 <__wrap___aeabi_ui2d>
10003670:	0002      	movs	r2, r0
10003672:	000b      	movs	r3, r1
10003674:	980a      	ldr	r0, [sp, #40]	@ 0x28
10003676:	990b      	ldr	r1, [sp, #44]	@ 0x2c
10003678:	f000 ff2a 	bl	100044d0 <__wrap___aeabi_dcmple>
1000367c:	2800      	cmp	r0, #0
1000367e:	d001      	beq.n	10003684 <_ftoa+0x1b8>
10003680:	3501      	adds	r5, #1
10003682:	2600      	movs	r6, #0
10003684:	2f00      	cmp	r7, #0
10003686:	d12c      	bne.n	100036e2 <_ftoa+0x216>
10003688:	0028      	movs	r0, r5
1000368a:	f000 ff49 	bl	10004520 <__wrap___aeabi_i2d>
1000368e:	0002      	movs	r2, r0
10003690:	000b      	movs	r3, r1
10003692:	981e      	ldr	r0, [sp, #120]	@ 0x78
10003694:	991f      	ldr	r1, [sp, #124]	@ 0x7c
10003696:	f000 feb2 	bl	100043fe <__wrap___aeabi_dsub>
1000369a:	0006      	movs	r6, r0
1000369c:	000f      	movs	r7, r1
1000369e:	2200      	movs	r2, #0
100036a0:	4b5e      	ldr	r3, [pc, #376]	@ (1000381c <_ftoa+0x350>)
100036a2:	f000 ff0f 	bl	100044c4 <__wrap___aeabi_dcmplt>
100036a6:	2800      	cmp	r0, #0
100036a8:	d146      	bne.n	10003738 <_ftoa+0x26c>
100036aa:	2200      	movs	r2, #0
100036ac:	4b5b      	ldr	r3, [pc, #364]	@ (1000381c <_ftoa+0x350>)
100036ae:	0030      	movs	r0, r6
100036b0:	0039      	movs	r1, r7
100036b2:	f000 ff1d 	bl	100044f0 <__wrap___aeabi_dcmpgt>
100036b6:	2800      	cmp	r0, #0
100036b8:	d13e      	bne.n	10003738 <_ftoa+0x26c>
100036ba:	07eb      	lsls	r3, r5, #31
100036bc:	d53c      	bpl.n	10003738 <_ftoa+0x26c>
100036be:	3501      	adds	r5, #1
100036c0:	e03a      	b.n	10003738 <_ftoa+0x26c>
100036c2:	2706      	movs	r7, #6
100036c4:	e746      	b.n	10003554 <_ftoa+0x88>
100036c6:	2200      	movs	r2, #0
100036c8:	4b54      	ldr	r3, [pc, #336]	@ (1000381c <_ftoa+0x350>)
100036ca:	9808      	ldr	r0, [sp, #32]
100036cc:	9909      	ldr	r1, [sp, #36]	@ 0x24
100036ce:	f000 fef9 	bl	100044c4 <__wrap___aeabi_dcmplt>
100036d2:	2800      	cmp	r0, #0
100036d4:	d1d6      	bne.n	10003684 <_ftoa+0x1b8>
100036d6:	2e00      	cmp	r6, #0
100036d8:	d001      	beq.n	100036de <_ftoa+0x212>
100036da:	07f3      	lsls	r3, r6, #31
100036dc:	d5d2      	bpl.n	10003684 <_ftoa+0x1b8>
100036de:	3601      	adds	r6, #1
100036e0:	e7d0      	b.n	10003684 <_ftoa+0x1b8>
100036e2:	46aa      	mov	sl, r5
100036e4:	2c1f      	cmp	r4, #31
100036e6:	d811      	bhi.n	1000370c <_ftoa+0x240>
100036e8:	3f01      	subs	r7, #1
100036ea:	210a      	movs	r1, #10
100036ec:	0030      	movs	r0, r6
100036ee:	f000 fc4b 	bl	10003f88 <__wrap___aeabi_uidiv>
100036f2:	1c65      	adds	r5, r4, #1
100036f4:	3130      	adds	r1, #48	@ 0x30
100036f6:	ab0c      	add	r3, sp, #48	@ 0x30
100036f8:	5519      	strb	r1, [r3, r4]
100036fa:	210a      	movs	r1, #10
100036fc:	0030      	movs	r0, r6
100036fe:	f000 fc43 	bl	10003f88 <__wrap___aeabi_uidiv>
10003702:	2e09      	cmp	r6, #9
10003704:	d90e      	bls.n	10003724 <_ftoa+0x258>
10003706:	0006      	movs	r6, r0
10003708:	002c      	movs	r4, r5
1000370a:	e7eb      	b.n	100036e4 <_ftoa+0x218>
1000370c:	4655      	mov	r5, sl
1000370e:	2c1f      	cmp	r4, #31
10003710:	d80c      	bhi.n	1000372c <_ftoa+0x260>
10003712:	1e7b      	subs	r3, r7, #1
10003714:	2f00      	cmp	r7, #0
10003716:	d009      	beq.n	1000372c <_ftoa+0x260>
10003718:	aa0c      	add	r2, sp, #48	@ 0x30
1000371a:	2130      	movs	r1, #48	@ 0x30
1000371c:	5511      	strb	r1, [r2, r4]
1000371e:	001f      	movs	r7, r3
10003720:	3401      	adds	r4, #1
10003722:	e7f4      	b.n	1000370e <_ftoa+0x242>
10003724:	002b      	movs	r3, r5
10003726:	4655      	mov	r5, sl
10003728:	001c      	movs	r4, r3
1000372a:	e7f0      	b.n	1000370e <_ftoa+0x242>
1000372c:	2c1f      	cmp	r4, #31
1000372e:	d803      	bhi.n	10003738 <_ftoa+0x26c>
10003730:	ab0c      	add	r3, sp, #48	@ 0x30
10003732:	222e      	movs	r2, #46	@ 0x2e
10003734:	551a      	strb	r2, [r3, r4]
10003736:	3401      	adds	r4, #1
10003738:	2c1f      	cmp	r4, #31
1000373a:	d810      	bhi.n	1000375e <_ftoa+0x292>
1000373c:	210a      	movs	r1, #10
1000373e:	0028      	movs	r0, r5
10003740:	f000 fbfa 	bl	10003f38 <__wrap___aeabi_idiv>
10003744:	1c66      	adds	r6, r4, #1
10003746:	3130      	adds	r1, #48	@ 0x30
10003748:	ab0c      	add	r3, sp, #48	@ 0x30
1000374a:	5519      	strb	r1, [r3, r4]
1000374c:	210a      	movs	r1, #10
1000374e:	0028      	movs	r0, r5
10003750:	f000 fbf2 	bl	10003f38 <__wrap___aeabi_idiv>
10003754:	1e05      	subs	r5, r0, #0
10003756:	d001      	beq.n	1000375c <_ftoa+0x290>
10003758:	0034      	movs	r4, r6
1000375a:	e7ed      	b.n	10003738 <_ftoa+0x26c>
1000375c:	0034      	movs	r4, r6
1000375e:	2303      	movs	r3, #3
10003760:	9a22      	ldr	r2, [sp, #136]	@ 0x88
10003762:	4013      	ands	r3, r2
10003764:	2b01      	cmp	r3, #1
10003766:	d01c      	beq.n	100037a2 <_ftoa+0x2d6>
10003768:	2c1f      	cmp	r4, #31
1000376a:	d806      	bhi.n	1000377a <_ftoa+0x2ae>
1000376c:	4643      	mov	r3, r8
1000376e:	2b00      	cmp	r3, #0
10003770:	d032      	beq.n	100037d8 <_ftoa+0x30c>
10003772:	ab0c      	add	r3, sp, #48	@ 0x30
10003774:	222d      	movs	r2, #45	@ 0x2d
10003776:	551a      	strb	r2, [r3, r4]
10003778:	3401      	adds	r4, #1
1000377a:	9b22      	ldr	r3, [sp, #136]	@ 0x88
1000377c:	9303      	str	r3, [sp, #12]
1000377e:	9b21      	ldr	r3, [sp, #132]	@ 0x84
10003780:	9302      	str	r3, [sp, #8]
10003782:	9401      	str	r4, [sp, #4]
10003784:	ab0c      	add	r3, sp, #48	@ 0x30
10003786:	9300      	str	r3, [sp, #0]
10003788:	464b      	mov	r3, r9
1000378a:	465a      	mov	r2, fp
1000378c:	9907      	ldr	r1, [sp, #28]
1000378e:	9806      	ldr	r0, [sp, #24]
10003790:	f7ff fac8 	bl	10002d24 <_out_rev>
10003794:	b015      	add	sp, #84	@ 0x54
10003796:	bcf0      	pop	{r4, r5, r6, r7}
10003798:	46bb      	mov	fp, r7
1000379a:	46b2      	mov	sl, r6
1000379c:	46a9      	mov	r9, r5
1000379e:	46a0      	mov	r8, r4
100037a0:	bdf0      	pop	{r4, r5, r6, r7, pc}
100037a2:	9b21      	ldr	r3, [sp, #132]	@ 0x84
100037a4:	2b00      	cmp	r3, #0
100037a6:	d013      	beq.n	100037d0 <_ftoa+0x304>
100037a8:	4643      	mov	r3, r8
100037aa:	2b00      	cmp	r3, #0
100037ac:	d102      	bne.n	100037b4 <_ftoa+0x2e8>
100037ae:	330c      	adds	r3, #12
100037b0:	4213      	tst	r3, r2
100037b2:	d00f      	beq.n	100037d4 <_ftoa+0x308>
100037b4:	9b21      	ldr	r3, [sp, #132]	@ 0x84
100037b6:	3b01      	subs	r3, #1
100037b8:	9321      	str	r3, [sp, #132]	@ 0x84
100037ba:	0019      	movs	r1, r3
100037bc:	e003      	b.n	100037c6 <_ftoa+0x2fa>
100037be:	ab0c      	add	r3, sp, #48	@ 0x30
100037c0:	2230      	movs	r2, #48	@ 0x30
100037c2:	551a      	strb	r2, [r3, r4]
100037c4:	3401      	adds	r4, #1
100037c6:	428c      	cmp	r4, r1
100037c8:	d2ce      	bcs.n	10003768 <_ftoa+0x29c>
100037ca:	2c1f      	cmp	r4, #31
100037cc:	d9f7      	bls.n	100037be <_ftoa+0x2f2>
100037ce:	e7cb      	b.n	10003768 <_ftoa+0x29c>
100037d0:	9921      	ldr	r1, [sp, #132]	@ 0x84
100037d2:	e7f8      	b.n	100037c6 <_ftoa+0x2fa>
100037d4:	9921      	ldr	r1, [sp, #132]	@ 0x84
100037d6:	e7f6      	b.n	100037c6 <_ftoa+0x2fa>
100037d8:	9b22      	ldr	r3, [sp, #136]	@ 0x88
100037da:	075b      	lsls	r3, r3, #29
100037dc:	d504      	bpl.n	100037e8 <_ftoa+0x31c>
100037de:	ab0c      	add	r3, sp, #48	@ 0x30
100037e0:	222b      	movs	r2, #43	@ 0x2b
100037e2:	551a      	strb	r2, [r3, r4]
100037e4:	3401      	adds	r4, #1
100037e6:	e7c8      	b.n	1000377a <_ftoa+0x2ae>
100037e8:	9b22      	ldr	r3, [sp, #136]	@ 0x88
100037ea:	071b      	lsls	r3, r3, #28
100037ec:	d5c5      	bpl.n	1000377a <_ftoa+0x2ae>
100037ee:	ab0c      	add	r3, sp, #48	@ 0x30
100037f0:	2220      	movs	r2, #32
100037f2:	551a      	strb	r2, [r3, r4]
100037f4:	3401      	adds	r4, #1
100037f6:	e7c0      	b.n	1000377a <_ftoa+0x2ae>
100037f8:	ffefffff 	.word	0xffefffff
100037fc:	7fefffff 	.word	0x7fefffff
10003800:	41cdcd65 	.word	0x41cdcd65
10003804:	c1cdcd65 	.word	0xc1cdcd65
10003808:	100094d8 	.word	0x100094d8
1000380c:	100094dc 	.word	0x100094dc
10003810:	100094cc 	.word	0x100094cc
10003814:	100094d4 	.word	0x100094d4
10003818:	1000a490 	.word	0x1000a490
1000381c:	3fe00000 	.word	0x3fe00000

10003820 <_vsnprintf>:
10003820:	b5f0      	push	{r4, r5, r6, r7, lr}
10003822:	46de      	mov	lr, fp
10003824:	4657      	mov	r7, sl
10003826:	464e      	mov	r6, r9
10003828:	4645      	mov	r5, r8
1000382a:	b5e0      	push	{r5, r6, r7, lr}
1000382c:	b093      	sub	sp, #76	@ 0x4c
1000382e:	4682      	mov	sl, r0
10003830:	4688      	mov	r8, r1
10003832:	4693      	mov	fp, r2
10003834:	9311      	str	r3, [sp, #68]	@ 0x44
10003836:	2900      	cmp	r1, #0
10003838:	d100      	bne.n	1000383c <_vsnprintf+0x1c>
1000383a:	e30d      	b.n	10003e58 <_vsnprintf+0x638>
1000383c:	2500      	movs	r5, #0
1000383e:	4656      	mov	r6, sl
10003840:	9b11      	ldr	r3, [sp, #68]	@ 0x44
10003842:	7818      	ldrb	r0, [r3, #0]
10003844:	2800      	cmp	r0, #0
10003846:	d100      	bne.n	1000384a <_vsnprintf+0x2a>
10003848:	e309      	b.n	10003e5e <_vsnprintf+0x63e>
1000384a:	2825      	cmp	r0, #37	@ 0x25
1000384c:	d009      	beq.n	10003862 <_vsnprintf+0x42>
1000384e:	1c6c      	adds	r4, r5, #1
10003850:	465b      	mov	r3, fp
10003852:	002a      	movs	r2, r5
10003854:	4641      	mov	r1, r8
10003856:	47b0      	blx	r6
10003858:	9b11      	ldr	r3, [sp, #68]	@ 0x44
1000385a:	3301      	adds	r3, #1
1000385c:	9311      	str	r3, [sp, #68]	@ 0x44
1000385e:	0025      	movs	r5, r4
10003860:	e7ee      	b.n	10003840 <_vsnprintf+0x20>
10003862:	3301      	adds	r3, #1
10003864:	9311      	str	r3, [sp, #68]	@ 0x44
10003866:	2700      	movs	r7, #0
10003868:	e020      	b.n	100038ac <_vsnprintf+0x8c>
1000386a:	2301      	movs	r3, #1
1000386c:	431f      	orrs	r7, r3
1000386e:	3201      	adds	r2, #1
10003870:	9211      	str	r2, [sp, #68]	@ 0x44
10003872:	2401      	movs	r4, #1
10003874:	e018      	b.n	100038a8 <_vsnprintf+0x88>
10003876:	2302      	movs	r3, #2
10003878:	431f      	orrs	r7, r3
1000387a:	3201      	adds	r2, #1
1000387c:	9211      	str	r2, [sp, #68]	@ 0x44
1000387e:	2401      	movs	r4, #1
10003880:	e012      	b.n	100038a8 <_vsnprintf+0x88>
10003882:	2304      	movs	r3, #4
10003884:	431f      	orrs	r7, r3
10003886:	3201      	adds	r2, #1
10003888:	9211      	str	r2, [sp, #68]	@ 0x44
1000388a:	2401      	movs	r4, #1
1000388c:	e00c      	b.n	100038a8 <_vsnprintf+0x88>
1000388e:	2308      	movs	r3, #8
10003890:	431f      	orrs	r7, r3
10003892:	3201      	adds	r2, #1
10003894:	9211      	str	r2, [sp, #68]	@ 0x44
10003896:	2401      	movs	r4, #1
10003898:	e006      	b.n	100038a8 <_vsnprintf+0x88>
1000389a:	2310      	movs	r3, #16
1000389c:	431f      	orrs	r7, r3
1000389e:	3201      	adds	r2, #1
100038a0:	9211      	str	r2, [sp, #68]	@ 0x44
100038a2:	2401      	movs	r4, #1
100038a4:	e000      	b.n	100038a8 <_vsnprintf+0x88>
100038a6:	2400      	movs	r4, #0
100038a8:	2c00      	cmp	r4, #0
100038aa:	d009      	beq.n	100038c0 <_vsnprintf+0xa0>
100038ac:	9a11      	ldr	r2, [sp, #68]	@ 0x44
100038ae:	7813      	ldrb	r3, [r2, #0]
100038b0:	3b20      	subs	r3, #32
100038b2:	b2d9      	uxtb	r1, r3
100038b4:	2910      	cmp	r1, #16
100038b6:	d8f6      	bhi.n	100038a6 <_vsnprintf+0x86>
100038b8:	008b      	lsls	r3, r1, #2
100038ba:	49c8      	ldr	r1, [pc, #800]	@ (10003bdc <_vsnprintf+0x3bc>)
100038bc:	58cb      	ldr	r3, [r1, r3]
100038be:	469f      	mov	pc, r3
100038c0:	9b11      	ldr	r3, [sp, #68]	@ 0x44
100038c2:	781a      	ldrb	r2, [r3, #0]
100038c4:	0013      	movs	r3, r2
100038c6:	3b30      	subs	r3, #48	@ 0x30
100038c8:	b2db      	uxtb	r3, r3
100038ca:	2b09      	cmp	r3, #9
100038cc:	d910      	bls.n	100038f0 <_vsnprintf+0xd0>
100038ce:	2a2a      	cmp	r2, #42	@ 0x2a
100038d0:	d013      	beq.n	100038fa <_vsnprintf+0xda>
100038d2:	940b      	str	r4, [sp, #44]	@ 0x2c
100038d4:	9b11      	ldr	r3, [sp, #68]	@ 0x44
100038d6:	781a      	ldrb	r2, [r3, #0]
100038d8:	2a2e      	cmp	r2, #46	@ 0x2e
100038da:	d01e      	beq.n	1000391a <_vsnprintf+0xfa>
100038dc:	9a11      	ldr	r2, [sp, #68]	@ 0x44
100038de:	7813      	ldrb	r3, [r2, #0]
100038e0:	3b68      	subs	r3, #104	@ 0x68
100038e2:	b2d9      	uxtb	r1, r3
100038e4:	2912      	cmp	r1, #18
100038e6:	d859      	bhi.n	1000399c <_vsnprintf+0x17c>
100038e8:	008b      	lsls	r3, r1, #2
100038ea:	49bd      	ldr	r1, [pc, #756]	@ (10003be0 <_vsnprintf+0x3c0>)
100038ec:	58cb      	ldr	r3, [r1, r3]
100038ee:	469f      	mov	pc, r3
100038f0:	a811      	add	r0, sp, #68	@ 0x44
100038f2:	f7ff fa05 	bl	10002d00 <_atoi>
100038f6:	900b      	str	r0, [sp, #44]	@ 0x2c
100038f8:	e7ec      	b.n	100038d4 <_vsnprintf+0xb4>
100038fa:	9b1c      	ldr	r3, [sp, #112]	@ 0x70
100038fc:	1d1a      	adds	r2, r3, #4
100038fe:	921c      	str	r2, [sp, #112]	@ 0x70
10003900:	681b      	ldr	r3, [r3, #0]
10003902:	2b00      	cmp	r3, #0
10003904:	db04      	blt.n	10003910 <_vsnprintf+0xf0>
10003906:	930b      	str	r3, [sp, #44]	@ 0x2c
10003908:	9b11      	ldr	r3, [sp, #68]	@ 0x44
1000390a:	3301      	adds	r3, #1
1000390c:	9311      	str	r3, [sp, #68]	@ 0x44
1000390e:	e7e1      	b.n	100038d4 <_vsnprintf+0xb4>
10003910:	2202      	movs	r2, #2
10003912:	4317      	orrs	r7, r2
10003914:	425b      	negs	r3, r3
10003916:	930b      	str	r3, [sp, #44]	@ 0x2c
10003918:	e7f6      	b.n	10003908 <_vsnprintf+0xe8>
1000391a:	2280      	movs	r2, #128	@ 0x80
1000391c:	00d2      	lsls	r2, r2, #3
1000391e:	4317      	orrs	r7, r2
10003920:	1c5a      	adds	r2, r3, #1
10003922:	9211      	str	r2, [sp, #68]	@ 0x44
10003924:	785a      	ldrb	r2, [r3, #1]
10003926:	0013      	movs	r3, r2
10003928:	3b30      	subs	r3, #48	@ 0x30
1000392a:	b2db      	uxtb	r3, r3
1000392c:	2b09      	cmp	r3, #9
1000392e:	d90b      	bls.n	10003948 <_vsnprintf+0x128>
10003930:	2a2a      	cmp	r2, #42	@ 0x2a
10003932:	d1d3      	bne.n	100038dc <_vsnprintf+0xbc>
10003934:	9b1c      	ldr	r3, [sp, #112]	@ 0x70
10003936:	1d1a      	adds	r2, r3, #4
10003938:	921c      	str	r2, [sp, #112]	@ 0x70
1000393a:	681c      	ldr	r4, [r3, #0]
1000393c:	2c00      	cmp	r4, #0
1000393e:	db08      	blt.n	10003952 <_vsnprintf+0x132>
10003940:	9b11      	ldr	r3, [sp, #68]	@ 0x44
10003942:	3301      	adds	r3, #1
10003944:	9311      	str	r3, [sp, #68]	@ 0x44
10003946:	e7c9      	b.n	100038dc <_vsnprintf+0xbc>
10003948:	a811      	add	r0, sp, #68	@ 0x44
1000394a:	f7ff f9d9 	bl	10002d00 <_atoi>
1000394e:	0004      	movs	r4, r0
10003950:	e7c4      	b.n	100038dc <_vsnprintf+0xbc>
10003952:	2400      	movs	r4, #0
10003954:	e7f4      	b.n	10003940 <_vsnprintf+0x120>
10003956:	2380      	movs	r3, #128	@ 0x80
10003958:	005b      	lsls	r3, r3, #1
1000395a:	433b      	orrs	r3, r7
1000395c:	1c51      	adds	r1, r2, #1
1000395e:	9111      	str	r1, [sp, #68]	@ 0x44
10003960:	7851      	ldrb	r1, [r2, #1]
10003962:	296c      	cmp	r1, #108	@ 0x6c
10003964:	d001      	beq.n	1000396a <_vsnprintf+0x14a>
10003966:	001f      	movs	r7, r3
10003968:	e018      	b.n	1000399c <_vsnprintf+0x17c>
1000396a:	23c0      	movs	r3, #192	@ 0xc0
1000396c:	009b      	lsls	r3, r3, #2
1000396e:	431f      	orrs	r7, r3
10003970:	3202      	adds	r2, #2
10003972:	9211      	str	r2, [sp, #68]	@ 0x44
10003974:	e012      	b.n	1000399c <_vsnprintf+0x17c>
10003976:	2380      	movs	r3, #128	@ 0x80
10003978:	433b      	orrs	r3, r7
1000397a:	1c51      	adds	r1, r2, #1
1000397c:	9111      	str	r1, [sp, #68]	@ 0x44
1000397e:	7851      	ldrb	r1, [r2, #1]
10003980:	2968      	cmp	r1, #104	@ 0x68
10003982:	d001      	beq.n	10003988 <_vsnprintf+0x168>
10003984:	001f      	movs	r7, r3
10003986:	e009      	b.n	1000399c <_vsnprintf+0x17c>
10003988:	23c0      	movs	r3, #192	@ 0xc0
1000398a:	431f      	orrs	r7, r3
1000398c:	3202      	adds	r2, #2
1000398e:	9211      	str	r2, [sp, #68]	@ 0x44
10003990:	e004      	b.n	1000399c <_vsnprintf+0x17c>
10003992:	2380      	movs	r3, #128	@ 0x80
10003994:	005b      	lsls	r3, r3, #1
10003996:	431f      	orrs	r7, r3
10003998:	3201      	adds	r2, #1
1000399a:	9211      	str	r2, [sp, #68]	@ 0x44
1000399c:	9b11      	ldr	r3, [sp, #68]	@ 0x44
1000399e:	7818      	ldrb	r0, [r3, #0]
100039a0:	2867      	cmp	r0, #103	@ 0x67
100039a2:	d818      	bhi.n	100039d6 <_vsnprintf+0x1b6>
100039a4:	2825      	cmp	r0, #37	@ 0x25
100039a6:	d200      	bcs.n	100039aa <_vsnprintf+0x18a>
100039a8:	e24c      	b.n	10003e44 <_vsnprintf+0x624>
100039aa:	0003      	movs	r3, r0
100039ac:	3b25      	subs	r3, #37	@ 0x25
100039ae:	b2da      	uxtb	r2, r3
100039b0:	2a42      	cmp	r2, #66	@ 0x42
100039b2:	d900      	bls.n	100039b6 <_vsnprintf+0x196>
100039b4:	e246      	b.n	10003e44 <_vsnprintf+0x624>
100039b6:	0093      	lsls	r3, r2, #2
100039b8:	4a8a      	ldr	r2, [pc, #552]	@ (10003be4 <_vsnprintf+0x3c4>)
100039ba:	58d3      	ldr	r3, [r2, r3]
100039bc:	469f      	mov	pc, r3
100039be:	2380      	movs	r3, #128	@ 0x80
100039c0:	009b      	lsls	r3, r3, #2
100039c2:	431f      	orrs	r7, r3
100039c4:	3201      	adds	r2, #1
100039c6:	9211      	str	r2, [sp, #68]	@ 0x44
100039c8:	e7e8      	b.n	1000399c <_vsnprintf+0x17c>
100039ca:	2380      	movs	r3, #128	@ 0x80
100039cc:	005b      	lsls	r3, r3, #1
100039ce:	431f      	orrs	r7, r3
100039d0:	3201      	adds	r2, #1
100039d2:	9211      	str	r2, [sp, #68]	@ 0x44
100039d4:	e7e2      	b.n	1000399c <_vsnprintf+0x17c>
100039d6:	2878      	cmp	r0, #120	@ 0x78
100039d8:	d900      	bls.n	100039dc <_vsnprintf+0x1bc>
100039da:	e233      	b.n	10003e44 <_vsnprintf+0x624>
100039dc:	2869      	cmp	r0, #105	@ 0x69
100039de:	d200      	bcs.n	100039e2 <_vsnprintf+0x1c2>
100039e0:	e230      	b.n	10003e44 <_vsnprintf+0x624>
100039e2:	0002      	movs	r2, r0
100039e4:	3a69      	subs	r2, #105	@ 0x69
100039e6:	b2d2      	uxtb	r2, r2
100039e8:	2301      	movs	r3, #1
100039ea:	4093      	lsls	r3, r2
100039ec:	4a7e      	ldr	r2, [pc, #504]	@ (10003be8 <_vsnprintf+0x3c8>)
100039ee:	4213      	tst	r3, r2
100039f0:	d111      	bne.n	10003a16 <_vsnprintf+0x1f6>
100039f2:	061a      	lsls	r2, r3, #24
100039f4:	d500      	bpl.n	100039f8 <_vsnprintf+0x1d8>
100039f6:	e200      	b.n	10003dfa <_vsnprintf+0x5da>
100039f8:	055b      	lsls	r3, r3, #21
100039fa:	d400      	bmi.n	100039fe <_vsnprintf+0x1de>
100039fc:	e222      	b.n	10003e44 <_vsnprintf+0x624>
100039fe:	9b1c      	ldr	r3, [sp, #112]	@ 0x70
10003a00:	1d1a      	adds	r2, r3, #4
10003a02:	921c      	str	r2, [sp, #112]	@ 0x70
10003a04:	681b      	ldr	r3, [r3, #0]
10003a06:	469a      	mov	sl, r3
10003a08:	2c00      	cmp	r4, #0
10003a0a:	d000      	beq.n	10003a0e <_vsnprintf+0x1ee>
10003a0c:	e1b2      	b.n	10003d74 <_vsnprintf+0x554>
10003a0e:	2201      	movs	r2, #1
10003a10:	4252      	negs	r2, r2
10003a12:	4653      	mov	r3, sl
10003a14:	e18e      	b.n	10003d34 <_vsnprintf+0x514>
10003a16:	286f      	cmp	r0, #111	@ 0x6f
10003a18:	d00e      	beq.n	10003a38 <_vsnprintf+0x218>
10003a1a:	d806      	bhi.n	10003a2a <_vsnprintf+0x20a>
10003a1c:	2858      	cmp	r0, #88	@ 0x58
10003a1e:	d03d      	beq.n	10003a9c <_vsnprintf+0x27c>
10003a20:	2862      	cmp	r0, #98	@ 0x62
10003a22:	d104      	bne.n	10003a2e <_vsnprintf+0x20e>
10003a24:	2302      	movs	r3, #2
10003a26:	469c      	mov	ip, r3
10003a28:	e008      	b.n	10003a3c <_vsnprintf+0x21c>
10003a2a:	2878      	cmp	r0, #120	@ 0x78
10003a2c:	d039      	beq.n	10003aa2 <_vsnprintf+0x282>
10003a2e:	2310      	movs	r3, #16
10003a30:	439f      	bics	r7, r3
10003a32:	3b06      	subs	r3, #6
10003a34:	469c      	mov	ip, r3
10003a36:	e001      	b.n	10003a3c <_vsnprintf+0x21c>
10003a38:	2308      	movs	r3, #8
10003a3a:	469c      	mov	ip, r3
10003a3c:	2858      	cmp	r0, #88	@ 0x58
10003a3e:	d033      	beq.n	10003aa8 <_vsnprintf+0x288>
10003a40:	2869      	cmp	r0, #105	@ 0x69
10003a42:	d003      	beq.n	10003a4c <_vsnprintf+0x22c>
10003a44:	2864      	cmp	r0, #100	@ 0x64
10003a46:	d001      	beq.n	10003a4c <_vsnprintf+0x22c>
10003a48:	220c      	movs	r2, #12
10003a4a:	4397      	bics	r7, r2
10003a4c:	057a      	lsls	r2, r7, #21
10003a4e:	d501      	bpl.n	10003a54 <_vsnprintf+0x234>
10003a50:	2201      	movs	r2, #1
10003a52:	4397      	bics	r7, r2
10003a54:	2869      	cmp	r0, #105	@ 0x69
10003a56:	d02a      	beq.n	10003aae <_vsnprintf+0x28e>
10003a58:	2864      	cmp	r0, #100	@ 0x64
10003a5a:	d028      	beq.n	10003aae <_vsnprintf+0x28e>
10003a5c:	05ba      	lsls	r2, r7, #22
10003a5e:	d500      	bpl.n	10003a62 <_vsnprintf+0x242>
10003a60:	e09f      	b.n	10003ba2 <_vsnprintf+0x382>
10003a62:	05fa      	lsls	r2, r7, #23
10003a64:	d500      	bpl.n	10003a68 <_vsnprintf+0x248>
10003a66:	e0c1      	b.n	10003bec <_vsnprintf+0x3cc>
10003a68:	067a      	lsls	r2, r7, #25
10003a6a:	d400      	bmi.n	10003a6e <_vsnprintf+0x24e>
10003a6c:	e0d3      	b.n	10003c16 <_vsnprintf+0x3f6>
10003a6e:	9a1c      	ldr	r2, [sp, #112]	@ 0x70
10003a70:	1d11      	adds	r1, r2, #4
10003a72:	911c      	str	r1, [sp, #112]	@ 0x70
10003a74:	6811      	ldr	r1, [r2, #0]
10003a76:	22ff      	movs	r2, #255	@ 0xff
10003a78:	400a      	ands	r2, r1
10003a7a:	9705      	str	r7, [sp, #20]
10003a7c:	9b0b      	ldr	r3, [sp, #44]	@ 0x2c
10003a7e:	9304      	str	r3, [sp, #16]
10003a80:	9403      	str	r4, [sp, #12]
10003a82:	4663      	mov	r3, ip
10003a84:	9302      	str	r3, [sp, #8]
10003a86:	2300      	movs	r3, #0
10003a88:	9301      	str	r3, [sp, #4]
10003a8a:	9200      	str	r2, [sp, #0]
10003a8c:	465b      	mov	r3, fp
10003a8e:	002a      	movs	r2, r5
10003a90:	4641      	mov	r1, r8
10003a92:	0030      	movs	r0, r6
10003a94:	f7ff fa25 	bl	10002ee2 <_ntoa_long>
10003a98:	0005      	movs	r5, r0
10003a9a:	e027      	b.n	10003aec <_vsnprintf+0x2cc>
10003a9c:	2310      	movs	r3, #16
10003a9e:	469c      	mov	ip, r3
10003aa0:	e7cc      	b.n	10003a3c <_vsnprintf+0x21c>
10003aa2:	2310      	movs	r3, #16
10003aa4:	469c      	mov	ip, r3
10003aa6:	e7c9      	b.n	10003a3c <_vsnprintf+0x21c>
10003aa8:	2220      	movs	r2, #32
10003aaa:	4317      	orrs	r7, r2
10003aac:	e7c8      	b.n	10003a40 <_vsnprintf+0x220>
10003aae:	05ba      	lsls	r2, r7, #22
10003ab0:	d420      	bmi.n	10003af4 <_vsnprintf+0x2d4>
10003ab2:	05fa      	lsls	r2, r7, #23
10003ab4:	d450      	bmi.n	10003b58 <_vsnprintf+0x338>
10003ab6:	067a      	lsls	r2, r7, #25
10003ab8:	d566      	bpl.n	10003b88 <_vsnprintf+0x368>
10003aba:	9a1c      	ldr	r2, [sp, #112]	@ 0x70
10003abc:	1d11      	adds	r1, r2, #4
10003abe:	911c      	str	r1, [sp, #112]	@ 0x70
10003ac0:	6811      	ldr	r1, [r2, #0]
10003ac2:	22ff      	movs	r2, #255	@ 0xff
10003ac4:	400a      	ands	r2, r1
10003ac6:	17d0      	asrs	r0, r2, #31
10003ac8:	1811      	adds	r1, r2, r0
10003aca:	4041      	eors	r1, r0
10003acc:	9705      	str	r7, [sp, #20]
10003ace:	9b0b      	ldr	r3, [sp, #44]	@ 0x2c
10003ad0:	9304      	str	r3, [sp, #16]
10003ad2:	9403      	str	r4, [sp, #12]
10003ad4:	4663      	mov	r3, ip
10003ad6:	9302      	str	r3, [sp, #8]
10003ad8:	0fd2      	lsrs	r2, r2, #31
10003ada:	9201      	str	r2, [sp, #4]
10003adc:	9100      	str	r1, [sp, #0]
10003ade:	465b      	mov	r3, fp
10003ae0:	002a      	movs	r2, r5
10003ae2:	4641      	mov	r1, r8
10003ae4:	0030      	movs	r0, r6
10003ae6:	f7ff f9fc 	bl	10002ee2 <_ntoa_long>
10003aea:	0005      	movs	r5, r0
10003aec:	9b11      	ldr	r3, [sp, #68]	@ 0x44
10003aee:	3301      	adds	r3, #1
10003af0:	9311      	str	r3, [sp, #68]	@ 0x44
10003af2:	e6a5      	b.n	10003840 <_vsnprintf+0x20>
10003af4:	9a1c      	ldr	r2, [sp, #112]	@ 0x70
10003af6:	3207      	adds	r2, #7
10003af8:	2107      	movs	r1, #7
10003afa:	438a      	bics	r2, r1
10003afc:	0011      	movs	r1, r2
10003afe:	3108      	adds	r1, #8
10003b00:	911c      	str	r1, [sp, #112]	@ 0x70
10003b02:	6811      	ldr	r1, [r2, #0]
10003b04:	6853      	ldr	r3, [r2, #4]
10003b06:	4699      	mov	r9, r3
10003b08:	17db      	asrs	r3, r3, #31
10003b0a:	930c      	str	r3, [sp, #48]	@ 0x30
10003b0c:	930d      	str	r3, [sp, #52]	@ 0x34
10003b0e:	9a0c      	ldr	r2, [sp, #48]	@ 0x30
10003b10:	9b0d      	ldr	r3, [sp, #52]	@ 0x34
10003b12:	0010      	movs	r0, r2
10003b14:	4048      	eors	r0, r1
10003b16:	900e      	str	r0, [sp, #56]	@ 0x38
10003b18:	464a      	mov	r2, r9
10003b1a:	4053      	eors	r3, r2
10003b1c:	930f      	str	r3, [sp, #60]	@ 0x3c
10003b1e:	980e      	ldr	r0, [sp, #56]	@ 0x38
10003b20:	990f      	ldr	r1, [sp, #60]	@ 0x3c
10003b22:	9a0c      	ldr	r2, [sp, #48]	@ 0x30
10003b24:	9b0d      	ldr	r3, [sp, #52]	@ 0x34
10003b26:	1a80      	subs	r0, r0, r2
10003b28:	4199      	sbcs	r1, r3
10003b2a:	900e      	str	r0, [sp, #56]	@ 0x38
10003b2c:	910f      	str	r1, [sp, #60]	@ 0x3c
10003b2e:	9708      	str	r7, [sp, #32]
10003b30:	9b0b      	ldr	r3, [sp, #44]	@ 0x2c
10003b32:	9307      	str	r3, [sp, #28]
10003b34:	9406      	str	r4, [sp, #24]
10003b36:	4663      	mov	r3, ip
10003b38:	9304      	str	r3, [sp, #16]
10003b3a:	2300      	movs	r3, #0
10003b3c:	9305      	str	r3, [sp, #20]
10003b3e:	464b      	mov	r3, r9
10003b40:	0fda      	lsrs	r2, r3, #31
10003b42:	9202      	str	r2, [sp, #8]
10003b44:	9000      	str	r0, [sp, #0]
10003b46:	9101      	str	r1, [sp, #4]
10003b48:	465b      	mov	r3, fp
10003b4a:	002a      	movs	r2, r5
10003b4c:	4641      	mov	r1, r8
10003b4e:	0030      	movs	r0, r6
10003b50:	f7ff fa25 	bl	10002f9e <_ntoa_long_long>
10003b54:	0005      	movs	r5, r0
10003b56:	e7c9      	b.n	10003aec <_vsnprintf+0x2cc>
10003b58:	9a1c      	ldr	r2, [sp, #112]	@ 0x70
10003b5a:	1d11      	adds	r1, r2, #4
10003b5c:	911c      	str	r1, [sp, #112]	@ 0x70
10003b5e:	6812      	ldr	r2, [r2, #0]
10003b60:	17d0      	asrs	r0, r2, #31
10003b62:	1811      	adds	r1, r2, r0
10003b64:	4041      	eors	r1, r0
10003b66:	9705      	str	r7, [sp, #20]
10003b68:	9b0b      	ldr	r3, [sp, #44]	@ 0x2c
10003b6a:	9304      	str	r3, [sp, #16]
10003b6c:	9403      	str	r4, [sp, #12]
10003b6e:	4663      	mov	r3, ip
10003b70:	9302      	str	r3, [sp, #8]
10003b72:	0fd2      	lsrs	r2, r2, #31
10003b74:	9201      	str	r2, [sp, #4]
10003b76:	9100      	str	r1, [sp, #0]
10003b78:	465b      	mov	r3, fp
10003b7a:	002a      	movs	r2, r5
10003b7c:	4641      	mov	r1, r8
10003b7e:	0030      	movs	r0, r6
10003b80:	f7ff f9af 	bl	10002ee2 <_ntoa_long>
10003b84:	0005      	movs	r5, r0
10003b86:	e7b1      	b.n	10003aec <_vsnprintf+0x2cc>
10003b88:	063a      	lsls	r2, r7, #24
10003b8a:	d505      	bpl.n	10003b98 <_vsnprintf+0x378>
10003b8c:	9a1c      	ldr	r2, [sp, #112]	@ 0x70
10003b8e:	1d11      	adds	r1, r2, #4
10003b90:	911c      	str	r1, [sp, #112]	@ 0x70
10003b92:	2300      	movs	r3, #0
10003b94:	5ed2      	ldrsh	r2, [r2, r3]
10003b96:	e796      	b.n	10003ac6 <_vsnprintf+0x2a6>
10003b98:	9a1c      	ldr	r2, [sp, #112]	@ 0x70
10003b9a:	1d11      	adds	r1, r2, #4
10003b9c:	911c      	str	r1, [sp, #112]	@ 0x70
10003b9e:	6812      	ldr	r2, [r2, #0]
10003ba0:	e791      	b.n	10003ac6 <_vsnprintf+0x2a6>
10003ba2:	9a1c      	ldr	r2, [sp, #112]	@ 0x70
10003ba4:	3207      	adds	r2, #7
10003ba6:	2107      	movs	r1, #7
10003ba8:	438a      	bics	r2, r1
10003baa:	0011      	movs	r1, r2
10003bac:	3108      	adds	r1, #8
10003bae:	911c      	str	r1, [sp, #112]	@ 0x70
10003bb0:	9708      	str	r7, [sp, #32]
10003bb2:	9b0b      	ldr	r3, [sp, #44]	@ 0x2c
10003bb4:	9307      	str	r3, [sp, #28]
10003bb6:	9406      	str	r4, [sp, #24]
10003bb8:	4663      	mov	r3, ip
10003bba:	9304      	str	r3, [sp, #16]
10003bbc:	2300      	movs	r3, #0
10003bbe:	9305      	str	r3, [sp, #20]
10003bc0:	9302      	str	r3, [sp, #8]
10003bc2:	6853      	ldr	r3, [r2, #4]
10003bc4:	6812      	ldr	r2, [r2, #0]
10003bc6:	9200      	str	r2, [sp, #0]
10003bc8:	9301      	str	r3, [sp, #4]
10003bca:	465b      	mov	r3, fp
10003bcc:	002a      	movs	r2, r5
10003bce:	4641      	mov	r1, r8
10003bd0:	0030      	movs	r0, r6
10003bd2:	f7ff f9e4 	bl	10002f9e <_ntoa_long_long>
10003bd6:	0005      	movs	r5, r0
10003bd8:	e788      	b.n	10003aec <_vsnprintf+0x2cc>
10003bda:	46c0      	nop			@ (mov r8, r8)
10003bdc:	1000a2f0 	.word	0x1000a2f0
10003be0:	1000a334 	.word	0x1000a334
10003be4:	1000a380 	.word	0x1000a380
10003be8:	00009041 	.word	0x00009041
10003bec:	9a1c      	ldr	r2, [sp, #112]	@ 0x70
10003bee:	1d11      	adds	r1, r2, #4
10003bf0:	911c      	str	r1, [sp, #112]	@ 0x70
10003bf2:	9705      	str	r7, [sp, #20]
10003bf4:	9b0b      	ldr	r3, [sp, #44]	@ 0x2c
10003bf6:	9304      	str	r3, [sp, #16]
10003bf8:	9403      	str	r4, [sp, #12]
10003bfa:	4663      	mov	r3, ip
10003bfc:	9302      	str	r3, [sp, #8]
10003bfe:	2300      	movs	r3, #0
10003c00:	9301      	str	r3, [sp, #4]
10003c02:	6813      	ldr	r3, [r2, #0]
10003c04:	9300      	str	r3, [sp, #0]
10003c06:	465b      	mov	r3, fp
10003c08:	002a      	movs	r2, r5
10003c0a:	4641      	mov	r1, r8
10003c0c:	0030      	movs	r0, r6
10003c0e:	f7ff f968 	bl	10002ee2 <_ntoa_long>
10003c12:	0005      	movs	r5, r0
10003c14:	e76a      	b.n	10003aec <_vsnprintf+0x2cc>
10003c16:	063a      	lsls	r2, r7, #24
10003c18:	d506      	bpl.n	10003c28 <_vsnprintf+0x408>
10003c1a:	9a1c      	ldr	r2, [sp, #112]	@ 0x70
10003c1c:	1d11      	adds	r1, r2, #4
10003c1e:	911c      	str	r1, [sp, #112]	@ 0x70
10003c20:	6812      	ldr	r2, [r2, #0]
10003c22:	0412      	lsls	r2, r2, #16
10003c24:	0c12      	lsrs	r2, r2, #16
10003c26:	e728      	b.n	10003a7a <_vsnprintf+0x25a>
10003c28:	9a1c      	ldr	r2, [sp, #112]	@ 0x70
10003c2a:	1d11      	adds	r1, r2, #4
10003c2c:	911c      	str	r1, [sp, #112]	@ 0x70
10003c2e:	6812      	ldr	r2, [r2, #0]
10003c30:	e723      	b.n	10003a7a <_vsnprintf+0x25a>
10003c32:	2846      	cmp	r0, #70	@ 0x46
10003c34:	d019      	beq.n	10003c6a <_vsnprintf+0x44a>
10003c36:	9b1c      	ldr	r3, [sp, #112]	@ 0x70
10003c38:	3307      	adds	r3, #7
10003c3a:	2207      	movs	r2, #7
10003c3c:	4393      	bics	r3, r2
10003c3e:	001a      	movs	r2, r3
10003c40:	3208      	adds	r2, #8
10003c42:	921c      	str	r2, [sp, #112]	@ 0x70
10003c44:	9704      	str	r7, [sp, #16]
10003c46:	9a0b      	ldr	r2, [sp, #44]	@ 0x2c
10003c48:	9203      	str	r2, [sp, #12]
10003c4a:	9402      	str	r4, [sp, #8]
10003c4c:	681a      	ldr	r2, [r3, #0]
10003c4e:	685b      	ldr	r3, [r3, #4]
10003c50:	9200      	str	r2, [sp, #0]
10003c52:	9301      	str	r3, [sp, #4]
10003c54:	465b      	mov	r3, fp
10003c56:	002a      	movs	r2, r5
10003c58:	4641      	mov	r1, r8
10003c5a:	0030      	movs	r0, r6
10003c5c:	f7ff fc36 	bl	100034cc <_ftoa>
10003c60:	0005      	movs	r5, r0
10003c62:	9b11      	ldr	r3, [sp, #68]	@ 0x44
10003c64:	3301      	adds	r3, #1
10003c66:	9311      	str	r3, [sp, #68]	@ 0x44
10003c68:	e5ea      	b.n	10003840 <_vsnprintf+0x20>
10003c6a:	2320      	movs	r3, #32
10003c6c:	431f      	orrs	r7, r3
10003c6e:	e7e2      	b.n	10003c36 <_vsnprintf+0x416>
10003c70:	2867      	cmp	r0, #103	@ 0x67
10003c72:	d001      	beq.n	10003c78 <_vsnprintf+0x458>
10003c74:	2847      	cmp	r0, #71	@ 0x47
10003c76:	d102      	bne.n	10003c7e <_vsnprintf+0x45e>
10003c78:	2380      	movs	r3, #128	@ 0x80
10003c7a:	011b      	lsls	r3, r3, #4
10003c7c:	431f      	orrs	r7, r3
10003c7e:	2845      	cmp	r0, #69	@ 0x45
10003c80:	d001      	beq.n	10003c86 <_vsnprintf+0x466>
10003c82:	2847      	cmp	r0, #71	@ 0x47
10003c84:	d101      	bne.n	10003c8a <_vsnprintf+0x46a>
10003c86:	2320      	movs	r3, #32
10003c88:	431f      	orrs	r7, r3
10003c8a:	9b1c      	ldr	r3, [sp, #112]	@ 0x70
10003c8c:	3307      	adds	r3, #7
10003c8e:	2207      	movs	r2, #7
10003c90:	4393      	bics	r3, r2
10003c92:	001a      	movs	r2, r3
10003c94:	3208      	adds	r2, #8
10003c96:	921c      	str	r2, [sp, #112]	@ 0x70
10003c98:	9704      	str	r7, [sp, #16]
10003c9a:	9a0b      	ldr	r2, [sp, #44]	@ 0x2c
10003c9c:	9203      	str	r2, [sp, #12]
10003c9e:	9402      	str	r4, [sp, #8]
10003ca0:	681a      	ldr	r2, [r3, #0]
10003ca2:	685b      	ldr	r3, [r3, #4]
10003ca4:	9200      	str	r2, [sp, #0]
10003ca6:	9301      	str	r3, [sp, #4]
10003ca8:	465b      	mov	r3, fp
10003caa:	002a      	movs	r2, r5
10003cac:	4641      	mov	r1, r8
10003cae:	0030      	movs	r0, r6
10003cb0:	f7ff f9fc 	bl	100030ac <_etoa>
10003cb4:	0005      	movs	r5, r0
10003cb6:	9b11      	ldr	r3, [sp, #68]	@ 0x44
10003cb8:	3301      	adds	r3, #1
10003cba:	9311      	str	r3, [sp, #68]	@ 0x44
10003cbc:	e5c0      	b.n	10003840 <_vsnprintf+0x20>
10003cbe:	2302      	movs	r3, #2
10003cc0:	001a      	movs	r2, r3
10003cc2:	403a      	ands	r2, r7
10003cc4:	4691      	mov	r9, r2
10003cc6:	423b      	tst	r3, r7
10003cc8:	d01d      	beq.n	10003d06 <_vsnprintf+0x4e6>
10003cca:	2401      	movs	r4, #1
10003ccc:	9b1c      	ldr	r3, [sp, #112]	@ 0x70
10003cce:	1d1a      	adds	r2, r3, #4
10003cd0:	921c      	str	r2, [sp, #112]	@ 0x70
10003cd2:	1c6f      	adds	r7, r5, #1
10003cd4:	7818      	ldrb	r0, [r3, #0]
10003cd6:	465b      	mov	r3, fp
10003cd8:	002a      	movs	r2, r5
10003cda:	4641      	mov	r1, r8
10003cdc:	47b0      	blx	r6
10003cde:	464b      	mov	r3, r9
10003ce0:	2b00      	cmp	r3, #0
10003ce2:	d114      	bne.n	10003d0e <_vsnprintf+0x4ee>
10003ce4:	9b11      	ldr	r3, [sp, #68]	@ 0x44
10003ce6:	3301      	adds	r3, #1
10003ce8:	9311      	str	r3, [sp, #68]	@ 0x44
10003cea:	003d      	movs	r5, r7
10003cec:	e5a8      	b.n	10003840 <_vsnprintf+0x20>
10003cee:	1c57      	adds	r7, r2, #1
10003cf0:	465b      	mov	r3, fp
10003cf2:	4641      	mov	r1, r8
10003cf4:	2020      	movs	r0, #32
10003cf6:	47b0      	blx	r6
10003cf8:	0023      	movs	r3, r4
10003cfa:	003a      	movs	r2, r7
10003cfc:	1c5c      	adds	r4, r3, #1
10003cfe:	429d      	cmp	r5, r3
10003d00:	d8f5      	bhi.n	10003cee <_vsnprintf+0x4ce>
10003d02:	0015      	movs	r5, r2
10003d04:	e7e2      	b.n	10003ccc <_vsnprintf+0x4ac>
10003d06:	2301      	movs	r3, #1
10003d08:	002a      	movs	r2, r5
10003d0a:	9d0b      	ldr	r5, [sp, #44]	@ 0x2c
10003d0c:	e7f6      	b.n	10003cfc <_vsnprintf+0x4dc>
10003d0e:	003a      	movs	r2, r7
10003d10:	46b1      	mov	r9, r6
10003d12:	9e0b      	ldr	r6, [sp, #44]	@ 0x2c
10003d14:	e006      	b.n	10003d24 <_vsnprintf+0x504>
10003d16:	1c57      	adds	r7, r2, #1
10003d18:	465b      	mov	r3, fp
10003d1a:	4641      	mov	r1, r8
10003d1c:	2020      	movs	r0, #32
10003d1e:	47c8      	blx	r9
10003d20:	002c      	movs	r4, r5
10003d22:	003a      	movs	r2, r7
10003d24:	1c65      	adds	r5, r4, #1
10003d26:	42a6      	cmp	r6, r4
10003d28:	d8f5      	bhi.n	10003d16 <_vsnprintf+0x4f6>
10003d2a:	0017      	movs	r7, r2
10003d2c:	464e      	mov	r6, r9
10003d2e:	e7d9      	b.n	10003ce4 <_vsnprintf+0x4c4>
10003d30:	3301      	adds	r3, #1
10003d32:	000a      	movs	r2, r1
10003d34:	7819      	ldrb	r1, [r3, #0]
10003d36:	2900      	cmp	r1, #0
10003d38:	d002      	beq.n	10003d40 <_vsnprintf+0x520>
10003d3a:	1e51      	subs	r1, r2, #1
10003d3c:	2a00      	cmp	r2, #0
10003d3e:	d1f7      	bne.n	10003d30 <_vsnprintf+0x510>
10003d40:	4652      	mov	r2, sl
10003d42:	1a9b      	subs	r3, r3, r2
10003d44:	2280      	movs	r2, #128	@ 0x80
10003d46:	00d2      	lsls	r2, r2, #3
10003d48:	0039      	movs	r1, r7
10003d4a:	4011      	ands	r1, r2
10003d4c:	4689      	mov	r9, r1
10003d4e:	4217      	tst	r7, r2
10003d50:	d002      	beq.n	10003d58 <_vsnprintf+0x538>
10003d52:	42a3      	cmp	r3, r4
10003d54:	d900      	bls.n	10003d58 <_vsnprintf+0x538>
10003d56:	0023      	movs	r3, r4
10003d58:	2202      	movs	r2, #2
10003d5a:	0011      	movs	r1, r2
10003d5c:	4039      	ands	r1, r7
10003d5e:	9110      	str	r1, [sp, #64]	@ 0x40
10003d60:	423a      	tst	r2, r7
10003d62:	d009      	beq.n	10003d78 <_vsnprintf+0x558>
10003d64:	002a      	movs	r2, r5
10003d66:	0025      	movs	r5, r4
10003d68:	4657      	mov	r7, sl
10003d6a:	469a      	mov	sl, r3
10003d6c:	0033      	movs	r3, r6
10003d6e:	464e      	mov	r6, r9
10003d70:	4699      	mov	r9, r3
10003d72:	e021      	b.n	10003db8 <_vsnprintf+0x598>
10003d74:	0022      	movs	r2, r4
10003d76:	e64c      	b.n	10003a12 <_vsnprintf+0x1f2>
10003d78:	002a      	movs	r2, r5
10003d7a:	4645      	mov	r5, r8
10003d7c:	46a0      	mov	r8, r4
10003d7e:	e006      	b.n	10003d8e <_vsnprintf+0x56e>
10003d80:	1c54      	adds	r4, r2, #1
10003d82:	465b      	mov	r3, fp
10003d84:	0029      	movs	r1, r5
10003d86:	2020      	movs	r0, #32
10003d88:	47b0      	blx	r6
10003d8a:	003b      	movs	r3, r7
10003d8c:	0022      	movs	r2, r4
10003d8e:	1c5f      	adds	r7, r3, #1
10003d90:	990b      	ldr	r1, [sp, #44]	@ 0x2c
10003d92:	4299      	cmp	r1, r3
10003d94:	d8f4      	bhi.n	10003d80 <_vsnprintf+0x560>
10003d96:	4644      	mov	r4, r8
10003d98:	46a8      	mov	r8, r5
10003d9a:	003b      	movs	r3, r7
10003d9c:	0025      	movs	r5, r4
10003d9e:	4657      	mov	r7, sl
10003da0:	469a      	mov	sl, r3
10003da2:	0033      	movs	r3, r6
10003da4:	464e      	mov	r6, r9
10003da6:	4699      	mov	r9, r3
10003da8:	e006      	b.n	10003db8 <_vsnprintf+0x598>
10003daa:	001d      	movs	r5, r3
10003dac:	3701      	adds	r7, #1
10003dae:	1c54      	adds	r4, r2, #1
10003db0:	465b      	mov	r3, fp
10003db2:	4641      	mov	r1, r8
10003db4:	47c8      	blx	r9
10003db6:	0022      	movs	r2, r4
10003db8:	7838      	ldrb	r0, [r7, #0]
10003dba:	2800      	cmp	r0, #0
10003dbc:	d004      	beq.n	10003dc8 <_vsnprintf+0x5a8>
10003dbe:	2e00      	cmp	r6, #0
10003dc0:	d0f4      	beq.n	10003dac <_vsnprintf+0x58c>
10003dc2:	1e6b      	subs	r3, r5, #1
10003dc4:	2d00      	cmp	r5, #0
10003dc6:	d1f0      	bne.n	10003daa <_vsnprintf+0x58a>
10003dc8:	0015      	movs	r5, r2
10003dca:	4653      	mov	r3, sl
10003dcc:	464e      	mov	r6, r9
10003dce:	9a10      	ldr	r2, [sp, #64]	@ 0x40
10003dd0:	2a00      	cmp	r2, #0
10003dd2:	d103      	bne.n	10003ddc <_vsnprintf+0x5bc>
10003dd4:	9b11      	ldr	r3, [sp, #68]	@ 0x44
10003dd6:	3301      	adds	r3, #1
10003dd8:	9311      	str	r3, [sp, #68]	@ 0x44
10003dda:	e531      	b.n	10003840 <_vsnprintf+0x20>
10003ddc:	9f0b      	ldr	r7, [sp, #44]	@ 0x2c
10003dde:	002a      	movs	r2, r5
10003de0:	e006      	b.n	10003df0 <_vsnprintf+0x5d0>
10003de2:	1c55      	adds	r5, r2, #1
10003de4:	465b      	mov	r3, fp
10003de6:	4641      	mov	r1, r8
10003de8:	2020      	movs	r0, #32
10003dea:	47b0      	blx	r6
10003dec:	0023      	movs	r3, r4
10003dee:	002a      	movs	r2, r5
10003df0:	1c5c      	adds	r4, r3, #1
10003df2:	429f      	cmp	r7, r3
10003df4:	d8f5      	bhi.n	10003de2 <_vsnprintf+0x5c2>
10003df6:	0015      	movs	r5, r2
10003df8:	e7ec      	b.n	10003dd4 <_vsnprintf+0x5b4>
10003dfa:	2321      	movs	r3, #33	@ 0x21
10003dfc:	433b      	orrs	r3, r7
10003dfe:	9a1c      	ldr	r2, [sp, #112]	@ 0x70
10003e00:	1d11      	adds	r1, r2, #4
10003e02:	911c      	str	r1, [sp, #112]	@ 0x70
10003e04:	6812      	ldr	r2, [r2, #0]
10003e06:	9305      	str	r3, [sp, #20]
10003e08:	2308      	movs	r3, #8
10003e0a:	9304      	str	r3, [sp, #16]
10003e0c:	9403      	str	r4, [sp, #12]
10003e0e:	3308      	adds	r3, #8
10003e10:	9302      	str	r3, [sp, #8]
10003e12:	2300      	movs	r3, #0
10003e14:	9301      	str	r3, [sp, #4]
10003e16:	9200      	str	r2, [sp, #0]
10003e18:	465b      	mov	r3, fp
10003e1a:	002a      	movs	r2, r5
10003e1c:	4641      	mov	r1, r8
10003e1e:	0030      	movs	r0, r6
10003e20:	f7ff f85f 	bl	10002ee2 <_ntoa_long>
10003e24:	0005      	movs	r5, r0
10003e26:	9b11      	ldr	r3, [sp, #68]	@ 0x44
10003e28:	3301      	adds	r3, #1
10003e2a:	9311      	str	r3, [sp, #68]	@ 0x44
10003e2c:	e508      	b.n	10003840 <_vsnprintf+0x20>
10003e2e:	1c6c      	adds	r4, r5, #1
10003e30:	465b      	mov	r3, fp
10003e32:	002a      	movs	r2, r5
10003e34:	4641      	mov	r1, r8
10003e36:	2025      	movs	r0, #37	@ 0x25
10003e38:	47b0      	blx	r6
10003e3a:	9b11      	ldr	r3, [sp, #68]	@ 0x44
10003e3c:	3301      	adds	r3, #1
10003e3e:	9311      	str	r3, [sp, #68]	@ 0x44
10003e40:	0025      	movs	r5, r4
10003e42:	e4fd      	b.n	10003840 <_vsnprintf+0x20>
10003e44:	1c6c      	adds	r4, r5, #1
10003e46:	465b      	mov	r3, fp
10003e48:	002a      	movs	r2, r5
10003e4a:	4641      	mov	r1, r8
10003e4c:	47b0      	blx	r6
10003e4e:	9b11      	ldr	r3, [sp, #68]	@ 0x44
10003e50:	3301      	adds	r3, #1
10003e52:	9311      	str	r3, [sp, #68]	@ 0x44
10003e54:	0025      	movs	r5, r4
10003e56:	e4f3      	b.n	10003840 <_vsnprintf+0x20>
10003e58:	4b0a      	ldr	r3, [pc, #40]	@ (10003e84 <_vsnprintf+0x664>)
10003e5a:	469a      	mov	sl, r3
10003e5c:	e4ee      	b.n	1000383c <_vsnprintf+0x1c>
10003e5e:	46b2      	mov	sl, r6
10003e60:	455d      	cmp	r5, fp
10003e62:	d30d      	bcc.n	10003e80 <_vsnprintf+0x660>
10003e64:	465b      	mov	r3, fp
10003e66:	1e5a      	subs	r2, r3, #1
10003e68:	465b      	mov	r3, fp
10003e6a:	4641      	mov	r1, r8
10003e6c:	2000      	movs	r0, #0
10003e6e:	47d0      	blx	sl
10003e70:	0028      	movs	r0, r5
10003e72:	b013      	add	sp, #76	@ 0x4c
10003e74:	bcf0      	pop	{r4, r5, r6, r7}
10003e76:	46bb      	mov	fp, r7
10003e78:	46b2      	mov	sl, r6
10003e7a:	46a9      	mov	r9, r5
10003e7c:	46a0      	mov	r8, r4
10003e7e:	bdf0      	pop	{r4, r5, r6, r7, pc}
10003e80:	002a      	movs	r2, r5
10003e82:	e7f1      	b.n	10003e68 <_vsnprintf+0x648>
10003e84:	10002cf1 	.word	0x10002cf1

10003e88 <__wrap_snprintf>:
10003e88:	b40c      	push	{r2, r3}
10003e8a:	b530      	push	{r4, r5, lr}
10003e8c:	b085      	sub	sp, #20
10003e8e:	000a      	movs	r2, r1
10003e90:	ac08      	add	r4, sp, #32
10003e92:	cc08      	ldmia	r4!, {r3}
10003e94:	9403      	str	r4, [sp, #12]
10003e96:	4d05      	ldr	r5, [pc, #20]	@ (10003eac <__wrap_snprintf+0x24>)
10003e98:	9400      	str	r4, [sp, #0]
10003e9a:	0001      	movs	r1, r0
10003e9c:	0028      	movs	r0, r5
10003e9e:	f7ff fcbf 	bl	10003820 <_vsnprintf>
10003ea2:	b005      	add	sp, #20
10003ea4:	bc30      	pop	{r4, r5}
10003ea6:	bc08      	pop	{r3}
10003ea8:	b002      	add	sp, #8
10003eaa:	4718      	bx	r3
10003eac:	10002ce9 	.word	0x10002ce9

10003eb0 <vfctprintf>:
10003eb0:	b500      	push	{lr}
10003eb2:	b085      	sub	sp, #20
10003eb4:	9002      	str	r0, [sp, #8]
10003eb6:	9103      	str	r1, [sp, #12]
10003eb8:	2101      	movs	r1, #1
10003eba:	4804      	ldr	r0, [pc, #16]	@ (10003ecc <vfctprintf+0x1c>)
10003ebc:	9300      	str	r3, [sp, #0]
10003ebe:	0013      	movs	r3, r2
10003ec0:	424a      	negs	r2, r1
10003ec2:	a902      	add	r1, sp, #8
10003ec4:	f7ff fcac 	bl	10003820 <_vsnprintf>
10003ec8:	b005      	add	sp, #20
10003eca:	bd00      	pop	{pc}
10003ecc:	10002cf3 	.word	0x10002cf3

10003ed0 <__aeabi_bits_init>:
10003ed0:	4801      	ldr	r0, [pc, #4]	@ (10003ed8 <__aeabi_bits_init+0x8>)
10003ed2:	2104      	movs	r1, #4
10003ed4:	4b01      	ldr	r3, [pc, #4]	@ (10003edc <__aeabi_bits_init+0xc>)
10003ed6:	4718      	bx	r3
10003ed8:	20000da0 	.word	0x20000da0
10003edc:	10003f01 	.word	0x10003f01

10003ee0 <rom_func_lookup>:
10003ee0:	b510      	push	{r4, lr}
10003ee2:	0001      	movs	r1, r0
10003ee4:	2318      	movs	r3, #24
10003ee6:	881b      	ldrh	r3, [r3, #0]
10003ee8:	2214      	movs	r2, #20
10003eea:	8810      	ldrh	r0, [r2, #0]
10003eec:	4798      	blx	r3
10003eee:	bd10      	pop	{r4, pc}

10003ef0 <rom_data_lookup>:
10003ef0:	b510      	push	{r4, lr}
10003ef2:	0001      	movs	r1, r0
10003ef4:	2318      	movs	r3, #24
10003ef6:	881b      	ldrh	r3, [r3, #0]
10003ef8:	2216      	movs	r2, #22
10003efa:	8810      	ldrh	r0, [r2, #0]
10003efc:	4798      	blx	r3
10003efe:	bd10      	pop	{r4, pc}

10003f00 <rom_funcs_lookup>:
10003f00:	b5f0      	push	{r4, r5, r6, r7, lr}
10003f02:	46c6      	mov	lr, r8
10003f04:	b500      	push	{lr}
10003f06:	0007      	movs	r7, r0
10003f08:	000e      	movs	r6, r1
10003f0a:	2500      	movs	r5, #0
10003f0c:	2301      	movs	r3, #1
10003f0e:	4698      	mov	r8, r3
10003f10:	e000      	b.n	10003f14 <rom_funcs_lookup+0x14>
10003f12:	3501      	adds	r5, #1
10003f14:	42b5      	cmp	r5, r6
10003f16:	d20a      	bcs.n	10003f2e <rom_funcs_lookup+0x2e>
10003f18:	00ac      	lsls	r4, r5, #2
10003f1a:	193c      	adds	r4, r7, r4
10003f1c:	6820      	ldr	r0, [r4, #0]
10003f1e:	f7ff ffdf 	bl	10003ee0 <rom_func_lookup>
10003f22:	6020      	str	r0, [r4, #0]
10003f24:	2800      	cmp	r0, #0
10003f26:	d1f4      	bne.n	10003f12 <rom_funcs_lookup+0x12>
10003f28:	2300      	movs	r3, #0
10003f2a:	4698      	mov	r8, r3
10003f2c:	e7f1      	b.n	10003f12 <rom_funcs_lookup+0x12>
10003f2e:	4640      	mov	r0, r8
10003f30:	bc80      	pop	{r7}
10003f32:	46b8      	mov	r8, r7
10003f34:	bdf0      	pop	{r4, r5, r6, r7, pc}
	...

10003f38 <__wrap___aeabi_idiv>:
10003f38:	4a12      	ldr	r2, [pc, #72]	@ (10003f84 <divmod_s32s32_savestate+0x18>)
10003f3a:	6f93      	ldr	r3, [r2, #120]	@ 0x78
10003f3c:	089b      	lsrs	r3, r3, #2
10003f3e:	d215      	bcs.n	10003f6c <divmod_s32s32_savestate>

10003f40 <divmod_s32s32_unsafe>:
10003f40:	6690      	str	r0, [r2, #104]	@ 0x68
10003f42:	66d1      	str	r1, [r2, #108]	@ 0x6c
10003f44:	2900      	cmp	r1, #0
10003f46:	d005      	beq.n	10003f54 <divmod_s32s32_unsafe+0x14>
10003f48:	e7ff      	b.n	10003f4a <divmod_s32s32_unsafe+0xa>
10003f4a:	e7ff      	b.n	10003f4c <divmod_s32s32_unsafe+0xc>
10003f4c:	e7ff      	b.n	10003f4e <divmod_s32s32_unsafe+0xe>
10003f4e:	6f51      	ldr	r1, [r2, #116]	@ 0x74
10003f50:	6f10      	ldr	r0, [r2, #112]	@ 0x70
10003f52:	4770      	bx	lr
10003f54:	b504      	push	{r2, lr}
10003f56:	2180      	movs	r1, #128	@ 0x80
10003f58:	0609      	lsls	r1, r1, #24
10003f5a:	17c2      	asrs	r2, r0, #31
10003f5c:	4051      	eors	r1, r2
10003f5e:	2800      	cmp	r0, #0
10003f60:	d000      	beq.n	10003f64 <divmod_s32s32_unsafe+0x24>
10003f62:	43c8      	mvns	r0, r1
10003f64:	f004 fbe8 	bl	10008738 <____aeabi_idiv0_veneer>
10003f68:	2100      	movs	r1, #0
10003f6a:	bd04      	pop	{r2, pc}

10003f6c <divmod_s32s32_savestate>:
10003f6c:	b5f0      	push	{r4, r5, r6, r7, lr}
10003f6e:	6e14      	ldr	r4, [r2, #96]	@ 0x60
10003f70:	6e55      	ldr	r5, [r2, #100]	@ 0x64
10003f72:	6f57      	ldr	r7, [r2, #116]	@ 0x74
10003f74:	6f16      	ldr	r6, [r2, #112]	@ 0x70
10003f76:	f7ff ffe3 	bl	10003f40 <divmod_s32s32_unsafe>
10003f7a:	6614      	str	r4, [r2, #96]	@ 0x60
10003f7c:	6655      	str	r5, [r2, #100]	@ 0x64
10003f7e:	6757      	str	r7, [r2, #116]	@ 0x74
10003f80:	6716      	str	r6, [r2, #112]	@ 0x70
10003f82:	bdf0      	pop	{r4, r5, r6, r7, pc}
10003f84:	d0000000 	.word	0xd0000000

10003f88 <__wrap___aeabi_uidiv>:
10003f88:	4a11      	ldr	r2, [pc, #68]	@ (10003fd0 <divmod_u32u32_savestate+0x18>)
10003f8a:	6f93      	ldr	r3, [r2, #120]	@ 0x78
10003f8c:	089b      	lsrs	r3, r3, #2
10003f8e:	d213      	bcs.n	10003fb8 <divmod_u32u32_savestate>

10003f90 <divmod_u32u32_unsafe>:
10003f90:	6610      	str	r0, [r2, #96]	@ 0x60
10003f92:	6651      	str	r1, [r2, #100]	@ 0x64
10003f94:	2900      	cmp	r1, #0
10003f96:	d005      	beq.n	10003fa4 <divmod_u32u32_unsafe+0x14>
10003f98:	e7ff      	b.n	10003f9a <divmod_u32u32_unsafe+0xa>
10003f9a:	e7ff      	b.n	10003f9c <divmod_u32u32_unsafe+0xc>
10003f9c:	e7ff      	b.n	10003f9e <divmod_u32u32_unsafe+0xe>
10003f9e:	6f51      	ldr	r1, [r2, #116]	@ 0x74
10003fa0:	6f10      	ldr	r0, [r2, #112]	@ 0x70
10003fa2:	4770      	bx	lr
10003fa4:	b504      	push	{r2, lr}
10003fa6:	2800      	cmp	r0, #0
10003fa8:	d001      	beq.n	10003fae <divmod_u32u32_unsafe+0x1e>
10003faa:	2000      	movs	r0, #0
10003fac:	43c0      	mvns	r0, r0
10003fae:	f004 fbc3 	bl	10008738 <____aeabi_idiv0_veneer>
10003fb2:	2100      	movs	r1, #0
10003fb4:	bd04      	pop	{r2, pc}
10003fb6:	46c0      	nop			@ (mov r8, r8)

10003fb8 <divmod_u32u32_savestate>:
10003fb8:	b5f0      	push	{r4, r5, r6, r7, lr}
10003fba:	6e14      	ldr	r4, [r2, #96]	@ 0x60
10003fbc:	6e55      	ldr	r5, [r2, #100]	@ 0x64
10003fbe:	6f57      	ldr	r7, [r2, #116]	@ 0x74
10003fc0:	6f16      	ldr	r6, [r2, #112]	@ 0x70
10003fc2:	f7ff ffe5 	bl	10003f90 <divmod_u32u32_unsafe>
10003fc6:	6614      	str	r4, [r2, #96]	@ 0x60
10003fc8:	6655      	str	r5, [r2, #100]	@ 0x64
10003fca:	6757      	str	r7, [r2, #116]	@ 0x74
10003fcc:	6716      	str	r6, [r2, #112]	@ 0x70
10003fce:	bdf0      	pop	{r4, r5, r6, r7, pc}
10003fd0:	d0000000 	.word	0xd0000000

10003fd4 <__wrap___aeabi_ldivmod>:
10003fd4:	4694      	mov	ip, r2
10003fd6:	4a4a      	ldr	r2, [pc, #296]	@ (10004100 <udiv0+0x1a>)
10003fd8:	6f92      	ldr	r2, [r2, #120]	@ 0x78
10003fda:	0892      	lsrs	r2, r2, #2
10003fdc:	4662      	mov	r2, ip
10003fde:	d201      	bcs.n	10003fe4 <divmod_s64s64_savestate>
10003fe0:	e028      	b.n	10004034 <divmod_s64s64_unsafe>
10003fe2:	46c0      	nop			@ (mov r8, r8)

10003fe4 <divmod_s64s64_savestate>:
10003fe4:	b5f0      	push	{r4, r5, r6, r7, lr}
10003fe6:	4e46      	ldr	r6, [pc, #280]	@ (10004100 <udiv0+0x1a>)
10003fe8:	6e34      	ldr	r4, [r6, #96]	@ 0x60
10003fea:	6e75      	ldr	r5, [r6, #100]	@ 0x64
10003fec:	6f77      	ldr	r7, [r6, #116]	@ 0x74
10003fee:	6f36      	ldr	r6, [r6, #112]	@ 0x70
10003ff0:	f000 f820 	bl	10004034 <divmod_s64s64_unsafe>
10003ff4:	4694      	mov	ip, r2
10003ff6:	4a42      	ldr	r2, [pc, #264]	@ (10004100 <udiv0+0x1a>)
10003ff8:	6614      	str	r4, [r2, #96]	@ 0x60
10003ffa:	6655      	str	r5, [r2, #100]	@ 0x64
10003ffc:	6757      	str	r7, [r2, #116]	@ 0x74
10003ffe:	6716      	str	r6, [r2, #112]	@ 0x70
10004000:	4662      	mov	r2, ip
10004002:	bdf0      	pop	{r4, r5, r6, r7, pc}

10004004 <__wrap___aeabi_uldivmod>:
10004004:	4694      	mov	ip, r2
10004006:	4a3e      	ldr	r2, [pc, #248]	@ (10004100 <udiv0+0x1a>)
10004008:	6f92      	ldr	r2, [r2, #120]	@ 0x78
1000400a:	0892      	lsrs	r2, r2, #2
1000400c:	4662      	mov	r2, ip
1000400e:	d201      	bcs.n	10004014 <divmod_u64u64_savestate>
10004010:	e054      	b.n	100040bc <divmod_u64u64_unsafe>
10004012:	46c0      	nop			@ (mov r8, r8)

10004014 <divmod_u64u64_savestate>:
10004014:	b5f0      	push	{r4, r5, r6, r7, lr}
10004016:	4e3a      	ldr	r6, [pc, #232]	@ (10004100 <udiv0+0x1a>)
10004018:	6e34      	ldr	r4, [r6, #96]	@ 0x60
1000401a:	6e75      	ldr	r5, [r6, #100]	@ 0x64
1000401c:	6f77      	ldr	r7, [r6, #116]	@ 0x74
1000401e:	6f36      	ldr	r6, [r6, #112]	@ 0x70
10004020:	f000 f84c 	bl	100040bc <divmod_u64u64_unsafe>
10004024:	4694      	mov	ip, r2
10004026:	4a36      	ldr	r2, [pc, #216]	@ (10004100 <udiv0+0x1a>)
10004028:	6614      	str	r4, [r2, #96]	@ 0x60
1000402a:	6655      	str	r5, [r2, #100]	@ 0x64
1000402c:	6757      	str	r7, [r2, #116]	@ 0x74
1000402e:	6716      	str	r6, [r2, #112]	@ 0x70
10004030:	4662      	mov	r2, ip
10004032:	bdf0      	pop	{r4, r5, r6, r7, pc}

10004034 <divmod_s64s64_unsafe>:
10004034:	2b00      	cmp	r3, #0
10004036:	db24      	blt.n	10004082 <l42_1+0x26>
10004038:	d011      	beq.n	1000405e <l42_1+0x2>
1000403a:	2900      	cmp	r1, #0
1000403c:	da3e      	bge.n	100040bc <divmod_u64u64_unsafe>
1000403e:	b500      	push	{lr}
10004040:	43c9      	mvns	r1, r1
10004042:	4240      	negs	r0, r0
10004044:	d100      	bne.n	10004048 <l40_1>
10004046:	3101      	adds	r1, #1

10004048 <l40_1>:
10004048:	f000 f838 	bl	100040bc <divmod_u64u64_unsafe>
1000404c:	43c9      	mvns	r1, r1
1000404e:	4240      	negs	r0, r0
10004050:	d100      	bne.n	10004054 <l41_1>
10004052:	3101      	adds	r1, #1

10004054 <l41_1>:
10004054:	43db      	mvns	r3, r3
10004056:	4252      	negs	r2, r2
10004058:	d100      	bne.n	1000405c <l42_1>
1000405a:	3301      	adds	r3, #1

1000405c <l42_1>:
1000405c:	bd00      	pop	{pc}
1000405e:	2a00      	cmp	r2, #0
10004060:	d1eb      	bne.n	1000403a <divmod_s64s64_unsafe+0x6>
10004062:	2800      	cmp	r0, #0
10004064:	d101      	bne.n	1000406a <l42_1+0xe>
10004066:	2900      	cmp	r1, #0
10004068:	d005      	beq.n	10004076 <l42_1+0x1a>
1000406a:	2000      	movs	r0, #0
1000406c:	0fc9      	lsrs	r1, r1, #31
1000406e:	07c9      	lsls	r1, r1, #31
10004070:	d101      	bne.n	10004076 <l42_1+0x1a>
10004072:	43c0      	mvns	r0, r0
10004074:	0841      	lsrs	r1, r0, #1
10004076:	b500      	push	{lr}
10004078:	f004 fb3e 	bl	100086f8 <____aeabi_ldiv0_veneer>
1000407c:	2200      	movs	r2, #0
1000407e:	2300      	movs	r3, #0
10004080:	bd00      	pop	{pc}
10004082:	b500      	push	{lr}
10004084:	2900      	cmp	r1, #0
10004086:	db0a      	blt.n	1000409e <l44_1+0x2>
10004088:	43db      	mvns	r3, r3
1000408a:	4252      	negs	r2, r2
1000408c:	d100      	bne.n	10004090 <l43_1>
1000408e:	3301      	adds	r3, #1

10004090 <l43_1>:
10004090:	f000 f814 	bl	100040bc <divmod_u64u64_unsafe>
10004094:	43c9      	mvns	r1, r1
10004096:	4240      	negs	r0, r0
10004098:	d100      	bne.n	1000409c <l44_1>
1000409a:	3101      	adds	r1, #1

1000409c <l44_1>:
1000409c:	bd00      	pop	{pc}
1000409e:	43c9      	mvns	r1, r1
100040a0:	4240      	negs	r0, r0
100040a2:	d100      	bne.n	100040a6 <l45_1>
100040a4:	3101      	adds	r1, #1

100040a6 <l45_1>:
100040a6:	43db      	mvns	r3, r3
100040a8:	4252      	negs	r2, r2
100040aa:	d100      	bne.n	100040ae <l46_1>
100040ac:	3301      	adds	r3, #1

100040ae <l46_1>:
100040ae:	f000 f805 	bl	100040bc <divmod_u64u64_unsafe>
100040b2:	43db      	mvns	r3, r3
100040b4:	4252      	negs	r2, r2
100040b6:	d100      	bne.n	100040ba <l47_1>
100040b8:	3301      	adds	r3, #1

100040ba <l47_1>:
100040ba:	bd00      	pop	{pc}

100040bc <divmod_u64u64_unsafe>:
100040bc:	2900      	cmp	r1, #0
100040be:	d123      	bne.n	10004108 <y64>
100040c0:	2b00      	cmp	r3, #0
100040c2:	d118      	bne.n	100040f6 <udiv0+0x10>
100040c4:	2a00      	cmp	r2, #0
100040c6:	d00c      	beq.n	100040e2 <divmod_u64u64_unsafe+0x26>
100040c8:	46bc      	mov	ip, r7
100040ca:	4f0d      	ldr	r7, [pc, #52]	@ (10004100 <udiv0+0x1a>)
100040cc:	6638      	str	r0, [r7, #96]	@ 0x60
100040ce:	667a      	str	r2, [r7, #100]	@ 0x64
100040d0:	2100      	movs	r1, #0
100040d2:	2300      	movs	r3, #0
100040d4:	e7ff      	b.n	100040d6 <divmod_u64u64_unsafe+0x1a>
100040d6:	e7ff      	b.n	100040d8 <divmod_u64u64_unsafe+0x1c>
100040d8:	e7ff      	b.n	100040da <divmod_u64u64_unsafe+0x1e>
100040da:	6f7a      	ldr	r2, [r7, #116]	@ 0x74
100040dc:	6f38      	ldr	r0, [r7, #112]	@ 0x70
100040de:	4667      	mov	r7, ip
100040e0:	4770      	bx	lr
100040e2:	2800      	cmp	r0, #0
100040e4:	d001      	beq.n	100040ea <udiv0+0x4>

100040e6 <udiv0>:
100040e6:	4807      	ldr	r0, [pc, #28]	@ (10004104 <udiv0+0x1e>)
100040e8:	0001      	movs	r1, r0
100040ea:	b500      	push	{lr}
100040ec:	f004 fb04 	bl	100086f8 <____aeabi_ldiv0_veneer>
100040f0:	2200      	movs	r2, #0
100040f2:	2300      	movs	r3, #0
100040f4:	bd00      	pop	{pc}
100040f6:	0002      	movs	r2, r0
100040f8:	000b      	movs	r3, r1
100040fa:	2000      	movs	r0, #0
100040fc:	2100      	movs	r1, #0
100040fe:	4770      	bx	lr
10004100:	d0000000 	.word	0xd0000000
10004104:	ffffffff 	.word	0xffffffff

10004108 <y64>:
10004108:	2b00      	cmp	r3, #0
1000410a:	d000      	beq.n	1000410e <y64+0x6>
1000410c:	e0bf      	b.n	1000428e <y64_x48>
1000410e:	0c13      	lsrs	r3, r2, #16
10004110:	d128      	bne.n	10004164 <y64_x32>
10004112:	2a00      	cmp	r2, #0
10004114:	d0e7      	beq.n	100040e6 <udiv0>
10004116:	b480      	push	{r7}
10004118:	4f11      	ldr	r7, [pc, #68]	@ (10004160 <y64+0x58>)
1000411a:	6639      	str	r1, [r7, #96]	@ 0x60
1000411c:	667a      	str	r2, [r7, #100]	@ 0x64
1000411e:	e7ff      	b.n	10004120 <y64+0x18>
10004120:	e7ff      	b.n	10004122 <y64+0x1a>
10004122:	b430      	push	{r4, r5}
10004124:	0c04      	lsrs	r4, r0, #16
10004126:	6f7b      	ldr	r3, [r7, #116]	@ 0x74
10004128:	6f39      	ldr	r1, [r7, #112]	@ 0x70
1000412a:	041b      	lsls	r3, r3, #16
1000412c:	4323      	orrs	r3, r4
1000412e:	663b      	str	r3, [r7, #96]	@ 0x60
10004130:	667a      	str	r2, [r7, #100]	@ 0x64
10004132:	e7ff      	b.n	10004134 <y64+0x2c>
10004134:	e7ff      	b.n	10004136 <y64+0x2e>
10004136:	e7ff      	b.n	10004138 <y64+0x30>
10004138:	46c0      	nop			@ (mov r8, r8)
1000413a:	b284      	uxth	r4, r0
1000413c:	6f7b      	ldr	r3, [r7, #116]	@ 0x74
1000413e:	6f3d      	ldr	r5, [r7, #112]	@ 0x70
10004140:	041b      	lsls	r3, r3, #16
10004142:	4323      	orrs	r3, r4
10004144:	663b      	str	r3, [r7, #96]	@ 0x60
10004146:	667a      	str	r2, [r7, #100]	@ 0x64
10004148:	e7ff      	b.n	1000414a <y64+0x42>
1000414a:	e7ff      	b.n	1000414c <y64+0x44>
1000414c:	46c0      	nop			@ (mov r8, r8)
1000414e:	2300      	movs	r3, #0
10004150:	042c      	lsls	r4, r5, #16
10004152:	0c2d      	lsrs	r5, r5, #16
10004154:	6f7a      	ldr	r2, [r7, #116]	@ 0x74
10004156:	6f38      	ldr	r0, [r7, #112]	@ 0x70
10004158:	1900      	adds	r0, r0, r4
1000415a:	4169      	adcs	r1, r5
1000415c:	bcb0      	pop	{r4, r5, r7}
1000415e:	4770      	bx	lr
10004160:	d0000000 	.word	0xd0000000

10004164 <y64_x32>:
10004164:	b5f0      	push	{r4, r5, r6, r7, lr}
10004166:	4694      	mov	ip, r2
10004168:	2500      	movs	r5, #0
1000416a:	0e14      	lsrs	r4, r2, #24
1000416c:	d101      	bne.n	10004172 <y64_x32+0xe>
1000416e:	0212      	lsls	r2, r2, #8
10004170:	3508      	adds	r5, #8
10004172:	0f14      	lsrs	r4, r2, #28
10004174:	d101      	bne.n	1000417a <y64_x32+0x16>
10004176:	0112      	lsls	r2, r2, #4
10004178:	3504      	adds	r5, #4
1000417a:	0f94      	lsrs	r4, r2, #30
1000417c:	d101      	bne.n	10004182 <y64_x32+0x1e>
1000417e:	0092      	lsls	r2, r2, #2
10004180:	3502      	adds	r5, #2
10004182:	0fd4      	lsrs	r4, r2, #31
10004184:	d101      	bne.n	1000418a <y64_x32+0x26>
10004186:	0052      	lsls	r2, r2, #1
10004188:	3501      	adds	r5, #1
1000418a:	0bd4      	lsrs	r4, r2, #15
1000418c:	3401      	adds	r4, #1
1000418e:	4f25      	ldr	r7, [pc, #148]	@ (10004224 <y64_x32+0xc0>)
10004190:	667c      	str	r4, [r7, #100]	@ 0x64
10004192:	4c25      	ldr	r4, [pc, #148]	@ (10004228 <y64_x32+0xc4>)
10004194:	663c      	str	r4, [r7, #96]	@ 0x60
10004196:	0c0e      	lsrs	r6, r1, #16
10004198:	b293      	uxth	r3, r2
1000419a:	e7ff      	b.n	1000419c <y64_x32+0x38>
1000419c:	e7ff      	b.n	1000419e <y64_x32+0x3a>
1000419e:	e7ff      	b.n	100041a0 <y64_x32+0x3c>
100041a0:	6f3c      	ldr	r4, [r7, #112]	@ 0x70
100041a2:	4366      	muls	r6, r4
100041a4:	0c36      	lsrs	r6, r6, #16
100041a6:	0377      	lsls	r7, r6, #13
100041a8:	46be      	mov	lr, r7
100041aa:	4373      	muls	r3, r6
100041ac:	0bdf      	lsrs	r7, r3, #15
100041ae:	045b      	lsls	r3, r3, #17
100041b0:	1ac0      	subs	r0, r0, r3
100041b2:	41b9      	sbcs	r1, r7
100041b4:	0c13      	lsrs	r3, r2, #16
100041b6:	4373      	muls	r3, r6
100041b8:	18db      	adds	r3, r3, r3
100041ba:	1ac9      	subs	r1, r1, r3
100041bc:	08ce      	lsrs	r6, r1, #3
100041be:	4366      	muls	r6, r4
100041c0:	0c36      	lsrs	r6, r6, #16
100041c2:	44b6      	add	lr, r6
100041c4:	b293      	uxth	r3, r2
100041c6:	4373      	muls	r3, r6
100041c8:	0f1f      	lsrs	r7, r3, #28
100041ca:	011b      	lsls	r3, r3, #4
100041cc:	1ac0      	subs	r0, r0, r3
100041ce:	41b9      	sbcs	r1, r7
100041d0:	0c13      	lsrs	r3, r2, #16
100041d2:	4373      	muls	r3, r6
100041d4:	0b1f      	lsrs	r7, r3, #12
100041d6:	051b      	lsls	r3, r3, #20
100041d8:	1ac0      	subs	r0, r0, r3
100041da:	41b9      	sbcs	r1, r7
100041dc:	0d86      	lsrs	r6, r0, #22
100041de:	028f      	lsls	r7, r1, #10
100041e0:	433e      	orrs	r6, r7
100041e2:	4366      	muls	r6, r4
100041e4:	0c36      	lsrs	r6, r6, #16
100041e6:	2d09      	cmp	r5, #9
100041e8:	db24      	blt.n	10004234 <last0>
100041ea:	0a52      	lsrs	r2, r2, #9
100041ec:	4372      	muls	r2, r6
100041ee:	1a80      	subs	r0, r0, r2
100041f0:	0377      	lsls	r7, r6, #13
100041f2:	0a46      	lsrs	r6, r0, #9
100041f4:	4366      	muls	r6, r4
100041f6:	0c36      	lsrs	r6, r6, #16
100041f8:	2316      	movs	r3, #22
100041fa:	1b5b      	subs	r3, r3, r5
100041fc:	40de      	lsrs	r6, r3
100041fe:	40df      	lsrs	r7, r3
10004200:	19bf      	adds	r7, r7, r6
10004202:	4664      	mov	r4, ip
10004204:	4366      	muls	r6, r4
10004206:	1b82      	subs	r2, r0, r6
10004208:	4670      	mov	r0, lr
1000420a:	3504      	adds	r5, #4
1000420c:	3306      	adds	r3, #6
1000420e:	0001      	movs	r1, r0
10004210:	40d9      	lsrs	r1, r3
10004212:	40a8      	lsls	r0, r5
10004214:	19c0      	adds	r0, r0, r7
10004216:	d300      	bcc.n	1000421a <y64_x32+0xb6>
10004218:	3101      	adds	r1, #1
1000421a:	42a2      	cmp	r2, r4
1000421c:	d206      	bcs.n	1000422c <y64_x32+0xc8>
1000421e:	2300      	movs	r3, #0
10004220:	bdf0      	pop	{r4, r5, r6, r7, pc}
10004222:	0000      	.short	0x0000
10004224:	d0000000 	.word	0xd0000000
10004228:	ffffffff 	.word	0xffffffff
1000422c:	1b12      	subs	r2, r2, r4
1000422e:	3001      	adds	r0, #1
10004230:	d3f3      	bcc.n	1000421a <y64_x32+0xb6>
10004232:	e7f1      	b.n	10004218 <y64_x32+0xb4>

10004234 <last0>:
10004234:	2709      	movs	r7, #9
10004236:	1b7f      	subs	r7, r7, r5
10004238:	40fe      	lsrs	r6, r7
1000423a:	4664      	mov	r4, ip
1000423c:	b2a2      	uxth	r2, r4
1000423e:	4372      	muls	r2, r6
10004240:	1a80      	subs	r0, r0, r2
10004242:	d200      	bcs.n	10004246 <last0+0x12>
10004244:	3901      	subs	r1, #1
10004246:	0c22      	lsrs	r2, r4, #16
10004248:	4372      	muls	r2, r6
1000424a:	0c13      	lsrs	r3, r2, #16
1000424c:	0412      	lsls	r2, r2, #16
1000424e:	1a82      	subs	r2, r0, r2
10004250:	4199      	sbcs	r1, r3
10004252:	000b      	movs	r3, r1
10004254:	4670      	mov	r0, lr
10004256:	3504      	adds	r5, #4
10004258:	3713      	adds	r7, #19
1000425a:	0001      	movs	r1, r0
1000425c:	40f9      	lsrs	r1, r7
1000425e:	40a8      	lsls	r0, r5
10004260:	1980      	adds	r0, r0, r6
10004262:	d300      	bcc.n	10004266 <last0+0x32>
10004264:	3101      	adds	r1, #1
10004266:	2b00      	cmp	r3, #0
10004268:	d102      	bne.n	10004270 <last0+0x3c>
1000426a:	42a2      	cmp	r2, r4
1000426c:	d20a      	bcs.n	10004284 <last0+0x50>
1000426e:	bdf0      	pop	{r4, r5, r6, r7, pc}
10004270:	3001      	adds	r0, #1
10004272:	d300      	bcc.n	10004276 <last0+0x42>
10004274:	3101      	adds	r1, #1
10004276:	1b12      	subs	r2, r2, r4
10004278:	d2fa      	bcs.n	10004270 <last0+0x3c>
1000427a:	3b01      	subs	r3, #1
1000427c:	d1f8      	bne.n	10004270 <last0+0x3c>
1000427e:	42a2      	cmp	r2, r4
10004280:	d200      	bcs.n	10004284 <last0+0x50>
10004282:	bdf0      	pop	{r4, r5, r6, r7, pc}
10004284:	3001      	adds	r0, #1
10004286:	d300      	bcc.n	1000428a <last0+0x56>
10004288:	3101      	adds	r1, #1
1000428a:	1b12      	subs	r2, r2, r4
1000428c:	e7f7      	b.n	1000427e <last0+0x4a>

1000428e <y64_x48>:
1000428e:	b5f0      	push	{r4, r5, r6, r7, lr}
10004290:	0c1c      	lsrs	r4, r3, #16
10004292:	d000      	beq.n	10004296 <y64_x48+0x8>
10004294:	e080      	b.n	10004398 <y64_x64>
10004296:	b40c      	push	{r2, r3}
10004298:	2500      	movs	r5, #0
1000429a:	0a1c      	lsrs	r4, r3, #8
1000429c:	d104      	bne.n	100042a8 <y64_x48+0x1a>
1000429e:	021b      	lsls	r3, r3, #8
100042a0:	0e16      	lsrs	r6, r2, #24
100042a2:	4333      	orrs	r3, r6
100042a4:	0212      	lsls	r2, r2, #8
100042a6:	3508      	adds	r5, #8
100042a8:	0b1c      	lsrs	r4, r3, #12
100042aa:	d104      	bne.n	100042b6 <y64_x48+0x28>
100042ac:	011b      	lsls	r3, r3, #4
100042ae:	0f16      	lsrs	r6, r2, #28
100042b0:	4333      	orrs	r3, r6
100042b2:	0112      	lsls	r2, r2, #4
100042b4:	3504      	adds	r5, #4
100042b6:	0b9c      	lsrs	r4, r3, #14
100042b8:	d104      	bne.n	100042c4 <y64_x48+0x36>
100042ba:	009b      	lsls	r3, r3, #2
100042bc:	0f96      	lsrs	r6, r2, #30
100042be:	4333      	orrs	r3, r6
100042c0:	0092      	lsls	r2, r2, #2
100042c2:	3502      	adds	r5, #2
100042c4:	0bdc      	lsrs	r4, r3, #15
100042c6:	d102      	bne.n	100042ce <y64_x48+0x40>
100042c8:	1892      	adds	r2, r2, r2
100042ca:	415b      	adcs	r3, r3
100042cc:	3501      	adds	r5, #1
100042ce:	001c      	movs	r4, r3
100042d0:	1897      	adds	r7, r2, r2
100042d2:	4164      	adcs	r4, r4
100042d4:	3401      	adds	r4, #1
100042d6:	4f46      	ldr	r7, [pc, #280]	@ (100043f0 <y64_x64+0x58>)
100042d8:	667c      	str	r4, [r7, #100]	@ 0x64
100042da:	4c46      	ldr	r4, [pc, #280]	@ (100043f4 <y64_x64+0x5c>)
100042dc:	663c      	str	r4, [r7, #96]	@ 0x60
100042de:	0c0e      	lsrs	r6, r1, #16
100042e0:	e7ff      	b.n	100042e2 <y64_x48+0x54>
100042e2:	e7ff      	b.n	100042e4 <y64_x48+0x56>
100042e4:	e7ff      	b.n	100042e6 <y64_x48+0x58>
100042e6:	46c0      	nop			@ (mov r8, r8)
100042e8:	6f3c      	ldr	r4, [r7, #112]	@ 0x70
100042ea:	4366      	muls	r6, r4
100042ec:	0c36      	lsrs	r6, r6, #16
100042ee:	0377      	lsls	r7, r6, #13
100042f0:	46be      	mov	lr, r7
100042f2:	b297      	uxth	r7, r2
100042f4:	4377      	muls	r7, r6
100042f6:	1bc0      	subs	r0, r0, r7
100042f8:	d200      	bcs.n	100042fc <y64_x48+0x6e>
100042fa:	3901      	subs	r1, #1
100042fc:	1bc0      	subs	r0, r0, r7
100042fe:	d200      	bcs.n	10004302 <y64_x48+0x74>
10004300:	3901      	subs	r1, #1
10004302:	b29f      	uxth	r7, r3
10004304:	4377      	muls	r7, r6
10004306:	1bc9      	subs	r1, r1, r7
10004308:	1bc9      	subs	r1, r1, r7
1000430a:	0c17      	lsrs	r7, r2, #16
1000430c:	4377      	muls	r7, r6
1000430e:	047e      	lsls	r6, r7, #17
10004310:	0bff      	lsrs	r7, r7, #15
10004312:	1b80      	subs	r0, r0, r6
10004314:	41b9      	sbcs	r1, r7
10004316:	08ce      	lsrs	r6, r1, #3
10004318:	4366      	muls	r6, r4
1000431a:	0c36      	lsrs	r6, r6, #16
1000431c:	2d0c      	cmp	r5, #12
1000431e:	db33      	blt.n	10004388 <last1>
10004320:	44b6      	add	lr, r6
10004322:	0b12      	lsrs	r2, r2, #12
10004324:	051f      	lsls	r7, r3, #20
10004326:	433a      	orrs	r2, r7
10004328:	0b1b      	lsrs	r3, r3, #12
1000432a:	b297      	uxth	r7, r2
1000432c:	4377      	muls	r7, r6
1000432e:	1bc0      	subs	r0, r0, r7
10004330:	d200      	bcs.n	10004334 <y64_x48+0xa6>
10004332:	3901      	subs	r1, #1
10004334:	b29f      	uxth	r7, r3
10004336:	4377      	muls	r7, r6
10004338:	1bc9      	subs	r1, r1, r7
1000433a:	0c17      	lsrs	r7, r2, #16
1000433c:	4377      	muls	r7, r6
1000433e:	043e      	lsls	r6, r7, #16
10004340:	0c3f      	lsrs	r7, r7, #16
10004342:	1b80      	subs	r0, r0, r6
10004344:	41b9      	sbcs	r1, r7
10004346:	0d86      	lsrs	r6, r0, #22
10004348:	028f      	lsls	r7, r1, #10
1000434a:	433e      	orrs	r6, r7
1000434c:	4366      	muls	r6, r4
1000434e:	2729      	movs	r7, #41	@ 0x29
10004350:	1b7f      	subs	r7, r7, r5
10004352:	40fe      	lsrs	r6, r7
10004354:	3d0c      	subs	r5, #12
10004356:	4677      	mov	r7, lr
10004358:	40af      	lsls	r7, r5
1000435a:	19bf      	adds	r7, r7, r6
1000435c:	bc30      	pop	{r4, r5}
1000435e:	b2a2      	uxth	r2, r4
10004360:	b2ab      	uxth	r3, r5
10004362:	4372      	muls	r2, r6
10004364:	4373      	muls	r3, r6
10004366:	1a80      	subs	r0, r0, r2
10004368:	4199      	sbcs	r1, r3
1000436a:	0c22      	lsrs	r2, r4, #16
1000436c:	4372      	muls	r2, r6
1000436e:	0c13      	lsrs	r3, r2, #16
10004370:	0412      	lsls	r2, r2, #16
10004372:	1a80      	subs	r0, r0, r2
10004374:	4199      	sbcs	r1, r3
10004376:	0002      	movs	r2, r0
10004378:	000b      	movs	r3, r1
1000437a:	3701      	adds	r7, #1
1000437c:	1b00      	subs	r0, r0, r4
1000437e:	41a9      	sbcs	r1, r5
10004380:	d2f9      	bcs.n	10004376 <y64_x48+0xe8>
10004382:	1e78      	subs	r0, r7, #1
10004384:	2100      	movs	r1, #0
10004386:	bdf0      	pop	{r4, r5, r6, r7, pc}

10004388 <last1>:
10004388:	270c      	movs	r7, #12
1000438a:	1b7f      	subs	r7, r7, r5
1000438c:	40fe      	lsrs	r6, r7
1000438e:	4677      	mov	r7, lr
10004390:	0b7f      	lsrs	r7, r7, #13
10004392:	40af      	lsls	r7, r5
10004394:	19ff      	adds	r7, r7, r7
10004396:	e7e0      	b.n	1000435a <y64_x48+0xcc>

10004398 <y64_x64>:
10004398:	2400      	movs	r4, #0
1000439a:	1c5d      	adds	r5, r3, #1
1000439c:	d007      	beq.n	100043ae <y64_x64+0x16>
1000439e:	4f14      	ldr	r7, [pc, #80]	@ (100043f0 <y64_x64+0x58>)
100043a0:	667d      	str	r5, [r7, #100]	@ 0x64
100043a2:	6639      	str	r1, [r7, #96]	@ 0x60
100043a4:	e7ff      	b.n	100043a6 <y64_x64+0xe>
100043a6:	e7ff      	b.n	100043a8 <y64_x64+0x10>
100043a8:	e7ff      	b.n	100043aa <y64_x64+0x12>
100043aa:	e7ff      	b.n	100043ac <y64_x64+0x14>
100043ac:	6f3c      	ldr	r4, [r7, #112]	@ 0x70
100043ae:	b295      	uxth	r5, r2
100043b0:	b29e      	uxth	r6, r3
100043b2:	4365      	muls	r5, r4
100043b4:	4366      	muls	r6, r4
100043b6:	1b40      	subs	r0, r0, r5
100043b8:	41b1      	sbcs	r1, r6
100043ba:	0c15      	lsrs	r5, r2, #16
100043bc:	0c1e      	lsrs	r6, r3, #16
100043be:	4365      	muls	r5, r4
100043c0:	4366      	muls	r6, r4
100043c2:	0436      	lsls	r6, r6, #16
100043c4:	0c2f      	lsrs	r7, r5, #16
100043c6:	433e      	orrs	r6, r7
100043c8:	042d      	lsls	r5, r5, #16
100043ca:	1b40      	subs	r0, r0, r5
100043cc:	41b1      	sbcs	r1, r6
100043ce:	4299      	cmp	r1, r3
100043d0:	d204      	bcs.n	100043dc <y64_x64+0x44>
100043d2:	0002      	movs	r2, r0
100043d4:	000b      	movs	r3, r1
100043d6:	0020      	movs	r0, r4
100043d8:	2100      	movs	r1, #0
100043da:	bdf0      	pop	{r4, r5, r6, r7, pc}
100043dc:	d101      	bne.n	100043e2 <y64_x64+0x4a>
100043de:	4290      	cmp	r0, r2
100043e0:	d3f7      	bcc.n	100043d2 <y64_x64+0x3a>
100043e2:	1a80      	subs	r0, r0, r2
100043e4:	4199      	sbcs	r1, r3
100043e6:	3401      	adds	r4, #1
100043e8:	4299      	cmp	r1, r3
100043ea:	d3f2      	bcc.n	100043d2 <y64_x64+0x3a>
100043ec:	e7f6      	b.n	100043dc <y64_x64+0x44>
100043ee:	0000      	.short	0x0000
100043f0:	d0000000 	.word	0xd0000000
100043f4:	ffffffff 	.word	0xffffffff

100043f8 <__wrap___aeabi_drsub>:
100043f8:	4048      	eors	r0, r1
100043fa:	4041      	eors	r1, r0
100043fc:	4048      	eors	r0, r1

100043fe <__wrap___aeabi_dsub>:
100043fe:	b418      	push	{r3, r4}
10004400:	4b13      	ldr	r3, [pc, #76]	@ (10004450 <__wrap___aeabi_dmul+0xa>)
10004402:	685b      	ldr	r3, [r3, #4]
10004404:	9301      	str	r3, [sp, #4]
10004406:	bd08      	pop	{r3, pc}

10004408 <__wrap___aeabi_dadd>:
10004408:	b418      	push	{r3, r4}
1000440a:	4b11      	ldr	r3, [pc, #68]	@ (10004450 <__wrap___aeabi_dmul+0xa>)
1000440c:	681b      	ldr	r3, [r3, #0]
1000440e:	9301      	str	r3, [sp, #4]
10004410:	bd08      	pop	{r3, pc}

10004412 <__wrap___aeabi_ddiv>:
10004412:	4694      	mov	ip, r2
10004414:	4a0f      	ldr	r2, [pc, #60]	@ (10004454 <__wrap___aeabi_dmul+0xe>)
10004416:	6f92      	ldr	r2, [r2, #120]	@ 0x78
10004418:	0892      	lsrs	r2, r2, #2
1000441a:	d205      	bcs.n	10004428 <ddiv_save_state>
1000441c:	4662      	mov	r2, ip

1000441e <ddiv_shim_call>:
1000441e:	b418      	push	{r3, r4}
10004420:	4b0b      	ldr	r3, [pc, #44]	@ (10004450 <__wrap___aeabi_dmul+0xa>)
10004422:	68db      	ldr	r3, [r3, #12]
10004424:	9301      	str	r3, [sp, #4]
10004426:	bd08      	pop	{r3, pc}

10004428 <ddiv_save_state>:
10004428:	4a0a      	ldr	r2, [pc, #40]	@ (10004454 <__wrap___aeabi_dmul+0xe>)
1000442a:	b5f0      	push	{r4, r5, r6, r7, lr}
1000442c:	6e14      	ldr	r4, [r2, #96]	@ 0x60
1000442e:	6e55      	ldr	r5, [r2, #100]	@ 0x64
10004430:	6f57      	ldr	r7, [r2, #116]	@ 0x74
10004432:	6f16      	ldr	r6, [r2, #112]	@ 0x70
10004434:	4662      	mov	r2, ip
10004436:	f7ff fff2 	bl	1000441e <ddiv_shim_call>
1000443a:	4a06      	ldr	r2, [pc, #24]	@ (10004454 <__wrap___aeabi_dmul+0xe>)
1000443c:	6614      	str	r4, [r2, #96]	@ 0x60
1000443e:	6655      	str	r5, [r2, #100]	@ 0x64
10004440:	6757      	str	r7, [r2, #116]	@ 0x74
10004442:	6716      	str	r6, [r2, #112]	@ 0x70
10004444:	bdf0      	pop	{r4, r5, r6, r7, pc}

10004446 <__wrap___aeabi_dmul>:
10004446:	b418      	push	{r3, r4}
10004448:	4b01      	ldr	r3, [pc, #4]	@ (10004450 <__wrap___aeabi_dmul+0xa>)
1000444a:	689b      	ldr	r3, [r3, #8]
1000444c:	9301      	str	r3, [sp, #4]
1000444e:	bd08      	pop	{r3, pc}
10004450:	20002540 	.word	0x20002540
10004454:	d0000000 	.word	0xd0000000

10004458 <__wrap___aeabi_cdrcmple>:
10004458:	b5ff      	push	{r0, r1, r2, r3, r4, r5, r6, r7, lr}
1000445a:	4050      	eors	r0, r2
1000445c:	4042      	eors	r2, r0
1000445e:	4050      	eors	r0, r2
10004460:	4059      	eors	r1, r3
10004462:	404b      	eors	r3, r1
10004464:	4059      	eors	r1, r3
10004466:	e000      	b.n	1000446a <__aeabi_dfcmple_guts>

10004468 <__wrap___aeabi_cdcmpeq>:
10004468:	b5ff      	push	{r0, r1, r2, r3, r4, r5, r6, r7, lr}

1000446a <__aeabi_dfcmple_guts>:
1000446a:	4f15      	ldr	r7, [pc, #84]	@ (100044c0 <__aeabi_dfcmple_guts+0x56>)
1000446c:	004c      	lsls	r4, r1, #1
1000446e:	0d64      	lsrs	r4, r4, #21
10004470:	d003      	beq.n	1000447a <__aeabi_dfcmple_guts+0x10>
10004472:	42bc      	cmp	r4, r7
10004474:	d104      	bne.n	10004480 <__aeabi_dfcmple_guts+0x16>
10004476:	030c      	lsls	r4, r1, #12
10004478:	d814      	bhi.n	100044a4 <__aeabi_dfcmple_guts+0x3a>
1000447a:	2000      	movs	r0, #0
1000447c:	0d09      	lsrs	r1, r1, #20
1000447e:	0509      	lsls	r1, r1, #20
10004480:	005c      	lsls	r4, r3, #1
10004482:	0d64      	lsrs	r4, r4, #21
10004484:	d003      	beq.n	1000448e <__aeabi_dfcmple_guts+0x24>
10004486:	42bc      	cmp	r4, r7
10004488:	d104      	bne.n	10004494 <__aeabi_dfcmple_guts+0x2a>
1000448a:	031c      	lsls	r4, r3, #12
1000448c:	d80a      	bhi.n	100044a4 <__aeabi_dfcmple_guts+0x3a>
1000448e:	2200      	movs	r2, #0
10004490:	0d1b      	lsrs	r3, r3, #20
10004492:	051b      	lsls	r3, r3, #20
10004494:	2601      	movs	r6, #1
10004496:	404b      	eors	r3, r1
10004498:	d409      	bmi.n	100044ae <__aeabi_dfcmple_guts+0x44>
1000449a:	404b      	eors	r3, r1
1000449c:	d503      	bpl.n	100044a6 <__aeabi_dfcmple_guts+0x3c>
1000449e:	428b      	cmp	r3, r1
100044a0:	d100      	bne.n	100044a4 <__aeabi_dfcmple_guts+0x3a>
100044a2:	4282      	cmp	r2, r0
100044a4:	bdff      	pop	{r0, r1, r2, r3, r4, r5, r6, r7, pc}
100044a6:	4299      	cmp	r1, r3
100044a8:	d1fc      	bne.n	100044a4 <__aeabi_dfcmple_guts+0x3a>
100044aa:	4290      	cmp	r0, r2
100044ac:	bdff      	pop	{r0, r1, r2, r3, r4, r5, r6, r7, pc}
100044ae:	430b      	orrs	r3, r1
100044b0:	18db      	adds	r3, r3, r3
100044b2:	4303      	orrs	r3, r0
100044b4:	4313      	orrs	r3, r2
100044b6:	d0f5      	beq.n	100044a4 <__aeabi_dfcmple_guts+0x3a>
100044b8:	43c9      	mvns	r1, r1
100044ba:	1849      	adds	r1, r1, r1
100044bc:	bdff      	pop	{r0, r1, r2, r3, r4, r5, r6, r7, pc}
100044be:	0000      	.short	0x0000
100044c0:	000007ff 	.word	0x000007ff

100044c4 <__wrap___aeabi_dcmplt>:
100044c4:	b500      	push	{lr}
100044c6:	f7ff ffcf 	bl	10004468 <__wrap___aeabi_cdcmpeq>
100044ca:	4180      	sbcs	r0, r0
100044cc:	bd00      	pop	{pc}
100044ce:	46c0      	nop			@ (mov r8, r8)

100044d0 <__wrap___aeabi_dcmple>:
100044d0:	b500      	push	{lr}
100044d2:	f7ff ffc9 	bl	10004468 <__wrap___aeabi_cdcmpeq>
100044d6:	d901      	bls.n	100044dc <__wrap___aeabi_dcmple+0xc>
100044d8:	2000      	movs	r0, #0
100044da:	bd00      	pop	{pc}
100044dc:	2001      	movs	r0, #1
100044de:	bd00      	pop	{pc}

100044e0 <__wrap___aeabi_dcmpge>:
100044e0:	b500      	push	{lr}
100044e2:	f7ff ffb9 	bl	10004458 <__wrap___aeabi_cdrcmple>
100044e6:	d901      	bls.n	100044ec <__wrap___aeabi_dcmpge+0xc>
100044e8:	2000      	movs	r0, #0
100044ea:	bd00      	pop	{pc}
100044ec:	2001      	movs	r0, #1
100044ee:	bd00      	pop	{pc}

100044f0 <__wrap___aeabi_dcmpgt>:
100044f0:	b500      	push	{lr}
100044f2:	f7ff ffb1 	bl	10004458 <__wrap___aeabi_cdrcmple>
100044f6:	4180      	sbcs	r0, r0
100044f8:	bd00      	pop	{pc}

100044fa <__wrap___aeabi_dcmpun>:
100044fa:	2001      	movs	r0, #1
100044fc:	0540      	lsls	r0, r0, #21
100044fe:	004a      	lsls	r2, r1, #1
10004500:	1812      	adds	r2, r2, r0
10004502:	d804      	bhi.n	1000450e <__wrap___aeabi_dcmpun+0x14>
10004504:	005a      	lsls	r2, r3, #1
10004506:	1812      	adds	r2, r2, r0
10004508:	d801      	bhi.n	1000450e <__wrap___aeabi_dcmpun+0x14>
1000450a:	2000      	movs	r0, #0
1000450c:	4770      	bx	lr
1000450e:	2001      	movs	r0, #1
10004510:	4770      	bx	lr
10004512:	2000      	movs	r0, #0
10004514:	4770      	bx	lr
	...

10004518 <__wrap___aeabi_ui2d>:
10004518:	2100      	movs	r1, #0
1000451a:	2800      	cmp	r0, #0
1000451c:	d105      	bne.n	1000452a <__wrap___aeabi_i2d+0xa>
1000451e:	4770      	bx	lr

10004520 <__wrap___aeabi_i2d>:
10004520:	17c1      	asrs	r1, r0, #31
10004522:	4048      	eors	r0, r1
10004524:	1a40      	subs	r0, r0, r1
10004526:	d0fa      	beq.n	1000451e <__wrap___aeabi_ui2d+0x6>
10004528:	07c9      	lsls	r1, r1, #31
1000452a:	b513      	push	{r0, r1, r4, lr}
1000452c:	4b06      	ldr	r3, [pc, #24]	@ (10004548 <__wrap___aeabi_i2d+0x28>)
1000452e:	681b      	ldr	r3, [r3, #0]
10004530:	4798      	blx	r3
10004532:	bc0c      	pop	{r2, r3}
10004534:	1c44      	adds	r4, r0, #1
10004536:	40a2      	lsls	r2, r4
10004538:	0510      	lsls	r0, r2, #20
1000453a:	0b12      	lsrs	r2, r2, #12
1000453c:	4903      	ldr	r1, [pc, #12]	@ (1000454c <__wrap___aeabi_i2d+0x2c>)
1000453e:	1b09      	subs	r1, r1, r4
10004540:	0509      	lsls	r1, r1, #20
10004542:	4319      	orrs	r1, r3
10004544:	4311      	orrs	r1, r2
10004546:	bd10      	pop	{r4, pc}
10004548:	20002640 	.word	0x20002640
1000454c:	0000041f 	.word	0x0000041f

10004550 <__wrap___aeabi_d2iz>:
10004550:	b510      	push	{r4, lr}
10004552:	004c      	lsls	r4, r1, #1
10004554:	0d62      	lsrs	r2, r4, #21
10004556:	2380      	movs	r3, #128	@ 0x80
10004558:	18d2      	adds	r2, r2, r3
1000455a:	00db      	lsls	r3, r3, #3
1000455c:	1ad2      	subs	r2, r2, r3
1000455e:	055b      	lsls	r3, r3, #21
10004560:	2a7e      	cmp	r2, #126	@ 0x7e
10004562:	dd10      	ble.n	10004586 <__wrap___aeabi_d2iz+0x36>
10004564:	3a9e      	subs	r2, #158	@ 0x9e
10004566:	da13      	bge.n	10004590 <__wrap___aeabi_d2iz+0x40>
10004568:	17cc      	asrs	r4, r1, #31
1000456a:	0309      	lsls	r1, r1, #12
1000456c:	0849      	lsrs	r1, r1, #1
1000456e:	4319      	orrs	r1, r3
10004570:	4252      	negs	r2, r2
10004572:	40d1      	lsrs	r1, r2
10004574:	0064      	lsls	r4, r4, #1
10004576:	3401      	adds	r4, #1
10004578:	3215      	adds	r2, #21
1000457a:	2a20      	cmp	r2, #32
1000457c:	da05      	bge.n	1000458a <__wrap___aeabi_d2iz+0x3a>
1000457e:	40d0      	lsrs	r0, r2
10004580:	4308      	orrs	r0, r1
10004582:	4360      	muls	r0, r4
10004584:	bd10      	pop	{r4, pc}
10004586:	2000      	movs	r0, #0
10004588:	bd10      	pop	{r4, pc}
1000458a:	4608      	mov	r0, r1
1000458c:	4360      	muls	r0, r4
1000458e:	bd10      	pop	{r4, pc}
10004590:	0fc8      	lsrs	r0, r1, #31
10004592:	18c0      	adds	r0, r0, r3
10004594:	3801      	subs	r0, #1
10004596:	bd10      	pop	{r4, pc}

10004598 <__wrap___aeabi_d2uiz>:
10004598:	b418      	push	{r3, r4}
1000459a:	4b02      	ldr	r3, [pc, #8]	@ (100045a4 <__wrap___aeabi_d2uiz+0xc>)
1000459c:	6a5b      	ldr	r3, [r3, #36]	@ 0x24
1000459e:	9301      	str	r3, [sp, #4]
100045a0:	bd08      	pop	{r3, pc}
100045a2:	0000      	.short	0x0000
100045a4:	20002540 	.word	0x20002540

100045a8 <missing_double_func_shim>:
100045a8:	b510      	push	{r4, lr}
100045aa:	4801      	ldr	r0, [pc, #4]	@ (100045b0 <missing_double_func_shim+0x8>)
100045ac:	f7fe fb84 	bl	10002cb8 <panic>
100045b0:	100094e4 	.word	0x100094e4

100045b4 <__aeabi_double_init>:
100045b4:	b570      	push	{r4, r5, r6, lr}
100045b6:	2313      	movs	r3, #19
100045b8:	781c      	ldrb	r4, [r3, #0]
100045ba:	2c01      	cmp	r4, #1
100045bc:	d012      	beq.n	100045e4 <__aeabi_double_init+0x30>
100045be:	2c01      	cmp	r4, #1
100045c0:	dc12      	bgt.n	100045e8 <__aeabi_double_init+0x34>
100045c2:	4b21      	ldr	r3, [pc, #132]	@ (10004648 <__aeabi_double_init+0x94>)
100045c4:	4a21      	ldr	r2, [pc, #132]	@ (1000464c <__aeabi_double_init+0x98>)
100045c6:	6493      	str	r3, [r2, #72]	@ 0x48
100045c8:	4821      	ldr	r0, [pc, #132]	@ (10004650 <__aeabi_double_init+0x9c>)
100045ca:	f7ff fc89 	bl	10003ee0 <rom_func_lookup>
100045ce:	4b21      	ldr	r3, [pc, #132]	@ (10004654 <__aeabi_double_init+0xa0>)
100045d0:	6018      	str	r0, [r3, #0]
100045d2:	bd70      	pop	{r4, r5, r6, pc}
100045d4:	4920      	ldr	r1, [pc, #128]	@ (10004658 <__aeabi_double_init+0xa4>)
100045d6:	4a1d      	ldr	r2, [pc, #116]	@ (1000464c <__aeabi_double_init+0x98>)
100045d8:	0098      	lsls	r0, r3, #2
100045da:	5081      	str	r1, [r0, r2]
100045dc:	3301      	adds	r3, #1
100045de:	2b1f      	cmp	r3, #31
100045e0:	d9f8      	bls.n	100045d4 <__aeabi_double_init+0x20>
100045e2:	e7ec      	b.n	100045be <__aeabi_double_init+0xa>
100045e4:	2300      	movs	r3, #0
100045e6:	e7fa      	b.n	100045de <__aeabi_double_init+0x2a>
100045e8:	481c      	ldr	r0, [pc, #112]	@ (1000465c <__aeabi_double_init+0xa8>)
100045ea:	f7ff fc81 	bl	10003ef0 <rom_data_lookup>
100045ee:	0005      	movs	r5, r0
100045f0:	481b      	ldr	r0, [pc, #108]	@ (10004660 <__aeabi_double_init+0xac>)
100045f2:	f7ff fc7d 	bl	10003ef0 <rom_data_lookup>
100045f6:	3802      	subs	r0, #2
100045f8:	7803      	ldrb	r3, [r0, #0]
100045fa:	009b      	lsls	r3, r3, #2
100045fc:	2b7f      	cmp	r3, #127	@ 0x7f
100045fe:	dd09      	ble.n	10004614 <__aeabi_double_init+0x60>
10004600:	4812      	ldr	r0, [pc, #72]	@ (1000464c <__aeabi_double_init+0x98>)
10004602:	2280      	movs	r2, #128	@ 0x80
10004604:	0029      	movs	r1, r5
10004606:	f000 f91b 	bl	10004840 <__wrap___aeabi_memcpy>
1000460a:	2c02      	cmp	r4, #2
1000460c:	d008      	beq.n	10004620 <__aeabi_double_init+0x6c>
1000460e:	2c02      	cmp	r4, #2
10004610:	dcda      	bgt.n	100045c8 <__aeabi_double_init+0x14>
10004612:	e7d6      	b.n	100045c2 <__aeabi_double_init+0xe>
10004614:	4b13      	ldr	r3, [pc, #76]	@ (10004664 <__aeabi_double_init+0xb0>)
10004616:	4a14      	ldr	r2, [pc, #80]	@ (10004668 <__aeabi_double_init+0xb4>)
10004618:	4814      	ldr	r0, [pc, #80]	@ (1000466c <__aeabi_double_init+0xb8>)
1000461a:	2132      	movs	r1, #50	@ 0x32
1000461c:	f7fe fab4 	bl	10002b88 <__assert_func>
10004620:	4b13      	ldr	r3, [pc, #76]	@ (10004670 <__aeabi_double_init+0xbc>)
10004622:	881a      	ldrh	r2, [r3, #0]
10004624:	23b5      	movs	r3, #181	@ 0xb5
10004626:	021b      	lsls	r3, r3, #8
10004628:	429a      	cmp	r2, r3
1000462a:	d109      	bne.n	10004640 <__aeabi_double_init+0x8c>
1000462c:	4b11      	ldr	r3, [pc, #68]	@ (10004674 <__aeabi_double_init+0xc0>)
1000462e:	881a      	ldrh	r2, [r3, #0]
10004630:	4b11      	ldr	r3, [pc, #68]	@ (10004678 <__aeabi_double_init+0xc4>)
10004632:	429a      	cmp	r2, r3
10004634:	d104      	bne.n	10004640 <__aeabi_double_init+0x8c>
10004636:	4b11      	ldr	r3, [pc, #68]	@ (1000467c <__aeabi_double_init+0xc8>)
10004638:	881a      	ldrh	r2, [r3, #0]
1000463a:	4b11      	ldr	r3, [pc, #68]	@ (10004680 <__aeabi_double_init+0xcc>)
1000463c:	429a      	cmp	r2, r3
1000463e:	d0e6      	beq.n	1000460e <__aeabi_double_init+0x5a>
10004640:	2000      	movs	r0, #0
10004642:	f7fe fb39 	bl	10002cb8 <panic>
10004646:	46c0      	nop			@ (mov r8, r8)
10004648:	10004685 	.word	0x10004685
1000464c:	20002540 	.word	0x20002540
10004650:	0000334c 	.word	0x0000334c
10004654:	20002640 	.word	0x20002640
10004658:	100045a9 	.word	0x100045a9
1000465c:	00004453 	.word	0x00004453
10004660:	00004653 	.word	0x00004653
10004664:	100094fc 	.word	0x100094fc
10004668:	1000a4e0 	.word	0x1000a4e0
1000466c:	10009550 	.word	0x10009550
10004670:	00003854 	.word	0x00003854
10004674:	000038d8 	.word	0x000038d8
10004678:	00004649 	.word	0x00004649
1000467c:	0000389c 	.word	0x0000389c
10004680:	00004659 	.word	0x00004659

10004684 <double_table_shim_on_use_helper>:
10004684:	b507      	push	{r0, r1, r2, lr}
10004686:	4660      	mov	r0, ip
10004688:	2800      	cmp	r0, #0
1000468a:	d100      	bne.n	1000468e <double_table_shim_on_use_helper+0xa>
1000468c:	be00      	bkpt	0x0000
1000468e:	8801      	ldrh	r1, [r0, #0]
10004690:	0a0a      	lsrs	r2, r1, #8
10004692:	3002      	adds	r0, #2
10004694:	2adf      	cmp	r2, #223	@ 0xdf
10004696:	d1fa      	bne.n	1000468e <double_table_shim_on_use_helper+0xa>
10004698:	b2c9      	uxtb	r1, r1
1000469a:	0882      	lsrs	r2, r0, #2
1000469c:	d304      	bcc.n	100046a8 <double_table_shim_on_use_helper+0x24>
1000469e:	8802      	ldrh	r2, [r0, #0]
100046a0:	8840      	ldrh	r0, [r0, #2]
100046a2:	0400      	lsls	r0, r0, #16
100046a4:	4310      	orrs	r0, r2
100046a6:	e000      	b.n	100046aa <double_table_shim_on_use_helper+0x26>
100046a8:	6800      	ldr	r0, [r0, #0]
100046aa:	4a02      	ldr	r2, [pc, #8]	@ (100046b4 <double_table_shim_on_use_helper+0x30>)
100046ac:	5050      	str	r0, [r2, r1]
100046ae:	9003      	str	r0, [sp, #12]
100046b0:	bd07      	pop	{r0, r1, r2, pc}
100046b2:	0000      	.short	0x0000
100046b4:	20002540 	.word	0x20002540

100046b8 <__wrap___aeabi_lmul>:
100046b8:	4351      	muls	r1, r2
100046ba:	4343      	muls	r3, r0
100046bc:	18c9      	adds	r1, r1, r3
100046be:	468c      	mov	ip, r1
100046c0:	0c11      	lsrs	r1, r2, #16
100046c2:	b283      	uxth	r3, r0
100046c4:	434b      	muls	r3, r1
100046c6:	b410      	push	{r4}
100046c8:	0c04      	lsrs	r4, r0, #16
100046ca:	4361      	muls	r1, r4
100046cc:	b292      	uxth	r2, r2
100046ce:	b280      	uxth	r0, r0
100046d0:	4350      	muls	r0, r2
100046d2:	4362      	muls	r2, r4
100046d4:	041c      	lsls	r4, r3, #16
100046d6:	0c1b      	lsrs	r3, r3, #16
100046d8:	1900      	adds	r0, r0, r4
100046da:	bc10      	pop	{r4}
100046dc:	4159      	adcs	r1, r3
100046de:	0413      	lsls	r3, r2, #16
100046e0:	0c12      	lsrs	r2, r2, #16
100046e2:	18c0      	adds	r0, r0, r3
100046e4:	4151      	adcs	r1, r2
100046e6:	4461      	add	r1, ip
100046e8:	4770      	bx	lr
	...

100046ec <__wrap___aeabi_frsub>:
100046ec:	4048      	eors	r0, r1
100046ee:	4041      	eors	r1, r0
100046f0:	4048      	eors	r0, r1

100046f2 <__wrap___aeabi_fsub>:
100046f2:	4b0e      	ldr	r3, [pc, #56]	@ (1000472c <__wrap___aeabi_fmul+0x6>)
100046f4:	685b      	ldr	r3, [r3, #4]
100046f6:	4718      	bx	r3

100046f8 <__wrap___aeabi_fadd>:
100046f8:	4b0c      	ldr	r3, [pc, #48]	@ (1000472c <__wrap___aeabi_fmul+0x6>)
100046fa:	681b      	ldr	r3, [r3, #0]
100046fc:	4718      	bx	r3

100046fe <__wrap___aeabi_fdiv>:
100046fe:	4a0c      	ldr	r2, [pc, #48]	@ (10004730 <__wrap___aeabi_fmul+0xa>)
10004700:	6f93      	ldr	r3, [r2, #120]	@ 0x78
10004702:	089b      	lsrs	r3, r3, #2
10004704:	d202      	bcs.n	1000470c <fdiv_save_state>

10004706 <fdiv_shim_call>:
10004706:	4b09      	ldr	r3, [pc, #36]	@ (1000472c <__wrap___aeabi_fmul+0x6>)
10004708:	68db      	ldr	r3, [r3, #12]
1000470a:	4718      	bx	r3

1000470c <fdiv_save_state>:
1000470c:	b5f0      	push	{r4, r5, r6, r7, lr}
1000470e:	6e14      	ldr	r4, [r2, #96]	@ 0x60
10004710:	6e55      	ldr	r5, [r2, #100]	@ 0x64
10004712:	6f57      	ldr	r7, [r2, #116]	@ 0x74
10004714:	6f16      	ldr	r6, [r2, #112]	@ 0x70
10004716:	f7ff fff6 	bl	10004706 <fdiv_shim_call>
1000471a:	4a05      	ldr	r2, [pc, #20]	@ (10004730 <__wrap___aeabi_fmul+0xa>)
1000471c:	6614      	str	r4, [r2, #96]	@ 0x60
1000471e:	6655      	str	r5, [r2, #100]	@ 0x64
10004720:	6757      	str	r7, [r2, #116]	@ 0x74
10004722:	6716      	str	r6, [r2, #112]	@ 0x70
10004724:	bdf0      	pop	{r4, r5, r6, r7, pc}

10004726 <__wrap___aeabi_fmul>:
10004726:	4b01      	ldr	r3, [pc, #4]	@ (1000472c <__wrap___aeabi_fmul+0x6>)
10004728:	689b      	ldr	r3, [r3, #8]
1000472a:	4718      	bx	r3
1000472c:	20002644 	.word	0x20002644
10004730:	d0000000 	.word	0xd0000000

10004734 <__wrap___aeabi_ui2f>:
10004734:	1a49      	subs	r1, r1, r1
10004736:	2800      	cmp	r0, #0
10004738:	d108      	bne.n	1000474c <__aeabi_i2f_main>
1000473a:	4608      	mov	r0, r1
1000473c:	4770      	bx	lr
	...

10004740 <__wrap___aeabi_i2f>:
10004740:	0fc1      	lsrs	r1, r0, #31
10004742:	07c9      	lsls	r1, r1, #31
10004744:	d500      	bpl.n	10004748 <__wrap___aeabi_i2f+0x8>
10004746:	4240      	negs	r0, r0
10004748:	2800      	cmp	r0, #0
1000474a:	d017      	beq.n	1000477c <__aeabi_i2f_main+0x30>

1000474c <__aeabi_i2f_main>:
1000474c:	46f4      	mov	ip, lr
1000474e:	b403      	push	{r0, r1}
10004750:	4b0b      	ldr	r3, [pc, #44]	@ (10004780 <__aeabi_i2f_main+0x34>)
10004752:	681b      	ldr	r3, [r3, #0]
10004754:	4798      	blx	r3
10004756:	bc06      	pop	{r1, r2}
10004758:	4081      	lsls	r1, r0
1000475a:	389e      	subs	r0, #158	@ 0x9e
1000475c:	4240      	negs	r0, r0
1000475e:	3180      	adds	r1, #128	@ 0x80
10004760:	d207      	bcs.n	10004772 <__aeabi_i2f_main+0x26>
10004762:	060b      	lsls	r3, r1, #24
10004764:	d007      	beq.n	10004776 <__aeabi_i2f_main+0x2a>
10004766:	0049      	lsls	r1, r1, #1
10004768:	0a49      	lsrs	r1, r1, #9
1000476a:	05c0      	lsls	r0, r0, #23
1000476c:	4310      	orrs	r0, r2
1000476e:	4308      	orrs	r0, r1
10004770:	4760      	bx	ip
10004772:	3001      	adds	r0, #1
10004774:	e7f8      	b.n	10004768 <__aeabi_i2f_main+0x1c>
10004776:	0a49      	lsrs	r1, r1, #9
10004778:	0289      	lsls	r1, r1, #10
1000477a:	e7f5      	b.n	10004768 <__aeabi_i2f_main+0x1c>
1000477c:	4770      	bx	lr
1000477e:	0000      	.short	0x0000
10004780:	20002640 	.word	0x20002640

10004784 <__wrap___aeabi_f2uiz>:
10004784:	4b01      	ldr	r3, [pc, #4]	@ (1000478c <__wrap___aeabi_f2uiz+0x8>)
10004786:	6a5b      	ldr	r3, [r3, #36]	@ 0x24
10004788:	4718      	bx	r3
1000478a:	0000      	.short	0x0000
1000478c:	20002644 	.word	0x20002644

10004790 <missing_float_func_shim>:
10004790:	b510      	push	{r4, lr}
10004792:	4801      	ldr	r0, [pc, #4]	@ (10004798 <missing_float_func_shim+0x8>)
10004794:	f7fe fa90 	bl	10002cb8 <panic>
10004798:	10008984 	.word	0x10008984

1000479c <__aeabi_float_init>:
1000479c:	b570      	push	{r4, r5, r6, lr}
1000479e:	2313      	movs	r3, #19
100047a0:	781e      	ldrb	r6, [r3, #0]
100047a2:	4818      	ldr	r0, [pc, #96]	@ (10004804 <__aeabi_float_init+0x68>)
100047a4:	f7ff fba4 	bl	10003ef0 <rom_data_lookup>
100047a8:	0005      	movs	r5, r0
100047aa:	2e01      	cmp	r6, #1
100047ac:	d011      	beq.n	100047d2 <__aeabi_float_init+0x36>
100047ae:	2e01      	cmp	r6, #1
100047b0:	dd09      	ble.n	100047c6 <__aeabi_float_init+0x2a>
100047b2:	1eab      	subs	r3, r5, #2
100047b4:	781b      	ldrb	r3, [r3, #0]
100047b6:	009b      	lsls	r3, r3, #2
100047b8:	2b7f      	cmp	r3, #127	@ 0x7f
100047ba:	dd1d      	ble.n	100047f8 <__aeabi_float_init+0x5c>
100047bc:	4812      	ldr	r0, [pc, #72]	@ (10004808 <__aeabi_float_init+0x6c>)
100047be:	2280      	movs	r2, #128	@ 0x80
100047c0:	0029      	movs	r1, r5
100047c2:	f000 f83d 	bl	10004840 <__wrap___aeabi_memcpy>
100047c6:	4811      	ldr	r0, [pc, #68]	@ (1000480c <__aeabi_float_init+0x70>)
100047c8:	f7ff fb8a 	bl	10003ee0 <rom_func_lookup>
100047cc:	4b10      	ldr	r3, [pc, #64]	@ (10004810 <__aeabi_float_init+0x74>)
100047ce:	6018      	str	r0, [r3, #0]
100047d0:	bd70      	pop	{r4, r5, r6, pc}
100047d2:	480d      	ldr	r0, [pc, #52]	@ (10004808 <__aeabi_float_init+0x6c>)
100047d4:	2254      	movs	r2, #84	@ 0x54
100047d6:	0029      	movs	r1, r5
100047d8:	f000 f832 	bl	10004840 <__wrap___aeabi_memcpy>
100047dc:	2300      	movs	r3, #0
100047de:	e000      	b.n	100047e2 <__aeabi_float_init+0x46>
100047e0:	3301      	adds	r3, #1
100047e2:	2b1f      	cmp	r3, #31
100047e4:	d8e3      	bhi.n	100047ae <__aeabi_float_init+0x12>
100047e6:	4a08      	ldr	r2, [pc, #32]	@ (10004808 <__aeabi_float_init+0x6c>)
100047e8:	009c      	lsls	r4, r3, #2
100047ea:	58a2      	ldr	r2, [r4, r2]
100047ec:	2a00      	cmp	r2, #0
100047ee:	d1f7      	bne.n	100047e0 <__aeabi_float_init+0x44>
100047f0:	4908      	ldr	r1, [pc, #32]	@ (10004814 <__aeabi_float_init+0x78>)
100047f2:	4a05      	ldr	r2, [pc, #20]	@ (10004808 <__aeabi_float_init+0x6c>)
100047f4:	50a1      	str	r1, [r4, r2]
100047f6:	e7f3      	b.n	100047e0 <__aeabi_float_init+0x44>
100047f8:	4b07      	ldr	r3, [pc, #28]	@ (10004818 <__aeabi_float_init+0x7c>)
100047fa:	4a08      	ldr	r2, [pc, #32]	@ (1000481c <__aeabi_float_init+0x80>)
100047fc:	4808      	ldr	r0, [pc, #32]	@ (10004820 <__aeabi_float_init+0x84>)
100047fe:	2142      	movs	r1, #66	@ 0x42
10004800:	f7fe f9c2 	bl	10002b88 <__assert_func>
10004804:	00004653 	.word	0x00004653
10004808:	20002644 	.word	0x20002644
1000480c:	0000334c 	.word	0x0000334c
10004810:	20002640 	.word	0x20002640
10004814:	10004791 	.word	0x10004791
10004818:	100095a8 	.word	0x100095a8
1000481c:	1000a4f4 	.word	0x1000a4f4
10004820:	100095dc 	.word	0x100095dc

10004824 <__aeabi_mem_init>:
10004824:	4801      	ldr	r0, [pc, #4]	@ (1000482c <__aeabi_mem_init+0x8>)
10004826:	2104      	movs	r1, #4
10004828:	4b01      	ldr	r3, [pc, #4]	@ (10004830 <__aeabi_mem_init+0xc>)
1000482a:	4718      	bx	r3
1000482c:	20000db0 	.word	0x20000db0
10004830:	10003f01 	.word	0x10003f01

10004834 <__wrap_memset>:
10004834:	4b01      	ldr	r3, [pc, #4]	@ (1000483c <__wrap_memset+0x8>)
10004836:	681b      	ldr	r3, [r3, #0]
10004838:	4718      	bx	r3
1000483a:	0000      	.short	0x0000
1000483c:	20000db0 	.word	0x20000db0

10004840 <__wrap___aeabi_memcpy>:
10004840:	4b01      	ldr	r3, [pc, #4]	@ (10004848 <__wrap___aeabi_memcpy+0x8>)
10004842:	685b      	ldr	r3, [r3, #4]
10004844:	4718      	bx	r3
10004846:	0000      	.short	0x0000
10004848:	20000db0 	.word	0x20000db0

1000484c <stdio_out_chars_no_crlf>:
1000484c:	b510      	push	{r4, lr}
1000484e:	0003      	movs	r3, r0
10004850:	0008      	movs	r0, r1
10004852:	0011      	movs	r1, r2
10004854:	681b      	ldr	r3, [r3, #0]
10004856:	4798      	blx	r3
10004858:	bd10      	pop	{r4, pc}
	...

1000485c <stdio_out_chars_crlf>:
1000485c:	b5f8      	push	{r3, r4, r5, r6, r7, lr}
1000485e:	0007      	movs	r7, r0
10004860:	000d      	movs	r5, r1
10004862:	0016      	movs	r6, r2
10004864:	7d43      	ldrb	r3, [r0, #21]
10004866:	2b00      	cmp	r3, #0
10004868:	d002      	beq.n	10004870 <stdio_out_chars_crlf+0x14>
1000486a:	2400      	movs	r4, #0
1000486c:	2000      	movs	r0, #0
1000486e:	e00c      	b.n	1000488a <stdio_out_chars_crlf+0x2e>
10004870:	6803      	ldr	r3, [r0, #0]
10004872:	0011      	movs	r1, r2
10004874:	0028      	movs	r0, r5
10004876:	4798      	blx	r3
10004878:	e02d      	b.n	100048d6 <stdio_out_chars_crlf+0x7a>
1000487a:	7d3b      	ldrb	r3, [r7, #20]
1000487c:	e010      	b.n	100048a0 <stdio_out_chars_crlf+0x44>
1000487e:	683b      	ldr	r3, [r7, #0]
10004880:	4815      	ldr	r0, [pc, #84]	@ (100048d8 <stdio_out_chars_crlf+0x7c>)
10004882:	2102      	movs	r1, #2
10004884:	4798      	blx	r3
10004886:	1c60      	adds	r0, r4, #1
10004888:	3401      	adds	r4, #1
1000488a:	42b4      	cmp	r4, r6
1000488c:	da14      	bge.n	100048b8 <stdio_out_chars_crlf+0x5c>
1000488e:	2c00      	cmp	r4, #0
10004890:	ddf3      	ble.n	1000487a <stdio_out_chars_crlf+0x1e>
10004892:	192b      	adds	r3, r5, r4
10004894:	3b01      	subs	r3, #1
10004896:	781b      	ldrb	r3, [r3, #0]
10004898:	3b0d      	subs	r3, #13
1000489a:	425a      	negs	r2, r3
1000489c:	4153      	adcs	r3, r2
1000489e:	b2db      	uxtb	r3, r3
100048a0:	5d2a      	ldrb	r2, [r5, r4]
100048a2:	2a0a      	cmp	r2, #10
100048a4:	d1f0      	bne.n	10004888 <stdio_out_chars_crlf+0x2c>
100048a6:	2b00      	cmp	r3, #0
100048a8:	d1ee      	bne.n	10004888 <stdio_out_chars_crlf+0x2c>
100048aa:	42a0      	cmp	r0, r4
100048ac:	dae7      	bge.n	1000487e <stdio_out_chars_crlf+0x22>
100048ae:	683b      	ldr	r3, [r7, #0]
100048b0:	1a21      	subs	r1, r4, r0
100048b2:	1828      	adds	r0, r5, r0
100048b4:	4798      	blx	r3
100048b6:	e7e2      	b.n	1000487e <stdio_out_chars_crlf+0x22>
100048b8:	42b0      	cmp	r0, r6
100048ba:	da03      	bge.n	100048c4 <stdio_out_chars_crlf+0x68>
100048bc:	683b      	ldr	r3, [r7, #0]
100048be:	1a31      	subs	r1, r6, r0
100048c0:	1828      	adds	r0, r5, r0
100048c2:	4798      	blx	r3
100048c4:	2e00      	cmp	r6, #0
100048c6:	dd06      	ble.n	100048d6 <stdio_out_chars_crlf+0x7a>
100048c8:	19ad      	adds	r5, r5, r6
100048ca:	3d01      	subs	r5, #1
100048cc:	782b      	ldrb	r3, [r5, #0]
100048ce:	3b0d      	subs	r3, #13
100048d0:	425a      	negs	r2, r3
100048d2:	4153      	adcs	r3, r2
100048d4:	753b      	strb	r3, [r7, #20]
100048d6:	bdf8      	pop	{r3, r4, r5, r6, r7, pc}
100048d8:	1000a52c 	.word	0x1000a52c

100048dc <stdio_stack_buffer_flush>:
100048dc:	b570      	push	{r4, r5, r6, lr}
100048de:	0005      	movs	r5, r0
100048e0:	6803      	ldr	r3, [r0, #0]
100048e2:	2b00      	cmp	r3, #0
100048e4:	d016      	beq.n	10004914 <stdio_stack_buffer_flush+0x38>
100048e6:	4b0c      	ldr	r3, [pc, #48]	@ (10004918 <stdio_stack_buffer_flush+0x3c>)
100048e8:	681c      	ldr	r4, [r3, #0]
100048ea:	e005      	b.n	100048f8 <stdio_stack_buffer_flush+0x1c>
100048ec:	0029      	movs	r1, r5
100048ee:	c904      	ldmia	r1!, {r2}
100048f0:	0020      	movs	r0, r4
100048f2:	f7ff ffb3 	bl	1000485c <stdio_out_chars_crlf>
100048f6:	6924      	ldr	r4, [r4, #16]
100048f8:	2c00      	cmp	r4, #0
100048fa:	d009      	beq.n	10004910 <stdio_stack_buffer_flush+0x34>
100048fc:	6823      	ldr	r3, [r4, #0]
100048fe:	2b00      	cmp	r3, #0
10004900:	d0f9      	beq.n	100048f6 <stdio_stack_buffer_flush+0x1a>
10004902:	4b06      	ldr	r3, [pc, #24]	@ (1000491c <stdio_stack_buffer_flush+0x40>)
10004904:	681b      	ldr	r3, [r3, #0]
10004906:	2b00      	cmp	r3, #0
10004908:	d0f0      	beq.n	100048ec <stdio_stack_buffer_flush+0x10>
1000490a:	42a3      	cmp	r3, r4
1000490c:	d1f3      	bne.n	100048f6 <stdio_stack_buffer_flush+0x1a>
1000490e:	e7ed      	b.n	100048ec <stdio_stack_buffer_flush+0x10>
10004910:	2300      	movs	r3, #0
10004912:	602b      	str	r3, [r5, #0]
10004914:	bd70      	pop	{r4, r5, r6, pc}
10004916:	46c0      	nop			@ (mov r8, r8)
10004918:	200020c8 	.word	0x200020c8
1000491c:	200020d0 	.word	0x200020d0

10004920 <stdio_buffered_printer>:
10004920:	b570      	push	{r4, r5, r6, lr}
10004922:	0005      	movs	r5, r0
10004924:	000c      	movs	r4, r1
10004926:	680b      	ldr	r3, [r1, #0]
10004928:	2b80      	cmp	r3, #128	@ 0x80
1000492a:	d005      	beq.n	10004938 <stdio_buffered_printer+0x18>
1000492c:	6823      	ldr	r3, [r4, #0]
1000492e:	1c5a      	adds	r2, r3, #1
10004930:	6022      	str	r2, [r4, #0]
10004932:	18e4      	adds	r4, r4, r3
10004934:	7125      	strb	r5, [r4, #4]
10004936:	bd70      	pop	{r4, r5, r6, pc}
10004938:	0008      	movs	r0, r1
1000493a:	f7ff ffcf 	bl	100048dc <stdio_stack_buffer_flush>
1000493e:	e7f5      	b.n	1000492c <stdio_buffered_printer+0xc>

10004940 <update_us_since_boot>:
10004940:	b510      	push	{r4, lr}
10004942:	2b00      	cmp	r3, #0
10004944:	db02      	blt.n	1000494c <update_us_since_boot+0xc>
10004946:	6002      	str	r2, [r0, #0]
10004948:	6043      	str	r3, [r0, #4]
1000494a:	bd10      	pop	{r4, pc}
1000494c:	4b02      	ldr	r3, [pc, #8]	@ (10004958 <update_us_since_boot+0x18>)
1000494e:	4a03      	ldr	r2, [pc, #12]	@ (1000495c <update_us_since_boot+0x1c>)
10004950:	4803      	ldr	r0, [pc, #12]	@ (10004960 <update_us_since_boot+0x20>)
10004952:	213f      	movs	r1, #63	@ 0x3f
10004954:	f7fe f918 	bl	10002b88 <__assert_func>
10004958:	10008810 	.word	0x10008810
1000495c:	1000a530 	.word	0x1000a530
10004960:	1000882c 	.word	0x1000882c

10004964 <get_absolute_time>:
10004964:	b510      	push	{r4, lr}
10004966:	b082      	sub	sp, #8
10004968:	0004      	movs	r4, r0
1000496a:	f7fd fc41 	bl	100021f0 <time_us_64>
1000496e:	0002      	movs	r2, r0
10004970:	000b      	movs	r3, r1
10004972:	4668      	mov	r0, sp
10004974:	f7ff ffe4 	bl	10004940 <update_us_since_boot>
10004978:	9a00      	ldr	r2, [sp, #0]
1000497a:	9b01      	ldr	r3, [sp, #4]
1000497c:	6022      	str	r2, [r4, #0]
1000497e:	6063      	str	r3, [r4, #4]
10004980:	0020      	movs	r0, r4
10004982:	b002      	add	sp, #8
10004984:	bd10      	pop	{r4, pc}
	...

10004988 <delayed_by_ms>:
10004988:	b570      	push	{r4, r5, r6, lr}
1000498a:	b082      	sub	sp, #8
1000498c:	0006      	movs	r6, r0
1000498e:	0014      	movs	r4, r2
10004990:	001d      	movs	r5, r3
10004992:	22fa      	movs	r2, #250	@ 0xfa
10004994:	0092      	lsls	r2, r2, #2
10004996:	2300      	movs	r3, #0
10004998:	9806      	ldr	r0, [sp, #24]
1000499a:	2100      	movs	r1, #0
1000499c:	f7ff fe8c 	bl	100046b8 <__wrap___aeabi_lmul>
100049a0:	0002      	movs	r2, r0
100049a2:	000b      	movs	r3, r1
100049a4:	1912      	adds	r2, r2, r4
100049a6:	416b      	adcs	r3, r5
100049a8:	2b00      	cmp	r3, #0
100049aa:	db09      	blt.n	100049c0 <delayed_by_ms+0x38>
100049ac:	4668      	mov	r0, sp
100049ae:	f7ff ffc7 	bl	10004940 <update_us_since_boot>
100049b2:	9a00      	ldr	r2, [sp, #0]
100049b4:	9b01      	ldr	r3, [sp, #4]
100049b6:	6032      	str	r2, [r6, #0]
100049b8:	6073      	str	r3, [r6, #4]
100049ba:	0030      	movs	r0, r6
100049bc:	b002      	add	sp, #8
100049be:	bd70      	pop	{r4, r5, r6, pc}
100049c0:	2201      	movs	r2, #1
100049c2:	4252      	negs	r2, r2
100049c4:	4b00      	ldr	r3, [pc, #0]	@ (100049c8 <delayed_by_ms+0x40>)
100049c6:	e7f1      	b.n	100049ac <delayed_by_ms+0x24>
100049c8:	7fffffff 	.word	0x7fffffff

100049cc <make_timeout_time_ms>:
100049cc:	b530      	push	{r4, r5, lr}
100049ce:	b085      	sub	sp, #20
100049d0:	0004      	movs	r4, r0
100049d2:	000d      	movs	r5, r1
100049d4:	a802      	add	r0, sp, #8
100049d6:	f7ff ffc5 	bl	10004964 <get_absolute_time>
100049da:	9a02      	ldr	r2, [sp, #8]
100049dc:	9b03      	ldr	r3, [sp, #12]
100049de:	9500      	str	r5, [sp, #0]
100049e0:	0020      	movs	r0, r4
100049e2:	f7ff ffd1 	bl	10004988 <delayed_by_ms>
100049e6:	0020      	movs	r0, r4
100049e8:	b005      	add	sp, #20
100049ea:	bd30      	pop	{r4, r5, pc}

100049ec <stdout_serialize_begin>:
100049ec:	b500      	push	{lr}
100049ee:	b083      	sub	sp, #12
100049f0:	21fa      	movs	r1, #250	@ 0xfa
100049f2:	0089      	lsls	r1, r1, #2
100049f4:	4668      	mov	r0, sp
100049f6:	f7ff ffe9 	bl	100049cc <make_timeout_time_ms>
100049fa:	9a00      	ldr	r2, [sp, #0]
100049fc:	9b01      	ldr	r3, [sp, #4]
100049fe:	4802      	ldr	r0, [pc, #8]	@ (10004a08 <stdout_serialize_begin+0x1c>)
10004a00:	f003 feca 	bl	10008798 <__mutex_try_enter_block_until_veneer>
10004a04:	b003      	add	sp, #12
10004a06:	bd00      	pop	{pc}
10004a08:	20000e38 	.word	0x20000e38

10004a0c <stdout_serialize_end>:
10004a0c:	b510      	push	{r4, lr}
10004a0e:	4802      	ldr	r0, [pc, #8]	@ (10004a18 <stdout_serialize_end+0xc>)
10004a10:	f003 fe6a 	bl	100086e8 <__mutex_exit_veneer>
10004a14:	bd10      	pop	{r4, pc}
10004a16:	46c0      	nop			@ (mov r8, r8)
10004a18:	20000e38 	.word	0x20000e38

10004a1c <stdio_put_string>:
10004a1c:	b5f0      	push	{r4, r5, r6, r7, lr}
10004a1e:	46ce      	mov	lr, r9
10004a20:	4647      	mov	r7, r8
10004a22:	b580      	push	{r7, lr}
10004a24:	b083      	sub	sp, #12
10004a26:	0006      	movs	r6, r0
10004a28:	000d      	movs	r5, r1
10004a2a:	4690      	mov	r8, r2
10004a2c:	001c      	movs	r4, r3
10004a2e:	f7ff ffdd 	bl	100049ec <stdout_serialize_begin>
10004a32:	4681      	mov	r9, r0
10004a34:	1c6b      	adds	r3, r5, #1
10004a36:	d005      	beq.n	10004a44 <stdio_put_string+0x28>
10004a38:	2c00      	cmp	r4, #0
10004a3a:	d008      	beq.n	10004a4e <stdio_put_string+0x32>
10004a3c:	4f19      	ldr	r7, [pc, #100]	@ (10004aa4 <stdio_put_string+0x88>)
10004a3e:	4b1a      	ldr	r3, [pc, #104]	@ (10004aa8 <stdio_put_string+0x8c>)
10004a40:	681c      	ldr	r4, [r3, #0]
10004a42:	e007      	b.n	10004a54 <stdio_put_string+0x38>
10004a44:	0030      	movs	r0, r6
10004a46:	f003 fe0f 	bl	10008668 <strlen>
10004a4a:	0005      	movs	r5, r0
10004a4c:	e7f4      	b.n	10004a38 <stdio_put_string+0x1c>
10004a4e:	4f17      	ldr	r7, [pc, #92]	@ (10004aac <stdio_put_string+0x90>)
10004a50:	e7f5      	b.n	10004a3e <stdio_put_string+0x22>
10004a52:	6924      	ldr	r4, [r4, #16]
10004a54:	2c00      	cmp	r4, #0
10004a56:	d017      	beq.n	10004a88 <stdio_put_string+0x6c>
10004a58:	6823      	ldr	r3, [r4, #0]
10004a5a:	2b00      	cmp	r3, #0
10004a5c:	d0f9      	beq.n	10004a52 <stdio_put_string+0x36>
10004a5e:	4b14      	ldr	r3, [pc, #80]	@ (10004ab0 <stdio_put_string+0x94>)
10004a60:	681b      	ldr	r3, [r3, #0]
10004a62:	2b00      	cmp	r3, #0
10004a64:	d001      	beq.n	10004a6a <stdio_put_string+0x4e>
10004a66:	42a3      	cmp	r3, r4
10004a68:	d1f3      	bne.n	10004a52 <stdio_put_string+0x36>
10004a6a:	002a      	movs	r2, r5
10004a6c:	0031      	movs	r1, r6
10004a6e:	0020      	movs	r0, r4
10004a70:	47b8      	blx	r7
10004a72:	4643      	mov	r3, r8
10004a74:	2b00      	cmp	r3, #0
10004a76:	d0ec      	beq.n	10004a52 <stdio_put_string+0x36>
10004a78:	466b      	mov	r3, sp
10004a7a:	1dd9      	adds	r1, r3, #7
10004a7c:	230a      	movs	r3, #10
10004a7e:	700b      	strb	r3, [r1, #0]
10004a80:	2201      	movs	r2, #1
10004a82:	0020      	movs	r0, r4
10004a84:	47b8      	blx	r7
10004a86:	e7e4      	b.n	10004a52 <stdio_put_string+0x36>
10004a88:	464b      	mov	r3, r9
10004a8a:	2b00      	cmp	r3, #0
10004a8c:	d107      	bne.n	10004a9e <stdio_put_string+0x82>
10004a8e:	1e6b      	subs	r3, r5, #1
10004a90:	419d      	sbcs	r5, r3
10004a92:	b2e8      	uxtb	r0, r5
10004a94:	b003      	add	sp, #12
10004a96:	bcc0      	pop	{r6, r7}
10004a98:	46b9      	mov	r9, r7
10004a9a:	46b0      	mov	r8, r6
10004a9c:	bdf0      	pop	{r4, r5, r6, r7, pc}
10004a9e:	f7ff ffb5 	bl	10004a0c <stdout_serialize_end>
10004aa2:	e7f4      	b.n	10004a8e <stdio_put_string+0x72>
10004aa4:	1000484d 	.word	0x1000484d
10004aa8:	200020c8 	.word	0x200020c8
10004aac:	1000485d 	.word	0x1000485d
10004ab0:	200020d0 	.word	0x200020d0

10004ab4 <stdio_set_driver_enabled>:
10004ab4:	4a09      	ldr	r2, [pc, #36]	@ (10004adc <stdio_set_driver_enabled+0x28>)
10004ab6:	e001      	b.n	10004abc <stdio_set_driver_enabled+0x8>
10004ab8:	3310      	adds	r3, #16
10004aba:	001a      	movs	r2, r3
10004abc:	6813      	ldr	r3, [r2, #0]
10004abe:	2b00      	cmp	r3, #0
10004ac0:	d008      	beq.n	10004ad4 <stdio_set_driver_enabled+0x20>
10004ac2:	4283      	cmp	r3, r0
10004ac4:	d1f8      	bne.n	10004ab8 <stdio_set_driver_enabled+0x4>
10004ac6:	2900      	cmp	r1, #0
10004ac8:	d107      	bne.n	10004ada <stdio_set_driver_enabled+0x26>
10004aca:	6903      	ldr	r3, [r0, #16]
10004acc:	6013      	str	r3, [r2, #0]
10004ace:	2300      	movs	r3, #0
10004ad0:	6103      	str	r3, [r0, #16]
10004ad2:	e002      	b.n	10004ada <stdio_set_driver_enabled+0x26>
10004ad4:	2900      	cmp	r1, #0
10004ad6:	d000      	beq.n	10004ada <stdio_set_driver_enabled+0x26>
10004ad8:	6010      	str	r0, [r2, #0]
10004ada:	4770      	bx	lr
10004adc:	200020c8 	.word	0x200020c8

10004ae0 <stdio_flush>:
10004ae0:	b510      	push	{r4, lr}
10004ae2:	4b06      	ldr	r3, [pc, #24]	@ (10004afc <stdio_flush+0x1c>)
10004ae4:	681c      	ldr	r4, [r3, #0]
10004ae6:	e001      	b.n	10004aec <stdio_flush+0xc>
10004ae8:	4798      	blx	r3
10004aea:	6924      	ldr	r4, [r4, #16]
10004aec:	2c00      	cmp	r4, #0
10004aee:	d003      	beq.n	10004af8 <stdio_flush+0x18>
10004af0:	6863      	ldr	r3, [r4, #4]
10004af2:	2b00      	cmp	r3, #0
10004af4:	d1f8      	bne.n	10004ae8 <stdio_flush+0x8>
10004af6:	e7f8      	b.n	10004aea <stdio_flush+0xa>
10004af8:	bd10      	pop	{r4, pc}
10004afa:	46c0      	nop			@ (mov r8, r8)
10004afc:	200020c8 	.word	0x200020c8

10004b00 <__wrap_puts>:
10004b00:	b570      	push	{r4, r5, r6, lr}
10004b02:	0005      	movs	r5, r0
10004b04:	f003 fdb0 	bl	10008668 <strlen>
10004b08:	0004      	movs	r4, r0
10004b0a:	2300      	movs	r3, #0
10004b0c:	2201      	movs	r2, #1
10004b0e:	0001      	movs	r1, r0
10004b10:	0028      	movs	r0, r5
10004b12:	f7ff ff83 	bl	10004a1c <stdio_put_string>
10004b16:	f7ff ffe3 	bl	10004ae0 <stdio_flush>
10004b1a:	0020      	movs	r0, r4
10004b1c:	bd70      	pop	{r4, r5, r6, pc}
	...

10004b20 <__wrap_vprintf>:
10004b20:	b570      	push	{r4, r5, r6, lr}
10004b22:	b0a2      	sub	sp, #136	@ 0x88
10004b24:	0004      	movs	r4, r0
10004b26:	000e      	movs	r6, r1
10004b28:	f7ff ff60 	bl	100049ec <stdout_serialize_begin>
10004b2c:	0005      	movs	r5, r0
10004b2e:	2300      	movs	r3, #0
10004b30:	9301      	str	r3, [sp, #4]
10004b32:	480a      	ldr	r0, [pc, #40]	@ (10004b5c <__wrap_vprintf+0x3c>)
10004b34:	0033      	movs	r3, r6
10004b36:	0022      	movs	r2, r4
10004b38:	a901      	add	r1, sp, #4
10004b3a:	f7ff f9b9 	bl	10003eb0 <vfctprintf>
10004b3e:	0004      	movs	r4, r0
10004b40:	a801      	add	r0, sp, #4
10004b42:	f7ff fecb 	bl	100048dc <stdio_stack_buffer_flush>
10004b46:	f7ff ffcb 	bl	10004ae0 <stdio_flush>
10004b4a:	2d00      	cmp	r5, #0
10004b4c:	d102      	bne.n	10004b54 <__wrap_vprintf+0x34>
10004b4e:	0020      	movs	r0, r4
10004b50:	b022      	add	sp, #136	@ 0x88
10004b52:	bd70      	pop	{r4, r5, r6, pc}
10004b54:	f7ff ff5a 	bl	10004a0c <stdout_serialize_end>
10004b58:	e7f9      	b.n	10004b4e <__wrap_vprintf+0x2e>
10004b5a:	46c0      	nop			@ (mov r8, r8)
10004b5c:	10004921 	.word	0x10004921

10004b60 <__wrap_printf>:
10004b60:	b40f      	push	{r0, r1, r2, r3}
10004b62:	b500      	push	{lr}
10004b64:	b083      	sub	sp, #12
10004b66:	a904      	add	r1, sp, #16
10004b68:	c901      	ldmia	r1!, {r0}
10004b6a:	9101      	str	r1, [sp, #4]
10004b6c:	f7ff ffd8 	bl	10004b20 <__wrap_vprintf>
10004b70:	b003      	add	sp, #12
10004b72:	bc08      	pop	{r3}
10004b74:	b004      	add	sp, #16
10004b76:	4718      	bx	r3

10004b78 <stdio_init_all>:
10004b78:	b510      	push	{r4, lr}
10004b7a:	f000 f9af 	bl	10004edc <stdio_usb_init>
10004b7e:	bd10      	pop	{r4, pc}

10004b80 <resetd_init>:
10004b80:	4770      	bx	lr
	...

10004b84 <resetd_reset>:
10004b84:	4b01      	ldr	r3, [pc, #4]	@ (10004b8c <resetd_reset+0x8>)
10004b86:	2200      	movs	r2, #0
10004b88:	701a      	strb	r2, [r3, #0]
10004b8a:	4770      	bx	lr
10004b8c:	2000277f 	.word	0x2000277f

10004b90 <resetd_open>:
10004b90:	794b      	ldrb	r3, [r1, #5]
10004b92:	2bff      	cmp	r3, #255	@ 0xff
10004b94:	d10c      	bne.n	10004bb0 <resetd_open+0x20>
10004b96:	798b      	ldrb	r3, [r1, #6]
10004b98:	2b00      	cmp	r3, #0
10004b9a:	d10b      	bne.n	10004bb4 <resetd_open+0x24>
10004b9c:	79cb      	ldrb	r3, [r1, #7]
10004b9e:	2b01      	cmp	r3, #1
10004ba0:	d10a      	bne.n	10004bb8 <resetd_open+0x28>
10004ba2:	2a08      	cmp	r2, #8
10004ba4:	d90a      	bls.n	10004bbc <resetd_open+0x2c>
10004ba6:	788a      	ldrb	r2, [r1, #2]
10004ba8:	4b05      	ldr	r3, [pc, #20]	@ (10004bc0 <resetd_open+0x30>)
10004baa:	701a      	strb	r2, [r3, #0]
10004bac:	2009      	movs	r0, #9
10004bae:	e000      	b.n	10004bb2 <resetd_open+0x22>
10004bb0:	2000      	movs	r0, #0
10004bb2:	4770      	bx	lr
10004bb4:	2000      	movs	r0, #0
10004bb6:	e7fc      	b.n	10004bb2 <resetd_open+0x22>
10004bb8:	2000      	movs	r0, #0
10004bba:	e7fa      	b.n	10004bb2 <resetd_open+0x22>
10004bbc:	2000      	movs	r0, #0
10004bbe:	e7f8      	b.n	10004bb2 <resetd_open+0x22>
10004bc0:	2000277f 	.word	0x2000277f

10004bc4 <resetd_xfer_cb>:
10004bc4:	2001      	movs	r0, #1
10004bc6:	4770      	bx	lr

10004bc8 <reset_usb_boot>:
10004bc8:	b570      	push	{r4, r5, r6, lr}
10004bca:	0004      	movs	r4, r0
10004bcc:	000d      	movs	r5, r1
10004bce:	4803      	ldr	r0, [pc, #12]	@ (10004bdc <reset_usb_boot+0x14>)
10004bd0:	f7ff f986 	bl	10003ee0 <rom_func_lookup>
10004bd4:	0003      	movs	r3, r0
10004bd6:	0029      	movs	r1, r5
10004bd8:	0020      	movs	r0, r4
10004bda:	4798      	blx	r3
10004bdc:	00004255 	.word	0x00004255

10004be0 <resetd_control_xfer_cb>:
10004be0:	b510      	push	{r4, lr}
10004be2:	2901      	cmp	r1, #1
10004be4:	d126      	bne.n	10004c34 <resetd_control_xfer_cb+0x54>
10004be6:	7911      	ldrb	r1, [r2, #4]
10004be8:	7953      	ldrb	r3, [r2, #5]
10004bea:	021b      	lsls	r3, r3, #8
10004bec:	430b      	orrs	r3, r1
10004bee:	4912      	ldr	r1, [pc, #72]	@ (10004c38 <resetd_control_xfer_cb+0x58>)
10004bf0:	7809      	ldrb	r1, [r1, #0]
10004bf2:	428b      	cmp	r3, r1
10004bf4:	d001      	beq.n	10004bfa <resetd_control_xfer_cb+0x1a>
10004bf6:	2000      	movs	r0, #0
10004bf8:	e01d      	b.n	10004c36 <resetd_control_xfer_cb+0x56>
10004bfa:	7853      	ldrb	r3, [r2, #1]
10004bfc:	2b01      	cmp	r3, #1
10004bfe:	d003      	beq.n	10004c08 <resetd_control_xfer_cb+0x28>
10004c00:	2b02      	cmp	r3, #2
10004c02:	d010      	beq.n	10004c26 <resetd_control_xfer_cb+0x46>
10004c04:	2000      	movs	r0, #0
10004c06:	e016      	b.n	10004c36 <resetd_control_xfer_cb+0x56>
10004c08:	7891      	ldrb	r1, [r2, #2]
10004c0a:	78d3      	ldrb	r3, [r2, #3]
10004c0c:	021b      	lsls	r3, r3, #8
10004c0e:	4319      	orrs	r1, r3
10004c10:	05db      	lsls	r3, r3, #23
10004c12:	d506      	bpl.n	10004c22 <resetd_control_xfer_cb+0x42>
10004c14:	0a4b      	lsrs	r3, r1, #9
10004c16:	2001      	movs	r0, #1
10004c18:	4098      	lsls	r0, r3
10004c1a:	237f      	movs	r3, #127	@ 0x7f
10004c1c:	4019      	ands	r1, r3
10004c1e:	f7ff ffd3 	bl	10004bc8 <reset_usb_boot>
10004c22:	2000      	movs	r0, #0
10004c24:	e7f9      	b.n	10004c1a <resetd_control_xfer_cb+0x3a>
10004c26:	2264      	movs	r2, #100	@ 0x64
10004c28:	2100      	movs	r1, #0
10004c2a:	2000      	movs	r0, #0
10004c2c:	f7fd ff6e 	bl	10002b0c <watchdog_reboot>
10004c30:	2001      	movs	r0, #1
10004c32:	e000      	b.n	10004c36 <resetd_control_xfer_cb+0x56>
10004c34:	2001      	movs	r0, #1
10004c36:	bd10      	pop	{r4, pc}
10004c38:	2000277f 	.word	0x2000277f

10004c3c <usbd_app_driver_get_cb>:
10004c3c:	2301      	movs	r3, #1
10004c3e:	7003      	strb	r3, [r0, #0]
10004c40:	4800      	ldr	r0, [pc, #0]	@ (10004c44 <usbd_app_driver_get_cb+0x8>)
10004c42:	4770      	bx	lr
10004c44:	1000a548 	.word	0x1000a548

10004c48 <tud_cdc_line_coding_cb>:
10004c48:	b510      	push	{r4, lr}
10004c4a:	780a      	ldrb	r2, [r1, #0]
10004c4c:	784b      	ldrb	r3, [r1, #1]
10004c4e:	021b      	lsls	r3, r3, #8
10004c50:	4313      	orrs	r3, r2
10004c52:	788a      	ldrb	r2, [r1, #2]
10004c54:	0412      	lsls	r2, r2, #16
10004c56:	431a      	orrs	r2, r3
10004c58:	78cb      	ldrb	r3, [r1, #3]
10004c5a:	061b      	lsls	r3, r3, #24
10004c5c:	4313      	orrs	r3, r2
10004c5e:	2296      	movs	r2, #150	@ 0x96
10004c60:	00d2      	lsls	r2, r2, #3
10004c62:	4293      	cmp	r3, r2
10004c64:	d000      	beq.n	10004c68 <tud_cdc_line_coding_cb+0x20>
10004c66:	bd10      	pop	{r4, pc}
10004c68:	2100      	movs	r1, #0
10004c6a:	0008      	movs	r0, r1
10004c6c:	f7ff ffac 	bl	10004bc8 <reset_usb_boot>

10004c70 <stdio_usb_set_chars_available_callback>:
10004c70:	4b02      	ldr	r3, [pc, #8]	@ (10004c7c <stdio_usb_set_chars_available_callback+0xc>)
10004c72:	6018      	str	r0, [r3, #0]
10004c74:	4b02      	ldr	r3, [pc, #8]	@ (10004c80 <stdio_usb_set_chars_available_callback+0x10>)
10004c76:	6019      	str	r1, [r3, #0]
10004c78:	4770      	bx	lr
10004c7a:	46c0      	nop			@ (mov r8, r8)
10004c7c:	20001528 	.word	0x20001528
10004c80:	2000152c 	.word	0x2000152c

10004c84 <update_us_since_boot>:
10004c84:	b510      	push	{r4, lr}
10004c86:	2b00      	cmp	r3, #0
10004c88:	db02      	blt.n	10004c90 <update_us_since_boot+0xc>
10004c8a:	6002      	str	r2, [r0, #0]
10004c8c:	6043      	str	r3, [r0, #4]
10004c8e:	bd10      	pop	{r4, pc}
10004c90:	4b02      	ldr	r3, [pc, #8]	@ (10004c9c <update_us_since_boot+0x18>)
10004c92:	4a03      	ldr	r2, [pc, #12]	@ (10004ca0 <update_us_since_boot+0x1c>)
10004c94:	4803      	ldr	r0, [pc, #12]	@ (10004ca4 <update_us_since_boot+0x20>)
10004c96:	213f      	movs	r1, #63	@ 0x3f
10004c98:	f7fd ff76 	bl	10002b88 <__assert_func>
10004c9c:	10008810 	.word	0x10008810
10004ca0:	1000a57c 	.word	0x1000a57c
10004ca4:	1000882c 	.word	0x1000882c

10004ca8 <get_absolute_time>:
10004ca8:	b510      	push	{r4, lr}
10004caa:	b082      	sub	sp, #8
10004cac:	0004      	movs	r4, r0
10004cae:	f7fd fa9f 	bl	100021f0 <time_us_64>
10004cb2:	0002      	movs	r2, r0
10004cb4:	000b      	movs	r3, r1
10004cb6:	4668      	mov	r0, sp
10004cb8:	f7ff ffe4 	bl	10004c84 <update_us_since_boot>
10004cbc:	9a00      	ldr	r2, [sp, #0]
10004cbe:	9b01      	ldr	r3, [sp, #4]
10004cc0:	6022      	str	r2, [r4, #0]
10004cc2:	6063      	str	r3, [r4, #4]
10004cc4:	0020      	movs	r0, r4
10004cc6:	b002      	add	sp, #8
10004cc8:	bd10      	pop	{r4, pc}
	...

10004ccc <delayed_by_ms>:
10004ccc:	b570      	push	{r4, r5, r6, lr}
10004cce:	b082      	sub	sp, #8
10004cd0:	0006      	movs	r6, r0
10004cd2:	0014      	movs	r4, r2
10004cd4:	001d      	movs	r5, r3
10004cd6:	22fa      	movs	r2, #250	@ 0xfa
10004cd8:	0092      	lsls	r2, r2, #2
10004cda:	2300      	movs	r3, #0
10004cdc:	9806      	ldr	r0, [sp, #24]
10004cde:	2100      	movs	r1, #0
10004ce0:	f7ff fcea 	bl	100046b8 <__wrap___aeabi_lmul>
10004ce4:	0002      	movs	r2, r0
10004ce6:	000b      	movs	r3, r1
10004ce8:	1912      	adds	r2, r2, r4
10004cea:	416b      	adcs	r3, r5
10004cec:	2b00      	cmp	r3, #0
10004cee:	db09      	blt.n	10004d04 <delayed_by_ms+0x38>
10004cf0:	4668      	mov	r0, sp
10004cf2:	f7ff ffc7 	bl	10004c84 <update_us_since_boot>
10004cf6:	9a00      	ldr	r2, [sp, #0]
10004cf8:	9b01      	ldr	r3, [sp, #4]
10004cfa:	6032      	str	r2, [r6, #0]
10004cfc:	6073      	str	r3, [r6, #4]
10004cfe:	0030      	movs	r0, r6
10004d00:	b002      	add	sp, #8
10004d02:	bd70      	pop	{r4, r5, r6, pc}
10004d04:	2201      	movs	r2, #1
10004d06:	4252      	negs	r2, r2
10004d08:	4b00      	ldr	r3, [pc, #0]	@ (10004d0c <delayed_by_ms+0x40>)
10004d0a:	e7f1      	b.n	10004cf0 <delayed_by_ms+0x24>
10004d0c:	7fffffff 	.word	0x7fffffff

10004d10 <make_timeout_time_ms>:
10004d10:	b530      	push	{r4, r5, lr}
10004d12:	b085      	sub	sp, #20
10004d14:	0004      	movs	r4, r0
10004d16:	000d      	movs	r5, r1
10004d18:	a802      	add	r0, sp, #8
10004d1a:	f7ff ffc5 	bl	10004ca8 <get_absolute_time>
10004d1e:	9a02      	ldr	r2, [sp, #8]
10004d20:	9b03      	ldr	r3, [sp, #12]
10004d22:	9500      	str	r5, [sp, #0]
10004d24:	0020      	movs	r0, r4
10004d26:	f7ff ffd1 	bl	10004ccc <delayed_by_ms>
10004d2a:	0020      	movs	r0, r4
10004d2c:	b005      	add	sp, #20
10004d2e:	bd30      	pop	{r4, r5, pc}

10004d30 <delayed_by_us>:
10004d30:	b510      	push	{r4, lr}
10004d32:	b082      	sub	sp, #8
10004d34:	0004      	movs	r4, r0
10004d36:	9804      	ldr	r0, [sp, #16]
10004d38:	9905      	ldr	r1, [sp, #20]
10004d3a:	1812      	adds	r2, r2, r0
10004d3c:	414b      	adcs	r3, r1
10004d3e:	2b00      	cmp	r3, #0
10004d40:	db09      	blt.n	10004d56 <delayed_by_us+0x26>
10004d42:	4668      	mov	r0, sp
10004d44:	f7ff ff9e 	bl	10004c84 <update_us_since_boot>
10004d48:	9a00      	ldr	r2, [sp, #0]
10004d4a:	9b01      	ldr	r3, [sp, #4]
10004d4c:	6022      	str	r2, [r4, #0]
10004d4e:	6063      	str	r3, [r4, #4]
10004d50:	0020      	movs	r0, r4
10004d52:	b002      	add	sp, #8
10004d54:	bd10      	pop	{r4, pc}
10004d56:	2201      	movs	r2, #1
10004d58:	4252      	negs	r2, r2
10004d5a:	4b01      	ldr	r3, [pc, #4]	@ (10004d60 <delayed_by_us+0x30>)
10004d5c:	e7f1      	b.n	10004d42 <delayed_by_us+0x12>
10004d5e:	46c0      	nop			@ (mov r8, r8)
10004d60:	7fffffff 	.word	0x7fffffff

10004d64 <usb_irq>:
10004d64:	b510      	push	{r4, lr}
10004d66:	4b02      	ldr	r3, [pc, #8]	@ (10004d70 <usb_irq+0xc>)
10004d68:	7818      	ldrb	r0, [r3, #0]
10004d6a:	f7fc f953 	bl	10001014 <irq_set_pending>
10004d6e:	bd10      	pop	{r4, pc}
10004d70:	20002780 	.word	0x20002780

10004d74 <critical_section_enter_blocking>:
10004d74:	6802      	ldr	r2, [r0, #0]
10004d76:	f3ef 8110 	mrs	r1, PRIMASK
10004d7a:	b672      	cpsid	i
10004d7c:	6813      	ldr	r3, [r2, #0]
10004d7e:	2b00      	cmp	r3, #0
10004d80:	d0fc      	beq.n	10004d7c <critical_section_enter_blocking+0x8>
10004d82:	f3bf 8f5f 	dmb	sy
10004d86:	6041      	str	r1, [r0, #4]
10004d88:	4770      	bx	lr
	...

10004d8c <timer_task>:
10004d8c:	b570      	push	{r4, r5, r6, lr}
10004d8e:	4b0f      	ldr	r3, [pc, #60]	@ (10004dcc <timer_task+0x40>)
10004d90:	681b      	ldr	r3, [r3, #0]
10004d92:	2b00      	cmp	r3, #0
10004d94:	d016      	beq.n	10004dc4 <timer_task+0x38>
10004d96:	4c0d      	ldr	r4, [pc, #52]	@ (10004dcc <timer_task+0x40>)
10004d98:	0020      	movs	r0, r4
10004d9a:	f7ff ffeb 	bl	10004d74 <critical_section_enter_blocking>
10004d9e:	4b0c      	ldr	r3, [pc, #48]	@ (10004dd0 <timer_task+0x44>)
10004da0:	2200      	movs	r2, #0
10004da2:	701a      	strb	r2, [r3, #0]
10004da4:	6821      	ldr	r1, [r4, #0]
10004da6:	6863      	ldr	r3, [r4, #4]
10004da8:	f3bf 8f5f 	dmb	sy
10004dac:	600a      	str	r2, [r1, #0]
10004dae:	f383 8810 	msr	PRIMASK, r3
10004db2:	2400      	movs	r4, #0
10004db4:	2500      	movs	r5, #0
10004db6:	4b07      	ldr	r3, [pc, #28]	@ (10004dd4 <timer_task+0x48>)
10004db8:	7818      	ldrb	r0, [r3, #0]
10004dba:	f7fc f92b 	bl	10001014 <irq_set_pending>
10004dbe:	0020      	movs	r0, r4
10004dc0:	0029      	movs	r1, r5
10004dc2:	bd70      	pop	{r4, r5, r6, pc}
10004dc4:	24fa      	movs	r4, #250	@ 0xfa
10004dc6:	00a4      	lsls	r4, r4, #2
10004dc8:	2500      	movs	r5, #0
10004dca:	e7f4      	b.n	10004db6 <timer_task+0x2a>
10004dcc:	20002518 	.word	0x20002518
10004dd0:	20002781 	.word	0x20002781
10004dd4:	20002780 	.word	0x20002780

10004dd8 <alarm_pool_add_alarm_in_us>:
10004dd8:	b5f0      	push	{r4, r5, r6, r7, lr}
10004dda:	b087      	sub	sp, #28
10004ddc:	0004      	movs	r4, r0
10004dde:	0016      	movs	r6, r2
10004de0:	001d      	movs	r5, r3
10004de2:	ab0e      	add	r3, sp, #56	@ 0x38
10004de4:	781f      	ldrb	r7, [r3, #0]
10004de6:	a804      	add	r0, sp, #16
10004de8:	f7ff ff5e 	bl	10004ca8 <get_absolute_time>
10004dec:	9a04      	ldr	r2, [sp, #16]
10004dee:	9b05      	ldr	r3, [sp, #20]
10004df0:	9600      	str	r6, [sp, #0]
10004df2:	9501      	str	r5, [sp, #4]
10004df4:	a804      	add	r0, sp, #16
10004df6:	f7ff ff9b 	bl	10004d30 <delayed_by_us>
10004dfa:	9a04      	ldr	r2, [sp, #16]
10004dfc:	9b05      	ldr	r3, [sp, #20]
10004dfe:	9702      	str	r7, [sp, #8]
10004e00:	990d      	ldr	r1, [sp, #52]	@ 0x34
10004e02:	9101      	str	r1, [sp, #4]
10004e04:	990c      	ldr	r1, [sp, #48]	@ 0x30
10004e06:	9100      	str	r1, [sp, #0]
10004e08:	0020      	movs	r0, r4
10004e0a:	f7fc ffe3 	bl	10001dd4 <alarm_pool_add_alarm_at>
10004e0e:	b007      	add	sp, #28
10004e10:	bdf0      	pop	{r4, r5, r6, r7, pc}

10004e12 <add_alarm_in_us>:
10004e12:	b5f0      	push	{r4, r5, r6, r7, lr}
10004e14:	46c6      	mov	lr, r8
10004e16:	b500      	push	{lr}
10004e18:	b084      	sub	sp, #16
10004e1a:	0005      	movs	r5, r0
10004e1c:	4688      	mov	r8, r1
10004e1e:	0016      	movs	r6, r2
10004e20:	001f      	movs	r7, r3
10004e22:	ab0a      	add	r3, sp, #40	@ 0x28
10004e24:	781c      	ldrb	r4, [r3, #0]
10004e26:	f7fc ffbf 	bl	10001da8 <alarm_pool_get_default>
10004e2a:	9402      	str	r4, [sp, #8]
10004e2c:	9701      	str	r7, [sp, #4]
10004e2e:	9600      	str	r6, [sp, #0]
10004e30:	002a      	movs	r2, r5
10004e32:	4643      	mov	r3, r8
10004e34:	f7ff ffd0 	bl	10004dd8 <alarm_pool_add_alarm_in_us>
10004e38:	b004      	add	sp, #16
10004e3a:	bc80      	pop	{r7}
10004e3c:	46b8      	mov	r8, r7
10004e3e:	bdf0      	pop	{r4, r5, r6, r7, pc}

10004e40 <low_priority_worker_irq>:
10004e40:	b510      	push	{r4, lr}
10004e42:	b082      	sub	sp, #8
10004e44:	4819      	ldr	r0, [pc, #100]	@ (10004eac <low_priority_worker_irq+0x6c>)
10004e46:	2100      	movs	r1, #0
10004e48:	f003 fc86 	bl	10008758 <__mutex_try_enter_veneer>
10004e4c:	2800      	cmp	r0, #0
10004e4e:	d122      	bne.n	10004e96 <low_priority_worker_irq+0x56>
10004e50:	4b17      	ldr	r3, [pc, #92]	@ (10004eb0 <low_priority_worker_irq+0x70>)
10004e52:	681b      	ldr	r3, [r3, #0]
10004e54:	2b00      	cmp	r3, #0
10004e56:	d026      	beq.n	10004ea6 <low_priority_worker_irq+0x66>
10004e58:	4c15      	ldr	r4, [pc, #84]	@ (10004eb0 <low_priority_worker_irq+0x70>)
10004e5a:	0020      	movs	r0, r4
10004e5c:	f7ff ff8a 	bl	10004d74 <critical_section_enter_blocking>
10004e60:	4a14      	ldr	r2, [pc, #80]	@ (10004eb4 <low_priority_worker_irq+0x74>)
10004e62:	7813      	ldrb	r3, [r2, #0]
10004e64:	2101      	movs	r1, #1
10004e66:	404b      	eors	r3, r1
10004e68:	b2db      	uxtb	r3, r3
10004e6a:	2101      	movs	r1, #1
10004e6c:	7011      	strb	r1, [r2, #0]
10004e6e:	6821      	ldr	r1, [r4, #0]
10004e70:	6862      	ldr	r2, [r4, #4]
10004e72:	f3bf 8f5f 	dmb	sy
10004e76:	2000      	movs	r0, #0
10004e78:	6008      	str	r0, [r1, #0]
10004e7a:	f382 8810 	msr	PRIMASK, r2
10004e7e:	2b00      	cmp	r3, #0
10004e80:	d011      	beq.n	10004ea6 <low_priority_worker_irq+0x66>
10004e82:	4a0d      	ldr	r2, [pc, #52]	@ (10004eb8 <low_priority_worker_irq+0x78>)
10004e84:	2301      	movs	r3, #1
10004e86:	9300      	str	r3, [sp, #0]
10004e88:	2300      	movs	r3, #0
10004e8a:	20fa      	movs	r0, #250	@ 0xfa
10004e8c:	0080      	lsls	r0, r0, #2
10004e8e:	2100      	movs	r1, #0
10004e90:	f7ff ffbf 	bl	10004e12 <add_alarm_in_us>
10004e94:	e007      	b.n	10004ea6 <low_priority_worker_irq+0x66>
10004e96:	2001      	movs	r0, #1
10004e98:	2100      	movs	r1, #0
10004e9a:	4240      	negs	r0, r0
10004e9c:	f001 f88c 	bl	10005fb8 <tud_task_ext>
10004ea0:	4802      	ldr	r0, [pc, #8]	@ (10004eac <low_priority_worker_irq+0x6c>)
10004ea2:	f003 fc21 	bl	100086e8 <__mutex_exit_veneer>
10004ea6:	b002      	add	sp, #8
10004ea8:	bd10      	pop	{r4, pc}
10004eaa:	46c0      	nop			@ (mov r8, r8)
10004eac:	20002748 	.word	0x20002748
10004eb0:	20002518 	.word	0x20002518
10004eb4:	20002781 	.word	0x20002781
10004eb8:	10004d8d 	.word	0x10004d8d

10004ebc <tud_cdc_rx_cb>:
10004ebc:	b510      	push	{r4, lr}
10004ebe:	4b05      	ldr	r3, [pc, #20]	@ (10004ed4 <tud_cdc_rx_cb+0x18>)
10004ec0:	6818      	ldr	r0, [r3, #0]
10004ec2:	2800      	cmp	r0, #0
10004ec4:	d004      	beq.n	10004ed0 <tud_cdc_rx_cb+0x14>
10004ec6:	4b04      	ldr	r3, [pc, #16]	@ (10004ed8 <tud_cdc_rx_cb+0x1c>)
10004ec8:	6819      	ldr	r1, [r3, #0]
10004eca:	2200      	movs	r2, #0
10004ecc:	f000 fd9e 	bl	10005a0c <usbd_defer_func>
10004ed0:	bd10      	pop	{r4, pc}
10004ed2:	46c0      	nop			@ (mov r8, r8)
10004ed4:	20001528 	.word	0x20001528
10004ed8:	2000152c 	.word	0x2000152c

10004edc <stdio_usb_init>:
10004edc:	b510      	push	{r4, lr}
10004ede:	b082      	sub	sp, #8
10004ee0:	23d0      	movs	r3, #208	@ 0xd0
10004ee2:	061b      	lsls	r3, r3, #24
10004ee4:	681c      	ldr	r4, [r3, #0]
10004ee6:	f7fc ff5f 	bl	10001da8 <alarm_pool_get_default>
10004eea:	f7fd f86d 	bl	10001fc8 <alarm_pool_core_num>
10004eee:	42a0      	cmp	r0, r4
10004ef0:	d12c      	bne.n	10004f4c <stdio_usb_init+0x70>
10004ef2:	4b23      	ldr	r3, [pc, #140]	@ (10004f80 <stdio_usb_init+0xa4>)
10004ef4:	781b      	ldrb	r3, [r3, #0]
10004ef6:	f001 fd2d 	bl	10006954 <tusb_init>
10004efa:	4822      	ldr	r0, [pc, #136]	@ (10004f84 <stdio_usb_init+0xa8>)
10004efc:	f7fc fbcb 	bl	10001696 <mutex_init>
10004f00:	2001      	movs	r0, #1
10004f02:	f7fc fb45 	bl	10001590 <user_irq_claim_unused>
10004f06:	4c20      	ldr	r4, [pc, #128]	@ (10004f88 <stdio_usb_init+0xac>)
10004f08:	7020      	strb	r0, [r4, #0]
10004f0a:	4920      	ldr	r1, [pc, #128]	@ (10004f8c <stdio_usb_init+0xb0>)
10004f0c:	23ff      	movs	r3, #255	@ 0xff
10004f0e:	4018      	ands	r0, r3
10004f10:	f7fc f8a2 	bl	10001058 <irq_set_exclusive_handler>
10004f14:	7820      	ldrb	r0, [r4, #0]
10004f16:	2101      	movs	r1, #1
10004f18:	f7fc f874 	bl	10001004 <irq_set_enabled>
10004f1c:	2005      	movs	r0, #5
10004f1e:	f7fc f889 	bl	10001034 <irq_has_shared_handler>
10004f22:	1e04      	subs	r4, r0, #0
10004f24:	d018      	beq.n	10004f58 <stdio_usb_init+0x7c>
10004f26:	491a      	ldr	r1, [pc, #104]	@ (10004f90 <stdio_usb_init+0xb4>)
10004f28:	2200      	movs	r2, #0
10004f2a:	2005      	movs	r0, #5
10004f2c:	f7fc f8be 	bl	100010ac <irq_add_shared_handler>
10004f30:	f7fb ffb8 	bl	10000ea4 <next_striped_spin_lock_num>
10004f34:	0001      	movs	r1, r0
10004f36:	4b17      	ldr	r3, [pc, #92]	@ (10004f94 <stdio_usb_init+0xb8>)
10004f38:	0018      	movs	r0, r3
10004f3a:	f7fc fbc9 	bl	100016d0 <critical_section_init_with_lock_num>
10004f3e:	4816      	ldr	r0, [pc, #88]	@ (10004f98 <stdio_usb_init+0xbc>)
10004f40:	2101      	movs	r1, #1
10004f42:	f7ff fdb7 	bl	10004ab4 <stdio_set_driver_enabled>
10004f46:	0020      	movs	r0, r4
10004f48:	b002      	add	sp, #8
10004f4a:	bd10      	pop	{r4, pc}
10004f4c:	4b13      	ldr	r3, [pc, #76]	@ (10004f9c <stdio_usb_init+0xc0>)
10004f4e:	4a14      	ldr	r2, [pc, #80]	@ (10004fa0 <stdio_usb_init+0xc4>)
10004f50:	4814      	ldr	r0, [pc, #80]	@ (10004fa4 <stdio_usb_init+0xc8>)
10004f52:	21b2      	movs	r1, #178	@ 0xb2
10004f54:	f7fd fe18 	bl	10002b88 <__assert_func>
10004f58:	4a13      	ldr	r2, [pc, #76]	@ (10004fa8 <stdio_usb_init+0xcc>)
10004f5a:	2301      	movs	r3, #1
10004f5c:	9300      	str	r3, [sp, #0]
10004f5e:	2300      	movs	r3, #0
10004f60:	20fa      	movs	r0, #250	@ 0xfa
10004f62:	0080      	lsls	r0, r0, #2
10004f64:	2100      	movs	r1, #0
10004f66:	f7ff ff54 	bl	10004e12 <add_alarm_in_us>
10004f6a:	43c4      	mvns	r4, r0
10004f6c:	0fe4      	lsrs	r4, r4, #31
10004f6e:	4809      	ldr	r0, [pc, #36]	@ (10004f94 <stdio_usb_init+0xb8>)
10004f70:	2208      	movs	r2, #8
10004f72:	2100      	movs	r1, #0
10004f74:	f7ff fc5e 	bl	10004834 <__wrap_memset>
10004f78:	2c00      	cmp	r4, #0
10004f7a:	d0e4      	beq.n	10004f46 <stdio_usb_init+0x6a>
10004f7c:	e7df      	b.n	10004f3e <stdio_usb_init+0x62>
10004f7e:	46c0      	nop			@ (mov r8, r8)
10004f80:	1000a9a0 	.word	0x1000a9a0
10004f84:	20002748 	.word	0x20002748
10004f88:	20002780 	.word	0x20002780
10004f8c:	10004e41 	.word	0x10004e41
10004f90:	10004d65 	.word	0x10004d65
10004f94:	20002518 	.word	0x20002518
10004f98:	20000dc0 	.word	0x20000dc0
10004f9c:	10008cd8 	.word	0x10008cd8
10004fa0:	1000a56c 	.word	0x1000a56c
10004fa4:	10009670 	.word	0x10009670
10004fa8:	10004d8d 	.word	0x10004d8d

10004fac <stdio_usb_connected>:
10004fac:	b510      	push	{r4, lr}
10004fae:	2000      	movs	r0, #0
10004fb0:	f001 f9fa 	bl	100063a8 <tud_cdc_n_connected>
10004fb4:	bd10      	pop	{r4, pc}
	...

10004fb8 <stdio_usb_in_chars>:
10004fb8:	b530      	push	{r4, r5, lr}
10004fba:	b083      	sub	sp, #12
10004fbc:	0004      	movs	r4, r0
10004fbe:	000d      	movs	r5, r1
10004fc0:	f7ff fff4 	bl	10004fac <stdio_usb_connected>
10004fc4:	2800      	cmp	r0, #0
10004fc6:	d030      	beq.n	1000502a <stdio_usb_in_chars+0x72>
10004fc8:	2000      	movs	r0, #0
10004fca:	f001 fa09 	bl	100063e0 <tud_cdc_n_available>
10004fce:	2800      	cmp	r0, #0
10004fd0:	d02e      	beq.n	10005030 <stdio_usb_in_chars+0x78>
10004fd2:	21fa      	movs	r1, #250	@ 0xfa
10004fd4:	0089      	lsls	r1, r1, #2
10004fd6:	4668      	mov	r0, sp
10004fd8:	f7ff fe9a 	bl	10004d10 <make_timeout_time_ms>
10004fdc:	9a00      	ldr	r2, [sp, #0]
10004fde:	9b01      	ldr	r3, [sp, #4]
10004fe0:	4816      	ldr	r0, [pc, #88]	@ (1000503c <stdio_usb_in_chars+0x84>)
10004fe2:	f003 fbd9 	bl	10008798 <__mutex_try_enter_block_until_veneer>
10004fe6:	2800      	cmp	r0, #0
10004fe8:	d025      	beq.n	10005036 <stdio_usb_in_chars+0x7e>
10004fea:	f7ff ffdf 	bl	10004fac <stdio_usb_connected>
10004fee:	2800      	cmp	r0, #0
10004ff0:	d004      	beq.n	10004ffc <stdio_usb_in_chars+0x44>
10004ff2:	2000      	movs	r0, #0
10004ff4:	f001 f9f4 	bl	100063e0 <tud_cdc_n_available>
10004ff8:	2800      	cmp	r0, #0
10004ffa:	d10c      	bne.n	10005016 <stdio_usb_in_chars+0x5e>
10004ffc:	2001      	movs	r0, #1
10004ffe:	2100      	movs	r1, #0
10005000:	4240      	negs	r0, r0
10005002:	f000 ffd9 	bl	10005fb8 <tud_task_ext>
10005006:	2403      	movs	r4, #3
10005008:	4264      	negs	r4, r4
1000500a:	480c      	ldr	r0, [pc, #48]	@ (1000503c <stdio_usb_in_chars+0x84>)
1000500c:	f003 fb6c 	bl	100086e8 <__mutex_exit_veneer>
10005010:	0020      	movs	r0, r4
10005012:	b003      	add	sp, #12
10005014:	bd30      	pop	{r4, r5, pc}
10005016:	002a      	movs	r2, r5
10005018:	0021      	movs	r1, r4
1000501a:	2000      	movs	r0, #0
1000501c:	f001 f9ec 	bl	100063f8 <tud_cdc_n_read>
10005020:	1e04      	subs	r4, r0, #0
10005022:	d1f2      	bne.n	1000500a <stdio_usb_in_chars+0x52>
10005024:	2403      	movs	r4, #3
10005026:	4264      	negs	r4, r4
10005028:	e7ef      	b.n	1000500a <stdio_usb_in_chars+0x52>
1000502a:	2403      	movs	r4, #3
1000502c:	4264      	negs	r4, r4
1000502e:	e7ef      	b.n	10005010 <stdio_usb_in_chars+0x58>
10005030:	2403      	movs	r4, #3
10005032:	4264      	negs	r4, r4
10005034:	e7ec      	b.n	10005010 <stdio_usb_in_chars+0x58>
10005036:	2403      	movs	r4, #3
10005038:	4264      	negs	r4, r4
1000503a:	e7e9      	b.n	10005010 <stdio_usb_in_chars+0x58>
1000503c:	20002748 	.word	0x20002748

10005040 <stdio_usb_out_chars>:
10005040:	b5f0      	push	{r4, r5, r6, r7, lr}
10005042:	46c6      	mov	lr, r8
10005044:	b500      	push	{lr}
10005046:	b082      	sub	sp, #8
10005048:	4680      	mov	r8, r0
1000504a:	000d      	movs	r5, r1
1000504c:	21fa      	movs	r1, #250	@ 0xfa
1000504e:	0089      	lsls	r1, r1, #2
10005050:	4668      	mov	r0, sp
10005052:	f7ff fe5d 	bl	10004d10 <make_timeout_time_ms>
10005056:	9a00      	ldr	r2, [sp, #0]
10005058:	9b01      	ldr	r3, [sp, #4]
1000505a:	482c      	ldr	r0, [pc, #176]	@ (1000510c <stdio_usb_out_chars+0xcc>)
1000505c:	f003 fb9c 	bl	10008798 <__mutex_try_enter_block_until_veneer>
10005060:	2800      	cmp	r0, #0
10005062:	d103      	bne.n	1000506c <stdio_usb_out_chars+0x2c>
10005064:	b002      	add	sp, #8
10005066:	bc80      	pop	{r7}
10005068:	46b8      	mov	r8, r7
1000506a:	bdf0      	pop	{r4, r5, r6, r7, pc}
1000506c:	f7ff ff9e 	bl	10004fac <stdio_usb_connected>
10005070:	2800      	cmp	r0, #0
10005072:	d149      	bne.n	10005108 <stdio_usb_out_chars+0xc8>
10005074:	4b26      	ldr	r3, [pc, #152]	@ (10005110 <stdio_usb_out_chars+0xd0>)
10005076:	2000      	movs	r0, #0
10005078:	2100      	movs	r1, #0
1000507a:	6018      	str	r0, [r3, #0]
1000507c:	6059      	str	r1, [r3, #4]
1000507e:	4823      	ldr	r0, [pc, #140]	@ (1000510c <stdio_usb_out_chars+0xcc>)
10005080:	f003 fb32 	bl	100086e8 <__mutex_exit_veneer>
10005084:	e7ee      	b.n	10005064 <stdio_usb_out_chars+0x24>
10005086:	2001      	movs	r0, #1
10005088:	2100      	movs	r1, #0
1000508a:	4240      	negs	r0, r0
1000508c:	f000 ff94 	bl	10005fb8 <tud_task_ext>
10005090:	2000      	movs	r0, #0
10005092:	f001 f9c5 	bl	10006420 <tud_cdc_n_write_flush>
10005096:	f7ff ff89 	bl	10004fac <stdio_usb_connected>
1000509a:	2800      	cmp	r0, #0
1000509c:	d0ef      	beq.n	1000507e <stdio_usb_out_chars+0x3e>
1000509e:	2000      	movs	r0, #0
100050a0:	f001 fa36 	bl	10006510 <tud_cdc_n_write_available>
100050a4:	2800      	cmp	r0, #0
100050a6:	d020      	beq.n	100050ea <stdio_usb_out_chars+0xaa>
100050a8:	42ac      	cmp	r4, r5
100050aa:	dae8      	bge.n	1000507e <stdio_usb_out_chars+0x3e>
100050ac:	1b2e      	subs	r6, r5, r4
100050ae:	2000      	movs	r0, #0
100050b0:	f001 fa2e 	bl	10006510 <tud_cdc_n_write_available>
100050b4:	0002      	movs	r2, r0
100050b6:	4286      	cmp	r6, r0
100050b8:	dc00      	bgt.n	100050bc <stdio_usb_out_chars+0x7c>
100050ba:	0032      	movs	r2, r6
100050bc:	2a00      	cmp	r2, #0
100050be:	d0e2      	beq.n	10005086 <stdio_usb_out_chars+0x46>
100050c0:	4643      	mov	r3, r8
100050c2:	1919      	adds	r1, r3, r4
100050c4:	2000      	movs	r0, #0
100050c6:	f001 fa07 	bl	100064d8 <tud_cdc_n_write>
100050ca:	0006      	movs	r6, r0
100050cc:	2001      	movs	r0, #1
100050ce:	2100      	movs	r1, #0
100050d0:	4240      	negs	r0, r0
100050d2:	f000 ff71 	bl	10005fb8 <tud_task_ext>
100050d6:	2000      	movs	r0, #0
100050d8:	f001 f9a2 	bl	10006420 <tud_cdc_n_write_flush>
100050dc:	19a4      	adds	r4, r4, r6
100050de:	f7fd f887 	bl	100021f0 <time_us_64>
100050e2:	4b0b      	ldr	r3, [pc, #44]	@ (10005110 <stdio_usb_out_chars+0xd0>)
100050e4:	6018      	str	r0, [r3, #0]
100050e6:	6059      	str	r1, [r3, #4]
100050e8:	e7de      	b.n	100050a8 <stdio_usb_out_chars+0x68>
100050ea:	f7fd f881 	bl	100021f0 <time_us_64>
100050ee:	4b08      	ldr	r3, [pc, #32]	@ (10005110 <stdio_usb_out_chars+0xd0>)
100050f0:	681e      	ldr	r6, [r3, #0]
100050f2:	685f      	ldr	r7, [r3, #4]
100050f4:	4a07      	ldr	r2, [pc, #28]	@ (10005114 <stdio_usb_out_chars+0xd4>)
100050f6:	2300      	movs	r3, #0
100050f8:	1992      	adds	r2, r2, r6
100050fa:	417b      	adcs	r3, r7
100050fc:	4299      	cmp	r1, r3
100050fe:	d8be      	bhi.n	1000507e <stdio_usb_out_chars+0x3e>
10005100:	d1d2      	bne.n	100050a8 <stdio_usb_out_chars+0x68>
10005102:	4290      	cmp	r0, r2
10005104:	d9d0      	bls.n	100050a8 <stdio_usb_out_chars+0x68>
10005106:	e7ba      	b.n	1000507e <stdio_usb_out_chars+0x3e>
10005108:	2400      	movs	r4, #0
1000510a:	e7cd      	b.n	100050a8 <stdio_usb_out_chars+0x68>
1000510c:	20002748 	.word	0x20002748
10005110:	20000fa0 	.word	0x20000fa0
10005114:	0007a120 	.word	0x0007a120

10005118 <tud_descriptor_device_cb>:
10005118:	4800      	ldr	r0, [pc, #0]	@ (1000511c <tud_descriptor_device_cb+0x4>)
1000511a:	4770      	bx	lr
1000511c:	1000a600 	.word	0x1000a600

10005120 <tud_descriptor_configuration_cb>:
10005120:	4800      	ldr	r0, [pc, #0]	@ (10005124 <tud_descriptor_configuration_cb+0x4>)
10005122:	4770      	bx	lr
10005124:	1000a5ac 	.word	0x1000a5ac

10005128 <tud_descriptor_string_cb>:
10005128:	b510      	push	{r4, lr}
1000512a:	0004      	movs	r4, r0
1000512c:	4b15      	ldr	r3, [pc, #84]	@ (10005184 <tud_descriptor_string_cb+0x5c>)
1000512e:	781b      	ldrb	r3, [r3, #0]
10005130:	2b00      	cmp	r3, #0
10005132:	d00e      	beq.n	10005152 <tud_descriptor_string_cb+0x2a>
10005134:	2c00      	cmp	r4, #0
10005136:	d111      	bne.n	1000515c <tud_descriptor_string_cb+0x34>
10005138:	4b13      	ldr	r3, [pc, #76]	@ (10005188 <tud_descriptor_string_cb+0x60>)
1000513a:	4a14      	ldr	r2, [pc, #80]	@ (1000518c <tud_descriptor_string_cb+0x64>)
1000513c:	805a      	strh	r2, [r3, #2]
1000513e:	2301      	movs	r3, #1
10005140:	3301      	adds	r3, #1
10005142:	005b      	lsls	r3, r3, #1
10005144:	b29b      	uxth	r3, r3
10005146:	4810      	ldr	r0, [pc, #64]	@ (10005188 <tud_descriptor_string_cb+0x60>)
10005148:	22c0      	movs	r2, #192	@ 0xc0
1000514a:	0092      	lsls	r2, r2, #2
1000514c:	4313      	orrs	r3, r2
1000514e:	8003      	strh	r3, [r0, #0]
10005150:	bd10      	pop	{r4, pc}
10005152:	480c      	ldr	r0, [pc, #48]	@ (10005184 <tud_descriptor_string_cb+0x5c>)
10005154:	2111      	movs	r1, #17
10005156:	f000 f825 	bl	100051a4 <pico_get_unique_board_id_string>
1000515a:	e7eb      	b.n	10005134 <tud_descriptor_string_cb+0xc>
1000515c:	2c05      	cmp	r4, #5
1000515e:	d80e      	bhi.n	1000517e <tud_descriptor_string_cb+0x56>
10005160:	4b0b      	ldr	r3, [pc, #44]	@ (10005190 <tud_descriptor_string_cb+0x68>)
10005162:	00a4      	lsls	r4, r4, #2
10005164:	58e4      	ldr	r4, [r4, r3]
10005166:	2300      	movs	r3, #0
10005168:	2b12      	cmp	r3, #18
1000516a:	d8e9      	bhi.n	10005140 <tud_descriptor_string_cb+0x18>
1000516c:	5ce1      	ldrb	r1, [r4, r3]
1000516e:	2900      	cmp	r1, #0
10005170:	d0e6      	beq.n	10005140 <tud_descriptor_string_cb+0x18>
10005172:	3301      	adds	r3, #1
10005174:	4a04      	ldr	r2, [pc, #16]	@ (10005188 <tud_descriptor_string_cb+0x60>)
10005176:	0058      	lsls	r0, r3, #1
10005178:	5281      	strh	r1, [r0, r2]
1000517a:	b2db      	uxtb	r3, r3
1000517c:	e7f4      	b.n	10005168 <tud_descriptor_string_cb+0x40>
1000517e:	2000      	movs	r0, #0
10005180:	e7e6      	b.n	10005150 <tud_descriptor_string_cb+0x28>
10005182:	46c0      	nop			@ (mov r8, r8)
10005184:	20002760 	.word	0x20002760
10005188:	200020a0 	.word	0x200020a0
1000518c:	00000409 	.word	0x00000409
10005190:	1000a594 	.word	0x1000a594

10005194 <_retrieve_unique_id_on_boot>:
10005194:	b510      	push	{r4, lr}
10005196:	4802      	ldr	r0, [pc, #8]	@ (100051a0 <_retrieve_unique_id_on_boot+0xc>)
10005198:	f000 f832 	bl	10005200 <flash_get_unique_id>
1000519c:	bd10      	pop	{r4, pc}
1000519e:	46c0      	nop			@ (mov r8, r8)
100051a0:	20002538 	.word	0x20002538

100051a4 <pico_get_unique_board_id_string>:
100051a4:	b510      	push	{r4, lr}
100051a6:	2900      	cmp	r1, #0
100051a8:	d001      	beq.n	100051ae <pico_get_unique_board_id_string+0xa>
100051aa:	2300      	movs	r3, #0
100051ac:	e00a      	b.n	100051c4 <pico_get_unique_board_id_string+0x20>
100051ae:	4b10      	ldr	r3, [pc, #64]	@ (100051f0 <pico_get_unique_board_id_string+0x4c>)
100051b0:	4a10      	ldr	r2, [pc, #64]	@ (100051f4 <pico_get_unique_board_id_string+0x50>)
100051b2:	4811      	ldr	r0, [pc, #68]	@ (100051f8 <pico_get_unique_board_id_string+0x54>)
100051b4:	311f      	adds	r1, #31
100051b6:	f7fd fce7 	bl	10002b88 <__assert_func>
100051ba:	2200      	movs	r2, #0
100051bc:	e00d      	b.n	100051da <pico_get_unique_board_id_string+0x36>
100051be:	3237      	adds	r2, #55	@ 0x37
100051c0:	54c2      	strb	r2, [r0, r3]
100051c2:	3301      	adds	r3, #1
100051c4:	1e4a      	subs	r2, r1, #1
100051c6:	429a      	cmp	r2, r3
100051c8:	d90e      	bls.n	100051e8 <pico_get_unique_board_id_string+0x44>
100051ca:	2b0f      	cmp	r3, #15
100051cc:	d80c      	bhi.n	100051e8 <pico_get_unique_board_id_string+0x44>
100051ce:	085a      	lsrs	r2, r3, #1
100051d0:	4c0a      	ldr	r4, [pc, #40]	@ (100051fc <pico_get_unique_board_id_string+0x58>)
100051d2:	5ca4      	ldrb	r4, [r4, r2]
100051d4:	07da      	lsls	r2, r3, #31
100051d6:	d4f0      	bmi.n	100051ba <pico_get_unique_board_id_string+0x16>
100051d8:	2204      	movs	r2, #4
100051da:	4114      	asrs	r4, r2
100051dc:	220f      	movs	r2, #15
100051de:	4022      	ands	r2, r4
100051e0:	2a09      	cmp	r2, #9
100051e2:	dcec      	bgt.n	100051be <pico_get_unique_board_id_string+0x1a>
100051e4:	3230      	adds	r2, #48	@ 0x30
100051e6:	e7eb      	b.n	100051c0 <pico_get_unique_board_id_string+0x1c>
100051e8:	18c0      	adds	r0, r0, r3
100051ea:	2300      	movs	r3, #0
100051ec:	7003      	strb	r3, [r0, #0]
100051ee:	bd10      	pop	{r4, pc}
100051f0:	10009704 	.word	0x10009704
100051f4:	1000a614 	.word	0x1000a614
100051f8:	1000970c 	.word	0x1000970c
100051fc:	20002538 	.word	0x20002538

10005200 <flash_get_unique_id>:
10005200:	b530      	push	{r4, r5, lr}
10005202:	b089      	sub	sp, #36	@ 0x24
10005204:	0004      	movs	r4, r0
10005206:	ad04      	add	r5, sp, #16
10005208:	220d      	movs	r2, #13
1000520a:	2100      	movs	r1, #0
1000520c:	0028      	movs	r0, r5
1000520e:	f7ff fb11 	bl	10004834 <__wrap_memset>
10005212:	220d      	movs	r2, #13
10005214:	2100      	movs	r1, #0
10005216:	4668      	mov	r0, sp
10005218:	f7ff fb0c 	bl	10004834 <__wrap_memset>
1000521c:	234b      	movs	r3, #75	@ 0x4b
1000521e:	702b      	strb	r3, [r5, #0]
10005220:	220d      	movs	r2, #13
10005222:	4669      	mov	r1, sp
10005224:	0028      	movs	r0, r5
10005226:	f003 fa57 	bl	100086d8 <__flash_do_cmd_veneer>
1000522a:	2300      	movs	r3, #0
1000522c:	e004      	b.n	10005238 <flash_get_unique_id+0x38>
1000522e:	1d5a      	adds	r2, r3, #5
10005230:	4669      	mov	r1, sp
10005232:	5c8a      	ldrb	r2, [r1, r2]
10005234:	54e2      	strb	r2, [r4, r3]
10005236:	3301      	adds	r3, #1
10005238:	2b07      	cmp	r3, #7
1000523a:	ddf8      	ble.n	1000522e <flash_get_unique_id+0x2e>
1000523c:	b009      	add	sp, #36	@ 0x24
1000523e:	bd30      	pop	{r4, r5, pc}

10005240 <hw_endpoint_get_by_addr>:
10005240:	0002      	movs	r2, r0
10005242:	207f      	movs	r0, #127	@ 0x7f
10005244:	4010      	ands	r0, r2
10005246:	09d2      	lsrs	r2, r2, #7
10005248:	0040      	lsls	r0, r0, #1
1000524a:	1880      	adds	r0, r0, r2
1000524c:	0140      	lsls	r0, r0, #5
1000524e:	4b01      	ldr	r3, [pc, #4]	@ (10005254 <hw_endpoint_get_by_addr+0x14>)
10005250:	18c0      	adds	r0, r0, r3
10005252:	4770      	bx	lr
10005254:	200020dc 	.word	0x200020dc

10005258 <_hw_endpoint_alloc>:
10005258:	b510      	push	{r4, lr}
1000525a:	8b03      	ldrh	r3, [r0, #24]
1000525c:	333f      	adds	r3, #63	@ 0x3f
1000525e:	223f      	movs	r2, #63	@ 0x3f
10005260:	4393      	bics	r3, r2
10005262:	2902      	cmp	r1, #2
10005264:	d015      	beq.n	10005292 <_hw_endpoint_alloc+0x3a>
10005266:	4c12      	ldr	r4, [pc, #72]	@ (100052b0 <_hw_endpoint_alloc+0x58>)
10005268:	6822      	ldr	r2, [r4, #0]
1000526a:	60c2      	str	r2, [r0, #12]
1000526c:	18d3      	adds	r3, r2, r3
1000526e:	6023      	str	r3, [r4, #0]
10005270:	069c      	lsls	r4, r3, #26
10005272:	d110      	bne.n	10005296 <_hw_endpoint_alloc+0x3e>
10005274:	4c0f      	ldr	r4, [pc, #60]	@ (100052b4 <_hw_endpoint_alloc+0x5c>)
10005276:	4062      	eors	r2, r4
10005278:	4063      	eors	r3, r4
1000527a:	2480      	movs	r4, #128	@ 0x80
1000527c:	0164      	lsls	r4, r4, #5
1000527e:	42a3      	cmp	r3, r4
10005280:	d80f      	bhi.n	100052a2 <_hw_endpoint_alloc+0x4a>
10005282:	0689      	lsls	r1, r1, #26
10005284:	4311      	orrs	r1, r2
10005286:	2380      	movs	r3, #128	@ 0x80
10005288:	061b      	lsls	r3, r3, #24
1000528a:	430b      	orrs	r3, r1
1000528c:	6842      	ldr	r2, [r0, #4]
1000528e:	6013      	str	r3, [r2, #0]
10005290:	bd10      	pop	{r4, pc}
10005292:	005b      	lsls	r3, r3, #1
10005294:	e7e7      	b.n	10005266 <_hw_endpoint_alloc+0xe>
10005296:	4b08      	ldr	r3, [pc, #32]	@ (100052b8 <_hw_endpoint_alloc+0x60>)
10005298:	4a08      	ldr	r2, [pc, #32]	@ (100052bc <_hw_endpoint_alloc+0x64>)
1000529a:	4809      	ldr	r0, [pc, #36]	@ (100052c0 <_hw_endpoint_alloc+0x68>)
1000529c:	2154      	movs	r1, #84	@ 0x54
1000529e:	f7fd fc73 	bl	10002b88 <__assert_func>
100052a2:	4b08      	ldr	r3, [pc, #32]	@ (100052c4 <_hw_endpoint_alloc+0x6c>)
100052a4:	4a05      	ldr	r2, [pc, #20]	@ (100052bc <_hw_endpoint_alloc+0x64>)
100052a6:	4806      	ldr	r0, [pc, #24]	@ (100052c0 <_hw_endpoint_alloc+0x68>)
100052a8:	2156      	movs	r1, #86	@ 0x56
100052aa:	f7fd fc6d 	bl	10002b88 <__assert_func>
100052ae:	46c0      	nop			@ (mov r8, r8)
100052b0:	200024f8 	.word	0x200024f8
100052b4:	50100000 	.word	0x50100000
100052b8:	100098c8 	.word	0x100098c8
100052bc:	1000a684 	.word	0x1000a684
100052c0:	100098f8 	.word	0x100098f8
100052c4:	1000995c 	.word	0x1000995c

100052c8 <hw_endpoint_init>:
100052c8:	b5f8      	push	{r3, r4, r5, r6, r7, lr}
100052ca:	0005      	movs	r5, r0
100052cc:	000e      	movs	r6, r1
100052ce:	0014      	movs	r4, r2
100052d0:	f7ff ffb6 	bl	10005240 <hw_endpoint_get_by_addr>
100052d4:	237f      	movs	r3, #127	@ 0x7f
100052d6:	402b      	ands	r3, r5
100052d8:	09ef      	lsrs	r7, r5, #7
100052da:	7085      	strb	r5, [r0, #2]
100052dc:	427a      	negs	r2, r7
100052de:	417a      	adcs	r2, r7
100052e0:	7042      	strb	r2, [r0, #1]
100052e2:	2200      	movs	r2, #0
100052e4:	70c2      	strb	r2, [r0, #3]
100052e6:	8306      	strh	r6, [r0, #24]
100052e8:	76c4      	strb	r4, [r0, #27]
100052ea:	2f01      	cmp	r7, #1
100052ec:	d00d      	beq.n	1000530a <hw_endpoint_init+0x42>
100052ee:	00da      	lsls	r2, r3, #3
100052f0:	4912      	ldr	r1, [pc, #72]	@ (1000533c <hw_endpoint_init+0x74>)
100052f2:	468c      	mov	ip, r1
100052f4:	4462      	add	r2, ip
100052f6:	6082      	str	r2, [r0, #8]
100052f8:	6882      	ldr	r2, [r0, #8]
100052fa:	2100      	movs	r1, #0
100052fc:	6011      	str	r1, [r2, #0]
100052fe:	2b00      	cmp	r3, #0
10005300:	d109      	bne.n	10005316 <hw_endpoint_init+0x4e>
10005302:	6043      	str	r3, [r0, #4]
10005304:	4b0e      	ldr	r3, [pc, #56]	@ (10005340 <hw_endpoint_init+0x78>)
10005306:	60c3      	str	r3, [r0, #12]
10005308:	bdf8      	pop	{r3, r4, r5, r6, r7, pc}
1000530a:	00da      	lsls	r2, r3, #3
1000530c:	490d      	ldr	r1, [pc, #52]	@ (10005344 <hw_endpoint_init+0x7c>)
1000530e:	468c      	mov	ip, r1
10005310:	4462      	add	r2, ip
10005312:	6082      	str	r2, [r0, #8]
10005314:	e7f0      	b.n	100052f8 <hw_endpoint_init+0x30>
10005316:	2f01      	cmp	r7, #1
10005318:	d009      	beq.n	1000532e <hw_endpoint_init+0x66>
1000531a:	3b01      	subs	r3, #1
1000531c:	00db      	lsls	r3, r3, #3
1000531e:	4a0a      	ldr	r2, [pc, #40]	@ (10005348 <hw_endpoint_init+0x80>)
10005320:	4694      	mov	ip, r2
10005322:	4463      	add	r3, ip
10005324:	6043      	str	r3, [r0, #4]
10005326:	0021      	movs	r1, r4
10005328:	f7ff ff96 	bl	10005258 <_hw_endpoint_alloc>
1000532c:	e7ec      	b.n	10005308 <hw_endpoint_init+0x40>
1000532e:	3b01      	subs	r3, #1
10005330:	00db      	lsls	r3, r3, #3
10005332:	4a06      	ldr	r2, [pc, #24]	@ (1000534c <hw_endpoint_init+0x84>)
10005334:	4694      	mov	ip, r2
10005336:	4463      	add	r3, ip
10005338:	6043      	str	r3, [r0, #4]
1000533a:	e7f4      	b.n	10005326 <hw_endpoint_init+0x5e>
1000533c:	50100084 	.word	0x50100084
10005340:	50100100 	.word	0x50100100
10005344:	50100080 	.word	0x50100080
10005348:	5010000c 	.word	0x5010000c
1000534c:	50100008 	.word	0x50100008

10005350 <dcd_event_sof>:
10005350:	b570      	push	{r4, r5, r6, lr}
10005352:	b084      	sub	sp, #16
10005354:	0006      	movs	r6, r0
10005356:	000d      	movs	r5, r1
10005358:	0014      	movs	r4, r2
1000535a:	220c      	movs	r2, #12
1000535c:	2100      	movs	r1, #0
1000535e:	a801      	add	r0, sp, #4
10005360:	f7ff fa68 	bl	10004834 <__wrap_memset>
10005364:	466b      	mov	r3, sp
10005366:	711e      	strb	r6, [r3, #4]
10005368:	2303      	movs	r3, #3
1000536a:	466a      	mov	r2, sp
1000536c:	7153      	strb	r3, [r2, #5]
1000536e:	9502      	str	r5, [sp, #8]
10005370:	0021      	movs	r1, r4
10005372:	a801      	add	r0, sp, #4
10005374:	f003 fa00 	bl	10008778 <__dcd_event_handler_veneer>
10005378:	b004      	add	sp, #16
1000537a:	bd70      	pop	{r4, r5, r6, pc}

1000537c <hw_endpoint_xfer>:
1000537c:	b570      	push	{r4, r5, r6, lr}
1000537e:	000c      	movs	r4, r1
10005380:	0015      	movs	r5, r2
10005382:	f7ff ff5d 	bl	10005240 <hw_endpoint_get_by_addr>
10005386:	002a      	movs	r2, r5
10005388:	0021      	movs	r1, r4
1000538a:	f000 f90d 	bl	100055a8 <hw_endpoint_xfer_start>
1000538e:	bd70      	pop	{r4, r5, r6, pc}

10005390 <dcd_int_enable>:
10005390:	b510      	push	{r4, lr}
10005392:	2800      	cmp	r0, #0
10005394:	d104      	bne.n	100053a0 <dcd_int_enable+0x10>
10005396:	2101      	movs	r1, #1
10005398:	2005      	movs	r0, #5
1000539a:	f7fb fe33 	bl	10001004 <irq_set_enabled>
1000539e:	bd10      	pop	{r4, pc}
100053a0:	4b03      	ldr	r3, [pc, #12]	@ (100053b0 <dcd_int_enable+0x20>)
100053a2:	4a04      	ldr	r2, [pc, #16]	@ (100053b4 <dcd_int_enable+0x24>)
100053a4:	21d5      	movs	r1, #213	@ 0xd5
100053a6:	4804      	ldr	r0, [pc, #16]	@ (100053b8 <dcd_int_enable+0x28>)
100053a8:	0049      	lsls	r1, r1, #1
100053aa:	f7fd fbed 	bl	10002b88 <__assert_func>
100053ae:	46c0      	nop			@ (mov r8, r8)
100053b0:	100099a4 	.word	0x100099a4
100053b4:	1000a674 	.word	0x1000a674
100053b8:	100098f8 	.word	0x100098f8

100053bc <dcd_set_address>:
100053bc:	b510      	push	{r4, lr}
100053be:	2800      	cmp	r0, #0
100053c0:	d105      	bne.n	100053ce <dcd_set_address+0x12>
100053c2:	2200      	movs	r2, #0
100053c4:	2100      	movs	r1, #0
100053c6:	2080      	movs	r0, #128	@ 0x80
100053c8:	f7ff ffd8 	bl	1000537c <hw_endpoint_xfer>
100053cc:	bd10      	pop	{r4, pc}
100053ce:	4b03      	ldr	r3, [pc, #12]	@ (100053dc <dcd_set_address+0x20>)
100053d0:	4a03      	ldr	r2, [pc, #12]	@ (100053e0 <dcd_set_address+0x24>)
100053d2:	21db      	movs	r1, #219	@ 0xdb
100053d4:	4803      	ldr	r0, [pc, #12]	@ (100053e4 <dcd_set_address+0x28>)
100053d6:	0049      	lsls	r1, r1, #1
100053d8:	f7fd fbd6 	bl	10002b88 <__assert_func>
100053dc:	100099a4 	.word	0x100099a4
100053e0:	1000a664 	.word	0x1000a664
100053e4:	100098f8 	.word	0x100098f8

100053e8 <dcd_connect>:
100053e8:	4b02      	ldr	r3, [pc, #8]	@ (100053f4 <dcd_connect+0xc>)
100053ea:	2280      	movs	r2, #128	@ 0x80
100053ec:	0252      	lsls	r2, r2, #9
100053ee:	64da      	str	r2, [r3, #76]	@ 0x4c
100053f0:	4770      	bx	lr
100053f2:	46c0      	nop			@ (mov r8, r8)
100053f4:	50112000 	.word	0x50112000

100053f8 <dcd_init>:
100053f8:	b570      	push	{r4, r5, r6, lr}
100053fa:	1e04      	subs	r4, r0, #0
100053fc:	d126      	bne.n	1000544c <dcd_init+0x54>
100053fe:	f000 f8ad 	bl	1000555c <rp2040_usb_init>
10005402:	4d16      	ldr	r5, [pc, #88]	@ (1000545c <dcd_init+0x64>)
10005404:	230c      	movs	r3, #12
10005406:	67ab      	str	r3, [r5, #120]	@ 0x78
10005408:	4915      	ldr	r1, [pc, #84]	@ (10005460 <dcd_init+0x68>)
1000540a:	22ff      	movs	r2, #255	@ 0xff
1000540c:	2005      	movs	r0, #5
1000540e:	f7fb fe4d 	bl	100010ac <irq_add_shared_handler>
10005412:	4814      	ldr	r0, [pc, #80]	@ (10005464 <dcd_init+0x6c>)
10005414:	2240      	movs	r2, #64	@ 0x40
10005416:	2100      	movs	r1, #0
10005418:	f7ff fa0c 	bl	10004834 <__wrap_memset>
1000541c:	2200      	movs	r2, #0
1000541e:	2140      	movs	r1, #64	@ 0x40
10005420:	2000      	movs	r0, #0
10005422:	f7ff ff51 	bl	100052c8 <hw_endpoint_init>
10005426:	2200      	movs	r2, #0
10005428:	2140      	movs	r1, #64	@ 0x40
1000542a:	2080      	movs	r0, #128	@ 0x80
1000542c:	f7ff ff4c 	bl	100052c8 <hw_endpoint_init>
10005430:	f003 f9aa 	bl	10008788 <__reset_non_control_endpoints_veneer>
10005434:	2301      	movs	r3, #1
10005436:	642b      	str	r3, [r5, #64]	@ 0x40
10005438:	2380      	movs	r3, #128	@ 0x80
1000543a:	059b      	lsls	r3, r3, #22
1000543c:	64eb      	str	r3, [r5, #76]	@ 0x4c
1000543e:	2390      	movs	r3, #144	@ 0x90
10005440:	4a09      	ldr	r2, [pc, #36]	@ (10005468 <dcd_init+0x70>)
10005442:	50ea      	str	r2, [r5, r3]
10005444:	0020      	movs	r0, r4
10005446:	f7ff ffcf 	bl	100053e8 <dcd_connect>
1000544a:	bd70      	pop	{r4, r5, r6, pc}
1000544c:	4b07      	ldr	r3, [pc, #28]	@ (1000546c <dcd_init+0x74>)
1000544e:	4a08      	ldr	r2, [pc, #32]	@ (10005470 <dcd_init+0x78>)
10005450:	2186      	movs	r1, #134	@ 0x86
10005452:	4808      	ldr	r0, [pc, #32]	@ (10005474 <dcd_init+0x7c>)
10005454:	31ff      	adds	r1, #255	@ 0xff
10005456:	f7fd fb97 	bl	10002b88 <__assert_func>
1000545a:	46c0      	nop			@ (mov r8, r8)
1000545c:	50110000 	.word	0x50110000
10005460:	20000655 	.word	0x20000655
10005464:	200020dc 	.word	0x200020dc
10005468:	0001d010 	.word	0x0001d010
1000546c:	100099a4 	.word	0x100099a4
10005470:	1000a698 	.word	0x1000a698
10005474:	100098f8 	.word	0x100098f8

10005478 <dcd_edpt0_status_complete>:
10005478:	780b      	ldrb	r3, [r1, #0]
1000547a:	065b      	lsls	r3, r3, #25
1000547c:	d102      	bne.n	10005484 <dcd_edpt0_status_complete+0xc>
1000547e:	784b      	ldrb	r3, [r1, #1]
10005480:	2b05      	cmp	r3, #5
10005482:	d000      	beq.n	10005486 <dcd_edpt0_status_complete+0xe>
10005484:	4770      	bx	lr
10005486:	788a      	ldrb	r2, [r1, #2]
10005488:	4b01      	ldr	r3, [pc, #4]	@ (10005490 <dcd_edpt0_status_complete+0x18>)
1000548a:	601a      	str	r2, [r3, #0]
1000548c:	e7fa      	b.n	10005484 <dcd_edpt0_status_complete+0xc>
1000548e:	46c0      	nop			@ (mov r8, r8)
10005490:	50110000 	.word	0x50110000

10005494 <dcd_edpt_open>:
10005494:	b510      	push	{r4, lr}
10005496:	000a      	movs	r2, r1
10005498:	2800      	cmp	r0, #0
1000549a:	d10d      	bne.n	100054b8 <dcd_edpt_open+0x24>
1000549c:	7888      	ldrb	r0, [r1, #2]
1000549e:	7909      	ldrb	r1, [r1, #4]
100054a0:	7953      	ldrb	r3, [r2, #5]
100054a2:	021b      	lsls	r3, r3, #8
100054a4:	430b      	orrs	r3, r1
100054a6:	055b      	lsls	r3, r3, #21
100054a8:	0d59      	lsrs	r1, r3, #21
100054aa:	78d2      	ldrb	r2, [r2, #3]
100054ac:	0792      	lsls	r2, r2, #30
100054ae:	0f92      	lsrs	r2, r2, #30
100054b0:	f7ff ff0a 	bl	100052c8 <hw_endpoint_init>
100054b4:	2001      	movs	r0, #1
100054b6:	bd10      	pop	{r4, pc}
100054b8:	4b03      	ldr	r3, [pc, #12]	@ (100054c8 <dcd_edpt_open+0x34>)
100054ba:	4a04      	ldr	r2, [pc, #16]	@ (100054cc <dcd_edpt_open+0x38>)
100054bc:	21fc      	movs	r1, #252	@ 0xfc
100054be:	4804      	ldr	r0, [pc, #16]	@ (100054d0 <dcd_edpt_open+0x3c>)
100054c0:	31ff      	adds	r1, #255	@ 0xff
100054c2:	f7fd fb61 	bl	10002b88 <__assert_func>
100054c6:	46c0      	nop			@ (mov r8, r8)
100054c8:	100099a4 	.word	0x100099a4
100054cc:	1000a654 	.word	0x1000a654
100054d0:	100098f8 	.word	0x100098f8

100054d4 <dcd_edpt_close_all>:
100054d4:	b510      	push	{r4, lr}
100054d6:	f003 f957 	bl	10008788 <__reset_non_control_endpoints_veneer>
100054da:	bd10      	pop	{r4, pc}

100054dc <dcd_edpt_xfer>:
100054dc:	b510      	push	{r4, lr}
100054de:	0004      	movs	r4, r0
100054e0:	0008      	movs	r0, r1
100054e2:	0011      	movs	r1, r2
100054e4:	001a      	movs	r2, r3
100054e6:	2c00      	cmp	r4, #0
100054e8:	d103      	bne.n	100054f2 <dcd_edpt_xfer+0x16>
100054ea:	f7ff ff47 	bl	1000537c <hw_endpoint_xfer>
100054ee:	2001      	movs	r0, #1
100054f0:	bd10      	pop	{r4, pc}
100054f2:	4b03      	ldr	r3, [pc, #12]	@ (10005500 <dcd_edpt_xfer+0x24>)
100054f4:	4a03      	ldr	r2, [pc, #12]	@ (10005504 <dcd_edpt_xfer+0x28>)
100054f6:	4804      	ldr	r0, [pc, #16]	@ (10005508 <dcd_edpt_xfer+0x2c>)
100054f8:	4904      	ldr	r1, [pc, #16]	@ (1000550c <dcd_edpt_xfer+0x30>)
100054fa:	f7fd fb45 	bl	10002b88 <__assert_func>
100054fe:	46c0      	nop			@ (mov r8, r8)
10005500:	100099a4 	.word	0x100099a4
10005504:	1000a644 	.word	0x1000a644
10005508:	100098f8 	.word	0x100098f8
1000550c:	0000020a 	.word	0x0000020a

10005510 <dcd_edpt_stall>:
10005510:	b510      	push	{r4, lr}
10005512:	0008      	movs	r0, r1
10005514:	064b      	lsls	r3, r1, #25
10005516:	d105      	bne.n	10005524 <dcd_edpt_stall+0x14>
10005518:	09cb      	lsrs	r3, r1, #7
1000551a:	2b01      	cmp	r3, #1
1000551c:	d00a      	beq.n	10005534 <dcd_edpt_stall+0x24>
1000551e:	2202      	movs	r2, #2
10005520:	4b05      	ldr	r3, [pc, #20]	@ (10005538 <dcd_edpt_stall+0x28>)
10005522:	669a      	str	r2, [r3, #104]	@ 0x68
10005524:	f7ff fe8c 	bl	10005240 <hw_endpoint_get_by_addr>
10005528:	2280      	movs	r2, #128	@ 0x80
1000552a:	0112      	lsls	r2, r2, #4
1000552c:	2100      	movs	r1, #0
1000552e:	f003 f953 	bl	100087d8 <___hw_endpoint_buffer_control_update32_veneer>
10005532:	bd10      	pop	{r4, pc}
10005534:	2201      	movs	r2, #1
10005536:	e7f3      	b.n	10005520 <dcd_edpt_stall+0x10>
10005538:	50112000 	.word	0x50112000

1000553c <dcd_edpt_clear_stall>:
1000553c:	b510      	push	{r4, lr}
1000553e:	0008      	movs	r0, r1
10005540:	064b      	lsls	r3, r1, #25
10005542:	d100      	bne.n	10005546 <dcd_edpt_clear_stall+0xa>
10005544:	bd10      	pop	{r4, pc}
10005546:	f7ff fe7b 	bl	10005240 <hw_endpoint_get_by_addr>
1000554a:	2300      	movs	r3, #0
1000554c:	70c3      	strb	r3, [r0, #3]
1000554e:	2200      	movs	r2, #0
10005550:	4901      	ldr	r1, [pc, #4]	@ (10005558 <dcd_edpt_clear_stall+0x1c>)
10005552:	f003 f941 	bl	100087d8 <___hw_endpoint_buffer_control_update32_veneer>
10005556:	e7f5      	b.n	10005544 <dcd_edpt_clear_stall+0x8>
10005558:	fffff7ff 	.word	0xfffff7ff

1000555c <rp2040_usb_init>:
1000555c:	b510      	push	{r4, lr}
1000555e:	2380      	movs	r3, #128	@ 0x80
10005560:	045b      	lsls	r3, r3, #17
10005562:	4a0c      	ldr	r2, [pc, #48]	@ (10005594 <rp2040_usb_init+0x38>)
10005564:	6013      	str	r3, [r2, #0]
10005566:	4a0c      	ldr	r2, [pc, #48]	@ (10005598 <rp2040_usb_init+0x3c>)
10005568:	6013      	str	r3, [r2, #0]
1000556a:	4b0c      	ldr	r3, [pc, #48]	@ (1000559c <rp2040_usb_init+0x40>)
1000556c:	689a      	ldr	r2, [r3, #8]
1000556e:	2380      	movs	r3, #128	@ 0x80
10005570:	045b      	lsls	r3, r3, #17
10005572:	4393      	bics	r3, r2
10005574:	d1f9      	bne.n	1000556a <rp2040_usb_init+0xe>
10005576:	4c0a      	ldr	r4, [pc, #40]	@ (100055a0 <rp2040_usb_init+0x44>)
10005578:	229c      	movs	r2, #156	@ 0x9c
1000557a:	2100      	movs	r1, #0
1000557c:	0020      	movs	r0, r4
1000557e:	f7ff f959 	bl	10004834 <__wrap_memset>
10005582:	2280      	movs	r2, #128	@ 0x80
10005584:	0152      	lsls	r2, r2, #5
10005586:	2100      	movs	r1, #0
10005588:	4806      	ldr	r0, [pc, #24]	@ (100055a4 <rp2040_usb_init+0x48>)
1000558a:	f7ff f953 	bl	10004834 <__wrap_memset>
1000558e:	2309      	movs	r3, #9
10005590:	6763      	str	r3, [r4, #116]	@ 0x74
10005592:	bd10      	pop	{r4, pc}
10005594:	4000e000 	.word	0x4000e000
10005598:	4000f000 	.word	0x4000f000
1000559c:	4000c000 	.word	0x4000c000
100055a0:	50110000 	.word	0x50110000
100055a4:	50100000 	.word	0x50100000

100055a8 <hw_endpoint_xfer_start>:
100055a8:	b570      	push	{r4, r5, r6, lr}
100055aa:	0004      	movs	r4, r0
100055ac:	000d      	movs	r5, r1
100055ae:	0016      	movs	r6, r2
100055b0:	7e83      	ldrb	r3, [r0, #26]
100055b2:	2b00      	cmp	r3, #0
100055b4:	d117      	bne.n	100055e6 <hw_endpoint_xfer_start+0x3e>
100055b6:	82a6      	strh	r6, [r4, #20]
100055b8:	2300      	movs	r3, #0
100055ba:	82e3      	strh	r3, [r4, #22]
100055bc:	3301      	adds	r3, #1
100055be:	76a3      	strb	r3, [r4, #26]
100055c0:	6125      	str	r5, [r4, #16]
100055c2:	0020      	movs	r0, r4
100055c4:	f003 f8a0 	bl	10008708 <__e15_is_bulkin_ep_veneer>
100055c8:	2800      	cmp	r0, #0
100055ca:	d004      	beq.n	100055d6 <hw_endpoint_xfer_start+0x2e>
100055cc:	4a09      	ldr	r2, [pc, #36]	@ (100055f4 <hw_endpoint_xfer_start+0x4c>)
100055ce:	2390      	movs	r3, #144	@ 0x90
100055d0:	2180      	movs	r1, #128	@ 0x80
100055d2:	0289      	lsls	r1, r1, #10
100055d4:	50d1      	str	r1, [r2, r3]
100055d6:	0020      	movs	r0, r4
100055d8:	f003 f8a6 	bl	10008728 <__e15_is_critical_frame_period_veneer>
100055dc:	2800      	cmp	r0, #0
100055de:	d005      	beq.n	100055ec <hw_endpoint_xfer_start+0x44>
100055e0:	2301      	movs	r3, #1
100055e2:	7723      	strb	r3, [r4, #28]
100055e4:	bd70      	pop	{r4, r5, r6, pc}
100055e6:	f003 f8ef 	bl	100087c8 <__hw_endpoint_reset_transfer_veneer>
100055ea:	e7e4      	b.n	100055b6 <hw_endpoint_xfer_start+0xe>
100055ec:	0020      	movs	r0, r4
100055ee:	f003 f8db 	bl	100087a8 <__hw_endpoint_start_next_buffer_veneer>
100055f2:	e7f7      	b.n	100055e4 <hw_endpoint_xfer_start+0x3c>
100055f4:	50112000 	.word	0x50112000

100055f8 <configuration_reset>:
100055f8:	b570      	push	{r4, r5, r6, lr}
100055fa:	0005      	movs	r5, r0
100055fc:	2400      	movs	r4, #0
100055fe:	e00c      	b.n	1000561a <configuration_reset+0x22>
10005600:	0062      	lsls	r2, r4, #1
10005602:	1912      	adds	r2, r2, r4
10005604:	00d2      	lsls	r2, r2, #3
10005606:	4b18      	ldr	r3, [pc, #96]	@ (10005668 <configuration_reset+0x70>)
10005608:	681b      	ldr	r3, [r3, #0]
1000560a:	189b      	adds	r3, r3, r2
1000560c:	2b00      	cmp	r3, #0
1000560e:	d02a      	beq.n	10005666 <configuration_reset+0x6e>
10005610:	685b      	ldr	r3, [r3, #4]
10005612:	0028      	movs	r0, r5
10005614:	4798      	blx	r3
10005616:	3401      	adds	r4, #1
10005618:	b2e4      	uxtb	r4, r4
1000561a:	4b14      	ldr	r3, [pc, #80]	@ (1000566c <configuration_reset+0x74>)
1000561c:	781b      	ldrb	r3, [r3, #0]
1000561e:	42a3      	cmp	r3, r4
10005620:	d310      	bcc.n	10005644 <configuration_reset+0x4c>
10005622:	4a13      	ldr	r2, [pc, #76]	@ (10005670 <configuration_reset+0x78>)
10005624:	2a00      	cmp	r2, #0
10005626:	d00b      	beq.n	10005640 <configuration_reset+0x48>
10005628:	42a3      	cmp	r3, r4
1000562a:	d8e9      	bhi.n	10005600 <configuration_reset+0x8>
1000562c:	1ae3      	subs	r3, r4, r3
1000562e:	b2db      	uxtb	r3, r3
10005630:	2b00      	cmp	r3, #0
10005632:	d118      	bne.n	10005666 <configuration_reset+0x6e>
10005634:	005a      	lsls	r2, r3, #1
10005636:	18d3      	adds	r3, r2, r3
10005638:	00db      	lsls	r3, r3, #3
1000563a:	4a0e      	ldr	r2, [pc, #56]	@ (10005674 <configuration_reset+0x7c>)
1000563c:	189b      	adds	r3, r3, r2
1000563e:	e7e7      	b.n	10005610 <configuration_reset+0x18>
10005640:	0023      	movs	r3, r4
10005642:	e7f5      	b.n	10005630 <configuration_reset+0x38>
10005644:	4c0c      	ldr	r4, [pc, #48]	@ (10005678 <configuration_reset+0x80>)
10005646:	2253      	movs	r2, #83	@ 0x53
10005648:	2100      	movs	r1, #0
1000564a:	0020      	movs	r0, r4
1000564c:	f7ff f8f2 	bl	10004834 <__wrap_memset>
10005650:	1ce0      	adds	r0, r4, #3
10005652:	2210      	movs	r2, #16
10005654:	21ff      	movs	r1, #255	@ 0xff
10005656:	f7ff f8ed 	bl	10004834 <__wrap_memset>
1000565a:	0020      	movs	r0, r4
1000565c:	3013      	adds	r0, #19
1000565e:	2220      	movs	r2, #32
10005660:	21ff      	movs	r1, #255	@ 0xff
10005662:	f7ff f8e7 	bl	10004834 <__wrap_memset>
10005666:	bd70      	pop	{r4, r5, r6, pc}
10005668:	20000fa8 	.word	0x20000fa8
1000566c:	20002776 	.word	0x20002776
10005670:	10004c3d 	.word	0x10004c3d
10005674:	1000a740 	.word	0x1000a740
10005678:	200012d0 	.word	0x200012d0

1000567c <critical_section_enter_blocking>:
1000567c:	6802      	ldr	r2, [r0, #0]
1000567e:	f3ef 8110 	mrs	r1, PRIMASK
10005682:	b672      	cpsid	i
10005684:	6813      	ldr	r3, [r2, #0]
10005686:	2b00      	cmp	r3, #0
10005688:	d0fc      	beq.n	10005684 <critical_section_enter_blocking+0x8>
1000568a:	f3bf 8f5f 	dmb	sy
1000568e:	6041      	str	r1, [r0, #4]
10005690:	4770      	bx	lr

10005692 <usbd_reset>:
10005692:	b510      	push	{r4, lr}
10005694:	f7ff ffb0 	bl	100055f8 <configuration_reset>
10005698:	f000 fde4 	bl	10006264 <usbd_control_reset>
1000569c:	bd10      	pop	{r4, pc}

1000569e <invoke_class_control>:
1000569e:	b570      	push	{r4, r5, r6, lr}
100056a0:	0005      	movs	r5, r0
100056a2:	000c      	movs	r4, r1
100056a4:	0016      	movs	r6, r2
100056a6:	68c8      	ldr	r0, [r1, #12]
100056a8:	f000 fde6 	bl	10006278 <usbd_control_set_complete_callback>
100056ac:	68e3      	ldr	r3, [r4, #12]
100056ae:	0032      	movs	r2, r6
100056b0:	2101      	movs	r1, #1
100056b2:	0028      	movs	r0, r5
100056b4:	4798      	blx	r3
100056b6:	bd70      	pop	{r4, r5, r6, pc}

100056b8 <process_set_config>:
100056b8:	b5f0      	push	{r4, r5, r6, r7, lr}
100056ba:	46de      	mov	lr, fp
100056bc:	4657      	mov	r7, sl
100056be:	464e      	mov	r6, r9
100056c0:	b5c0      	push	{r6, r7, lr}
100056c2:	b082      	sub	sp, #8
100056c4:	9000      	str	r0, [sp, #0]
100056c6:	3901      	subs	r1, #1
100056c8:	b2c8      	uxtb	r0, r1
100056ca:	f7ff fd29 	bl	10005120 <tud_descriptor_configuration_cb>
100056ce:	2800      	cmp	r0, #0
100056d0:	d100      	bne.n	100056d4 <process_set_config+0x1c>
100056d2:	e08e      	b.n	100057f2 <process_set_config+0x13a>
100056d4:	7843      	ldrb	r3, [r0, #1]
100056d6:	469a      	mov	sl, r3
100056d8:	2b02      	cmp	r3, #2
100056da:	d000      	beq.n	100056de <process_set_config+0x26>
100056dc:	e08b      	b.n	100057f6 <process_set_config+0x13e>
100056de:	79c5      	ldrb	r5, [r0, #7]
100056e0:	116c      	asrs	r4, r5, #5
100056e2:	2201      	movs	r2, #1
100056e4:	4b4a      	ldr	r3, [pc, #296]	@ (10005810 <process_set_config+0x158>)
100056e6:	4014      	ands	r4, r2
100056e8:	0124      	lsls	r4, r4, #4
100056ea:	7819      	ldrb	r1, [r3, #0]
100056ec:	2610      	movs	r6, #16
100056ee:	43b1      	bics	r1, r6
100056f0:	4321      	orrs	r1, r4
100056f2:	7019      	strb	r1, [r3, #0]
100056f4:	11ad      	asrs	r5, r5, #6
100056f6:	402a      	ands	r2, r5
100056f8:	0152      	lsls	r2, r2, #5
100056fa:	b2c9      	uxtb	r1, r1
100056fc:	2420      	movs	r4, #32
100056fe:	43a1      	bics	r1, r4
10005700:	430a      	orrs	r2, r1
10005702:	701a      	strb	r2, [r3, #0]
10005704:	0007      	movs	r7, r0
10005706:	3709      	adds	r7, #9
10005708:	7882      	ldrb	r2, [r0, #2]
1000570a:	78c3      	ldrb	r3, [r0, #3]
1000570c:	021b      	lsls	r3, r3, #8
1000570e:	4313      	orrs	r3, r2
10005710:	18c4      	adds	r4, r0, r3
10005712:	42a7      	cmp	r7, r4
10005714:	d266      	bcs.n	100057e4 <process_set_config+0x12c>
10005716:	787b      	ldrb	r3, [r7, #1]
10005718:	2b0b      	cmp	r3, #11
1000571a:	d009      	beq.n	10005730 <process_set_config+0x78>
1000571c:	2301      	movs	r3, #1
1000571e:	469b      	mov	fp, r3
10005720:	787b      	ldrb	r3, [r7, #1]
10005722:	2b04      	cmp	r3, #4
10005724:	d16e      	bne.n	10005804 <process_set_config+0x14c>
10005726:	1be3      	subs	r3, r4, r7
10005728:	b29b      	uxth	r3, r3
1000572a:	4699      	mov	r9, r3
1000572c:	2500      	movs	r5, #0
1000572e:	e038      	b.n	100057a2 <process_set_config+0xea>
10005730:	78fb      	ldrb	r3, [r7, #3]
10005732:	469b      	mov	fp, r3
10005734:	783b      	ldrb	r3, [r7, #0]
10005736:	18ff      	adds	r7, r7, r3
10005738:	e7f2      	b.n	10005720 <process_set_config+0x68>
1000573a:	006b      	lsls	r3, r5, #1
1000573c:	195b      	adds	r3, r3, r5
1000573e:	00db      	lsls	r3, r3, #3
10005740:	4a34      	ldr	r2, [pc, #208]	@ (10005814 <process_set_config+0x15c>)
10005742:	6816      	ldr	r6, [r2, #0]
10005744:	18f6      	adds	r6, r6, r3
10005746:	2e00      	cmp	r6, #0
10005748:	d13d      	bne.n	100057c6 <process_set_config+0x10e>
1000574a:	2000      	movs	r0, #0
1000574c:	e054      	b.n	100057f8 <process_set_config+0x140>
1000574e:	002b      	movs	r3, r5
10005750:	e032      	b.n	100057b8 <process_set_config+0x100>
10005752:	68b2      	ldr	r2, [r6, #8]
10005754:	4b30      	ldr	r3, [pc, #192]	@ (10005818 <process_set_config+0x160>)
10005756:	429a      	cmp	r2, r3
10005758:	d142      	bne.n	100057e0 <process_set_config+0x128>
1000575a:	46d3      	mov	fp, sl
1000575c:	e040      	b.n	100057e0 <process_set_config+0x128>
1000575e:	492c      	ldr	r1, [pc, #176]	@ (10005810 <process_set_config+0x158>)
10005760:	18cb      	adds	r3, r1, r3
10005762:	70dd      	strb	r5, [r3, #3]
10005764:	3201      	adds	r2, #1
10005766:	b2d2      	uxtb	r2, r2
10005768:	4593      	cmp	fp, r2
1000576a:	d909      	bls.n	10005780 <process_set_config+0xc8>
1000576c:	78bb      	ldrb	r3, [r7, #2]
1000576e:	189b      	adds	r3, r3, r2
10005770:	b2db      	uxtb	r3, r3
10005772:	4927      	ldr	r1, [pc, #156]	@ (10005810 <process_set_config+0x158>)
10005774:	18c9      	adds	r1, r1, r3
10005776:	78c9      	ldrb	r1, [r1, #3]
10005778:	29ff      	cmp	r1, #255	@ 0xff
1000577a:	d0f0      	beq.n	1000575e <process_set_config+0xa6>
1000577c:	2000      	movs	r0, #0
1000577e:	e03b      	b.n	100057f8 <process_set_config+0x140>
10005780:	4826      	ldr	r0, [pc, #152]	@ (1000581c <process_set_config+0x164>)
10005782:	002b      	movs	r3, r5
10005784:	9e01      	ldr	r6, [sp, #4]
10005786:	0032      	movs	r2, r6
10005788:	0039      	movs	r1, r7
1000578a:	f001 f96f 	bl	10006a6c <tu_edpt_bind_driver>
1000578e:	46b4      	mov	ip, r6
10005790:	4467      	add	r7, ip
10005792:	4b23      	ldr	r3, [pc, #140]	@ (10005820 <process_set_config+0x168>)
10005794:	781b      	ldrb	r3, [r3, #0]
10005796:	42ab      	cmp	r3, r5
10005798:	d2bb      	bcs.n	10005712 <process_set_config+0x5a>
1000579a:	2000      	movs	r0, #0
1000579c:	e02c      	b.n	100057f8 <process_set_config+0x140>
1000579e:	3501      	adds	r5, #1
100057a0:	b2ed      	uxtb	r5, r5
100057a2:	4b1f      	ldr	r3, [pc, #124]	@ (10005820 <process_set_config+0x168>)
100057a4:	781b      	ldrb	r3, [r3, #0]
100057a6:	42ab      	cmp	r3, r5
100057a8:	d3f3      	bcc.n	10005792 <process_set_config+0xda>
100057aa:	4a1e      	ldr	r2, [pc, #120]	@ (10005824 <process_set_config+0x16c>)
100057ac:	2a00      	cmp	r2, #0
100057ae:	d0ce      	beq.n	1000574e <process_set_config+0x96>
100057b0:	42ab      	cmp	r3, r5
100057b2:	d8c2      	bhi.n	1000573a <process_set_config+0x82>
100057b4:	1aeb      	subs	r3, r5, r3
100057b6:	b2db      	uxtb	r3, r3
100057b8:	2b00      	cmp	r3, #0
100057ba:	d125      	bne.n	10005808 <process_set_config+0x150>
100057bc:	005e      	lsls	r6, r3, #1
100057be:	18f6      	adds	r6, r6, r3
100057c0:	00f6      	lsls	r6, r6, #3
100057c2:	4b19      	ldr	r3, [pc, #100]	@ (10005828 <process_set_config+0x170>)
100057c4:	18f6      	adds	r6, r6, r3
100057c6:	68b3      	ldr	r3, [r6, #8]
100057c8:	464a      	mov	r2, r9
100057ca:	0039      	movs	r1, r7
100057cc:	9800      	ldr	r0, [sp, #0]
100057ce:	4798      	blx	r3
100057d0:	9001      	str	r0, [sp, #4]
100057d2:	2808      	cmp	r0, #8
100057d4:	d9e3      	bls.n	1000579e <process_set_config+0xe6>
100057d6:	4581      	cmp	r9, r0
100057d8:	d3e1      	bcc.n	1000579e <process_set_config+0xe6>
100057da:	465b      	mov	r3, fp
100057dc:	2b01      	cmp	r3, #1
100057de:	d0b8      	beq.n	10005752 <process_set_config+0x9a>
100057e0:	2200      	movs	r2, #0
100057e2:	e7c1      	b.n	10005768 <process_set_config+0xb0>
100057e4:	4b11      	ldr	r3, [pc, #68]	@ (1000582c <process_set_config+0x174>)
100057e6:	2b00      	cmp	r3, #0
100057e8:	d010      	beq.n	1000580c <process_set_config+0x154>
100057ea:	e000      	b.n	100057ee <process_set_config+0x136>
100057ec:	bf00      	nop
100057ee:	2001      	movs	r0, #1
100057f0:	e002      	b.n	100057f8 <process_set_config+0x140>
100057f2:	2000      	movs	r0, #0
100057f4:	e000      	b.n	100057f8 <process_set_config+0x140>
100057f6:	2000      	movs	r0, #0
100057f8:	b002      	add	sp, #8
100057fa:	bce0      	pop	{r5, r6, r7}
100057fc:	46bb      	mov	fp, r7
100057fe:	46b2      	mov	sl, r6
10005800:	46a9      	mov	r9, r5
10005802:	bdf0      	pop	{r4, r5, r6, r7, pc}
10005804:	2000      	movs	r0, #0
10005806:	e7f7      	b.n	100057f8 <process_set_config+0x140>
10005808:	2000      	movs	r0, #0
1000580a:	e7f5      	b.n	100057f8 <process_set_config+0x140>
1000580c:	2001      	movs	r0, #1
1000580e:	e7f3      	b.n	100057f8 <process_set_config+0x140>
10005810:	200012d0 	.word	0x200012d0
10005814:	20000fa8 	.word	0x20000fa8
10005818:	1000662d 	.word	0x1000662d
1000581c:	200012e3 	.word	0x200012e3
10005820:	20002776 	.word	0x20002776
10005824:	10004c3d 	.word	0x10004c3d
10005828:	1000a740 	.word	0x1000a740
1000582c:	00000000 	.word	0x00000000

10005830 <process_get_descriptor>:
10005830:	b570      	push	{r4, r5, r6, lr}
10005832:	0005      	movs	r5, r0
10005834:	000c      	movs	r4, r1
10005836:	78cb      	ldrb	r3, [r1, #3]
10005838:	7888      	ldrb	r0, [r1, #2]
1000583a:	2b0f      	cmp	r3, #15
1000583c:	d850      	bhi.n	100058e0 <process_get_descriptor+0xb0>
1000583e:	009a      	lsls	r2, r3, #2
10005840:	492e      	ldr	r1, [pc, #184]	@ (100058fc <process_get_descriptor+0xcc>)
10005842:	588a      	ldr	r2, [r1, r2]
10005844:	4697      	mov	pc, r2
10005846:	f7ff fc67 	bl	10005118 <tud_descriptor_device_cb>
1000584a:	0002      	movs	r2, r0
1000584c:	2312      	movs	r3, #18
1000584e:	0021      	movs	r1, r4
10005850:	0028      	movs	r0, r5
10005852:	f000 fcd3 	bl	100061fc <tud_control_xfer>
10005856:	e044      	b.n	100058e2 <process_get_descriptor+0xb2>
10005858:	4b29      	ldr	r3, [pc, #164]	@ (10005900 <process_get_descriptor+0xd0>)
1000585a:	2b00      	cmp	r3, #0
1000585c:	d042      	beq.n	100058e4 <process_get_descriptor+0xb4>
1000585e:	e000      	b.n	10005862 <process_get_descriptor+0x32>
10005860:	bf00      	nop
10005862:	1e02      	subs	r2, r0, #0
10005864:	d040      	beq.n	100058e8 <process_get_descriptor+0xb8>
10005866:	7881      	ldrb	r1, [r0, #2]
10005868:	78c3      	ldrb	r3, [r0, #3]
1000586a:	021b      	lsls	r3, r3, #8
1000586c:	430b      	orrs	r3, r1
1000586e:	0021      	movs	r1, r4
10005870:	0028      	movs	r0, r5
10005872:	f000 fcc3 	bl	100061fc <tud_control_xfer>
10005876:	e034      	b.n	100058e2 <process_get_descriptor+0xb2>
10005878:	2b02      	cmp	r3, #2
1000587a:	d009      	beq.n	10005890 <process_get_descriptor+0x60>
1000587c:	4b21      	ldr	r3, [pc, #132]	@ (10005904 <process_get_descriptor+0xd4>)
1000587e:	2b00      	cmp	r3, #0
10005880:	d034      	beq.n	100058ec <process_get_descriptor+0xbc>
10005882:	e000      	b.n	10005886 <process_get_descriptor+0x56>
10005884:	bf00      	nop
10005886:	0002      	movs	r2, r0
10005888:	2a00      	cmp	r2, #0
1000588a:	d105      	bne.n	10005898 <process_get_descriptor+0x68>
1000588c:	2000      	movs	r0, #0
1000588e:	e028      	b.n	100058e2 <process_get_descriptor+0xb2>
10005890:	f7ff fc46 	bl	10005120 <tud_descriptor_configuration_cb>
10005894:	0002      	movs	r2, r0
10005896:	e7f7      	b.n	10005888 <process_get_descriptor+0x58>
10005898:	7891      	ldrb	r1, [r2, #2]
1000589a:	78d3      	ldrb	r3, [r2, #3]
1000589c:	021b      	lsls	r3, r3, #8
1000589e:	430b      	orrs	r3, r1
100058a0:	0021      	movs	r1, r4
100058a2:	0028      	movs	r0, r5
100058a4:	f000 fcaa 	bl	100061fc <tud_control_xfer>
100058a8:	e01b      	b.n	100058e2 <process_get_descriptor+0xb2>
100058aa:	7923      	ldrb	r3, [r4, #4]
100058ac:	7961      	ldrb	r1, [r4, #5]
100058ae:	0209      	lsls	r1, r1, #8
100058b0:	4319      	orrs	r1, r3
100058b2:	f7ff fc39 	bl	10005128 <tud_descriptor_string_cb>
100058b6:	1e02      	subs	r2, r0, #0
100058b8:	d01a      	beq.n	100058f0 <process_get_descriptor+0xc0>
100058ba:	7803      	ldrb	r3, [r0, #0]
100058bc:	0021      	movs	r1, r4
100058be:	0028      	movs	r0, r5
100058c0:	f000 fc9c 	bl	100061fc <tud_control_xfer>
100058c4:	e00d      	b.n	100058e2 <process_get_descriptor+0xb2>
100058c6:	4b10      	ldr	r3, [pc, #64]	@ (10005908 <process_get_descriptor+0xd8>)
100058c8:	2b00      	cmp	r3, #0
100058ca:	d013      	beq.n	100058f4 <process_get_descriptor+0xc4>
100058cc:	e000      	b.n	100058d0 <process_get_descriptor+0xa0>
100058ce:	bf00      	nop
100058d0:	1e02      	subs	r2, r0, #0
100058d2:	d011      	beq.n	100058f8 <process_get_descriptor+0xc8>
100058d4:	7803      	ldrb	r3, [r0, #0]
100058d6:	0021      	movs	r1, r4
100058d8:	0028      	movs	r0, r5
100058da:	f000 fc8f 	bl	100061fc <tud_control_xfer>
100058de:	e000      	b.n	100058e2 <process_get_descriptor+0xb2>
100058e0:	2000      	movs	r0, #0
100058e2:	bd70      	pop	{r4, r5, r6, pc}
100058e4:	2000      	movs	r0, #0
100058e6:	e7fc      	b.n	100058e2 <process_get_descriptor+0xb2>
100058e8:	2000      	movs	r0, #0
100058ea:	e7fa      	b.n	100058e2 <process_get_descriptor+0xb2>
100058ec:	2000      	movs	r0, #0
100058ee:	e7f8      	b.n	100058e2 <process_get_descriptor+0xb2>
100058f0:	2000      	movs	r0, #0
100058f2:	e7f6      	b.n	100058e2 <process_get_descriptor+0xb2>
100058f4:	2000      	movs	r0, #0
100058f6:	e7f4      	b.n	100058e2 <process_get_descriptor+0xb2>
100058f8:	2000      	movs	r0, #0
100058fa:	e7f2      	b.n	100058e2 <process_get_descriptor+0xb2>
100058fc:	1000a6b4 	.word	0x1000a6b4
	...

1000590c <tud_mounted>:
1000590c:	4b02      	ldr	r3, [pc, #8]	@ (10005918 <tud_mounted+0xc>)
1000590e:	7858      	ldrb	r0, [r3, #1]
10005910:	1e43      	subs	r3, r0, #1
10005912:	4198      	sbcs	r0, r3
10005914:	b2c0      	uxtb	r0, r0
10005916:	4770      	bx	lr
10005918:	200012d0 	.word	0x200012d0

1000591c <tud_suspended>:
1000591c:	4b02      	ldr	r3, [pc, #8]	@ (10005928 <tud_suspended+0xc>)
1000591e:	7818      	ldrb	r0, [r3, #0]
10005920:	0740      	lsls	r0, r0, #29
10005922:	0fc0      	lsrs	r0, r0, #31
10005924:	4770      	bx	lr
10005926:	46c0      	nop			@ (mov r8, r8)
10005928:	200012d0 	.word	0x200012d0

1000592c <tud_inited>:
1000592c:	4b03      	ldr	r3, [pc, #12]	@ (1000593c <tud_inited+0x10>)
1000592e:	7818      	ldrb	r0, [r3, #0]
10005930:	38ff      	subs	r0, #255	@ 0xff
10005932:	1e43      	subs	r3, r0, #1
10005934:	4198      	sbcs	r0, r3
10005936:	b2c0      	uxtb	r0, r0
10005938:	4770      	bx	lr
1000593a:	46c0      	nop			@ (mov r8, r8)
1000593c:	20000dfc 	.word	0x20000dfc

10005940 <tud_init>:
10005940:	b570      	push	{r4, r5, r6, lr}
10005942:	0004      	movs	r4, r0
10005944:	f7ff fff2 	bl	1000592c <tud_inited>
10005948:	1e06      	subs	r6, r0, #0
1000594a:	d001      	beq.n	10005950 <tud_init+0x10>
1000594c:	0030      	movs	r0, r6
1000594e:	bd70      	pop	{r4, r5, r6, pc}
10005950:	4824      	ldr	r0, [pc, #144]	@ (100059e4 <tud_init+0xa4>)
10005952:	2253      	movs	r2, #83	@ 0x53
10005954:	2100      	movs	r1, #0
10005956:	f7fe ff6d 	bl	10004834 <__wrap_memset>
1000595a:	4d23      	ldr	r5, [pc, #140]	@ (100059e8 <tud_init+0xa8>)
1000595c:	0028      	movs	r0, r5
1000595e:	f7fb fe9a 	bl	10001696 <mutex_init>
10005962:	4b22      	ldr	r3, [pc, #136]	@ (100059ec <tud_init+0xac>)
10005964:	601d      	str	r5, [r3, #0]
10005966:	4d22      	ldr	r5, [pc, #136]	@ (100059f0 <tud_init+0xb0>)
10005968:	0028      	movs	r0, r5
1000596a:	f7fb febb 	bl	100016e4 <critical_section_init>
1000596e:	3d14      	subs	r5, #20
10005970:	0028      	movs	r0, r5
10005972:	f001 fbcf 	bl	10007114 <tu_fifo_clear>
10005976:	4b1f      	ldr	r3, [pc, #124]	@ (100059f4 <tud_init+0xb4>)
10005978:	601d      	str	r5, [r3, #0]
1000597a:	4b1f      	ldr	r3, [pc, #124]	@ (100059f8 <tud_init+0xb8>)
1000597c:	2b00      	cmp	r3, #0
1000597e:	d004      	beq.n	1000598a <tud_init+0x4a>
10005980:	481e      	ldr	r0, [pc, #120]	@ (100059fc <tud_init+0xbc>)
10005982:	f7ff f95b 	bl	10004c3c <usbd_app_driver_get_cb>
10005986:	4b1e      	ldr	r3, [pc, #120]	@ (10005a00 <tud_init+0xc0>)
10005988:	6018      	str	r0, [r3, #0]
1000598a:	2500      	movs	r5, #0
1000598c:	e00b      	b.n	100059a6 <tud_init+0x66>
1000598e:	006a      	lsls	r2, r5, #1
10005990:	1952      	adds	r2, r2, r5
10005992:	00d2      	lsls	r2, r2, #3
10005994:	4b1a      	ldr	r3, [pc, #104]	@ (10005a00 <tud_init+0xc0>)
10005996:	681b      	ldr	r3, [r3, #0]
10005998:	189b      	adds	r3, r3, r2
1000599a:	2b00      	cmp	r3, #0
1000599c:	d0d6      	beq.n	1000594c <tud_init+0xc>
1000599e:	681b      	ldr	r3, [r3, #0]
100059a0:	4798      	blx	r3
100059a2:	3501      	adds	r5, #1
100059a4:	b2ed      	uxtb	r5, r5
100059a6:	4b15      	ldr	r3, [pc, #84]	@ (100059fc <tud_init+0xbc>)
100059a8:	781b      	ldrb	r3, [r3, #0]
100059aa:	42ab      	cmp	r3, r5
100059ac:	d310      	bcc.n	100059d0 <tud_init+0x90>
100059ae:	4a12      	ldr	r2, [pc, #72]	@ (100059f8 <tud_init+0xb8>)
100059b0:	2a00      	cmp	r2, #0
100059b2:	d00b      	beq.n	100059cc <tud_init+0x8c>
100059b4:	42ab      	cmp	r3, r5
100059b6:	d8ea      	bhi.n	1000598e <tud_init+0x4e>
100059b8:	1aeb      	subs	r3, r5, r3
100059ba:	b2db      	uxtb	r3, r3
100059bc:	2b00      	cmp	r3, #0
100059be:	d1c5      	bne.n	1000594c <tud_init+0xc>
100059c0:	005a      	lsls	r2, r3, #1
100059c2:	18d3      	adds	r3, r2, r3
100059c4:	00db      	lsls	r3, r3, #3
100059c6:	4a0f      	ldr	r2, [pc, #60]	@ (10005a04 <tud_init+0xc4>)
100059c8:	189b      	adds	r3, r3, r2
100059ca:	e7e8      	b.n	1000599e <tud_init+0x5e>
100059cc:	002b      	movs	r3, r5
100059ce:	e7f5      	b.n	100059bc <tud_init+0x7c>
100059d0:	4b0d      	ldr	r3, [pc, #52]	@ (10005a08 <tud_init+0xc8>)
100059d2:	701c      	strb	r4, [r3, #0]
100059d4:	0020      	movs	r0, r4
100059d6:	f7ff fd0f 	bl	100053f8 <dcd_init>
100059da:	0020      	movs	r0, r4
100059dc:	f7ff fcd8 	bl	10005390 <dcd_int_enable>
100059e0:	2601      	movs	r6, #1
100059e2:	e7b3      	b.n	1000594c <tud_init+0xc>
100059e4:	200012d0 	.word	0x200012d0
100059e8:	20001288 	.word	0x20001288
100059ec:	20001324 	.word	0x20001324
100059f0:	20000df4 	.word	0x20000df4
100059f4:	20001328 	.word	0x20001328
100059f8:	10004c3d 	.word	0x10004c3d
100059fc:	20002776 	.word	0x20002776
10005a00:	20000fa8 	.word	0x20000fa8
10005a04:	1000a740 	.word	0x1000a740
10005a08:	20000dfc 	.word	0x20000dfc

10005a0c <usbd_defer_func>:
10005a0c:	b5f0      	push	{r4, r5, r6, r7, lr}
10005a0e:	b085      	sub	sp, #20
10005a10:	0007      	movs	r7, r0
10005a12:	000e      	movs	r6, r1
10005a14:	0015      	movs	r5, r2
10005a16:	ac01      	add	r4, sp, #4
10005a18:	220c      	movs	r2, #12
10005a1a:	2100      	movs	r1, #0
10005a1c:	0020      	movs	r0, r4
10005a1e:	f7fe ff09 	bl	10004834 <__wrap_memset>
10005a22:	2308      	movs	r3, #8
10005a24:	7063      	strb	r3, [r4, #1]
10005a26:	9702      	str	r7, [sp, #8]
10005a28:	9603      	str	r6, [sp, #12]
10005a2a:	0029      	movs	r1, r5
10005a2c:	0020      	movs	r0, r4
10005a2e:	f002 fea3 	bl	10008778 <__dcd_event_handler_veneer>
10005a32:	b005      	add	sp, #20
10005a34:	bdf0      	pop	{r4, r5, r6, r7, pc}
	...

10005a38 <usbd_edpt_open>:
10005a38:	b570      	push	{r4, r5, r6, lr}
10005a3a:	000c      	movs	r4, r1
10005a3c:	4b09      	ldr	r3, [pc, #36]	@ (10005a64 <usbd_edpt_open+0x2c>)
10005a3e:	781d      	ldrb	r5, [r3, #0]
10005a40:	788b      	ldrb	r3, [r1, #2]
10005a42:	2270      	movs	r2, #112	@ 0x70
10005a44:	421a      	tst	r2, r3
10005a46:	d001      	beq.n	10005a4c <usbd_edpt_open+0x14>
10005a48:	2000      	movs	r0, #0
10005a4a:	bd70      	pop	{r4, r5, r6, pc}
10005a4c:	4b06      	ldr	r3, [pc, #24]	@ (10005a68 <usbd_edpt_open+0x30>)
10005a4e:	7899      	ldrb	r1, [r3, #2]
10005a50:	0020      	movs	r0, r4
10005a52:	f000 ffcf 	bl	100069f4 <tu_edpt_validate>
10005a56:	2800      	cmp	r0, #0
10005a58:	d0f7      	beq.n	10005a4a <usbd_edpt_open+0x12>
10005a5a:	0021      	movs	r1, r4
10005a5c:	0028      	movs	r0, r5
10005a5e:	f7ff fd19 	bl	10005494 <dcd_edpt_open>
10005a62:	e7f2      	b.n	10005a4a <usbd_edpt_open+0x12>
10005a64:	20000dfc 	.word	0x20000dfc
10005a68:	200012d0 	.word	0x200012d0

10005a6c <usbd_open_edpt_pair>:
10005a6c:	b5f8      	push	{r3, r4, r5, r6, r7, lr}
10005a6e:	46ce      	mov	lr, r9
10005a70:	4647      	mov	r7, r8
10005a72:	b580      	push	{r7, lr}
10005a74:	4681      	mov	r9, r0
10005a76:	000c      	movs	r4, r1
10005a78:	0017      	movs	r7, r2
10005a7a:	001e      	movs	r6, r3
10005a7c:	9b08      	ldr	r3, [sp, #32]
10005a7e:	4698      	mov	r8, r3
10005a80:	2500      	movs	r5, #0
10005a82:	e004      	b.n	10005a8e <usbd_open_edpt_pair+0x22>
10005a84:	9a09      	ldr	r2, [sp, #36]	@ 0x24
10005a86:	7013      	strb	r3, [r2, #0]
10005a88:	7823      	ldrb	r3, [r4, #0]
10005a8a:	18e4      	adds	r4, r4, r3
10005a8c:	3501      	adds	r5, #1
10005a8e:	42af      	cmp	r7, r5
10005a90:	dd14      	ble.n	10005abc <usbd_open_edpt_pair+0x50>
10005a92:	7863      	ldrb	r3, [r4, #1]
10005a94:	2b05      	cmp	r3, #5
10005a96:	d116      	bne.n	10005ac6 <usbd_open_edpt_pair+0x5a>
10005a98:	78e1      	ldrb	r1, [r4, #3]
10005a9a:	0789      	lsls	r1, r1, #30
10005a9c:	0f89      	lsrs	r1, r1, #30
10005a9e:	42b1      	cmp	r1, r6
10005aa0:	d113      	bne.n	10005aca <usbd_open_edpt_pair+0x5e>
10005aa2:	0021      	movs	r1, r4
10005aa4:	4648      	mov	r0, r9
10005aa6:	f7ff ffc7 	bl	10005a38 <usbd_edpt_open>
10005aaa:	2800      	cmp	r0, #0
10005aac:	d007      	beq.n	10005abe <usbd_open_edpt_pair+0x52>
10005aae:	78a3      	ldrb	r3, [r4, #2]
10005ab0:	09da      	lsrs	r2, r3, #7
10005ab2:	2a01      	cmp	r2, #1
10005ab4:	d0e6      	beq.n	10005a84 <usbd_open_edpt_pair+0x18>
10005ab6:	4642      	mov	r2, r8
10005ab8:	7013      	strb	r3, [r2, #0]
10005aba:	e7e5      	b.n	10005a88 <usbd_open_edpt_pair+0x1c>
10005abc:	2001      	movs	r0, #1
10005abe:	bcc0      	pop	{r6, r7}
10005ac0:	46b9      	mov	r9, r7
10005ac2:	46b0      	mov	r8, r6
10005ac4:	bdf8      	pop	{r3, r4, r5, r6, r7, pc}
10005ac6:	2000      	movs	r0, #0
10005ac8:	e7f9      	b.n	10005abe <usbd_open_edpt_pair+0x52>
10005aca:	2000      	movs	r0, #0
10005acc:	e7f7      	b.n	10005abe <usbd_open_edpt_pair+0x52>
	...

10005ad0 <usbd_edpt_claim>:
10005ad0:	b510      	push	{r4, lr}
10005ad2:	207f      	movs	r0, #127	@ 0x7f
10005ad4:	4008      	ands	r0, r1
10005ad6:	09c9      	lsrs	r1, r1, #7
10005ad8:	0040      	lsls	r0, r0, #1
10005ada:	1840      	adds	r0, r0, r1
10005adc:	3030      	adds	r0, #48	@ 0x30
10005ade:	4b04      	ldr	r3, [pc, #16]	@ (10005af0 <usbd_edpt_claim+0x20>)
10005ae0:	18c0      	adds	r0, r0, r3
10005ae2:	3003      	adds	r0, #3
10005ae4:	4b03      	ldr	r3, [pc, #12]	@ (10005af4 <usbd_edpt_claim+0x24>)
10005ae6:	6819      	ldr	r1, [r3, #0]
10005ae8:	f000 ff40 	bl	1000696c <tu_edpt_claim>
10005aec:	bd10      	pop	{r4, pc}
10005aee:	46c0      	nop			@ (mov r8, r8)
10005af0:	200012d0 	.word	0x200012d0
10005af4:	20001324 	.word	0x20001324

10005af8 <usbd_edpt_release>:
10005af8:	b510      	push	{r4, lr}
10005afa:	207f      	movs	r0, #127	@ 0x7f
10005afc:	4008      	ands	r0, r1
10005afe:	09c9      	lsrs	r1, r1, #7
10005b00:	0040      	lsls	r0, r0, #1
10005b02:	1840      	adds	r0, r0, r1
10005b04:	3030      	adds	r0, #48	@ 0x30
10005b06:	4b04      	ldr	r3, [pc, #16]	@ (10005b18 <usbd_edpt_release+0x20>)
10005b08:	18c0      	adds	r0, r0, r3
10005b0a:	3003      	adds	r0, #3
10005b0c:	4b03      	ldr	r3, [pc, #12]	@ (10005b1c <usbd_edpt_release+0x24>)
10005b0e:	6819      	ldr	r1, [r3, #0]
10005b10:	f000 ff54 	bl	100069bc <tu_edpt_release>
10005b14:	bd10      	pop	{r4, pc}
10005b16:	46c0      	nop			@ (mov r8, r8)
10005b18:	200012d0 	.word	0x200012d0
10005b1c:	20001324 	.word	0x20001324

10005b20 <usbd_edpt_xfer>:
10005b20:	b5f8      	push	{r3, r4, r5, r6, r7, lr}
10005b22:	46ce      	mov	lr, r9
10005b24:	4647      	mov	r7, r8
10005b26:	b580      	push	{r7, lr}
10005b28:	4819      	ldr	r0, [pc, #100]	@ (10005b90 <usbd_edpt_xfer+0x70>)
10005b2a:	7800      	ldrb	r0, [r0, #0]
10005b2c:	257f      	movs	r5, #127	@ 0x7f
10005b2e:	400d      	ands	r5, r1
10005b30:	09ce      	lsrs	r6, r1, #7
10005b32:	4c18      	ldr	r4, [pc, #96]	@ (10005b94 <usbd_edpt_xfer+0x74>)
10005b34:	006f      	lsls	r7, r5, #1
10005b36:	19e4      	adds	r4, r4, r7
10005b38:	19a4      	adds	r4, r4, r6
10005b3a:	3430      	adds	r4, #48	@ 0x30
10005b3c:	78e4      	ldrb	r4, [r4, #3]
10005b3e:	07e4      	lsls	r4, r4, #31
10005b40:	d504      	bpl.n	10005b4c <usbd_edpt_xfer+0x2c>
10005b42:	2000      	movs	r0, #0
10005b44:	bcc0      	pop	{r6, r7}
10005b46:	46b9      	mov	r9, r7
10005b48:	46b0      	mov	r8, r6
10005b4a:	bdf8      	pop	{r3, r4, r5, r6, r7, pc}
10005b4c:	4c11      	ldr	r4, [pc, #68]	@ (10005b94 <usbd_edpt_xfer+0x74>)
10005b4e:	19e4      	adds	r4, r4, r7
10005b50:	19a4      	adds	r4, r4, r6
10005b52:	2730      	movs	r7, #48	@ 0x30
10005b54:	46b9      	mov	r9, r7
10005b56:	44a1      	add	r9, r4
10005b58:	464c      	mov	r4, r9
10005b5a:	78e4      	ldrb	r4, [r4, #3]
10005b5c:	2701      	movs	r7, #1
10005b5e:	46bc      	mov	ip, r7
10005b60:	4667      	mov	r7, ip
10005b62:	433c      	orrs	r4, r7
10005b64:	0027      	movs	r7, r4
10005b66:	464c      	mov	r4, r9
10005b68:	70e7      	strb	r7, [r4, #3]
10005b6a:	f7ff fcb7 	bl	100054dc <dcd_edpt_xfer>
10005b6e:	2800      	cmp	r0, #0
10005b70:	d1e8      	bne.n	10005b44 <usbd_edpt_xfer+0x24>
10005b72:	4b08      	ldr	r3, [pc, #32]	@ (10005b94 <usbd_edpt_xfer+0x74>)
10005b74:	006d      	lsls	r5, r5, #1
10005b76:	195b      	adds	r3, r3, r5
10005b78:	199b      	adds	r3, r3, r6
10005b7a:	3330      	adds	r3, #48	@ 0x30
10005b7c:	78da      	ldrb	r2, [r3, #3]
10005b7e:	2101      	movs	r1, #1
10005b80:	438a      	bics	r2, r1
10005b82:	70da      	strb	r2, [r3, #3]
10005b84:	78da      	ldrb	r2, [r3, #3]
10005b86:	3103      	adds	r1, #3
10005b88:	438a      	bics	r2, r1
10005b8a:	70da      	strb	r2, [r3, #3]
10005b8c:	e7da      	b.n	10005b44 <usbd_edpt_xfer+0x24>
10005b8e:	46c0      	nop			@ (mov r8, r8)
10005b90:	20000dfc 	.word	0x20000dfc
10005b94:	200012d0 	.word	0x200012d0

10005b98 <usbd_edpt_stall>:
10005b98:	b570      	push	{r4, r5, r6, lr}
10005b9a:	4b0f      	ldr	r3, [pc, #60]	@ (10005bd8 <usbd_edpt_stall+0x40>)
10005b9c:	7818      	ldrb	r0, [r3, #0]
10005b9e:	247f      	movs	r4, #127	@ 0x7f
10005ba0:	400c      	ands	r4, r1
10005ba2:	09cd      	lsrs	r5, r1, #7
10005ba4:	4b0d      	ldr	r3, [pc, #52]	@ (10005bdc <usbd_edpt_stall+0x44>)
10005ba6:	0062      	lsls	r2, r4, #1
10005ba8:	189b      	adds	r3, r3, r2
10005baa:	195b      	adds	r3, r3, r5
10005bac:	3330      	adds	r3, #48	@ 0x30
10005bae:	78db      	ldrb	r3, [r3, #3]
10005bb0:	079b      	lsls	r3, r3, #30
10005bb2:	d500      	bpl.n	10005bb6 <usbd_edpt_stall+0x1e>
10005bb4:	bd70      	pop	{r4, r5, r6, pc}
10005bb6:	f7ff fcab 	bl	10005510 <dcd_edpt_stall>
10005bba:	4b08      	ldr	r3, [pc, #32]	@ (10005bdc <usbd_edpt_stall+0x44>)
10005bbc:	0064      	lsls	r4, r4, #1
10005bbe:	191b      	adds	r3, r3, r4
10005bc0:	195b      	adds	r3, r3, r5
10005bc2:	3330      	adds	r3, #48	@ 0x30
10005bc4:	78da      	ldrb	r2, [r3, #3]
10005bc6:	2102      	movs	r1, #2
10005bc8:	430a      	orrs	r2, r1
10005bca:	70da      	strb	r2, [r3, #3]
10005bcc:	78da      	ldrb	r2, [r3, #3]
10005bce:	2101      	movs	r1, #1
10005bd0:	430a      	orrs	r2, r1
10005bd2:	70da      	strb	r2, [r3, #3]
10005bd4:	e7ee      	b.n	10005bb4 <usbd_edpt_stall+0x1c>
10005bd6:	46c0      	nop			@ (mov r8, r8)
10005bd8:	20000dfc 	.word	0x20000dfc
10005bdc:	200012d0 	.word	0x200012d0

10005be0 <usbd_edpt_clear_stall>:
10005be0:	b570      	push	{r4, r5, r6, lr}
10005be2:	4b0f      	ldr	r3, [pc, #60]	@ (10005c20 <usbd_edpt_clear_stall+0x40>)
10005be4:	7818      	ldrb	r0, [r3, #0]
10005be6:	247f      	movs	r4, #127	@ 0x7f
10005be8:	400c      	ands	r4, r1
10005bea:	09cd      	lsrs	r5, r1, #7
10005bec:	4b0d      	ldr	r3, [pc, #52]	@ (10005c24 <usbd_edpt_clear_stall+0x44>)
10005bee:	0062      	lsls	r2, r4, #1
10005bf0:	189b      	adds	r3, r3, r2
10005bf2:	195b      	adds	r3, r3, r5
10005bf4:	3330      	adds	r3, #48	@ 0x30
10005bf6:	78db      	ldrb	r3, [r3, #3]
10005bf8:	079b      	lsls	r3, r3, #30
10005bfa:	d400      	bmi.n	10005bfe <usbd_edpt_clear_stall+0x1e>
10005bfc:	bd70      	pop	{r4, r5, r6, pc}
10005bfe:	f7ff fc9d 	bl	1000553c <dcd_edpt_clear_stall>
10005c02:	4b08      	ldr	r3, [pc, #32]	@ (10005c24 <usbd_edpt_clear_stall+0x44>)
10005c04:	0064      	lsls	r4, r4, #1
10005c06:	191b      	adds	r3, r3, r4
10005c08:	195b      	adds	r3, r3, r5
10005c0a:	3330      	adds	r3, #48	@ 0x30
10005c0c:	78da      	ldrb	r2, [r3, #3]
10005c0e:	2102      	movs	r1, #2
10005c10:	438a      	bics	r2, r1
10005c12:	70da      	strb	r2, [r3, #3]
10005c14:	78da      	ldrb	r2, [r3, #3]
10005c16:	3901      	subs	r1, #1
10005c18:	438a      	bics	r2, r1
10005c1a:	70da      	strb	r2, [r3, #3]
10005c1c:	e7ee      	b.n	10005bfc <usbd_edpt_clear_stall+0x1c>
10005c1e:	46c0      	nop			@ (mov r8, r8)
10005c20:	20000dfc 	.word	0x20000dfc
10005c24:	200012d0 	.word	0x200012d0

10005c28 <usbd_edpt_stalled>:
10005c28:	227f      	movs	r2, #127	@ 0x7f
10005c2a:	400a      	ands	r2, r1
10005c2c:	09c9      	lsrs	r1, r1, #7
10005c2e:	4b04      	ldr	r3, [pc, #16]	@ (10005c40 <usbd_edpt_stalled+0x18>)
10005c30:	0052      	lsls	r2, r2, #1
10005c32:	189b      	adds	r3, r3, r2
10005c34:	185b      	adds	r3, r3, r1
10005c36:	3330      	adds	r3, #48	@ 0x30
10005c38:	78d8      	ldrb	r0, [r3, #3]
10005c3a:	0780      	lsls	r0, r0, #30
10005c3c:	0fc0      	lsrs	r0, r0, #31
10005c3e:	4770      	bx	lr
10005c40:	200012d0 	.word	0x200012d0

10005c44 <process_control_request>:
10005c44:	b5f0      	push	{r4, r5, r6, r7, lr}
10005c46:	46c6      	mov	lr, r8
10005c48:	b500      	push	{lr}
10005c4a:	b082      	sub	sp, #8
10005c4c:	0005      	movs	r5, r0
10005c4e:	000c      	movs	r4, r1
10005c50:	2000      	movs	r0, #0
10005c52:	f000 fb11 	bl	10006278 <usbd_control_set_complete_callback>
10005c56:	7822      	ldrb	r2, [r4, #0]
10005c58:	2360      	movs	r3, #96	@ 0x60
10005c5a:	4013      	ands	r3, r2
10005c5c:	2b60      	cmp	r3, #96	@ 0x60
10005c5e:	d100      	bne.n	10005c62 <process_control_request+0x1e>
10005c60:	e17f      	b.n	10005f62 <process_control_request+0x31e>
10005c62:	2b40      	cmp	r3, #64	@ 0x40
10005c64:	d018      	beq.n	10005c98 <process_control_request+0x54>
10005c66:	7822      	ldrb	r2, [r4, #0]
10005c68:	06d2      	lsls	r2, r2, #27
10005c6a:	0ed2      	lsrs	r2, r2, #27
10005c6c:	2a01      	cmp	r2, #1
10005c6e:	d100      	bne.n	10005c72 <process_control_request+0x2e>
10005c70:	e0c5      	b.n	10005dfe <process_control_request+0x1ba>
10005c72:	2a02      	cmp	r2, #2
10005c74:	d100      	bne.n	10005c78 <process_control_request+0x34>
10005c76:	e10b      	b.n	10005e90 <process_control_request+0x24c>
10005c78:	2a00      	cmp	r2, #0
10005c7a:	d000      	beq.n	10005c7e <process_control_request+0x3a>
10005c7c:	e178      	b.n	10005f70 <process_control_request+0x32c>
10005c7e:	2b20      	cmp	r3, #32
10005c80:	d017      	beq.n	10005cb2 <process_control_request+0x6e>
10005c82:	2b00      	cmp	r3, #0
10005c84:	d000      	beq.n	10005c88 <process_control_request+0x44>
10005c86:	e179      	b.n	10005f7c <process_control_request+0x338>
10005c88:	7863      	ldrb	r3, [r4, #1]
10005c8a:	2b09      	cmp	r3, #9
10005c8c:	d900      	bls.n	10005c90 <process_control_request+0x4c>
10005c8e:	e177      	b.n	10005f80 <process_control_request+0x33c>
10005c90:	009b      	lsls	r3, r3, #2
10005c92:	4ac2      	ldr	r2, [pc, #776]	@ (10005f9c <process_control_request+0x358>)
10005c94:	58d3      	ldr	r3, [r2, r3]
10005c96:	469f      	mov	pc, r3
10005c98:	4bc1      	ldr	r3, [pc, #772]	@ (10005fa0 <process_control_request+0x35c>)
10005c9a:	2b00      	cmp	r3, #0
10005c9c:	d100      	bne.n	10005ca0 <process_control_request+0x5c>
10005c9e:	e165      	b.n	10005f6c <process_control_request+0x328>
10005ca0:	0018      	movs	r0, r3
10005ca2:	f000 fae9 	bl	10006278 <usbd_control_set_complete_callback>
10005ca6:	0022      	movs	r2, r4
10005ca8:	2101      	movs	r1, #1
10005caa:	0028      	movs	r0, r5
10005cac:	e000      	b.n	10005cb0 <process_control_request+0x6c>
10005cae:	bf00      	nop
10005cb0:	e158      	b.n	10005f64 <process_control_request+0x320>
10005cb2:	7923      	ldrb	r3, [r4, #4]
10005cb4:	2b0f      	cmp	r3, #15
10005cb6:	d900      	bls.n	10005cba <process_control_request+0x76>
10005cb8:	e15c      	b.n	10005f74 <process_control_request+0x330>
10005cba:	4aba      	ldr	r2, [pc, #744]	@ (10005fa4 <process_control_request+0x360>)
10005cbc:	18d3      	adds	r3, r2, r3
10005cbe:	78db      	ldrb	r3, [r3, #3]
10005cc0:	4ab9      	ldr	r2, [pc, #740]	@ (10005fa8 <process_control_request+0x364>)
10005cc2:	2a00      	cmp	r2, #0
10005cc4:	d005      	beq.n	10005cd2 <process_control_request+0x8e>
10005cc6:	4ab9      	ldr	r2, [pc, #740]	@ (10005fac <process_control_request+0x368>)
10005cc8:	7812      	ldrb	r2, [r2, #0]
10005cca:	4293      	cmp	r3, r2
10005ccc:	d30e      	bcc.n	10005cec <process_control_request+0xa8>
10005cce:	1a9b      	subs	r3, r3, r2
10005cd0:	b2db      	uxtb	r3, r3
10005cd2:	2b00      	cmp	r3, #0
10005cd4:	d000      	beq.n	10005cd8 <process_control_request+0x94>
10005cd6:	e14f      	b.n	10005f78 <process_control_request+0x334>
10005cd8:	0059      	lsls	r1, r3, #1
10005cda:	18c9      	adds	r1, r1, r3
10005cdc:	00c9      	lsls	r1, r1, #3
10005cde:	4bb4      	ldr	r3, [pc, #720]	@ (10005fb0 <process_control_request+0x36c>)
10005ce0:	18c9      	adds	r1, r1, r3
10005ce2:	0022      	movs	r2, r4
10005ce4:	0028      	movs	r0, r5
10005ce6:	f7ff fcda 	bl	1000569e <invoke_class_control>
10005cea:	e13b      	b.n	10005f64 <process_control_request+0x320>
10005cec:	005a      	lsls	r2, r3, #1
10005cee:	18d3      	adds	r3, r2, r3
10005cf0:	00db      	lsls	r3, r3, #3
10005cf2:	4ab0      	ldr	r2, [pc, #704]	@ (10005fb4 <process_control_request+0x370>)
10005cf4:	6811      	ldr	r1, [r2, #0]
10005cf6:	18c9      	adds	r1, r1, r3
10005cf8:	2900      	cmp	r1, #0
10005cfa:	d1f2      	bne.n	10005ce2 <process_control_request+0x9e>
10005cfc:	2000      	movs	r0, #0
10005cfe:	e131      	b.n	10005f64 <process_control_request+0x320>
10005d00:	0020      	movs	r0, r4
10005d02:	f000 fabf 	bl	10006284 <usbd_control_set_request>
10005d06:	78a1      	ldrb	r1, [r4, #2]
10005d08:	0028      	movs	r0, r5
10005d0a:	f7ff fb57 	bl	100053bc <dcd_set_address>
10005d0e:	4aa5      	ldr	r2, [pc, #660]	@ (10005fa4 <process_control_request+0x360>)
10005d10:	7813      	ldrb	r3, [r2, #0]
10005d12:	2102      	movs	r1, #2
10005d14:	430b      	orrs	r3, r1
10005d16:	7013      	strb	r3, [r2, #0]
10005d18:	2001      	movs	r0, #1
10005d1a:	e123      	b.n	10005f64 <process_control_request+0x320>
10005d1c:	4ba1      	ldr	r3, [pc, #644]	@ (10005fa4 <process_control_request+0x360>)
10005d1e:	785b      	ldrb	r3, [r3, #1]
10005d20:	466a      	mov	r2, sp
10005d22:	3206      	adds	r2, #6
10005d24:	7013      	strb	r3, [r2, #0]
10005d26:	2301      	movs	r3, #1
10005d28:	0021      	movs	r1, r4
10005d2a:	0028      	movs	r0, r5
10005d2c:	f000 fa66 	bl	100061fc <tud_control_xfer>
10005d30:	2001      	movs	r0, #1
10005d32:	e117      	b.n	10005f64 <process_control_request+0x320>
10005d34:	78a6      	ldrb	r6, [r4, #2]
10005d36:	4b9b      	ldr	r3, [pc, #620]	@ (10005fa4 <process_control_request+0x360>)
10005d38:	785b      	ldrb	r3, [r3, #1]
10005d3a:	b2db      	uxtb	r3, r3
10005d3c:	42b3      	cmp	r3, r6
10005d3e:	d005      	beq.n	10005d4c <process_control_request+0x108>
10005d40:	4b98      	ldr	r3, [pc, #608]	@ (10005fa4 <process_control_request+0x360>)
10005d42:	785b      	ldrb	r3, [r3, #1]
10005d44:	2b00      	cmp	r3, #0
10005d46:	d109      	bne.n	10005d5c <process_control_request+0x118>
10005d48:	2e00      	cmp	r6, #0
10005d4a:	d113      	bne.n	10005d74 <process_control_request+0x130>
10005d4c:	4b95      	ldr	r3, [pc, #596]	@ (10005fa4 <process_control_request+0x360>)
10005d4e:	705e      	strb	r6, [r3, #1]
10005d50:	0021      	movs	r1, r4
10005d52:	0028      	movs	r0, r5
10005d54:	f000 fa3e 	bl	100061d4 <tud_control_status>
10005d58:	2001      	movs	r0, #1
10005d5a:	e103      	b.n	10005f64 <process_control_request+0x320>
10005d5c:	0028      	movs	r0, r5
10005d5e:	f7ff fbb9 	bl	100054d4 <dcd_edpt_close_all>
10005d62:	4f90      	ldr	r7, [pc, #576]	@ (10005fa4 <process_control_request+0x360>)
10005d64:	78bb      	ldrb	r3, [r7, #2]
10005d66:	4698      	mov	r8, r3
10005d68:	0028      	movs	r0, r5
10005d6a:	f7ff fc45 	bl	100055f8 <configuration_reset>
10005d6e:	4643      	mov	r3, r8
10005d70:	70bb      	strb	r3, [r7, #2]
10005d72:	e7e9      	b.n	10005d48 <process_control_request+0x104>
10005d74:	0031      	movs	r1, r6
10005d76:	0028      	movs	r0, r5
10005d78:	f7ff fc9e 	bl	100056b8 <process_set_config>
10005d7c:	2800      	cmp	r0, #0
10005d7e:	d1e5      	bne.n	10005d4c <process_control_request+0x108>
10005d80:	e0f0      	b.n	10005f64 <process_control_request+0x320>
10005d82:	0021      	movs	r1, r4
10005d84:	0028      	movs	r0, r5
10005d86:	f7ff fd53 	bl	10005830 <process_get_descriptor>
10005d8a:	e0eb      	b.n	10005f64 <process_control_request+0x320>
10005d8c:	78a2      	ldrb	r2, [r4, #2]
10005d8e:	78e3      	ldrb	r3, [r4, #3]
10005d90:	021b      	lsls	r3, r3, #8
10005d92:	4313      	orrs	r3, r2
10005d94:	2b01      	cmp	r3, #1
10005d96:	d001      	beq.n	10005d9c <process_control_request+0x158>
10005d98:	2000      	movs	r0, #0
10005d9a:	e0e3      	b.n	10005f64 <process_control_request+0x320>
10005d9c:	4a81      	ldr	r2, [pc, #516]	@ (10005fa4 <process_control_request+0x360>)
10005d9e:	7813      	ldrb	r3, [r2, #0]
10005da0:	2108      	movs	r1, #8
10005da2:	430b      	orrs	r3, r1
10005da4:	7013      	strb	r3, [r2, #0]
10005da6:	0021      	movs	r1, r4
10005da8:	0028      	movs	r0, r5
10005daa:	f000 fa13 	bl	100061d4 <tud_control_status>
10005dae:	2001      	movs	r0, #1
10005db0:	e0d8      	b.n	10005f64 <process_control_request+0x320>
10005db2:	78a2      	ldrb	r2, [r4, #2]
10005db4:	78e3      	ldrb	r3, [r4, #3]
10005db6:	021b      	lsls	r3, r3, #8
10005db8:	4313      	orrs	r3, r2
10005dba:	2b01      	cmp	r3, #1
10005dbc:	d001      	beq.n	10005dc2 <process_control_request+0x17e>
10005dbe:	2000      	movs	r0, #0
10005dc0:	e0d0      	b.n	10005f64 <process_control_request+0x320>
10005dc2:	4a78      	ldr	r2, [pc, #480]	@ (10005fa4 <process_control_request+0x360>)
10005dc4:	7813      	ldrb	r3, [r2, #0]
10005dc6:	2108      	movs	r1, #8
10005dc8:	438b      	bics	r3, r1
10005dca:	7013      	strb	r3, [r2, #0]
10005dcc:	0021      	movs	r1, r4
10005dce:	0028      	movs	r0, r5
10005dd0:	f000 fa00 	bl	100061d4 <tud_control_status>
10005dd4:	2001      	movs	r0, #1
10005dd6:	e0c5      	b.n	10005f64 <process_control_request+0x320>
10005dd8:	4b72      	ldr	r3, [pc, #456]	@ (10005fa4 <process_control_request+0x360>)
10005dda:	781a      	ldrb	r2, [r3, #0]
10005ddc:	0951      	lsrs	r1, r2, #5
10005dde:	0892      	lsrs	r2, r2, #2
10005de0:	2301      	movs	r3, #1
10005de2:	400b      	ands	r3, r1
10005de4:	2102      	movs	r1, #2
10005de6:	400a      	ands	r2, r1
10005de8:	4313      	orrs	r3, r2
10005dea:	466a      	mov	r2, sp
10005dec:	3206      	adds	r2, #6
10005dee:	8013      	strh	r3, [r2, #0]
10005df0:	2302      	movs	r3, #2
10005df2:	0021      	movs	r1, r4
10005df4:	0028      	movs	r0, r5
10005df6:	f000 fa01 	bl	100061fc <tud_control_xfer>
10005dfa:	2001      	movs	r0, #1
10005dfc:	e0b2      	b.n	10005f64 <process_control_request+0x320>
10005dfe:	7923      	ldrb	r3, [r4, #4]
10005e00:	2b0f      	cmp	r3, #15
10005e02:	d900      	bls.n	10005e06 <process_control_request+0x1c2>
10005e04:	e0be      	b.n	10005f84 <process_control_request+0x340>
10005e06:	4a67      	ldr	r2, [pc, #412]	@ (10005fa4 <process_control_request+0x360>)
10005e08:	18d3      	adds	r3, r2, r3
10005e0a:	78db      	ldrb	r3, [r3, #3]
10005e0c:	4a66      	ldr	r2, [pc, #408]	@ (10005fa8 <process_control_request+0x364>)
10005e0e:	2a00      	cmp	r2, #0
10005e10:	d005      	beq.n	10005e1e <process_control_request+0x1da>
10005e12:	4a66      	ldr	r2, [pc, #408]	@ (10005fac <process_control_request+0x368>)
10005e14:	7812      	ldrb	r2, [r2, #0]
10005e16:	4293      	cmp	r3, r2
10005e18:	d325      	bcc.n	10005e66 <process_control_request+0x222>
10005e1a:	1a9b      	subs	r3, r3, r2
10005e1c:	b2db      	uxtb	r3, r3
10005e1e:	2b00      	cmp	r3, #0
10005e20:	d000      	beq.n	10005e24 <process_control_request+0x1e0>
10005e22:	e0b1      	b.n	10005f88 <process_control_request+0x344>
10005e24:	0059      	lsls	r1, r3, #1
10005e26:	18c9      	adds	r1, r1, r3
10005e28:	00c9      	lsls	r1, r1, #3
10005e2a:	4b61      	ldr	r3, [pc, #388]	@ (10005fb0 <process_control_request+0x36c>)
10005e2c:	18c9      	adds	r1, r1, r3
10005e2e:	0022      	movs	r2, r4
10005e30:	0028      	movs	r0, r5
10005e32:	f7ff fc34 	bl	1000569e <invoke_class_control>
10005e36:	2800      	cmp	r0, #0
10005e38:	d000      	beq.n	10005e3c <process_control_request+0x1f8>
10005e3a:	e093      	b.n	10005f64 <process_control_request+0x320>
10005e3c:	7823      	ldrb	r3, [r4, #0]
10005e3e:	2260      	movs	r2, #96	@ 0x60
10005e40:	421a      	tst	r2, r3
10005e42:	d000      	beq.n	10005e46 <process_control_request+0x202>
10005e44:	e08e      	b.n	10005f64 <process_control_request+0x320>
10005e46:	7863      	ldrb	r3, [r4, #1]
10005e48:	3b0a      	subs	r3, #10
10005e4a:	2b01      	cmp	r3, #1
10005e4c:	d900      	bls.n	10005e50 <process_control_request+0x20c>
10005e4e:	e089      	b.n	10005f64 <process_control_request+0x320>
10005e50:	f000 fa12 	bl	10006278 <usbd_control_set_complete_callback>
10005e54:	7863      	ldrb	r3, [r4, #1]
10005e56:	2b0a      	cmp	r3, #10
10005e58:	d00f      	beq.n	10005e7a <process_control_request+0x236>
10005e5a:	0021      	movs	r1, r4
10005e5c:	0028      	movs	r0, r5
10005e5e:	f000 f9b9 	bl	100061d4 <tud_control_status>
10005e62:	2001      	movs	r0, #1
10005e64:	e07e      	b.n	10005f64 <process_control_request+0x320>
10005e66:	005a      	lsls	r2, r3, #1
10005e68:	18d3      	adds	r3, r2, r3
10005e6a:	00db      	lsls	r3, r3, #3
10005e6c:	4a51      	ldr	r2, [pc, #324]	@ (10005fb4 <process_control_request+0x370>)
10005e6e:	6811      	ldr	r1, [r2, #0]
10005e70:	18c9      	adds	r1, r1, r3
10005e72:	2900      	cmp	r1, #0
10005e74:	d1db      	bne.n	10005e2e <process_control_request+0x1ea>
10005e76:	2000      	movs	r0, #0
10005e78:	e074      	b.n	10005f64 <process_control_request+0x320>
10005e7a:	466b      	mov	r3, sp
10005e7c:	1d9a      	adds	r2, r3, #6
10005e7e:	2300      	movs	r3, #0
10005e80:	7013      	strb	r3, [r2, #0]
10005e82:	3301      	adds	r3, #1
10005e84:	0021      	movs	r1, r4
10005e86:	0028      	movs	r0, r5
10005e88:	f000 f9b8 	bl	100061fc <tud_control_xfer>
10005e8c:	2001      	movs	r0, #1
10005e8e:	e069      	b.n	10005f64 <process_control_request+0x320>
10005e90:	7921      	ldrb	r1, [r4, #4]
10005e92:	207f      	movs	r0, #127	@ 0x7f
10005e94:	4008      	ands	r0, r1
10005e96:	09ce      	lsrs	r6, r1, #7
10005e98:	2270      	movs	r2, #112	@ 0x70
10005e9a:	420a      	tst	r2, r1
10005e9c:	d000      	beq.n	10005ea0 <process_control_request+0x25c>
10005e9e:	e075      	b.n	10005f8c <process_control_request+0x348>
10005ea0:	4a40      	ldr	r2, [pc, #256]	@ (10005fa4 <process_control_request+0x360>)
10005ea2:	0040      	lsls	r0, r0, #1
10005ea4:	1812      	adds	r2, r2, r0
10005ea6:	1992      	adds	r2, r2, r6
10005ea8:	7cd2      	ldrb	r2, [r2, #19]
10005eaa:	483f      	ldr	r0, [pc, #252]	@ (10005fa8 <process_control_request+0x364>)
10005eac:	2800      	cmp	r0, #0
10005eae:	d005      	beq.n	10005ebc <process_control_request+0x278>
10005eb0:	483e      	ldr	r0, [pc, #248]	@ (10005fac <process_control_request+0x368>)
10005eb2:	7800      	ldrb	r0, [r0, #0]
10005eb4:	4282      	cmp	r2, r0
10005eb6:	d312      	bcc.n	10005ede <process_control_request+0x29a>
10005eb8:	1a12      	subs	r2, r2, r0
10005eba:	b2d2      	uxtb	r2, r2
10005ebc:	2a00      	cmp	r2, #0
10005ebe:	d115      	bne.n	10005eec <process_control_request+0x2a8>
10005ec0:	0056      	lsls	r6, r2, #1
10005ec2:	18b6      	adds	r6, r6, r2
10005ec4:	00f6      	lsls	r6, r6, #3
10005ec6:	4a3a      	ldr	r2, [pc, #232]	@ (10005fb0 <process_control_request+0x36c>)
10005ec8:	18b6      	adds	r6, r6, r2
10005eca:	2b00      	cmp	r3, #0
10005ecc:	d010      	beq.n	10005ef0 <process_control_request+0x2ac>
10005ece:	2e00      	cmp	r6, #0
10005ed0:	d05e      	beq.n	10005f90 <process_control_request+0x34c>
10005ed2:	0022      	movs	r2, r4
10005ed4:	0031      	movs	r1, r6
10005ed6:	0028      	movs	r0, r5
10005ed8:	f7ff fbe1 	bl	1000569e <invoke_class_control>
10005edc:	e042      	b.n	10005f64 <process_control_request+0x320>
10005ede:	0050      	lsls	r0, r2, #1
10005ee0:	1882      	adds	r2, r0, r2
10005ee2:	00d2      	lsls	r2, r2, #3
10005ee4:	4833      	ldr	r0, [pc, #204]	@ (10005fb4 <process_control_request+0x370>)
10005ee6:	6806      	ldr	r6, [r0, #0]
10005ee8:	18b6      	adds	r6, r6, r2
10005eea:	e7ee      	b.n	10005eca <process_control_request+0x286>
10005eec:	2600      	movs	r6, #0
10005eee:	e7ec      	b.n	10005eca <process_control_request+0x286>
10005ef0:	7863      	ldrb	r3, [r4, #1]
10005ef2:	2b01      	cmp	r3, #1
10005ef4:	d010      	beq.n	10005f18 <process_control_request+0x2d4>
10005ef6:	2b03      	cmp	r3, #3
10005ef8:	d00e      	beq.n	10005f18 <process_control_request+0x2d4>
10005efa:	2b00      	cmp	r3, #0
10005efc:	d14a      	bne.n	10005f94 <process_control_request+0x350>
10005efe:	0028      	movs	r0, r5
10005f00:	f7ff fe92 	bl	10005c28 <usbd_edpt_stalled>
10005f04:	466b      	mov	r3, sp
10005f06:	1d9a      	adds	r2, r3, #6
10005f08:	8010      	strh	r0, [r2, #0]
10005f0a:	2302      	movs	r3, #2
10005f0c:	0021      	movs	r1, r4
10005f0e:	0028      	movs	r0, r5
10005f10:	f000 f974 	bl	100061fc <tud_control_xfer>
10005f14:	2001      	movs	r0, #1
10005f16:	e025      	b.n	10005f64 <process_control_request+0x320>
10005f18:	78a0      	ldrb	r0, [r4, #2]
10005f1a:	78e2      	ldrb	r2, [r4, #3]
10005f1c:	0212      	lsls	r2, r2, #8
10005f1e:	4302      	orrs	r2, r0
10005f20:	d104      	bne.n	10005f2c <process_control_request+0x2e8>
10005f22:	2b01      	cmp	r3, #1
10005f24:	d019      	beq.n	10005f5a <process_control_request+0x316>
10005f26:	0028      	movs	r0, r5
10005f28:	f7ff fe36 	bl	10005b98 <usbd_edpt_stall>
10005f2c:	2e00      	cmp	r6, #0
10005f2e:	d033      	beq.n	10005f98 <process_control_request+0x354>
10005f30:	0022      	movs	r2, r4
10005f32:	0031      	movs	r1, r6
10005f34:	0028      	movs	r0, r5
10005f36:	f7ff fbb2 	bl	1000569e <invoke_class_control>
10005f3a:	2000      	movs	r0, #0
10005f3c:	f000 f99c 	bl	10006278 <usbd_control_set_complete_callback>
10005f40:	4b18      	ldr	r3, [pc, #96]	@ (10005fa4 <process_control_request+0x360>)
10005f42:	2234      	movs	r2, #52	@ 0x34
10005f44:	5c9b      	ldrb	r3, [r3, r2]
10005f46:	07db      	lsls	r3, r3, #31
10005f48:	0fd8      	lsrs	r0, r3, #31
10005f4a:	2b00      	cmp	r3, #0
10005f4c:	d10a      	bne.n	10005f64 <process_control_request+0x320>
10005f4e:	0021      	movs	r1, r4
10005f50:	0028      	movs	r0, r5
10005f52:	f000 f93f 	bl	100061d4 <tud_control_status>
10005f56:	2001      	movs	r0, #1
10005f58:	e004      	b.n	10005f64 <process_control_request+0x320>
10005f5a:	0028      	movs	r0, r5
10005f5c:	f7ff fe40 	bl	10005be0 <usbd_edpt_clear_stall>
10005f60:	e7e4      	b.n	10005f2c <process_control_request+0x2e8>
10005f62:	2000      	movs	r0, #0
10005f64:	b002      	add	sp, #8
10005f66:	bc80      	pop	{r7}
10005f68:	46b8      	mov	r8, r7
10005f6a:	bdf0      	pop	{r4, r5, r6, r7, pc}
10005f6c:	2000      	movs	r0, #0
10005f6e:	e7f9      	b.n	10005f64 <process_control_request+0x320>
10005f70:	2000      	movs	r0, #0
10005f72:	e7f7      	b.n	10005f64 <process_control_request+0x320>
10005f74:	2000      	movs	r0, #0
10005f76:	e7f5      	b.n	10005f64 <process_control_request+0x320>
10005f78:	2000      	movs	r0, #0
10005f7a:	e7f3      	b.n	10005f64 <process_control_request+0x320>
10005f7c:	2000      	movs	r0, #0
10005f7e:	e7f1      	b.n	10005f64 <process_control_request+0x320>
10005f80:	2000      	movs	r0, #0
10005f82:	e7ef      	b.n	10005f64 <process_control_request+0x320>
10005f84:	2000      	movs	r0, #0
10005f86:	e7ed      	b.n	10005f64 <process_control_request+0x320>
10005f88:	2000      	movs	r0, #0
10005f8a:	e7eb      	b.n	10005f64 <process_control_request+0x320>
10005f8c:	2000      	movs	r0, #0
10005f8e:	e7e9      	b.n	10005f64 <process_control_request+0x320>
10005f90:	2000      	movs	r0, #0
10005f92:	e7e7      	b.n	10005f64 <process_control_request+0x320>
10005f94:	2000      	movs	r0, #0
10005f96:	e7e5      	b.n	10005f64 <process_control_request+0x320>
10005f98:	2001      	movs	r0, #1
10005f9a:	e7e3      	b.n	10005f64 <process_control_request+0x320>
10005f9c:	1000a6f4 	.word	0x1000a6f4
10005fa0:	00000000 	.word	0x00000000
10005fa4:	200012d0 	.word	0x200012d0
10005fa8:	10004c3d 	.word	0x10004c3d
10005fac:	20002776 	.word	0x20002776
10005fb0:	1000a740 	.word	0x1000a740
10005fb4:	20000fa8 	.word	0x20000fa8

10005fb8 <tud_task_ext>:
10005fb8:	b530      	push	{r4, r5, lr}
10005fba:	b085      	sub	sp, #20
10005fbc:	f000 fccf 	bl	1000695e <tusb_inited>
10005fc0:	2800      	cmp	r0, #0
10005fc2:	d108      	bne.n	10005fd6 <tud_task_ext+0x1e>
10005fc4:	b005      	add	sp, #20
10005fc6:	bd30      	pop	{r4, r5, pc}
10005fc8:	ac01      	add	r4, sp, #4
10005fca:	7820      	ldrb	r0, [r4, #0]
10005fcc:	f7ff fb61 	bl	10005692 <usbd_reset>
10005fd0:	7922      	ldrb	r2, [r4, #4]
10005fd2:	4b59      	ldr	r3, [pc, #356]	@ (10006138 <tud_task_ext+0x180>)
10005fd4:	709a      	strb	r2, [r3, #2]
10005fd6:	4b59      	ldr	r3, [pc, #356]	@ (1000613c <tud_task_ext+0x184>)
10005fd8:	681c      	ldr	r4, [r3, #0]
10005fda:	0020      	movs	r0, r4
10005fdc:	3014      	adds	r0, #20
10005fde:	f7ff fb4d 	bl	1000567c <critical_section_enter_blocking>
10005fe2:	a901      	add	r1, sp, #4
10005fe4:	0020      	movs	r0, r4
10005fe6:	f001 f838 	bl	1000705a <tu_fifo_read>
10005fea:	6962      	ldr	r2, [r4, #20]
10005fec:	69a3      	ldr	r3, [r4, #24]
10005fee:	f3bf 8f5f 	dmb	sy
10005ff2:	2100      	movs	r1, #0
10005ff4:	6011      	str	r1, [r2, #0]
10005ff6:	f383 8810 	msr	PRIMASK, r3
10005ffa:	2800      	cmp	r0, #0
10005ffc:	d0e2      	beq.n	10005fc4 <tud_task_ext+0xc>
10005ffe:	ab01      	add	r3, sp, #4
10006000:	785b      	ldrb	r3, [r3, #1]
10006002:	2b08      	cmp	r3, #8
10006004:	d8e7      	bhi.n	10005fd6 <tud_task_ext+0x1e>
10006006:	009b      	lsls	r3, r3, #2
10006008:	4a4d      	ldr	r2, [pc, #308]	@ (10006140 <tud_task_ext+0x188>)
1000600a:	58d3      	ldr	r3, [r2, r3]
1000600c:	469f      	mov	pc, r3
1000600e:	ab01      	add	r3, sp, #4
10006010:	7818      	ldrb	r0, [r3, #0]
10006012:	f7ff fb3e 	bl	10005692 <usbd_reset>
10006016:	4b4b      	ldr	r3, [pc, #300]	@ (10006144 <tud_task_ext+0x18c>)
10006018:	2b00      	cmp	r3, #0
1000601a:	d0dc      	beq.n	10005fd6 <tud_task_ext+0x1e>
1000601c:	e000      	b.n	10006020 <tud_task_ext+0x68>
1000601e:	bf00      	nop
10006020:	e7d9      	b.n	10005fd6 <tud_task_ext+0x1e>
10006022:	4b45      	ldr	r3, [pc, #276]	@ (10006138 <tud_task_ext+0x180>)
10006024:	781a      	ldrb	r2, [r3, #0]
10006026:	2401      	movs	r4, #1
10006028:	2101      	movs	r1, #1
1000602a:	430a      	orrs	r2, r1
1000602c:	701a      	strb	r2, [r3, #0]
1000602e:	2233      	movs	r2, #51	@ 0x33
10006030:	5c99      	ldrb	r1, [r3, r2]
10006032:	43a1      	bics	r1, r4
10006034:	5499      	strb	r1, [r3, r2]
10006036:	5c99      	ldrb	r1, [r3, r2]
10006038:	2004      	movs	r0, #4
1000603a:	4381      	bics	r1, r0
1000603c:	5499      	strb	r1, [r3, r2]
1000603e:	3201      	adds	r2, #1
10006040:	5c99      	ldrb	r1, [r3, r2]
10006042:	43a1      	bics	r1, r4
10006044:	5499      	strb	r1, [r3, r2]
10006046:	5c99      	ldrb	r1, [r3, r2]
10006048:	4381      	bics	r1, r0
1000604a:	5499      	strb	r1, [r3, r2]
1000604c:	ab01      	add	r3, sp, #4
1000604e:	7818      	ldrb	r0, [r3, #0]
10006050:	a902      	add	r1, sp, #8
10006052:	f7ff fdf7 	bl	10005c44 <process_control_request>
10006056:	2800      	cmp	r0, #0
10006058:	d1bd      	bne.n	10005fd6 <tud_task_ext+0x1e>
1000605a:	ac01      	add	r4, sp, #4
1000605c:	7820      	ldrb	r0, [r4, #0]
1000605e:	2100      	movs	r1, #0
10006060:	f7ff fa56 	bl	10005510 <dcd_edpt_stall>
10006064:	7820      	ldrb	r0, [r4, #0]
10006066:	2180      	movs	r1, #128	@ 0x80
10006068:	f7ff fa52 	bl	10005510 <dcd_edpt_stall>
1000606c:	e7b3      	b.n	10005fd6 <tud_task_ext+0x1e>
1000606e:	ab01      	add	r3, sp, #4
10006070:	7919      	ldrb	r1, [r3, #4]
10006072:	227f      	movs	r2, #127	@ 0x7f
10006074:	400a      	ands	r2, r1
10006076:	09cc      	lsrs	r4, r1, #7
10006078:	4b2f      	ldr	r3, [pc, #188]	@ (10006138 <tud_task_ext+0x180>)
1000607a:	0050      	lsls	r0, r2, #1
1000607c:	181b      	adds	r3, r3, r0
1000607e:	191b      	adds	r3, r3, r4
10006080:	3330      	adds	r3, #48	@ 0x30
10006082:	78d8      	ldrb	r0, [r3, #3]
10006084:	2501      	movs	r5, #1
10006086:	43a8      	bics	r0, r5
10006088:	70d8      	strb	r0, [r3, #3]
1000608a:	78d8      	ldrb	r0, [r3, #3]
1000608c:	3503      	adds	r5, #3
1000608e:	43a8      	bics	r0, r5
10006090:	70d8      	strb	r0, [r3, #3]
10006092:	2a00      	cmp	r2, #0
10006094:	d01c      	beq.n	100060d0 <tud_task_ext+0x118>
10006096:	4b28      	ldr	r3, [pc, #160]	@ (10006138 <tud_task_ext+0x180>)
10006098:	0052      	lsls	r2, r2, #1
1000609a:	189b      	adds	r3, r3, r2
1000609c:	191b      	adds	r3, r3, r4
1000609e:	7cdb      	ldrb	r3, [r3, #19]
100060a0:	4a29      	ldr	r2, [pc, #164]	@ (10006148 <tud_task_ext+0x190>)
100060a2:	2a00      	cmp	r2, #0
100060a4:	d005      	beq.n	100060b2 <tud_task_ext+0xfa>
100060a6:	4a29      	ldr	r2, [pc, #164]	@ (1000614c <tud_task_ext+0x194>)
100060a8:	7812      	ldrb	r2, [r2, #0]
100060aa:	4293      	cmp	r3, r2
100060ac:	d317      	bcc.n	100060de <tud_task_ext+0x126>
100060ae:	1a9b      	subs	r3, r3, r2
100060b0:	b2db      	uxtb	r3, r3
100060b2:	2b00      	cmp	r3, #0
100060b4:	d000      	beq.n	100060b8 <tud_task_ext+0x100>
100060b6:	e785      	b.n	10005fc4 <tud_task_ext+0xc>
100060b8:	005a      	lsls	r2, r3, #1
100060ba:	18d3      	adds	r3, r2, r3
100060bc:	00db      	lsls	r3, r3, #3
100060be:	4a24      	ldr	r2, [pc, #144]	@ (10006150 <tud_task_ext+0x198>)
100060c0:	189b      	adds	r3, r3, r2
100060c2:	691c      	ldr	r4, [r3, #16]
100060c4:	a801      	add	r0, sp, #4
100060c6:	7942      	ldrb	r2, [r0, #5]
100060c8:	9b03      	ldr	r3, [sp, #12]
100060ca:	7800      	ldrb	r0, [r0, #0]
100060cc:	47a0      	blx	r4
100060ce:	e782      	b.n	10005fd6 <tud_task_ext+0x1e>
100060d0:	a801      	add	r0, sp, #4
100060d2:	7942      	ldrb	r2, [r0, #5]
100060d4:	9b03      	ldr	r3, [sp, #12]
100060d6:	7800      	ldrb	r0, [r0, #0]
100060d8:	f000 f8e2 	bl	100062a0 <usbd_control_xfer_cb>
100060dc:	e77b      	b.n	10005fd6 <tud_task_ext+0x1e>
100060de:	005a      	lsls	r2, r3, #1
100060e0:	18d2      	adds	r2, r2, r3
100060e2:	00d2      	lsls	r2, r2, #3
100060e4:	4b1b      	ldr	r3, [pc, #108]	@ (10006154 <tud_task_ext+0x19c>)
100060e6:	681b      	ldr	r3, [r3, #0]
100060e8:	189b      	adds	r3, r3, r2
100060ea:	2b00      	cmp	r3, #0
100060ec:	d1e9      	bne.n	100060c2 <tud_task_ext+0x10a>
100060ee:	e769      	b.n	10005fc4 <tud_task_ext+0xc>
100060f0:	4b11      	ldr	r3, [pc, #68]	@ (10006138 <tud_task_ext+0x180>)
100060f2:	781b      	ldrb	r3, [r3, #0]
100060f4:	07db      	lsls	r3, r3, #31
100060f6:	d400      	bmi.n	100060fa <tud_task_ext+0x142>
100060f8:	e76d      	b.n	10005fd6 <tud_task_ext+0x1e>
100060fa:	4b17      	ldr	r3, [pc, #92]	@ (10006158 <tud_task_ext+0x1a0>)
100060fc:	2b00      	cmp	r3, #0
100060fe:	d100      	bne.n	10006102 <tud_task_ext+0x14a>
10006100:	e769      	b.n	10005fd6 <tud_task_ext+0x1e>
10006102:	4b0d      	ldr	r3, [pc, #52]	@ (10006138 <tud_task_ext+0x180>)
10006104:	7818      	ldrb	r0, [r3, #0]
10006106:	0700      	lsls	r0, r0, #28
10006108:	0fc0      	lsrs	r0, r0, #31
1000610a:	e000      	b.n	1000610e <tud_task_ext+0x156>
1000610c:	bf00      	nop
1000610e:	e762      	b.n	10005fd6 <tud_task_ext+0x1e>
10006110:	4b09      	ldr	r3, [pc, #36]	@ (10006138 <tud_task_ext+0x180>)
10006112:	781b      	ldrb	r3, [r3, #0]
10006114:	07db      	lsls	r3, r3, #31
10006116:	d400      	bmi.n	1000611a <tud_task_ext+0x162>
10006118:	e75d      	b.n	10005fd6 <tud_task_ext+0x1e>
1000611a:	4b10      	ldr	r3, [pc, #64]	@ (1000615c <tud_task_ext+0x1a4>)
1000611c:	2b00      	cmp	r3, #0
1000611e:	d100      	bne.n	10006122 <tud_task_ext+0x16a>
10006120:	e759      	b.n	10005fd6 <tud_task_ext+0x1e>
10006122:	e000      	b.n	10006126 <tud_task_ext+0x16e>
10006124:	bf00      	nop
10006126:	e756      	b.n	10005fd6 <tud_task_ext+0x1e>
10006128:	9b02      	ldr	r3, [sp, #8]
1000612a:	2b00      	cmp	r3, #0
1000612c:	d100      	bne.n	10006130 <tud_task_ext+0x178>
1000612e:	e752      	b.n	10005fd6 <tud_task_ext+0x1e>
10006130:	9803      	ldr	r0, [sp, #12]
10006132:	4798      	blx	r3
10006134:	e74f      	b.n	10005fd6 <tud_task_ext+0x1e>
10006136:	46c0      	nop			@ (mov r8, r8)
10006138:	200012d0 	.word	0x200012d0
1000613c:	20001328 	.word	0x20001328
10006140:	1000a71c 	.word	0x1000a71c
10006144:	00000000 	.word	0x00000000
10006148:	10004c3d 	.word	0x10004c3d
1000614c:	20002776 	.word	0x20002776
10006150:	1000a740 	.word	0x1000a740
10006154:	20000fa8 	.word	0x20000fa8
	...

10006160 <_status_stage_xact>:
10006160:	b510      	push	{r4, lr}
10006162:	2300      	movs	r3, #0
10006164:	56cb      	ldrsb	r3, [r1, r3]
10006166:	2b00      	cmp	r3, #0
10006168:	db05      	blt.n	10006176 <_status_stage_xact+0x16>
1000616a:	2180      	movs	r1, #128	@ 0x80
1000616c:	2300      	movs	r3, #0
1000616e:	2200      	movs	r2, #0
10006170:	f7ff fcd6 	bl	10005b20 <usbd_edpt_xfer>
10006174:	bd10      	pop	{r4, pc}
10006176:	2100      	movs	r1, #0
10006178:	e7f8      	b.n	1000616c <_status_stage_xact+0xc>
	...

1000617c <_data_stage_xact>:
1000617c:	b5f8      	push	{r3, r4, r5, r6, r7, lr}
1000617e:	0005      	movs	r5, r0
10006180:	4b12      	ldr	r3, [pc, #72]	@ (100061cc <_data_stage_xact+0x50>)
10006182:	899f      	ldrh	r7, [r3, #12]
10006184:	89de      	ldrh	r6, [r3, #14]
10006186:	1bb9      	subs	r1, r7, r6
10006188:	b289      	uxth	r1, r1
1000618a:	1c0b      	adds	r3, r1, #0
1000618c:	2940      	cmp	r1, #64	@ 0x40
1000618e:	d900      	bls.n	10006192 <_data_stage_xact+0x16>
10006190:	2340      	movs	r3, #64	@ 0x40
10006192:	b29c      	uxth	r4, r3
10006194:	4b0d      	ldr	r3, [pc, #52]	@ (100061cc <_data_stage_xact+0x50>)
10006196:	781b      	ldrb	r3, [r3, #0]
10006198:	b25b      	sxtb	r3, r3
1000619a:	2b00      	cmp	r3, #0
1000619c:	db08      	blt.n	100061b0 <_data_stage_xact+0x34>
1000619e:	2100      	movs	r1, #0
100061a0:	42b7      	cmp	r7, r6
100061a2:	d011      	beq.n	100061c8 <_data_stage_xact+0x4c>
100061a4:	4a0a      	ldr	r2, [pc, #40]	@ (100061d0 <_data_stage_xact+0x54>)
100061a6:	0023      	movs	r3, r4
100061a8:	0028      	movs	r0, r5
100061aa:	f7ff fcb9 	bl	10005b20 <usbd_edpt_xfer>
100061ae:	bdf8      	pop	{r3, r4, r5, r6, r7, pc}
100061b0:	42b7      	cmp	r7, r6
100061b2:	d101      	bne.n	100061b8 <_data_stage_xact+0x3c>
100061b4:	2180      	movs	r1, #128	@ 0x80
100061b6:	e7f3      	b.n	100061a0 <_data_stage_xact+0x24>
100061b8:	4b04      	ldr	r3, [pc, #16]	@ (100061cc <_data_stage_xact+0x50>)
100061ba:	6899      	ldr	r1, [r3, #8]
100061bc:	4804      	ldr	r0, [pc, #16]	@ (100061d0 <_data_stage_xact+0x54>)
100061be:	0022      	movs	r2, r4
100061c0:	f7fe fb3e 	bl	10004840 <__wrap___aeabi_memcpy>
100061c4:	2180      	movs	r1, #128	@ 0x80
100061c6:	e7eb      	b.n	100061a0 <_data_stage_xact+0x24>
100061c8:	2200      	movs	r2, #0
100061ca:	e7ec      	b.n	100061a6 <_data_stage_xact+0x2a>
100061cc:	20001274 	.word	0x20001274
100061d0:	20001290 	.word	0x20001290

100061d4 <tud_control_status>:
100061d4:	b570      	push	{r4, r5, r6, lr}
100061d6:	0006      	movs	r6, r0
100061d8:	000d      	movs	r5, r1
100061da:	4c07      	ldr	r4, [pc, #28]	@ (100061f8 <tud_control_status+0x24>)
100061dc:	2208      	movs	r2, #8
100061de:	0020      	movs	r0, r4
100061e0:	f7fe fb2e 	bl	10004840 <__wrap___aeabi_memcpy>
100061e4:	2300      	movs	r3, #0
100061e6:	60a3      	str	r3, [r4, #8]
100061e8:	81e3      	strh	r3, [r4, #14]
100061ea:	81a3      	strh	r3, [r4, #12]
100061ec:	0029      	movs	r1, r5
100061ee:	0030      	movs	r0, r6
100061f0:	f7ff ffb6 	bl	10006160 <_status_stage_xact>
100061f4:	bd70      	pop	{r4, r5, r6, pc}
100061f6:	46c0      	nop			@ (mov r8, r8)
100061f8:	20001274 	.word	0x20001274

100061fc <tud_control_xfer>:
100061fc:	b5f0      	push	{r4, r5, r6, r7, lr}
100061fe:	46c6      	mov	lr, r8
10006200:	b500      	push	{lr}
10006202:	4680      	mov	r8, r0
10006204:	000c      	movs	r4, r1
10006206:	0016      	movs	r6, r2
10006208:	001d      	movs	r5, r3
1000620a:	4b15      	ldr	r3, [pc, #84]	@ (10006260 <tud_control_xfer+0x64>)
1000620c:	2208      	movs	r2, #8
1000620e:	001f      	movs	r7, r3
10006210:	0018      	movs	r0, r3
10006212:	f7fe fb15 	bl	10004840 <__wrap___aeabi_memcpy>
10006216:	60be      	str	r6, [r7, #8]
10006218:	2300      	movs	r3, #0
1000621a:	81fb      	strh	r3, [r7, #14]
1000621c:	79a3      	ldrb	r3, [r4, #6]
1000621e:	79e1      	ldrb	r1, [r4, #7]
10006220:	0209      	lsls	r1, r1, #8
10006222:	4319      	orrs	r1, r3
10006224:	1c0b      	adds	r3, r1, #0
10006226:	42a9      	cmp	r1, r5
10006228:	d900      	bls.n	1000622c <tud_control_xfer+0x30>
1000622a:	1c2b      	adds	r3, r5, #0
1000622c:	b299      	uxth	r1, r3
1000622e:	4a0c      	ldr	r2, [pc, #48]	@ (10006260 <tud_control_xfer+0x64>)
10006230:	8193      	strh	r3, [r2, #12]
10006232:	79a2      	ldrb	r2, [r4, #6]
10006234:	79e3      	ldrb	r3, [r4, #7]
10006236:	021b      	lsls	r3, r3, #8
10006238:	4313      	orrs	r3, r2
1000623a:	d009      	beq.n	10006250 <tud_control_xfer+0x54>
1000623c:	2900      	cmp	r1, #0
1000623e:	d001      	beq.n	10006244 <tud_control_xfer+0x48>
10006240:	2e00      	cmp	r6, #0
10006242:	d00a      	beq.n	1000625a <tud_control_xfer+0x5e>
10006244:	4640      	mov	r0, r8
10006246:	f7ff ff99 	bl	1000617c <_data_stage_xact>
1000624a:	bc80      	pop	{r7}
1000624c:	46b8      	mov	r8, r7
1000624e:	bdf0      	pop	{r4, r5, r6, r7, pc}
10006250:	0021      	movs	r1, r4
10006252:	4640      	mov	r0, r8
10006254:	f7ff ff84 	bl	10006160 <_status_stage_xact>
10006258:	e7f7      	b.n	1000624a <tud_control_xfer+0x4e>
1000625a:	2000      	movs	r0, #0
1000625c:	e7f5      	b.n	1000624a <tud_control_xfer+0x4e>
1000625e:	46c0      	nop			@ (mov r8, r8)
10006260:	20001274 	.word	0x20001274

10006264 <usbd_control_reset>:
10006264:	b510      	push	{r4, lr}
10006266:	4803      	ldr	r0, [pc, #12]	@ (10006274 <usbd_control_reset+0x10>)
10006268:	2214      	movs	r2, #20
1000626a:	2100      	movs	r1, #0
1000626c:	f7fe fae2 	bl	10004834 <__wrap_memset>
10006270:	bd10      	pop	{r4, pc}
10006272:	46c0      	nop			@ (mov r8, r8)
10006274:	20001274 	.word	0x20001274

10006278 <usbd_control_set_complete_callback>:
10006278:	4b01      	ldr	r3, [pc, #4]	@ (10006280 <usbd_control_set_complete_callback+0x8>)
1000627a:	6118      	str	r0, [r3, #16]
1000627c:	4770      	bx	lr
1000627e:	46c0      	nop			@ (mov r8, r8)
10006280:	20001274 	.word	0x20001274

10006284 <usbd_control_set_request>:
10006284:	b510      	push	{r4, lr}
10006286:	0001      	movs	r1, r0
10006288:	4c04      	ldr	r4, [pc, #16]	@ (1000629c <usbd_control_set_request+0x18>)
1000628a:	2208      	movs	r2, #8
1000628c:	0020      	movs	r0, r4
1000628e:	f7fe fad7 	bl	10004840 <__wrap___aeabi_memcpy>
10006292:	2300      	movs	r3, #0
10006294:	60a3      	str	r3, [r4, #8]
10006296:	81e3      	strh	r3, [r4, #14]
10006298:	81a3      	strh	r3, [r4, #12]
1000629a:	bd10      	pop	{r4, pc}
1000629c:	20001274 	.word	0x20001274

100062a0 <usbd_control_xfer_cb>:
100062a0:	b570      	push	{r4, r5, r6, lr}
100062a2:	0005      	movs	r5, r0
100062a4:	001c      	movs	r4, r3
100062a6:	09c9      	lsrs	r1, r1, #7
100062a8:	4b29      	ldr	r3, [pc, #164]	@ (10006350 <usbd_control_xfer_cb+0xb0>)
100062aa:	781b      	ldrb	r3, [r3, #0]
100062ac:	09db      	lsrs	r3, r3, #7
100062ae:	428b      	cmp	r3, r1
100062b0:	d011      	beq.n	100062d6 <usbd_control_xfer_cb+0x36>
100062b2:	2c00      	cmp	r4, #0
100062b4:	d147      	bne.n	10006346 <usbd_control_xfer_cb+0xa6>
100062b6:	4b27      	ldr	r3, [pc, #156]	@ (10006354 <usbd_control_xfer_cb+0xb4>)
100062b8:	2b00      	cmp	r3, #0
100062ba:	d002      	beq.n	100062c2 <usbd_control_xfer_cb+0x22>
100062bc:	4924      	ldr	r1, [pc, #144]	@ (10006350 <usbd_control_xfer_cb+0xb0>)
100062be:	f7ff f8db 	bl	10005478 <dcd_edpt0_status_complete>
100062c2:	4b23      	ldr	r3, [pc, #140]	@ (10006350 <usbd_control_xfer_cb+0xb0>)
100062c4:	691b      	ldr	r3, [r3, #16]
100062c6:	2b00      	cmp	r3, #0
100062c8:	d003      	beq.n	100062d2 <usbd_control_xfer_cb+0x32>
100062ca:	4a21      	ldr	r2, [pc, #132]	@ (10006350 <usbd_control_xfer_cb+0xb0>)
100062cc:	2103      	movs	r1, #3
100062ce:	0028      	movs	r0, r5
100062d0:	4798      	blx	r3
100062d2:	2001      	movs	r0, #1
100062d4:	bd70      	pop	{r4, r5, r6, pc}
100062d6:	4b1e      	ldr	r3, [pc, #120]	@ (10006350 <usbd_control_xfer_cb+0xb0>)
100062d8:	781b      	ldrb	r3, [r3, #0]
100062da:	b25b      	sxtb	r3, r3
100062dc:	2b00      	cmp	r3, #0
100062de:	db07      	blt.n	100062f0 <usbd_control_xfer_cb+0x50>
100062e0:	4b1b      	ldr	r3, [pc, #108]	@ (10006350 <usbd_control_xfer_cb+0xb0>)
100062e2:	6898      	ldr	r0, [r3, #8]
100062e4:	2800      	cmp	r0, #0
100062e6:	d030      	beq.n	1000634a <usbd_control_xfer_cb+0xaa>
100062e8:	491b      	ldr	r1, [pc, #108]	@ (10006358 <usbd_control_xfer_cb+0xb8>)
100062ea:	0022      	movs	r2, r4
100062ec:	f7fe faa8 	bl	10004840 <__wrap___aeabi_memcpy>
100062f0:	4a17      	ldr	r2, [pc, #92]	@ (10006350 <usbd_control_xfer_cb+0xb0>)
100062f2:	89d3      	ldrh	r3, [r2, #14]
100062f4:	b2a1      	uxth	r1, r4
100062f6:	185b      	adds	r3, r3, r1
100062f8:	b29b      	uxth	r3, r3
100062fa:	81d3      	strh	r3, [r2, #14]
100062fc:	6891      	ldr	r1, [r2, #8]
100062fe:	1909      	adds	r1, r1, r4
10006300:	6091      	str	r1, [r2, #8]
10006302:	88d2      	ldrh	r2, [r2, #6]
10006304:	4293      	cmp	r3, r2
10006306:	d001      	beq.n	1000630c <usbd_control_xfer_cb+0x6c>
10006308:	2c3f      	cmp	r4, #63	@ 0x3f
1000630a:	d818      	bhi.n	1000633e <usbd_control_xfer_cb+0x9e>
1000630c:	4b10      	ldr	r3, [pc, #64]	@ (10006350 <usbd_control_xfer_cb+0xb0>)
1000630e:	691b      	ldr	r3, [r3, #16]
10006310:	2b00      	cmp	r3, #0
10006312:	d005      	beq.n	10006320 <usbd_control_xfer_cb+0x80>
10006314:	4a0e      	ldr	r2, [pc, #56]	@ (10006350 <usbd_control_xfer_cb+0xb0>)
10006316:	2102      	movs	r1, #2
10006318:	0028      	movs	r0, r5
1000631a:	4798      	blx	r3
1000631c:	2800      	cmp	r0, #0
1000631e:	d004      	beq.n	1000632a <usbd_control_xfer_cb+0x8a>
10006320:	490b      	ldr	r1, [pc, #44]	@ (10006350 <usbd_control_xfer_cb+0xb0>)
10006322:	0028      	movs	r0, r5
10006324:	f7ff ff1c 	bl	10006160 <_status_stage_xact>
10006328:	e7d4      	b.n	100062d4 <usbd_control_xfer_cb+0x34>
1000632a:	2100      	movs	r1, #0
1000632c:	0028      	movs	r0, r5
1000632e:	f7ff f8ef 	bl	10005510 <dcd_edpt_stall>
10006332:	2180      	movs	r1, #128	@ 0x80
10006334:	0028      	movs	r0, r5
10006336:	f7ff f8eb 	bl	10005510 <dcd_edpt_stall>
1000633a:	2001      	movs	r0, #1
1000633c:	e7ca      	b.n	100062d4 <usbd_control_xfer_cb+0x34>
1000633e:	0028      	movs	r0, r5
10006340:	f7ff ff1c 	bl	1000617c <_data_stage_xact>
10006344:	e7c6      	b.n	100062d4 <usbd_control_xfer_cb+0x34>
10006346:	2000      	movs	r0, #0
10006348:	e7c4      	b.n	100062d4 <usbd_control_xfer_cb+0x34>
1000634a:	2000      	movs	r0, #0
1000634c:	e7c2      	b.n	100062d4 <usbd_control_xfer_cb+0x34>
1000634e:	46c0      	nop			@ (mov r8, r8)
10006350:	20001274 	.word	0x20001274
10006354:	10005479 	.word	0x10005479
10006358:	20001290 	.word	0x20001290

1000635c <_prep_out_transaction>:
1000635c:	b570      	push	{r4, r5, r6, lr}
1000635e:	0004      	movs	r4, r0
10006360:	0005      	movs	r5, r0
10006362:	3510      	adds	r5, #16
10006364:	0028      	movs	r0, r5
10006366:	f000 fe62 	bl	1000702e <tu_fifo_remaining>
1000636a:	283f      	cmp	r0, #63	@ 0x3f
1000636c:	d801      	bhi.n	10006372 <_prep_out_transaction+0x16>
1000636e:	2000      	movs	r0, #0
10006370:	bd70      	pop	{r4, r5, r6, pc}
10006372:	78e1      	ldrb	r1, [r4, #3]
10006374:	2000      	movs	r0, #0
10006376:	f7ff fbab 	bl	10005ad0 <usbd_edpt_claim>
1000637a:	2800      	cmp	r0, #0
1000637c:	d0f8      	beq.n	10006370 <_prep_out_transaction+0x14>
1000637e:	0028      	movs	r0, r5
10006380:	f000 fe55 	bl	1000702e <tu_fifo_remaining>
10006384:	283f      	cmp	r0, #63	@ 0x3f
10006386:	d908      	bls.n	1000639a <_prep_out_transaction+0x3e>
10006388:	2392      	movs	r3, #146	@ 0x92
1000638a:	009b      	lsls	r3, r3, #2
1000638c:	18e2      	adds	r2, r4, r3
1000638e:	78e1      	ldrb	r1, [r4, #3]
10006390:	2340      	movs	r3, #64	@ 0x40
10006392:	2000      	movs	r0, #0
10006394:	f7ff fbc4 	bl	10005b20 <usbd_edpt_xfer>
10006398:	e7ea      	b.n	10006370 <_prep_out_transaction+0x14>
1000639a:	78e1      	ldrb	r1, [r4, #3]
1000639c:	2000      	movs	r0, #0
1000639e:	f7ff fbab 	bl	10005af8 <usbd_edpt_release>
100063a2:	2000      	movs	r0, #0
100063a4:	e7e4      	b.n	10006370 <_prep_out_transaction+0x14>
	...

100063a8 <tud_cdc_n_connected>:
100063a8:	b510      	push	{r4, lr}
100063aa:	0004      	movs	r4, r0
100063ac:	f7ff faae 	bl	1000590c <tud_mounted>
100063b0:	2800      	cmp	r0, #0
100063b2:	d101      	bne.n	100063b8 <tud_cdc_n_connected+0x10>
100063b4:	2000      	movs	r0, #0
100063b6:	bd10      	pop	{r4, pc}
100063b8:	f7ff fab0 	bl	1000591c <tud_suspended>
100063bc:	2800      	cmp	r0, #0
100063be:	d109      	bne.n	100063d4 <tud_cdc_n_connected+0x2c>
100063c0:	4b06      	ldr	r3, [pc, #24]	@ (100063dc <tud_cdc_n_connected+0x34>)
100063c2:	22b2      	movs	r2, #178	@ 0xb2
100063c4:	0092      	lsls	r2, r2, #2
100063c6:	4362      	muls	r2, r4
100063c8:	189b      	adds	r3, r3, r2
100063ca:	791b      	ldrb	r3, [r3, #4]
100063cc:	07db      	lsls	r3, r3, #31
100063ce:	d503      	bpl.n	100063d8 <tud_cdc_n_connected+0x30>
100063d0:	3001      	adds	r0, #1
100063d2:	e7f0      	b.n	100063b6 <tud_cdc_n_connected+0xe>
100063d4:	2000      	movs	r0, #0
100063d6:	e7ee      	b.n	100063b6 <tud_cdc_n_connected+0xe>
100063d8:	2000      	movs	r0, #0
100063da:	e7ec      	b.n	100063b6 <tud_cdc_n_connected+0xe>
100063dc:	20000fac 	.word	0x20000fac

100063e0 <tud_cdc_n_available>:
100063e0:	b510      	push	{r4, lr}
100063e2:	23b2      	movs	r3, #178	@ 0xb2
100063e4:	009b      	lsls	r3, r3, #2
100063e6:	4343      	muls	r3, r0
100063e8:	3310      	adds	r3, #16
100063ea:	4802      	ldr	r0, [pc, #8]	@ (100063f4 <tud_cdc_n_available+0x14>)
100063ec:	1818      	adds	r0, r3, r0
100063ee:	f000 fdee 	bl	10006fce <tu_fifo_count>
100063f2:	bd10      	pop	{r4, pc}
100063f4:	20000fac 	.word	0x20000fac

100063f8 <tud_cdc_n_read>:
100063f8:	b570      	push	{r4, r5, r6, lr}
100063fa:	23b2      	movs	r3, #178	@ 0xb2
100063fc:	009b      	lsls	r3, r3, #2
100063fe:	4358      	muls	r0, r3
10006400:	4b06      	ldr	r3, [pc, #24]	@ (1000641c <tud_cdc_n_read+0x24>)
10006402:	18c5      	adds	r5, r0, r3
10006404:	b292      	uxth	r2, r2
10006406:	3010      	adds	r0, #16
10006408:	18c0      	adds	r0, r0, r3
1000640a:	f000 fe47 	bl	1000709c <tu_fifo_read_n>
1000640e:	0004      	movs	r4, r0
10006410:	0028      	movs	r0, r5
10006412:	f7ff ffa3 	bl	1000635c <_prep_out_transaction>
10006416:	0020      	movs	r0, r4
10006418:	bd70      	pop	{r4, r5, r6, pc}
1000641a:	46c0      	nop			@ (mov r8, r8)
1000641c:	20000fac 	.word	0x20000fac

10006420 <tud_cdc_n_write_flush>:
10006420:	b570      	push	{r4, r5, r6, lr}
10006422:	0005      	movs	r5, r0
10006424:	f7ff fa72 	bl	1000590c <tud_mounted>
10006428:	2800      	cmp	r0, #0
1000642a:	d104      	bne.n	10006436 <tud_cdc_n_write_flush+0x16>
1000642c:	2300      	movs	r3, #0
1000642e:	2b00      	cmp	r3, #0
10006430:	d109      	bne.n	10006446 <tud_cdc_n_write_flush+0x26>
10006432:	2000      	movs	r0, #0
10006434:	bd70      	pop	{r4, r5, r6, pc}
10006436:	f7ff fa71 	bl	1000591c <tud_suspended>
1000643a:	2800      	cmp	r0, #0
1000643c:	d101      	bne.n	10006442 <tud_cdc_n_write_flush+0x22>
1000643e:	2301      	movs	r3, #1
10006440:	e7f5      	b.n	1000642e <tud_cdc_n_write_flush+0xe>
10006442:	2300      	movs	r3, #0
10006444:	e7f3      	b.n	1000642e <tud_cdc_n_write_flush+0xe>
10006446:	24b2      	movs	r4, #178	@ 0xb2
10006448:	00a4      	lsls	r4, r4, #2
1000644a:	436c      	muls	r4, r5
1000644c:	3420      	adds	r4, #32
1000644e:	4b21      	ldr	r3, [pc, #132]	@ (100064d4 <tud_cdc_n_write_flush+0xb4>)
10006450:	18e4      	adds	r4, r4, r3
10006452:	3404      	adds	r4, #4
10006454:	0020      	movs	r0, r4
10006456:	f000 fdba 	bl	10006fce <tu_fifo_count>
1000645a:	2800      	cmp	r0, #0
1000645c:	d101      	bne.n	10006462 <tud_cdc_n_write_flush+0x42>
1000645e:	2000      	movs	r0, #0
10006460:	e7e8      	b.n	10006434 <tud_cdc_n_write_flush+0x14>
10006462:	4b1c      	ldr	r3, [pc, #112]	@ (100064d4 <tud_cdc_n_write_flush+0xb4>)
10006464:	22b2      	movs	r2, #178	@ 0xb2
10006466:	0092      	lsls	r2, r2, #2
10006468:	436a      	muls	r2, r5
1000646a:	189b      	adds	r3, r3, r2
1000646c:	7899      	ldrb	r1, [r3, #2]
1000646e:	2000      	movs	r0, #0
10006470:	f7ff fb2e 	bl	10005ad0 <usbd_edpt_claim>
10006474:	2800      	cmp	r0, #0
10006476:	d101      	bne.n	1000647c <tud_cdc_n_write_flush+0x5c>
10006478:	2000      	movs	r0, #0
1000647a:	e7db      	b.n	10006434 <tud_cdc_n_write_flush+0x14>
1000647c:	26b2      	movs	r6, #178	@ 0xb2
1000647e:	00b6      	lsls	r6, r6, #2
10006480:	436e      	muls	r6, r5
10006482:	23a2      	movs	r3, #162	@ 0xa2
10006484:	009b      	lsls	r3, r3, #2
10006486:	469c      	mov	ip, r3
10006488:	4466      	add	r6, ip
1000648a:	4b12      	ldr	r3, [pc, #72]	@ (100064d4 <tud_cdc_n_write_flush+0xb4>)
1000648c:	18f6      	adds	r6, r6, r3
1000648e:	2240      	movs	r2, #64	@ 0x40
10006490:	0031      	movs	r1, r6
10006492:	0020      	movs	r0, r4
10006494:	f000 fe02 	bl	1000709c <tu_fifo_read_n>
10006498:	1e04      	subs	r4, r0, #0
1000649a:	d00e      	beq.n	100064ba <tud_cdc_n_write_flush+0x9a>
1000649c:	4b0d      	ldr	r3, [pc, #52]	@ (100064d4 <tud_cdc_n_write_flush+0xb4>)
1000649e:	22b2      	movs	r2, #178	@ 0xb2
100064a0:	0092      	lsls	r2, r2, #2
100064a2:	436a      	muls	r2, r5
100064a4:	189b      	adds	r3, r3, r2
100064a6:	7899      	ldrb	r1, [r3, #2]
100064a8:	0003      	movs	r3, r0
100064aa:	0032      	movs	r2, r6
100064ac:	2000      	movs	r0, #0
100064ae:	f7ff fb37 	bl	10005b20 <usbd_edpt_xfer>
100064b2:	2800      	cmp	r0, #0
100064b4:	d00c      	beq.n	100064d0 <tud_cdc_n_write_flush+0xb0>
100064b6:	0020      	movs	r0, r4
100064b8:	e7bc      	b.n	10006434 <tud_cdc_n_write_flush+0x14>
100064ba:	4b06      	ldr	r3, [pc, #24]	@ (100064d4 <tud_cdc_n_write_flush+0xb4>)
100064bc:	22b2      	movs	r2, #178	@ 0xb2
100064be:	0092      	lsls	r2, r2, #2
100064c0:	436a      	muls	r2, r5
100064c2:	189b      	adds	r3, r3, r2
100064c4:	7899      	ldrb	r1, [r3, #2]
100064c6:	2000      	movs	r0, #0
100064c8:	f7ff fb16 	bl	10005af8 <usbd_edpt_release>
100064cc:	2000      	movs	r0, #0
100064ce:	e7b1      	b.n	10006434 <tud_cdc_n_write_flush+0x14>
100064d0:	2000      	movs	r0, #0
100064d2:	e7af      	b.n	10006434 <tud_cdc_n_write_flush+0x14>
100064d4:	20000fac 	.word	0x20000fac

100064d8 <tud_cdc_n_write>:
100064d8:	b570      	push	{r4, r5, r6, lr}
100064da:	0005      	movs	r5, r0
100064dc:	24b2      	movs	r4, #178	@ 0xb2
100064de:	00a4      	lsls	r4, r4, #2
100064e0:	4344      	muls	r4, r0
100064e2:	3420      	adds	r4, #32
100064e4:	4b09      	ldr	r3, [pc, #36]	@ (1000650c <tud_cdc_n_write+0x34>)
100064e6:	18e4      	adds	r4, r4, r3
100064e8:	3404      	adds	r4, #4
100064ea:	b292      	uxth	r2, r2
100064ec:	0020      	movs	r0, r4
100064ee:	f000 fe0c 	bl	1000710a <tu_fifo_write_n>
100064f2:	0006      	movs	r6, r0
100064f4:	0020      	movs	r0, r4
100064f6:	f000 fd6a 	bl	10006fce <tu_fifo_count>
100064fa:	283f      	cmp	r0, #63	@ 0x3f
100064fc:	d801      	bhi.n	10006502 <tud_cdc_n_write+0x2a>
100064fe:	0030      	movs	r0, r6
10006500:	bd70      	pop	{r4, r5, r6, pc}
10006502:	0028      	movs	r0, r5
10006504:	f7ff ff8c 	bl	10006420 <tud_cdc_n_write_flush>
10006508:	e7f9      	b.n	100064fe <tud_cdc_n_write+0x26>
1000650a:	46c0      	nop			@ (mov r8, r8)
1000650c:	20000fac 	.word	0x20000fac

10006510 <tud_cdc_n_write_available>:
10006510:	b510      	push	{r4, lr}
10006512:	23b2      	movs	r3, #178	@ 0xb2
10006514:	009b      	lsls	r3, r3, #2
10006516:	4358      	muls	r0, r3
10006518:	3020      	adds	r0, #32
1000651a:	4b03      	ldr	r3, [pc, #12]	@ (10006528 <tud_cdc_n_write_available+0x18>)
1000651c:	18c0      	adds	r0, r0, r3
1000651e:	3004      	adds	r0, #4
10006520:	f000 fd85 	bl	1000702e <tu_fifo_remaining>
10006524:	bd10      	pop	{r4, pc}
10006526:	46c0      	nop			@ (mov r8, r8)
10006528:	20000fac 	.word	0x20000fac

1000652c <cdcd_init>:
1000652c:	b5f0      	push	{r4, r5, r6, r7, lr}
1000652e:	46ce      	mov	lr, r9
10006530:	4647      	mov	r7, r8
10006532:	b580      	push	{r7, lr}
10006534:	b083      	sub	sp, #12
10006536:	482a      	ldr	r0, [pc, #168]	@ (100065e0 <cdcd_init+0xb4>)
10006538:	22b2      	movs	r2, #178	@ 0xb2
1000653a:	0092      	lsls	r2, r2, #2
1000653c:	2100      	movs	r1, #0
1000653e:	f7fe f979 	bl	10004834 <__wrap_memset>
10006542:	2700      	movs	r7, #0
10006544:	2f00      	cmp	r7, #0
10006546:	d004      	beq.n	10006552 <cdcd_init+0x26>
10006548:	b003      	add	sp, #12
1000654a:	bcc0      	pop	{r6, r7}
1000654c:	46b9      	mov	r9, r7
1000654e:	46b0      	mov	r8, r6
10006550:	bdf0      	pop	{r4, r5, r6, r7, pc}
10006552:	4e23      	ldr	r6, [pc, #140]	@ (100065e0 <cdcd_init+0xb4>)
10006554:	24b2      	movs	r4, #178	@ 0xb2
10006556:	00a4      	lsls	r4, r4, #2
10006558:	437c      	muls	r4, r7
1000655a:	1935      	adds	r5, r6, r4
1000655c:	23ff      	movs	r3, #255	@ 0xff
1000655e:	716b      	strb	r3, [r5, #5]
10006560:	2300      	movs	r3, #0
10006562:	4698      	mov	r8, r3
10006564:	4a1f      	ldr	r2, [pc, #124]	@ (100065e4 <cdcd_init+0xb8>)
10006566:	80ea      	strh	r2, [r5, #6]
10006568:	2201      	movs	r2, #1
1000656a:	812a      	strh	r2, [r5, #8]
1000656c:	72ab      	strb	r3, [r5, #10]
1000656e:	72eb      	strb	r3, [r5, #11]
10006570:	2308      	movs	r3, #8
10006572:	732b      	strb	r3, [r5, #12]
10006574:	0021      	movs	r1, r4
10006576:	3138      	adds	r1, #56	@ 0x38
10006578:	1989      	adds	r1, r1, r6
1000657a:	33f8      	adds	r3, #248	@ 0xf8
1000657c:	4699      	mov	r9, r3
1000657e:	0020      	movs	r0, r4
10006580:	3010      	adds	r0, #16
10006582:	1980      	adds	r0, r0, r6
10006584:	4643      	mov	r3, r8
10006586:	9300      	str	r3, [sp, #0]
10006588:	3301      	adds	r3, #1
1000658a:	464a      	mov	r2, r9
1000658c:	f000 fce1 	bl	10006f52 <tu_fifo_config>
10006590:	0021      	movs	r1, r4
10006592:	3139      	adds	r1, #57	@ 0x39
10006594:	31ff      	adds	r1, #255	@ 0xff
10006596:	1989      	adds	r1, r1, r6
10006598:	0020      	movs	r0, r4
1000659a:	3020      	adds	r0, #32
1000659c:	1980      	adds	r0, r0, r6
1000659e:	3004      	adds	r0, #4
100065a0:	2301      	movs	r3, #1
100065a2:	9300      	str	r3, [sp, #0]
100065a4:	464a      	mov	r2, r9
100065a6:	f000 fcd4 	bl	10006f52 <tu_fifo_config>
100065aa:	238e      	movs	r3, #142	@ 0x8e
100065ac:	009b      	lsls	r3, r3, #2
100065ae:	18e3      	adds	r3, r4, r3
100065b0:	4699      	mov	r9, r3
100065b2:	44b1      	add	r9, r6
100065b4:	4648      	mov	r0, r9
100065b6:	f7fb f86e 	bl	10001696 <mutex_init>
100065ba:	4643      	mov	r3, r8
100065bc:	61eb      	str	r3, [r5, #28]
100065be:	464b      	mov	r3, r9
100065c0:	622b      	str	r3, [r5, #32]
100065c2:	2390      	movs	r3, #144	@ 0x90
100065c4:	009b      	lsls	r3, r3, #2
100065c6:	469c      	mov	ip, r3
100065c8:	4464      	add	r4, ip
100065ca:	19a4      	adds	r4, r4, r6
100065cc:	0020      	movs	r0, r4
100065ce:	f7fb f862 	bl	10001696 <mutex_init>
100065d2:	632c      	str	r4, [r5, #48]	@ 0x30
100065d4:	4643      	mov	r3, r8
100065d6:	636b      	str	r3, [r5, #52]	@ 0x34
100065d8:	3701      	adds	r7, #1
100065da:	b2ff      	uxtb	r7, r7
100065dc:	e7b2      	b.n	10006544 <cdcd_init+0x18>
100065de:	46c0      	nop			@ (mov r8, r8)
100065e0:	20000fac 	.word	0x20000fac
100065e4:	ffffc200 	.word	0xffffc200

100065e8 <cdcd_reset>:
100065e8:	b570      	push	{r4, r5, r6, lr}
100065ea:	2500      	movs	r5, #0
100065ec:	2d00      	cmp	r5, #0
100065ee:	d000      	beq.n	100065f2 <cdcd_reset+0xa>
100065f0:	bd70      	pop	{r4, r5, r6, pc}
100065f2:	24b2      	movs	r4, #178	@ 0xb2
100065f4:	00a4      	lsls	r4, r4, #2
100065f6:	436c      	muls	r4, r5
100065f8:	4e0b      	ldr	r6, [pc, #44]	@ (10006628 <cdcd_reset+0x40>)
100065fa:	19a0      	adds	r0, r4, r6
100065fc:	2205      	movs	r2, #5
100065fe:	2100      	movs	r1, #0
10006600:	f7fe f918 	bl	10004834 <__wrap_memset>
10006604:	0020      	movs	r0, r4
10006606:	3010      	adds	r0, #16
10006608:	1980      	adds	r0, r0, r6
1000660a:	f000 fd83 	bl	10007114 <tu_fifo_clear>
1000660e:	3420      	adds	r4, #32
10006610:	19a4      	adds	r4, r4, r6
10006612:	3404      	adds	r4, #4
10006614:	0020      	movs	r0, r4
10006616:	f000 fd7d 	bl	10007114 <tu_fifo_clear>
1000661a:	2101      	movs	r1, #1
1000661c:	0020      	movs	r0, r4
1000661e:	f000 fd98 	bl	10007152 <tu_fifo_set_overwritable>
10006622:	3501      	adds	r5, #1
10006624:	b2ed      	uxtb	r5, r5
10006626:	e7e1      	b.n	100065ec <cdcd_reset+0x4>
10006628:	20000fac 	.word	0x20000fac

1000662c <cdcd_open>:
1000662c:	b5f0      	push	{r4, r5, r6, r7, lr}
1000662e:	b083      	sub	sp, #12
10006630:	0004      	movs	r4, r0
10006632:	794b      	ldrb	r3, [r1, #5]
10006634:	2b02      	cmp	r3, #2
10006636:	d14e      	bne.n	100066d6 <cdcd_open+0xaa>
10006638:	798b      	ldrb	r3, [r1, #6]
1000663a:	2b02      	cmp	r3, #2
1000663c:	d14f      	bne.n	100066de <cdcd_open+0xb2>
1000663e:	2300      	movs	r3, #0
10006640:	2b00      	cmp	r3, #0
10006642:	d001      	beq.n	10006648 <cdcd_open+0x1c>
10006644:	2500      	movs	r5, #0
10006646:	e047      	b.n	100066d8 <cdcd_open+0xac>
10006648:	4828      	ldr	r0, [pc, #160]	@ (100066ec <cdcd_open+0xc0>)
1000664a:	25b2      	movs	r5, #178	@ 0xb2
1000664c:	00ad      	lsls	r5, r5, #2
1000664e:	435d      	muls	r5, r3
10006650:	1940      	adds	r0, r0, r5
10006652:	7880      	ldrb	r0, [r0, #2]
10006654:	2800      	cmp	r0, #0
10006656:	d002      	beq.n	1000665e <cdcd_open+0x32>
10006658:	3301      	adds	r3, #1
1000665a:	b2db      	uxtb	r3, r3
1000665c:	e7f0      	b.n	10006640 <cdcd_open+0x14>
1000665e:	4b23      	ldr	r3, [pc, #140]	@ (100066ec <cdcd_open+0xc0>)
10006660:	18ee      	adds	r6, r5, r3
10006662:	788b      	ldrb	r3, [r1, #2]
10006664:	7033      	strb	r3, [r6, #0]
10006666:	780f      	ldrb	r7, [r1, #0]
10006668:	19cf      	adds	r7, r1, r7
1000666a:	2509      	movs	r5, #9
1000666c:	e003      	b.n	10006676 <cdcd_open+0x4a>
1000666e:	783b      	ldrb	r3, [r7, #0]
10006670:	195d      	adds	r5, r3, r5
10006672:	b2ad      	uxth	r5, r5
10006674:	18ff      	adds	r7, r7, r3
10006676:	787b      	ldrb	r3, [r7, #1]
10006678:	2b24      	cmp	r3, #36	@ 0x24
1000667a:	d101      	bne.n	10006680 <cdcd_open+0x54>
1000667c:	4295      	cmp	r5, r2
1000667e:	d9f6      	bls.n	1000666e <cdcd_open+0x42>
10006680:	2b05      	cmp	r3, #5
10006682:	d009      	beq.n	10006698 <cdcd_open+0x6c>
10006684:	787b      	ldrb	r3, [r7, #1]
10006686:	2b04      	cmp	r3, #4
10006688:	d102      	bne.n	10006690 <cdcd_open+0x64>
1000668a:	797b      	ldrb	r3, [r7, #5]
1000668c:	2b0a      	cmp	r3, #10
1000668e:	d010      	beq.n	100066b2 <cdcd_open+0x86>
10006690:	0030      	movs	r0, r6
10006692:	f7ff fe63 	bl	1000635c <_prep_out_transaction>
10006696:	e01f      	b.n	100066d8 <cdcd_open+0xac>
10006698:	0039      	movs	r1, r7
1000669a:	0020      	movs	r0, r4
1000669c:	f7ff f9cc 	bl	10005a38 <usbd_edpt_open>
100066a0:	2800      	cmp	r0, #0
100066a2:	d01e      	beq.n	100066e2 <cdcd_open+0xb6>
100066a4:	78bb      	ldrb	r3, [r7, #2]
100066a6:	7073      	strb	r3, [r6, #1]
100066a8:	783b      	ldrb	r3, [r7, #0]
100066aa:	195d      	adds	r5, r3, r5
100066ac:	b2ad      	uxth	r5, r5
100066ae:	18ff      	adds	r7, r7, r3
100066b0:	e7e8      	b.n	10006684 <cdcd_open+0x58>
100066b2:	7839      	ldrb	r1, [r7, #0]
100066b4:	194d      	adds	r5, r1, r5
100066b6:	b2ad      	uxth	r5, r5
100066b8:	1879      	adds	r1, r7, r1
100066ba:	1cb3      	adds	r3, r6, #2
100066bc:	9301      	str	r3, [sp, #4]
100066be:	1cf3      	adds	r3, r6, #3
100066c0:	9300      	str	r3, [sp, #0]
100066c2:	2302      	movs	r3, #2
100066c4:	2202      	movs	r2, #2
100066c6:	0020      	movs	r0, r4
100066c8:	f7ff f9d0 	bl	10005a6c <usbd_open_edpt_pair>
100066cc:	2800      	cmp	r0, #0
100066ce:	d00a      	beq.n	100066e6 <cdcd_open+0xba>
100066d0:	350e      	adds	r5, #14
100066d2:	b2ad      	uxth	r5, r5
100066d4:	e7dc      	b.n	10006690 <cdcd_open+0x64>
100066d6:	2500      	movs	r5, #0
100066d8:	0028      	movs	r0, r5
100066da:	b003      	add	sp, #12
100066dc:	bdf0      	pop	{r4, r5, r6, r7, pc}
100066de:	2500      	movs	r5, #0
100066e0:	e7fa      	b.n	100066d8 <cdcd_open+0xac>
100066e2:	2500      	movs	r5, #0
100066e4:	e7f8      	b.n	100066d8 <cdcd_open+0xac>
100066e6:	2500      	movs	r5, #0
100066e8:	e7f6      	b.n	100066d8 <cdcd_open+0xac>
100066ea:	46c0      	nop			@ (mov r8, r8)
100066ec:	20000fac 	.word	0x20000fac

100066f0 <cdcd_control_xfer_cb>:
100066f0:	b5f8      	push	{r3, r4, r5, r6, r7, lr}
100066f2:	0014      	movs	r4, r2
100066f4:	7812      	ldrb	r2, [r2, #0]
100066f6:	2360      	movs	r3, #96	@ 0x60
100066f8:	4013      	ands	r3, r2
100066fa:	2b20      	cmp	r3, #32
100066fc:	d000      	beq.n	10006700 <cdcd_control_xfer_cb+0x10>
100066fe:	e07f      	b.n	10006800 <cdcd_control_xfer_cb+0x110>
10006700:	4a44      	ldr	r2, [pc, #272]	@ (10006814 <cdcd_control_xfer_cb+0x124>)
10006702:	2500      	movs	r5, #0
10006704:	2d00      	cmp	r5, #0
10006706:	d000      	beq.n	1000670a <cdcd_control_xfer_cb+0x1a>
10006708:	e07c      	b.n	10006804 <cdcd_control_xfer_cb+0x114>
1000670a:	7816      	ldrb	r6, [r2, #0]
1000670c:	7927      	ldrb	r7, [r4, #4]
1000670e:	7963      	ldrb	r3, [r4, #5]
10006710:	021b      	lsls	r3, r3, #8
10006712:	433b      	orrs	r3, r7
10006714:	429e      	cmp	r6, r3
10006716:	d006      	beq.n	10006726 <cdcd_control_xfer_cb+0x36>
10006718:	3501      	adds	r5, #1
1000671a:	b2ed      	uxtb	r5, r5
1000671c:	23b2      	movs	r3, #178	@ 0xb2
1000671e:	009b      	lsls	r3, r3, #2
10006720:	469c      	mov	ip, r3
10006722:	4462      	add	r2, ip
10006724:	e7ee      	b.n	10006704 <cdcd_control_xfer_cb+0x14>
10006726:	7863      	ldrb	r3, [r4, #1]
10006728:	2b22      	cmp	r3, #34	@ 0x22
1000672a:	d031      	beq.n	10006790 <cdcd_control_xfer_cb+0xa0>
1000672c:	d809      	bhi.n	10006742 <cdcd_control_xfer_cb+0x52>
1000672e:	2b20      	cmp	r3, #32
10006730:	d011      	beq.n	10006756 <cdcd_control_xfer_cb+0x66>
10006732:	2b21      	cmp	r3, #33	@ 0x21
10006734:	d103      	bne.n	1000673e <cdcd_control_xfer_cb+0x4e>
10006736:	2901      	cmp	r1, #1
10006738:	d023      	beq.n	10006782 <cdcd_control_xfer_cb+0x92>
1000673a:	2001      	movs	r0, #1
1000673c:	e061      	b.n	10006802 <cdcd_control_xfer_cb+0x112>
1000673e:	2000      	movs	r0, #0
10006740:	e05f      	b.n	10006802 <cdcd_control_xfer_cb+0x112>
10006742:	2b23      	cmp	r3, #35	@ 0x23
10006744:	d105      	bne.n	10006752 <cdcd_control_xfer_cb+0x62>
10006746:	2901      	cmp	r1, #1
10006748:	d049      	beq.n	100067de <cdcd_control_xfer_cb+0xee>
1000674a:	2903      	cmp	r1, #3
1000674c:	d04c      	beq.n	100067e8 <cdcd_control_xfer_cb+0xf8>
1000674e:	2001      	movs	r0, #1
10006750:	e057      	b.n	10006802 <cdcd_control_xfer_cb+0x112>
10006752:	2000      	movs	r0, #0
10006754:	e055      	b.n	10006802 <cdcd_control_xfer_cb+0x112>
10006756:	2901      	cmp	r1, #1
10006758:	d003      	beq.n	10006762 <cdcd_control_xfer_cb+0x72>
1000675a:	2903      	cmp	r1, #3
1000675c:	d008      	beq.n	10006770 <cdcd_control_xfer_cb+0x80>
1000675e:	2001      	movs	r0, #1
10006760:	e04f      	b.n	10006802 <cdcd_control_xfer_cb+0x112>
10006762:	3206      	adds	r2, #6
10006764:	2307      	movs	r3, #7
10006766:	0021      	movs	r1, r4
10006768:	f7ff fd48 	bl	100061fc <tud_control_xfer>
1000676c:	2001      	movs	r0, #1
1000676e:	e048      	b.n	10006802 <cdcd_control_xfer_cb+0x112>
10006770:	4b29      	ldr	r3, [pc, #164]	@ (10006818 <cdcd_control_xfer_cb+0x128>)
10006772:	2b00      	cmp	r3, #0
10006774:	d048      	beq.n	10006808 <cdcd_control_xfer_cb+0x118>
10006776:	1d91      	adds	r1, r2, #6
10006778:	0028      	movs	r0, r5
1000677a:	f7fe fa65 	bl	10004c48 <tud_cdc_line_coding_cb>
1000677e:	2001      	movs	r0, #1
10006780:	e03f      	b.n	10006802 <cdcd_control_xfer_cb+0x112>
10006782:	3206      	adds	r2, #6
10006784:	2307      	movs	r3, #7
10006786:	0021      	movs	r1, r4
10006788:	f7ff fd38 	bl	100061fc <tud_control_xfer>
1000678c:	2001      	movs	r0, #1
1000678e:	e038      	b.n	10006802 <cdcd_control_xfer_cb+0x112>
10006790:	2901      	cmp	r1, #1
10006792:	d003      	beq.n	1000679c <cdcd_control_xfer_cb+0xac>
10006794:	2903      	cmp	r1, #3
10006796:	d006      	beq.n	100067a6 <cdcd_control_xfer_cb+0xb6>
10006798:	2001      	movs	r0, #1
1000679a:	e032      	b.n	10006802 <cdcd_control_xfer_cb+0x112>
1000679c:	0021      	movs	r1, r4
1000679e:	f7ff fd19 	bl	100061d4 <tud_control_status>
100067a2:	2001      	movs	r0, #1
100067a4:	e02d      	b.n	10006802 <cdcd_control_xfer_cb+0x112>
100067a6:	78a1      	ldrb	r1, [r4, #2]
100067a8:	78e3      	ldrb	r3, [r4, #3]
100067aa:	021b      	lsls	r3, r3, #8
100067ac:	430b      	orrs	r3, r1
100067ae:	2001      	movs	r0, #1
100067b0:	0019      	movs	r1, r3
100067b2:	4001      	ands	r1, r0
100067b4:	000e      	movs	r6, r1
100067b6:	085c      	lsrs	r4, r3, #1
100067b8:	4004      	ands	r4, r0
100067ba:	7113      	strb	r3, [r2, #4]
100067bc:	424b      	negs	r3, r1
100067be:	4159      	adcs	r1, r3
100067c0:	b2c9      	uxtb	r1, r1
100067c2:	3224      	adds	r2, #36	@ 0x24
100067c4:	0010      	movs	r0, r2
100067c6:	f000 fcc4 	bl	10007152 <tu_fifo_set_overwritable>
100067ca:	4b14      	ldr	r3, [pc, #80]	@ (1000681c <cdcd_control_xfer_cb+0x12c>)
100067cc:	2b00      	cmp	r3, #0
100067ce:	d01d      	beq.n	1000680c <cdcd_control_xfer_cb+0x11c>
100067d0:	0022      	movs	r2, r4
100067d2:	0031      	movs	r1, r6
100067d4:	0028      	movs	r0, r5
100067d6:	e000      	b.n	100067da <cdcd_control_xfer_cb+0xea>
100067d8:	bf00      	nop
100067da:	2001      	movs	r0, #1
100067dc:	e011      	b.n	10006802 <cdcd_control_xfer_cb+0x112>
100067de:	0021      	movs	r1, r4
100067e0:	f7ff fcf8 	bl	100061d4 <tud_control_status>
100067e4:	2001      	movs	r0, #1
100067e6:	e00c      	b.n	10006802 <cdcd_control_xfer_cb+0x112>
100067e8:	4b0d      	ldr	r3, [pc, #52]	@ (10006820 <cdcd_control_xfer_cb+0x130>)
100067ea:	2b00      	cmp	r3, #0
100067ec:	d010      	beq.n	10006810 <cdcd_control_xfer_cb+0x120>
100067ee:	78a3      	ldrb	r3, [r4, #2]
100067f0:	78e1      	ldrb	r1, [r4, #3]
100067f2:	0209      	lsls	r1, r1, #8
100067f4:	4319      	orrs	r1, r3
100067f6:	0028      	movs	r0, r5
100067f8:	e000      	b.n	100067fc <cdcd_control_xfer_cb+0x10c>
100067fa:	bf00      	nop
100067fc:	2001      	movs	r0, #1
100067fe:	e000      	b.n	10006802 <cdcd_control_xfer_cb+0x112>
10006800:	2000      	movs	r0, #0
10006802:	bdf8      	pop	{r3, r4, r5, r6, r7, pc}
10006804:	2000      	movs	r0, #0
10006806:	e7fc      	b.n	10006802 <cdcd_control_xfer_cb+0x112>
10006808:	2001      	movs	r0, #1
1000680a:	e7fa      	b.n	10006802 <cdcd_control_xfer_cb+0x112>
1000680c:	2001      	movs	r0, #1
1000680e:	e7f8      	b.n	10006802 <cdcd_control_xfer_cb+0x112>
10006810:	2001      	movs	r0, #1
10006812:	e7f6      	b.n	10006802 <cdcd_control_xfer_cb+0x112>
10006814:	20000fac 	.word	0x20000fac
10006818:	10004c49 	.word	0x10004c49
	...

10006824 <cdcd_xfer_cb>:
10006824:	b5f0      	push	{r4, r5, r6, r7, lr}
10006826:	46d6      	mov	lr, sl
10006828:	b500      	push	{lr}
1000682a:	b082      	sub	sp, #8
1000682c:	9001      	str	r0, [sp, #4]
1000682e:	000f      	movs	r7, r1
10006830:	9300      	str	r3, [sp, #0]
10006832:	2400      	movs	r4, #0
10006834:	2c00      	cmp	r4, #0
10006836:	d00e      	beq.n	10006856 <cdcd_xfer_cb+0x32>
10006838:	2c00      	cmp	r4, #0
1000683a:	d000      	beq.n	1000683e <cdcd_xfer_cb+0x1a>
1000683c:	e07c      	b.n	10006938 <cdcd_xfer_cb+0x114>
1000683e:	78eb      	ldrb	r3, [r5, #3]
10006840:	42bb      	cmp	r3, r7
10006842:	d016      	beq.n	10006872 <cdcd_xfer_cb+0x4e>
10006844:	78ab      	ldrb	r3, [r5, #2]
10006846:	42bb      	cmp	r3, r7
10006848:	d04d      	beq.n	100068e6 <cdcd_xfer_cb+0xc2>
1000684a:	2401      	movs	r4, #1
1000684c:	0020      	movs	r0, r4
1000684e:	b002      	add	sp, #8
10006850:	bc80      	pop	{r7}
10006852:	46ba      	mov	sl, r7
10006854:	bdf0      	pop	{r4, r5, r6, r7, pc}
10006856:	25b2      	movs	r5, #178	@ 0xb2
10006858:	00ad      	lsls	r5, r5, #2
1000685a:	4365      	muls	r5, r4
1000685c:	4b39      	ldr	r3, [pc, #228]	@ (10006944 <cdcd_xfer_cb+0x120>)
1000685e:	18ed      	adds	r5, r5, r3
10006860:	78eb      	ldrb	r3, [r5, #3]
10006862:	42bb      	cmp	r3, r7
10006864:	d0e8      	beq.n	10006838 <cdcd_xfer_cb+0x14>
10006866:	78ab      	ldrb	r3, [r5, #2]
10006868:	42bb      	cmp	r3, r7
1000686a:	d0e5      	beq.n	10006838 <cdcd_xfer_cb+0x14>
1000686c:	3401      	adds	r4, #1
1000686e:	b2e4      	uxtb	r4, r4
10006870:	e7e0      	b.n	10006834 <cdcd_xfer_cb+0x10>
10006872:	2310      	movs	r3, #16
10006874:	469a      	mov	sl, r3
10006876:	44aa      	add	sl, r5
10006878:	2392      	movs	r3, #146	@ 0x92
1000687a:	009b      	lsls	r3, r3, #2
1000687c:	18e9      	adds	r1, r5, r3
1000687e:	466b      	mov	r3, sp
10006880:	881a      	ldrh	r2, [r3, #0]
10006882:	4650      	mov	r0, sl
10006884:	f000 fc41 	bl	1000710a <tu_fifo_write_n>
10006888:	4b2f      	ldr	r3, [pc, #188]	@ (10006948 <cdcd_xfer_cb+0x124>)
1000688a:	2b00      	cmp	r3, #0
1000688c:	d01b      	beq.n	100068c6 <cdcd_xfer_cb+0xa2>
1000688e:	796b      	ldrb	r3, [r5, #5]
10006890:	2bff      	cmp	r3, #255	@ 0xff
10006892:	d018      	beq.n	100068c6 <cdcd_xfer_cb+0xa2>
10006894:	2600      	movs	r6, #0
10006896:	e000      	b.n	1000689a <cdcd_xfer_cb+0x76>
10006898:	3601      	adds	r6, #1
1000689a:	9b00      	ldr	r3, [sp, #0]
1000689c:	429e      	cmp	r6, r3
1000689e:	d212      	bcs.n	100068c6 <cdcd_xfer_cb+0xa2>
100068a0:	796a      	ldrb	r2, [r5, #5]
100068a2:	19ab      	adds	r3, r5, r6
100068a4:	2192      	movs	r1, #146	@ 0x92
100068a6:	0089      	lsls	r1, r1, #2
100068a8:	468c      	mov	ip, r1
100068aa:	4463      	add	r3, ip
100068ac:	781b      	ldrb	r3, [r3, #0]
100068ae:	429a      	cmp	r2, r3
100068b0:	d1f2      	bne.n	10006898 <cdcd_xfer_cb+0x74>
100068b2:	4650      	mov	r0, sl
100068b4:	f000 fba0 	bl	10006ff8 <tu_fifo_empty>
100068b8:	2800      	cmp	r0, #0
100068ba:	d1ed      	bne.n	10006898 <cdcd_xfer_cb+0x74>
100068bc:	7969      	ldrb	r1, [r5, #5]
100068be:	0020      	movs	r0, r4
100068c0:	e000      	b.n	100068c4 <cdcd_xfer_cb+0xa0>
100068c2:	bf00      	nop
100068c4:	e7e8      	b.n	10006898 <cdcd_xfer_cb+0x74>
100068c6:	4b21      	ldr	r3, [pc, #132]	@ (1000694c <cdcd_xfer_cb+0x128>)
100068c8:	2b00      	cmp	r3, #0
100068ca:	d004      	beq.n	100068d6 <cdcd_xfer_cb+0xb2>
100068cc:	4650      	mov	r0, sl
100068ce:	f000 fb93 	bl	10006ff8 <tu_fifo_empty>
100068d2:	2800      	cmp	r0, #0
100068d4:	d003      	beq.n	100068de <cdcd_xfer_cb+0xba>
100068d6:	0028      	movs	r0, r5
100068d8:	f7ff fd40 	bl	1000635c <_prep_out_transaction>
100068dc:	e7b2      	b.n	10006844 <cdcd_xfer_cb+0x20>
100068de:	0020      	movs	r0, r4
100068e0:	f7fe faec 	bl	10004ebc <tud_cdc_rx_cb>
100068e4:	e7f7      	b.n	100068d6 <cdcd_xfer_cb+0xb2>
100068e6:	4b1a      	ldr	r3, [pc, #104]	@ (10006950 <cdcd_xfer_cb+0x12c>)
100068e8:	2b00      	cmp	r3, #0
100068ea:	d002      	beq.n	100068f2 <cdcd_xfer_cb+0xce>
100068ec:	0020      	movs	r0, r4
100068ee:	e000      	b.n	100068f2 <cdcd_xfer_cb+0xce>
100068f0:	bf00      	nop
100068f2:	0020      	movs	r0, r4
100068f4:	f7ff fd94 	bl	10006420 <tud_cdc_n_write_flush>
100068f8:	2800      	cmp	r0, #0
100068fa:	d001      	beq.n	10006900 <cdcd_xfer_cb+0xdc>
100068fc:	2401      	movs	r4, #1
100068fe:	e7a5      	b.n	1000684c <cdcd_xfer_cb+0x28>
10006900:	0028      	movs	r0, r5
10006902:	3024      	adds	r0, #36	@ 0x24
10006904:	f000 fb63 	bl	10006fce <tu_fifo_count>
10006908:	2800      	cmp	r0, #0
1000690a:	d117      	bne.n	1000693c <cdcd_xfer_cb+0x118>
1000690c:	9b00      	ldr	r3, [sp, #0]
1000690e:	2b00      	cmp	r3, #0
10006910:	d016      	beq.n	10006940 <cdcd_xfer_cb+0x11c>
10006912:	069e      	lsls	r6, r3, #26
10006914:	d001      	beq.n	1000691a <cdcd_xfer_cb+0xf6>
10006916:	2401      	movs	r4, #1
10006918:	e798      	b.n	1000684c <cdcd_xfer_cb+0x28>
1000691a:	78a9      	ldrb	r1, [r5, #2]
1000691c:	9801      	ldr	r0, [sp, #4]
1000691e:	f7ff f8d7 	bl	10005ad0 <usbd_edpt_claim>
10006922:	1e04      	subs	r4, r0, #0
10006924:	d101      	bne.n	1000692a <cdcd_xfer_cb+0x106>
10006926:	2401      	movs	r4, #1
10006928:	e790      	b.n	1000684c <cdcd_xfer_cb+0x28>
1000692a:	78a9      	ldrb	r1, [r5, #2]
1000692c:	2300      	movs	r3, #0
1000692e:	2200      	movs	r2, #0
10006930:	9801      	ldr	r0, [sp, #4]
10006932:	f7ff f8f5 	bl	10005b20 <usbd_edpt_xfer>
10006936:	e789      	b.n	1000684c <cdcd_xfer_cb+0x28>
10006938:	2400      	movs	r4, #0
1000693a:	e787      	b.n	1000684c <cdcd_xfer_cb+0x28>
1000693c:	2401      	movs	r4, #1
1000693e:	e785      	b.n	1000684c <cdcd_xfer_cb+0x28>
10006940:	2401      	movs	r4, #1
10006942:	e783      	b.n	1000684c <cdcd_xfer_cb+0x28>
10006944:	20000fac 	.word	0x20000fac
10006948:	00000000 	.word	0x00000000
1000694c:	10004ebd 	.word	0x10004ebd
10006950:	00000000 	.word	0x00000000

10006954 <tusb_init>:
10006954:	b510      	push	{r4, lr}
10006956:	2000      	movs	r0, #0
10006958:	f7fe fff2 	bl	10005940 <tud_init>
1000695c:	bd10      	pop	{r4, pc}

1000695e <tusb_inited>:
1000695e:	b510      	push	{r4, lr}
10006960:	f7fe ffe4 	bl	1000592c <tud_inited>
10006964:	2800      	cmp	r0, #0
10006966:	d000      	beq.n	1000696a <tusb_inited+0xc>
10006968:	2001      	movs	r0, #1
1000696a:	bd10      	pop	{r4, pc}

1000696c <tu_edpt_claim>:
1000696c:	b570      	push	{r4, r5, r6, lr}
1000696e:	0004      	movs	r4, r0
10006970:	000d      	movs	r5, r1
10006972:	7803      	ldrb	r3, [r0, #0]
10006974:	07db      	lsls	r3, r3, #31
10006976:	0fd8      	lsrs	r0, r3, #31
10006978:	2b00      	cmp	r3, #0
1000697a:	d11d      	bne.n	100069b8 <tu_edpt_claim+0x4c>
1000697c:	7823      	ldrb	r3, [r4, #0]
1000697e:	075b      	lsls	r3, r3, #29
10006980:	0fde      	lsrs	r6, r3, #31
10006982:	2b00      	cmp	r3, #0
10006984:	db19      	blt.n	100069ba <tu_edpt_claim+0x4e>
10006986:	2101      	movs	r1, #1
10006988:	4249      	negs	r1, r1
1000698a:	0028      	movs	r0, r5
1000698c:	f001 feec 	bl	10008768 <__mutex_enter_timeout_ms_veneer>
10006990:	7823      	ldrb	r3, [r4, #0]
10006992:	07db      	lsls	r3, r3, #31
10006994:	0fda      	lsrs	r2, r3, #31
10006996:	2b00      	cmp	r3, #0
10006998:	d107      	bne.n	100069aa <tu_edpt_claim+0x3e>
1000699a:	7823      	ldrb	r3, [r4, #0]
1000699c:	075b      	lsls	r3, r3, #29
1000699e:	d409      	bmi.n	100069b4 <tu_edpt_claim+0x48>
100069a0:	7823      	ldrb	r3, [r4, #0]
100069a2:	2204      	movs	r2, #4
100069a4:	4313      	orrs	r3, r2
100069a6:	7023      	strb	r3, [r4, #0]
100069a8:	2601      	movs	r6, #1
100069aa:	0028      	movs	r0, r5
100069ac:	f001 fe9c 	bl	100086e8 <__mutex_exit_veneer>
100069b0:	0030      	movs	r0, r6
100069b2:	e002      	b.n	100069ba <tu_edpt_claim+0x4e>
100069b4:	0016      	movs	r6, r2
100069b6:	e7f8      	b.n	100069aa <tu_edpt_claim+0x3e>
100069b8:	2000      	movs	r0, #0
100069ba:	bd70      	pop	{r4, r5, r6, pc}

100069bc <tu_edpt_release>:
100069bc:	b570      	push	{r4, r5, r6, lr}
100069be:	0006      	movs	r6, r0
100069c0:	000c      	movs	r4, r1
100069c2:	2101      	movs	r1, #1
100069c4:	4249      	negs	r1, r1
100069c6:	0020      	movs	r0, r4
100069c8:	f001 fece 	bl	10008768 <__mutex_enter_timeout_ms_veneer>
100069cc:	7833      	ldrb	r3, [r6, #0]
100069ce:	075b      	lsls	r3, r3, #29
100069d0:	0fdd      	lsrs	r5, r3, #31
100069d2:	2b00      	cmp	r3, #0
100069d4:	db04      	blt.n	100069e0 <tu_edpt_release+0x24>
100069d6:	0020      	movs	r0, r4
100069d8:	f001 fe86 	bl	100086e8 <__mutex_exit_veneer>
100069dc:	0028      	movs	r0, r5
100069de:	bd70      	pop	{r4, r5, r6, pc}
100069e0:	7833      	ldrb	r3, [r6, #0]
100069e2:	07db      	lsls	r3, r3, #31
100069e4:	d404      	bmi.n	100069f0 <tu_edpt_release+0x34>
100069e6:	7833      	ldrb	r3, [r6, #0]
100069e8:	2204      	movs	r2, #4
100069ea:	4393      	bics	r3, r2
100069ec:	7033      	strb	r3, [r6, #0]
100069ee:	e7f2      	b.n	100069d6 <tu_edpt_release+0x1a>
100069f0:	2500      	movs	r5, #0
100069f2:	e7f0      	b.n	100069d6 <tu_edpt_release+0x1a>

100069f4 <tu_edpt_validate>:
100069f4:	7902      	ldrb	r2, [r0, #4]
100069f6:	7943      	ldrb	r3, [r0, #5]
100069f8:	021b      	lsls	r3, r3, #8
100069fa:	4313      	orrs	r3, r2
100069fc:	055b      	lsls	r3, r3, #21
100069fe:	0d5b      	lsrs	r3, r3, #21
10006a00:	78c2      	ldrb	r2, [r0, #3]
10006a02:	0792      	lsls	r2, r2, #30
10006a04:	0f92      	lsrs	r2, r2, #30
10006a06:	2a02      	cmp	r2, #2
10006a08:	d00d      	beq.n	10006a26 <tu_edpt_validate+0x32>
10006a0a:	2a03      	cmp	r2, #3
10006a0c:	d017      	beq.n	10006a3e <tu_edpt_validate+0x4a>
10006a0e:	2a01      	cmp	r2, #1
10006a10:	d11f      	bne.n	10006a52 <tu_edpt_validate+0x5e>
10006a12:	2902      	cmp	r1, #2
10006a14:	d004      	beq.n	10006a20 <tu_edpt_validate+0x2c>
10006a16:	4a14      	ldr	r2, [pc, #80]	@ (10006a68 <tu_edpt_validate+0x74>)
10006a18:	429a      	cmp	r2, r3
10006a1a:	d31c      	bcc.n	10006a56 <tu_edpt_validate+0x62>
10006a1c:	2001      	movs	r0, #1
10006a1e:	e019      	b.n	10006a54 <tu_edpt_validate+0x60>
10006a20:	2280      	movs	r2, #128	@ 0x80
10006a22:	00d2      	lsls	r2, r2, #3
10006a24:	e7f8      	b.n	10006a18 <tu_edpt_validate+0x24>
10006a26:	2902      	cmp	r1, #2
10006a28:	d003      	beq.n	10006a32 <tu_edpt_validate+0x3e>
10006a2a:	2b40      	cmp	r3, #64	@ 0x40
10006a2c:	d817      	bhi.n	10006a5e <tu_edpt_validate+0x6a>
10006a2e:	2001      	movs	r0, #1
10006a30:	e010      	b.n	10006a54 <tu_edpt_validate+0x60>
10006a32:	2280      	movs	r2, #128	@ 0x80
10006a34:	0092      	lsls	r2, r2, #2
10006a36:	4293      	cmp	r3, r2
10006a38:	d10f      	bne.n	10006a5a <tu_edpt_validate+0x66>
10006a3a:	2001      	movs	r0, #1
10006a3c:	e00a      	b.n	10006a54 <tu_edpt_validate+0x60>
10006a3e:	2902      	cmp	r1, #2
10006a40:	d004      	beq.n	10006a4c <tu_edpt_validate+0x58>
10006a42:	2240      	movs	r2, #64	@ 0x40
10006a44:	429a      	cmp	r2, r3
10006a46:	d30c      	bcc.n	10006a62 <tu_edpt_validate+0x6e>
10006a48:	2001      	movs	r0, #1
10006a4a:	e003      	b.n	10006a54 <tu_edpt_validate+0x60>
10006a4c:	2280      	movs	r2, #128	@ 0x80
10006a4e:	00d2      	lsls	r2, r2, #3
10006a50:	e7f8      	b.n	10006a44 <tu_edpt_validate+0x50>
10006a52:	2000      	movs	r0, #0
10006a54:	4770      	bx	lr
10006a56:	2000      	movs	r0, #0
10006a58:	e7fc      	b.n	10006a54 <tu_edpt_validate+0x60>
10006a5a:	2000      	movs	r0, #0
10006a5c:	e7fa      	b.n	10006a54 <tu_edpt_validate+0x60>
10006a5e:	2000      	movs	r0, #0
10006a60:	e7f8      	b.n	10006a54 <tu_edpt_validate+0x60>
10006a62:	2000      	movs	r0, #0
10006a64:	e7f6      	b.n	10006a54 <tu_edpt_validate+0x60>
10006a66:	46c0      	nop			@ (mov r8, r8)
10006a68:	000003ff 	.word	0x000003ff

10006a6c <tu_edpt_bind_driver>:
10006a6c:	b530      	push	{r4, r5, lr}
10006a6e:	188a      	adds	r2, r1, r2
10006a70:	e001      	b.n	10006a76 <tu_edpt_bind_driver+0xa>
10006a72:	780c      	ldrb	r4, [r1, #0]
10006a74:	1909      	adds	r1, r1, r4
10006a76:	4291      	cmp	r1, r2
10006a78:	d20a      	bcs.n	10006a90 <tu_edpt_bind_driver+0x24>
10006a7a:	784c      	ldrb	r4, [r1, #1]
10006a7c:	2c05      	cmp	r4, #5
10006a7e:	d1f8      	bne.n	10006a72 <tu_edpt_bind_driver+0x6>
10006a80:	788d      	ldrb	r5, [r1, #2]
10006a82:	347a      	adds	r4, #122	@ 0x7a
10006a84:	402c      	ands	r4, r5
10006a86:	0064      	lsls	r4, r4, #1
10006a88:	1904      	adds	r4, r0, r4
10006a8a:	09ed      	lsrs	r5, r5, #7
10006a8c:	5563      	strb	r3, [r4, r5]
10006a8e:	e7f0      	b.n	10006a72 <tu_edpt_bind_driver+0x6>
10006a90:	bd30      	pop	{r4, r5, pc}

10006a92 <advance_index>:
10006a92:	0003      	movs	r3, r0
10006a94:	188a      	adds	r2, r1, r2
10006a96:	b290      	uxth	r0, r2
10006a98:	4281      	cmp	r1, r0
10006a9a:	d802      	bhi.n	10006aa2 <advance_index+0x10>
10006a9c:	005a      	lsls	r2, r3, #1
10006a9e:	4290      	cmp	r0, r2
10006aa0:	db03      	blt.n	10006aaa <advance_index+0x18>
10006aa2:	005b      	lsls	r3, r3, #1
10006aa4:	b29b      	uxth	r3, r3
10006aa6:	1ac0      	subs	r0, r0, r3
10006aa8:	b280      	uxth	r0, r0
10006aaa:	4770      	bx	lr

10006aac <_tu_fifo_peek>:
10006aac:	b570      	push	{r4, r5, r6, lr}
10006aae:	0005      	movs	r5, r0
10006ab0:	0008      	movs	r0, r1
10006ab2:	88ac      	ldrh	r4, [r5, #4]
10006ab4:	429a      	cmp	r2, r3
10006ab6:	d30b      	bcc.n	10006ad0 <_tu_fifo_peek+0x24>
10006ab8:	1ad1      	subs	r1, r2, r3
10006aba:	b289      	uxth	r1, r1
10006abc:	2900      	cmp	r1, #0
10006abe:	d01e      	beq.n	10006afe <_tu_fifo_peek+0x52>
10006ac0:	428c      	cmp	r4, r1
10006ac2:	d210      	bcs.n	10006ae6 <_tu_fifo_peek+0x3a>
10006ac4:	4294      	cmp	r4, r2
10006ac6:	d809      	bhi.n	10006adc <_tu_fifo_peek+0x30>
10006ac8:	1b12      	subs	r2, r2, r4
10006aca:	b293      	uxth	r3, r2
10006acc:	816b      	strh	r3, [r5, #10]
10006ace:	e00a      	b.n	10006ae6 <_tu_fifo_peek+0x3a>
10006ad0:	1ad1      	subs	r1, r2, r3
10006ad2:	b289      	uxth	r1, r1
10006ad4:	0066      	lsls	r6, r4, #1
10006ad6:	1989      	adds	r1, r1, r6
10006ad8:	b289      	uxth	r1, r1
10006ada:	e7ef      	b.n	10006abc <_tu_fifo_peek+0x10>
10006adc:	18a2      	adds	r2, r4, r2
10006ade:	b293      	uxth	r3, r2
10006ae0:	e7f4      	b.n	10006acc <_tu_fifo_peek+0x20>
10006ae2:	1b1b      	subs	r3, r3, r4
10006ae4:	b29b      	uxth	r3, r3
10006ae6:	429c      	cmp	r4, r3
10006ae8:	d9fb      	bls.n	10006ae2 <_tu_fifo_peek+0x36>
10006aea:	6829      	ldr	r1, [r5, #0]
10006aec:	88ea      	ldrh	r2, [r5, #6]
10006aee:	0452      	lsls	r2, r2, #17
10006af0:	0c52      	lsrs	r2, r2, #17
10006af2:	4353      	muls	r3, r2
10006af4:	18c9      	adds	r1, r1, r3
10006af6:	f7fd fea3 	bl	10004840 <__wrap___aeabi_memcpy>
10006afa:	2001      	movs	r0, #1
10006afc:	bd70      	pop	{r4, r5, r6, pc}
10006afe:	2000      	movs	r0, #0
10006b00:	e7fc      	b.n	10006afc <_tu_fifo_peek+0x50>

10006b02 <_ff_pull_const_addr>:
10006b02:	b570      	push	{r4, r5, r6, lr}
10006b04:	b082      	sub	sp, #8
10006b06:	0005      	movs	r5, r0
10006b08:	0016      	movs	r6, r2
10006b0a:	0893      	lsrs	r3, r2, #2
10006b0c:	e00c      	b.n	10006b28 <_ff_pull_const_addr+0x26>
10006b0e:	780a      	ldrb	r2, [r1, #0]
10006b10:	784b      	ldrb	r3, [r1, #1]
10006b12:	021b      	lsls	r3, r3, #8
10006b14:	4313      	orrs	r3, r2
10006b16:	788c      	ldrb	r4, [r1, #2]
10006b18:	0424      	lsls	r4, r4, #16
10006b1a:	431c      	orrs	r4, r3
10006b1c:	78cb      	ldrb	r3, [r1, #3]
10006b1e:	061b      	lsls	r3, r3, #24
10006b20:	4323      	orrs	r3, r4
10006b22:	602b      	str	r3, [r5, #0]
10006b24:	3104      	adds	r1, #4
10006b26:	0003      	movs	r3, r0
10006b28:	1e58      	subs	r0, r3, #1
10006b2a:	b280      	uxth	r0, r0
10006b2c:	2b00      	cmp	r3, #0
10006b2e:	d1ee      	bne.n	10006b0e <_ff_pull_const_addr+0xc>
10006b30:	3303      	adds	r3, #3
10006b32:	0032      	movs	r2, r6
10006b34:	401a      	ands	r2, r3
10006b36:	421e      	tst	r6, r3
10006b38:	d101      	bne.n	10006b3e <_ff_pull_const_addr+0x3c>
10006b3a:	b002      	add	sp, #8
10006b3c:	bd70      	pop	{r4, r5, r6, pc}
10006b3e:	2300      	movs	r3, #0
10006b40:	9301      	str	r3, [sp, #4]
10006b42:	a801      	add	r0, sp, #4
10006b44:	f7fd fe7c 	bl	10004840 <__wrap___aeabi_memcpy>
10006b48:	9b01      	ldr	r3, [sp, #4]
10006b4a:	602b      	str	r3, [r5, #0]
10006b4c:	e7f5      	b.n	10006b3a <_ff_pull_const_addr+0x38>

10006b4e <_ff_pull_n>:
10006b4e:	b5f0      	push	{r4, r5, r6, r7, lr}
10006b50:	46de      	mov	lr, fp
10006b52:	4657      	mov	r7, sl
10006b54:	464e      	mov	r6, r9
10006b56:	4645      	mov	r5, r8
10006b58:	b5e0      	push	{r5, r6, r7, lr}
10006b5a:	b083      	sub	sp, #12
10006b5c:	0005      	movs	r5, r0
10006b5e:	468a      	mov	sl, r1
10006b60:	a90c      	add	r1, sp, #48	@ 0x30
10006b62:	7809      	ldrb	r1, [r1, #0]
10006b64:	8884      	ldrh	r4, [r0, #4]
10006b66:	1ae0      	subs	r0, r4, r3
10006b68:	b280      	uxth	r0, r0
10006b6a:	1b1c      	subs	r4, r3, r4
10006b6c:	1914      	adds	r4, r2, r4
10006b6e:	b2a4      	uxth	r4, r4
10006b70:	88ef      	ldrh	r7, [r5, #6]
10006b72:	047f      	lsls	r7, r7, #17
10006b74:	0c7e      	lsrs	r6, r7, #17
10006b76:	0007      	movs	r7, r0
10006b78:	4377      	muls	r7, r6
10006b7a:	b2bf      	uxth	r7, r7
10006b7c:	4374      	muls	r4, r6
10006b7e:	b2a4      	uxth	r4, r4
10006b80:	46a3      	mov	fp, r4
10006b82:	682c      	ldr	r4, [r5, #0]
10006b84:	46a0      	mov	r8, r4
10006b86:	4373      	muls	r3, r6
10006b88:	4498      	add	r8, r3
10006b8a:	2900      	cmp	r1, #0
10006b8c:	d008      	beq.n	10006ba0 <_ff_pull_n+0x52>
10006b8e:	2901      	cmp	r1, #1
10006b90:	d01a      	beq.n	10006bc8 <_ff_pull_n+0x7a>
10006b92:	b003      	add	sp, #12
10006b94:	bcf0      	pop	{r4, r5, r6, r7}
10006b96:	46bb      	mov	fp, r7
10006b98:	46b2      	mov	sl, r6
10006b9a:	46a9      	mov	r9, r5
10006b9c:	46a0      	mov	r8, r4
10006b9e:	bdf0      	pop	{r4, r5, r6, r7, pc}
10006ba0:	4290      	cmp	r0, r2
10006ba2:	d305      	bcc.n	10006bb0 <_ff_pull_n+0x62>
10006ba4:	4372      	muls	r2, r6
10006ba6:	4641      	mov	r1, r8
10006ba8:	4650      	mov	r0, sl
10006baa:	f7fd fe49 	bl	10004840 <__wrap___aeabi_memcpy>
10006bae:	e7f0      	b.n	10006b92 <_ff_pull_n+0x44>
10006bb0:	003a      	movs	r2, r7
10006bb2:	4641      	mov	r1, r8
10006bb4:	4650      	mov	r0, sl
10006bb6:	f7fd fe43 	bl	10004840 <__wrap___aeabi_memcpy>
10006bba:	6829      	ldr	r1, [r5, #0]
10006bbc:	0038      	movs	r0, r7
10006bbe:	4450      	add	r0, sl
10006bc0:	465a      	mov	r2, fp
10006bc2:	f7fd fe3d 	bl	10004840 <__wrap___aeabi_memcpy>
10006bc6:	e7e4      	b.n	10006b92 <_ff_pull_n+0x44>
10006bc8:	4290      	cmp	r0, r2
10006bca:	d306      	bcc.n	10006bda <_ff_pull_n+0x8c>
10006bcc:	4372      	muls	r2, r6
10006bce:	b292      	uxth	r2, r2
10006bd0:	4641      	mov	r1, r8
10006bd2:	4650      	mov	r0, sl
10006bd4:	f7ff ff95 	bl	10006b02 <_ff_pull_const_addr>
10006bd8:	e7db      	b.n	10006b92 <_ff_pull_n+0x44>
10006bda:	2303      	movs	r3, #3
10006bdc:	003a      	movs	r2, r7
10006bde:	439a      	bics	r2, r3
10006be0:	4691      	mov	r9, r2
10006be2:	4641      	mov	r1, r8
10006be4:	4650      	mov	r0, sl
10006be6:	f7ff ff8c 	bl	10006b02 <_ff_pull_const_addr>
10006bea:	4642      	mov	r2, r8
10006bec:	444a      	add	r2, r9
10006bee:	2303      	movs	r3, #3
10006bf0:	0038      	movs	r0, r7
10006bf2:	4018      	ands	r0, r3
10006bf4:	421f      	tst	r7, r3
10006bf6:	d030      	beq.n	10006c5a <_ff_pull_n+0x10c>
10006bf8:	2304      	movs	r3, #4
10006bfa:	1a1b      	subs	r3, r3, r0
10006bfc:	b29b      	uxth	r3, r3
10006bfe:	1c19      	adds	r1, r3, #0
10006c00:	455b      	cmp	r3, fp
10006c02:	d900      	bls.n	10006c06 <_ff_pull_n+0xb8>
10006c04:	4659      	mov	r1, fp
10006c06:	b2cf      	uxtb	r7, r1
10006c08:	23ff      	movs	r3, #255	@ 0xff
10006c0a:	400b      	ands	r3, r1
10006c0c:	4659      	mov	r1, fp
10006c0e:	1acc      	subs	r4, r1, r3
10006c10:	b2a3      	uxth	r3, r4
10006c12:	469b      	mov	fp, r3
10006c14:	2300      	movs	r3, #0
10006c16:	9301      	str	r3, [sp, #4]
10006c18:	ab01      	add	r3, sp, #4
10006c1a:	e004      	b.n	10006c26 <_ff_pull_n+0xd8>
10006c1c:	7810      	ldrb	r0, [r2, #0]
10006c1e:	7018      	strb	r0, [r3, #0]
10006c20:	3301      	adds	r3, #1
10006c22:	0008      	movs	r0, r1
10006c24:	3201      	adds	r2, #1
10006c26:	1e41      	subs	r1, r0, #1
10006c28:	b2c9      	uxtb	r1, r1
10006c2a:	2800      	cmp	r0, #0
10006c2c:	d1f6      	bne.n	10006c1c <_ff_pull_n+0xce>
10006c2e:	6829      	ldr	r1, [r5, #0]
10006c30:	e004      	b.n	10006c3c <_ff_pull_n+0xee>
10006c32:	7808      	ldrb	r0, [r1, #0]
10006c34:	7018      	strb	r0, [r3, #0]
10006c36:	3301      	adds	r3, #1
10006c38:	0017      	movs	r7, r2
10006c3a:	3101      	adds	r1, #1
10006c3c:	1e7a      	subs	r2, r7, #1
10006c3e:	b2d2      	uxtb	r2, r2
10006c40:	2f00      	cmp	r7, #0
10006c42:	d1f6      	bne.n	10006c32 <_ff_pull_n+0xe4>
10006c44:	9b01      	ldr	r3, [sp, #4]
10006c46:	4652      	mov	r2, sl
10006c48:	6013      	str	r3, [r2, #0]
10006c4a:	465b      	mov	r3, fp
10006c4c:	2b00      	cmp	r3, #0
10006c4e:	d0a0      	beq.n	10006b92 <_ff_pull_n+0x44>
10006c50:	465a      	mov	r2, fp
10006c52:	4650      	mov	r0, sl
10006c54:	f7ff ff55 	bl	10006b02 <_ff_pull_const_addr>
10006c58:	e79b      	b.n	10006b92 <_ff_pull_n+0x44>
10006c5a:	6829      	ldr	r1, [r5, #0]
10006c5c:	e7f5      	b.n	10006c4a <_ff_pull_n+0xfc>

10006c5e <_tu_fifo_peek_n>:
10006c5e:	b5f0      	push	{r4, r5, r6, r7, lr}
10006c60:	46c6      	mov	lr, r8
10006c62:	b500      	push	{lr}
10006c64:	b082      	sub	sp, #8
10006c66:	001e      	movs	r6, r3
10006c68:	ab08      	add	r3, sp, #32
10006c6a:	881b      	ldrh	r3, [r3, #0]
10006c6c:	ac09      	add	r4, sp, #36	@ 0x24
10006c6e:	7827      	ldrb	r7, [r4, #0]
10006c70:	8884      	ldrh	r4, [r0, #4]
10006c72:	429e      	cmp	r6, r3
10006c74:	d30f      	bcc.n	10006c96 <_tu_fifo_peek_n+0x38>
10006c76:	1af5      	subs	r5, r6, r3
10006c78:	b2ad      	uxth	r5, r5
10006c7a:	2d00      	cmp	r5, #0
10006c7c:	d01f      	beq.n	10006cbe <_tu_fifo_peek_n+0x60>
10006c7e:	42ac      	cmp	r4, r5
10006c80:	d205      	bcs.n	10006c8e <_tu_fifo_peek_n+0x30>
10006c82:	42b4      	cmp	r4, r6
10006c84:	d810      	bhi.n	10006ca8 <_tu_fifo_peek_n+0x4a>
10006c86:	1b33      	subs	r3, r6, r4
10006c88:	b29b      	uxth	r3, r3
10006c8a:	8143      	strh	r3, [r0, #10]
10006c8c:	0025      	movs	r5, r4
10006c8e:	4295      	cmp	r5, r2
10006c90:	d30f      	bcc.n	10006cb2 <_tu_fifo_peek_n+0x54>
10006c92:	0015      	movs	r5, r2
10006c94:	e00d      	b.n	10006cb2 <_tu_fifo_peek_n+0x54>
10006c96:	1af5      	subs	r5, r6, r3
10006c98:	b2ad      	uxth	r5, r5
10006c9a:	46a8      	mov	r8, r5
10006c9c:	0065      	lsls	r5, r4, #1
10006c9e:	46ac      	mov	ip, r5
10006ca0:	4645      	mov	r5, r8
10006ca2:	4465      	add	r5, ip
10006ca4:	b2ad      	uxth	r5, r5
10006ca6:	e7e8      	b.n	10006c7a <_tu_fifo_peek_n+0x1c>
10006ca8:	19a6      	adds	r6, r4, r6
10006caa:	b2b3      	uxth	r3, r6
10006cac:	e7ed      	b.n	10006c8a <_tu_fifo_peek_n+0x2c>
10006cae:	1b1b      	subs	r3, r3, r4
10006cb0:	b29b      	uxth	r3, r3
10006cb2:	429c      	cmp	r4, r3
10006cb4:	d9fb      	bls.n	10006cae <_tu_fifo_peek_n+0x50>
10006cb6:	9700      	str	r7, [sp, #0]
10006cb8:	002a      	movs	r2, r5
10006cba:	f7ff ff48 	bl	10006b4e <_ff_pull_n>
10006cbe:	0028      	movs	r0, r5
10006cc0:	b002      	add	sp, #8
10006cc2:	bc80      	pop	{r7}
10006cc4:	46b8      	mov	r8, r7
10006cc6:	bdf0      	pop	{r4, r5, r6, r7, pc}

10006cc8 <_tu_fifo_read_n>:
10006cc8:	b5f0      	push	{r4, r5, r6, r7, lr}
10006cca:	b083      	sub	sp, #12
10006ccc:	0004      	movs	r4, r0
10006cce:	000d      	movs	r5, r1
10006cd0:	0016      	movs	r6, r2
10006cd2:	001f      	movs	r7, r3
10006cd4:	6900      	ldr	r0, [r0, #16]
10006cd6:	2800      	cmp	r0, #0
10006cd8:	d003      	beq.n	10006ce2 <_tu_fifo_read_n+0x1a>
10006cda:	2101      	movs	r1, #1
10006cdc:	4249      	negs	r1, r1
10006cde:	f001 fd43 	bl	10008768 <__mutex_enter_timeout_ms_veneer>
10006ce2:	8923      	ldrh	r3, [r4, #8]
10006ce4:	b29b      	uxth	r3, r3
10006ce6:	8962      	ldrh	r2, [r4, #10]
10006ce8:	9701      	str	r7, [sp, #4]
10006cea:	9200      	str	r2, [sp, #0]
10006cec:	0032      	movs	r2, r6
10006cee:	0029      	movs	r1, r5
10006cf0:	0020      	movs	r0, r4
10006cf2:	f7ff ffb4 	bl	10006c5e <_tu_fifo_peek_n>
10006cf6:	0005      	movs	r5, r0
10006cf8:	8961      	ldrh	r1, [r4, #10]
10006cfa:	b289      	uxth	r1, r1
10006cfc:	88a0      	ldrh	r0, [r4, #4]
10006cfe:	002a      	movs	r2, r5
10006d00:	f7ff fec7 	bl	10006a92 <advance_index>
10006d04:	8160      	strh	r0, [r4, #10]
10006d06:	6920      	ldr	r0, [r4, #16]
10006d08:	2800      	cmp	r0, #0
10006d0a:	d001      	beq.n	10006d10 <_tu_fifo_read_n+0x48>
10006d0c:	f001 fcec 	bl	100086e8 <__mutex_exit_veneer>
10006d10:	0028      	movs	r0, r5
10006d12:	b003      	add	sp, #12
10006d14:	bdf0      	pop	{r4, r5, r6, r7, pc}

10006d16 <_ff_push_const_addr>:
10006d16:	b570      	push	{r4, r5, r6, lr}
10006d18:	b082      	sub	sp, #8
10006d1a:	0016      	movs	r6, r2
10006d1c:	0895      	lsrs	r5, r2, #2
10006d1e:	e009      	b.n	10006d34 <_ff_push_const_addr+0x1e>
10006d20:	680b      	ldr	r3, [r1, #0]
10006d22:	7003      	strb	r3, [r0, #0]
10006d24:	0a1d      	lsrs	r5, r3, #8
10006d26:	7045      	strb	r5, [r0, #1]
10006d28:	0c1d      	lsrs	r5, r3, #16
10006d2a:	7085      	strb	r5, [r0, #2]
10006d2c:	0e1b      	lsrs	r3, r3, #24
10006d2e:	70c3      	strb	r3, [r0, #3]
10006d30:	3004      	adds	r0, #4
10006d32:	0025      	movs	r5, r4
10006d34:	1e6c      	subs	r4, r5, #1
10006d36:	b2a4      	uxth	r4, r4
10006d38:	2d00      	cmp	r5, #0
10006d3a:	d1f1      	bne.n	10006d20 <_ff_push_const_addr+0xa>
10006d3c:	2303      	movs	r3, #3
10006d3e:	0032      	movs	r2, r6
10006d40:	401a      	ands	r2, r3
10006d42:	421e      	tst	r6, r3
10006d44:	d101      	bne.n	10006d4a <_ff_push_const_addr+0x34>
10006d46:	b002      	add	sp, #8
10006d48:	bd70      	pop	{r4, r5, r6, pc}
10006d4a:	680b      	ldr	r3, [r1, #0]
10006d4c:	9301      	str	r3, [sp, #4]
10006d4e:	a901      	add	r1, sp, #4
10006d50:	f7fd fd76 	bl	10004840 <__wrap___aeabi_memcpy>
10006d54:	e7f7      	b.n	10006d46 <_ff_push_const_addr+0x30>

10006d56 <_ff_push_n>:
10006d56:	b5f0      	push	{r4, r5, r6, r7, lr}
10006d58:	46de      	mov	lr, fp
10006d5a:	4657      	mov	r7, sl
10006d5c:	464e      	mov	r6, r9
10006d5e:	4645      	mov	r5, r8
10006d60:	b5e0      	push	{r5, r6, r7, lr}
10006d62:	b083      	sub	sp, #12
10006d64:	0005      	movs	r5, r0
10006d66:	468a      	mov	sl, r1
10006d68:	a90c      	add	r1, sp, #48	@ 0x30
10006d6a:	7808      	ldrb	r0, [r1, #0]
10006d6c:	88ac      	ldrh	r4, [r5, #4]
10006d6e:	1ae1      	subs	r1, r4, r3
10006d70:	b289      	uxth	r1, r1
10006d72:	1b1c      	subs	r4, r3, r4
10006d74:	1914      	adds	r4, r2, r4
10006d76:	b2a4      	uxth	r4, r4
10006d78:	88ef      	ldrh	r7, [r5, #6]
10006d7a:	047f      	lsls	r7, r7, #17
10006d7c:	0c7e      	lsrs	r6, r7, #17
10006d7e:	000f      	movs	r7, r1
10006d80:	4377      	muls	r7, r6
10006d82:	b2bf      	uxth	r7, r7
10006d84:	4374      	muls	r4, r6
10006d86:	b2a4      	uxth	r4, r4
10006d88:	46a3      	mov	fp, r4
10006d8a:	682c      	ldr	r4, [r5, #0]
10006d8c:	46a0      	mov	r8, r4
10006d8e:	4373      	muls	r3, r6
10006d90:	4498      	add	r8, r3
10006d92:	2800      	cmp	r0, #0
10006d94:	d008      	beq.n	10006da8 <_ff_push_n+0x52>
10006d96:	2801      	cmp	r0, #1
10006d98:	d01a      	beq.n	10006dd0 <_ff_push_n+0x7a>
10006d9a:	b003      	add	sp, #12
10006d9c:	bcf0      	pop	{r4, r5, r6, r7}
10006d9e:	46bb      	mov	fp, r7
10006da0:	46b2      	mov	sl, r6
10006da2:	46a9      	mov	r9, r5
10006da4:	46a0      	mov	r8, r4
10006da6:	bdf0      	pop	{r4, r5, r6, r7, pc}
10006da8:	4291      	cmp	r1, r2
10006daa:	d305      	bcc.n	10006db8 <_ff_push_n+0x62>
10006dac:	4372      	muls	r2, r6
10006dae:	4651      	mov	r1, sl
10006db0:	4640      	mov	r0, r8
10006db2:	f7fd fd45 	bl	10004840 <__wrap___aeabi_memcpy>
10006db6:	e7f0      	b.n	10006d9a <_ff_push_n+0x44>
10006db8:	003a      	movs	r2, r7
10006dba:	4651      	mov	r1, sl
10006dbc:	4640      	mov	r0, r8
10006dbe:	f7fd fd3f 	bl	10004840 <__wrap___aeabi_memcpy>
10006dc2:	6828      	ldr	r0, [r5, #0]
10006dc4:	0039      	movs	r1, r7
10006dc6:	4451      	add	r1, sl
10006dc8:	465a      	mov	r2, fp
10006dca:	f7fd fd39 	bl	10004840 <__wrap___aeabi_memcpy>
10006dce:	e7e4      	b.n	10006d9a <_ff_push_n+0x44>
10006dd0:	4291      	cmp	r1, r2
10006dd2:	d306      	bcc.n	10006de2 <_ff_push_n+0x8c>
10006dd4:	4372      	muls	r2, r6
10006dd6:	b292      	uxth	r2, r2
10006dd8:	4651      	mov	r1, sl
10006dda:	4640      	mov	r0, r8
10006ddc:	f7ff ff9b 	bl	10006d16 <_ff_push_const_addr>
10006de0:	e7db      	b.n	10006d9a <_ff_push_n+0x44>
10006de2:	2303      	movs	r3, #3
10006de4:	003a      	movs	r2, r7
10006de6:	439a      	bics	r2, r3
10006de8:	4691      	mov	r9, r2
10006dea:	4651      	mov	r1, sl
10006dec:	4640      	mov	r0, r8
10006dee:	f7ff ff92 	bl	10006d16 <_ff_push_const_addr>
10006df2:	4642      	mov	r2, r8
10006df4:	444a      	add	r2, r9
10006df6:	2303      	movs	r3, #3
10006df8:	0038      	movs	r0, r7
10006dfa:	4018      	ands	r0, r3
10006dfc:	421f      	tst	r7, r3
10006dfe:	d02e      	beq.n	10006e5e <_ff_push_n+0x108>
10006e00:	2304      	movs	r3, #4
10006e02:	1a1b      	subs	r3, r3, r0
10006e04:	b29b      	uxth	r3, r3
10006e06:	1c19      	adds	r1, r3, #0
10006e08:	455b      	cmp	r3, fp
10006e0a:	d900      	bls.n	10006e0e <_ff_push_n+0xb8>
10006e0c:	4659      	mov	r1, fp
10006e0e:	b2cf      	uxtb	r7, r1
10006e10:	23ff      	movs	r3, #255	@ 0xff
10006e12:	400b      	ands	r3, r1
10006e14:	4659      	mov	r1, fp
10006e16:	1acc      	subs	r4, r1, r3
10006e18:	b2a3      	uxth	r3, r4
10006e1a:	469b      	mov	fp, r3
10006e1c:	4653      	mov	r3, sl
10006e1e:	681b      	ldr	r3, [r3, #0]
10006e20:	9301      	str	r3, [sp, #4]
10006e22:	ab01      	add	r3, sp, #4
10006e24:	e004      	b.n	10006e30 <_ff_push_n+0xda>
10006e26:	7818      	ldrb	r0, [r3, #0]
10006e28:	7010      	strb	r0, [r2, #0]
10006e2a:	3301      	adds	r3, #1
10006e2c:	0008      	movs	r0, r1
10006e2e:	3201      	adds	r2, #1
10006e30:	1e41      	subs	r1, r0, #1
10006e32:	b2c9      	uxtb	r1, r1
10006e34:	2800      	cmp	r0, #0
10006e36:	d1f6      	bne.n	10006e26 <_ff_push_n+0xd0>
10006e38:	6828      	ldr	r0, [r5, #0]
10006e3a:	e004      	b.n	10006e46 <_ff_push_n+0xf0>
10006e3c:	7819      	ldrb	r1, [r3, #0]
10006e3e:	7001      	strb	r1, [r0, #0]
10006e40:	3301      	adds	r3, #1
10006e42:	0017      	movs	r7, r2
10006e44:	3001      	adds	r0, #1
10006e46:	1e7a      	subs	r2, r7, #1
10006e48:	b2d2      	uxtb	r2, r2
10006e4a:	2f00      	cmp	r7, #0
10006e4c:	d1f6      	bne.n	10006e3c <_ff_push_n+0xe6>
10006e4e:	465b      	mov	r3, fp
10006e50:	2b00      	cmp	r3, #0
10006e52:	d0a2      	beq.n	10006d9a <_ff_push_n+0x44>
10006e54:	465a      	mov	r2, fp
10006e56:	4651      	mov	r1, sl
10006e58:	f7ff ff5d 	bl	10006d16 <_ff_push_const_addr>
10006e5c:	e79d      	b.n	10006d9a <_ff_push_n+0x44>
10006e5e:	6828      	ldr	r0, [r5, #0]
10006e60:	e7f5      	b.n	10006e4e <_ff_push_n+0xf8>

10006e62 <_tu_fifo_write_n>:
10006e62:	b5f0      	push	{r4, r5, r6, r7, lr}
10006e64:	b085      	sub	sp, #20
10006e66:	0006      	movs	r6, r0
10006e68:	9103      	str	r1, [sp, #12]
10006e6a:	1e15      	subs	r5, r2, #0
10006e6c:	9302      	str	r3, [sp, #8]
10006e6e:	d100      	bne.n	10006e72 <_tu_fifo_write_n+0x10>
10006e70:	e06d      	b.n	10006f4e <_tu_fifo_write_n+0xec>
10006e72:	68c0      	ldr	r0, [r0, #12]
10006e74:	2800      	cmp	r0, #0
10006e76:	d003      	beq.n	10006e80 <_tu_fifo_write_n+0x1e>
10006e78:	2101      	movs	r1, #1
10006e7a:	4249      	negs	r1, r1
10006e7c:	f001 fc74 	bl	10008768 <__mutex_enter_timeout_ms_veneer>
10006e80:	8934      	ldrh	r4, [r6, #8]
10006e82:	b2a4      	uxth	r4, r4
10006e84:	8971      	ldrh	r1, [r6, #10]
10006e86:	b289      	uxth	r1, r1
10006e88:	79f3      	ldrb	r3, [r6, #7]
10006e8a:	09db      	lsrs	r3, r3, #7
10006e8c:	d11a      	bne.n	10006ec4 <_tu_fifo_write_n+0x62>
10006e8e:	88b3      	ldrh	r3, [r6, #4]
10006e90:	428c      	cmp	r4, r1
10006e92:	d30f      	bcc.n	10006eb4 <_tu_fifo_write_n+0x52>
10006e94:	1a61      	subs	r1, r4, r1
10006e96:	b289      	uxth	r1, r1
10006e98:	428b      	cmp	r3, r1
10006e9a:	d911      	bls.n	10006ec0 <_tu_fifo_write_n+0x5e>
10006e9c:	1a5b      	subs	r3, r3, r1
10006e9e:	b29b      	uxth	r3, r3
10006ea0:	1c2f      	adds	r7, r5, #0
10006ea2:	429d      	cmp	r5, r3
10006ea4:	d900      	bls.n	10006ea8 <_tu_fifo_write_n+0x46>
10006ea6:	1c1f      	adds	r7, r3, #0
10006ea8:	b2bf      	uxth	r7, r7
10006eaa:	2f00      	cmp	r7, #0
10006eac:	d047      	beq.n	10006f3e <_tu_fifo_write_n+0xdc>
10006eae:	88b2      	ldrh	r2, [r6, #4]
10006eb0:	0023      	movs	r3, r4
10006eb2:	e035      	b.n	10006f20 <_tu_fifo_write_n+0xbe>
10006eb4:	1a61      	subs	r1, r4, r1
10006eb6:	b289      	uxth	r1, r1
10006eb8:	005a      	lsls	r2, r3, #1
10006eba:	1889      	adds	r1, r1, r2
10006ebc:	b289      	uxth	r1, r1
10006ebe:	e7eb      	b.n	10006e98 <_tu_fifo_write_n+0x36>
10006ec0:	2300      	movs	r3, #0
10006ec2:	e7ed      	b.n	10006ea0 <_tu_fifo_write_n+0x3e>
10006ec4:	88b7      	ldrh	r7, [r6, #4]
10006ec6:	42af      	cmp	r7, r5
10006ec8:	d80e      	bhi.n	10006ee8 <_tu_fifo_write_n+0x86>
10006eca:	9b02      	ldr	r3, [sp, #8]
10006ecc:	2b00      	cmp	r3, #0
10006ece:	d121      	bne.n	10006f14 <_tu_fifo_write_n+0xb2>
10006ed0:	1bed      	subs	r5, r5, r7
10006ed2:	88f3      	ldrh	r3, [r6, #6]
10006ed4:	045b      	lsls	r3, r3, #17
10006ed6:	0c5b      	lsrs	r3, r3, #17
10006ed8:	436b      	muls	r3, r5
10006eda:	9a03      	ldr	r2, [sp, #12]
10006edc:	4694      	mov	ip, r2
10006ede:	449c      	add	ip, r3
10006ee0:	4663      	mov	r3, ip
10006ee2:	9303      	str	r3, [sp, #12]
10006ee4:	000c      	movs	r4, r1
10006ee6:	e7e0      	b.n	10006eaa <_tu_fifo_write_n+0x48>
10006ee8:	428c      	cmp	r4, r1
10006eea:	d30d      	bcc.n	10006f08 <_tu_fifo_write_n+0xa6>
10006eec:	1a63      	subs	r3, r4, r1
10006eee:	b29b      	uxth	r3, r3
10006ef0:	195b      	adds	r3, r3, r5
10006ef2:	007a      	lsls	r2, r7, #1
10006ef4:	4293      	cmp	r3, r2
10006ef6:	db0f      	blt.n	10006f18 <_tu_fifo_write_n+0xb6>
10006ef8:	1b7a      	subs	r2, r7, r5
10006efa:	b292      	uxth	r2, r2
10006efc:	0038      	movs	r0, r7
10006efe:	f7ff fdc8 	bl	10006a92 <advance_index>
10006f02:	0004      	movs	r4, r0
10006f04:	002f      	movs	r7, r5
10006f06:	e7d0      	b.n	10006eaa <_tu_fifo_write_n+0x48>
10006f08:	1a63      	subs	r3, r4, r1
10006f0a:	b29b      	uxth	r3, r3
10006f0c:	007a      	lsls	r2, r7, #1
10006f0e:	189b      	adds	r3, r3, r2
10006f10:	b29b      	uxth	r3, r3
10006f12:	e7ed      	b.n	10006ef0 <_tu_fifo_write_n+0x8e>
10006f14:	000c      	movs	r4, r1
10006f16:	e7c8      	b.n	10006eaa <_tu_fifo_write_n+0x48>
10006f18:	002f      	movs	r7, r5
10006f1a:	e7c6      	b.n	10006eaa <_tu_fifo_write_n+0x48>
10006f1c:	1a9b      	subs	r3, r3, r2
10006f1e:	b29b      	uxth	r3, r3
10006f20:	429a      	cmp	r2, r3
10006f22:	d9fb      	bls.n	10006f1c <_tu_fifo_write_n+0xba>
10006f24:	9a02      	ldr	r2, [sp, #8]
10006f26:	9200      	str	r2, [sp, #0]
10006f28:	003a      	movs	r2, r7
10006f2a:	9903      	ldr	r1, [sp, #12]
10006f2c:	0030      	movs	r0, r6
10006f2e:	f7ff ff12 	bl	10006d56 <_ff_push_n>
10006f32:	88b0      	ldrh	r0, [r6, #4]
10006f34:	003a      	movs	r2, r7
10006f36:	0021      	movs	r1, r4
10006f38:	f7ff fdab 	bl	10006a92 <advance_index>
10006f3c:	8130      	strh	r0, [r6, #8]
10006f3e:	68f0      	ldr	r0, [r6, #12]
10006f40:	2800      	cmp	r0, #0
10006f42:	d001      	beq.n	10006f48 <_tu_fifo_write_n+0xe6>
10006f44:	f001 fbd0 	bl	100086e8 <__mutex_exit_veneer>
10006f48:	0038      	movs	r0, r7
10006f4a:	b005      	add	sp, #20
10006f4c:	bdf0      	pop	{r4, r5, r6, r7, pc}
10006f4e:	0017      	movs	r7, r2
10006f50:	e7fa      	b.n	10006f48 <_tu_fifo_write_n+0xe6>

10006f52 <tu_fifo_config>:
10006f52:	b5f0      	push	{r4, r5, r6, r7, lr}
10006f54:	b083      	sub	sp, #12
10006f56:	0004      	movs	r4, r0
10006f58:	9101      	str	r1, [sp, #4]
10006f5a:	0016      	movs	r6, r2
10006f5c:	001d      	movs	r5, r3
10006f5e:	ab08      	add	r3, sp, #32
10006f60:	781f      	ldrb	r7, [r3, #0]
10006f62:	2380      	movs	r3, #128	@ 0x80
10006f64:	021b      	lsls	r3, r3, #8
10006f66:	429a      	cmp	r2, r3
10006f68:	d82d      	bhi.n	10006fc6 <tu_fifo_config+0x74>
10006f6a:	68c0      	ldr	r0, [r0, #12]
10006f6c:	2800      	cmp	r0, #0
10006f6e:	d003      	beq.n	10006f78 <tu_fifo_config+0x26>
10006f70:	2101      	movs	r1, #1
10006f72:	4249      	negs	r1, r1
10006f74:	f001 fbf8 	bl	10008768 <__mutex_enter_timeout_ms_veneer>
10006f78:	6920      	ldr	r0, [r4, #16]
10006f7a:	2800      	cmp	r0, #0
10006f7c:	d003      	beq.n	10006f86 <tu_fifo_config+0x34>
10006f7e:	2101      	movs	r1, #1
10006f80:	4249      	negs	r1, r1
10006f82:	f001 fbf1 	bl	10008768 <__mutex_enter_timeout_ms_veneer>
10006f86:	9b01      	ldr	r3, [sp, #4]
10006f88:	6023      	str	r3, [r4, #0]
10006f8a:	80a6      	strh	r6, [r4, #4]
10006f8c:	046d      	lsls	r5, r5, #17
10006f8e:	0c6b      	lsrs	r3, r5, #17
10006f90:	88e5      	ldrh	r5, [r4, #6]
10006f92:	0bed      	lsrs	r5, r5, #15
10006f94:	03ed      	lsls	r5, r5, #15
10006f96:	431d      	orrs	r5, r3
10006f98:	80e5      	strh	r5, [r4, #6]
10006f9a:	01fb      	lsls	r3, r7, #7
10006f9c:	79e2      	ldrb	r2, [r4, #7]
10006f9e:	277f      	movs	r7, #127	@ 0x7f
10006fa0:	4017      	ands	r7, r2
10006fa2:	431f      	orrs	r7, r3
10006fa4:	71e7      	strb	r7, [r4, #7]
10006fa6:	2300      	movs	r3, #0
10006fa8:	8163      	strh	r3, [r4, #10]
10006faa:	8123      	strh	r3, [r4, #8]
10006fac:	68e0      	ldr	r0, [r4, #12]
10006fae:	2800      	cmp	r0, #0
10006fb0:	d001      	beq.n	10006fb6 <tu_fifo_config+0x64>
10006fb2:	f001 fb99 	bl	100086e8 <__mutex_exit_veneer>
10006fb6:	6920      	ldr	r0, [r4, #16]
10006fb8:	2800      	cmp	r0, #0
10006fba:	d006      	beq.n	10006fca <tu_fifo_config+0x78>
10006fbc:	f001 fb94 	bl	100086e8 <__mutex_exit_veneer>
10006fc0:	2001      	movs	r0, #1
10006fc2:	b003      	add	sp, #12
10006fc4:	bdf0      	pop	{r4, r5, r6, r7, pc}
10006fc6:	2000      	movs	r0, #0
10006fc8:	e7fb      	b.n	10006fc2 <tu_fifo_config+0x70>
10006fca:	2001      	movs	r0, #1
10006fcc:	e7f9      	b.n	10006fc2 <tu_fifo_config+0x70>

10006fce <tu_fifo_count>:
10006fce:	8881      	ldrh	r1, [r0, #4]
10006fd0:	8903      	ldrh	r3, [r0, #8]
10006fd2:	b29b      	uxth	r3, r3
10006fd4:	8942      	ldrh	r2, [r0, #10]
10006fd6:	b292      	uxth	r2, r2
10006fd8:	4293      	cmp	r3, r2
10006fda:	d307      	bcc.n	10006fec <tu_fifo_count+0x1e>
10006fdc:	1a9b      	subs	r3, r3, r2
10006fde:	b29b      	uxth	r3, r3
10006fe0:	1c08      	adds	r0, r1, #0
10006fe2:	4299      	cmp	r1, r3
10006fe4:	d900      	bls.n	10006fe8 <tu_fifo_count+0x1a>
10006fe6:	1c18      	adds	r0, r3, #0
10006fe8:	b280      	uxth	r0, r0
10006fea:	4770      	bx	lr
10006fec:	1a9b      	subs	r3, r3, r2
10006fee:	b29b      	uxth	r3, r3
10006ff0:	004a      	lsls	r2, r1, #1
10006ff2:	189b      	adds	r3, r3, r2
10006ff4:	b29b      	uxth	r3, r3
10006ff6:	e7f3      	b.n	10006fe0 <tu_fifo_count+0x12>

10006ff8 <tu_fifo_empty>:
10006ff8:	8903      	ldrh	r3, [r0, #8]
10006ffa:	8940      	ldrh	r0, [r0, #10]
10006ffc:	1a18      	subs	r0, r3, r0
10006ffe:	4243      	negs	r3, r0
10007000:	4158      	adcs	r0, r3
10007002:	b2c0      	uxtb	r0, r0
10007004:	4770      	bx	lr

10007006 <tu_fifo_full>:
10007006:	8881      	ldrh	r1, [r0, #4]
10007008:	8903      	ldrh	r3, [r0, #8]
1000700a:	b29b      	uxth	r3, r3
1000700c:	8942      	ldrh	r2, [r0, #10]
1000700e:	b292      	uxth	r2, r2
10007010:	4293      	cmp	r3, r2
10007012:	d306      	bcc.n	10007022 <tu_fifo_full+0x1c>
10007014:	1a9b      	subs	r3, r3, r2
10007016:	b29b      	uxth	r3, r3
10007018:	2000      	movs	r0, #0
1000701a:	428b      	cmp	r3, r1
1000701c:	4140      	adcs	r0, r0
1000701e:	b2c0      	uxtb	r0, r0
10007020:	4770      	bx	lr
10007022:	1a9b      	subs	r3, r3, r2
10007024:	b29b      	uxth	r3, r3
10007026:	004a      	lsls	r2, r1, #1
10007028:	189b      	adds	r3, r3, r2
1000702a:	b29b      	uxth	r3, r3
1000702c:	e7f4      	b.n	10007018 <tu_fifo_full+0x12>

1000702e <tu_fifo_remaining>:
1000702e:	8882      	ldrh	r2, [r0, #4]
10007030:	8903      	ldrh	r3, [r0, #8]
10007032:	b29b      	uxth	r3, r3
10007034:	8941      	ldrh	r1, [r0, #10]
10007036:	b289      	uxth	r1, r1
10007038:	428b      	cmp	r3, r1
1000703a:	d306      	bcc.n	1000704a <tu_fifo_remaining+0x1c>
1000703c:	1a5b      	subs	r3, r3, r1
1000703e:	b29b      	uxth	r3, r3
10007040:	429a      	cmp	r2, r3
10007042:	d908      	bls.n	10007056 <tu_fifo_remaining+0x28>
10007044:	1ad0      	subs	r0, r2, r3
10007046:	b280      	uxth	r0, r0
10007048:	4770      	bx	lr
1000704a:	1a5b      	subs	r3, r3, r1
1000704c:	b29b      	uxth	r3, r3
1000704e:	0051      	lsls	r1, r2, #1
10007050:	185b      	adds	r3, r3, r1
10007052:	b29b      	uxth	r3, r3
10007054:	e7f4      	b.n	10007040 <tu_fifo_remaining+0x12>
10007056:	2000      	movs	r0, #0
10007058:	e7f6      	b.n	10007048 <tu_fifo_remaining+0x1a>

1000705a <tu_fifo_read>:
1000705a:	b570      	push	{r4, r5, r6, lr}
1000705c:	0004      	movs	r4, r0
1000705e:	000d      	movs	r5, r1
10007060:	6900      	ldr	r0, [r0, #16]
10007062:	2800      	cmp	r0, #0
10007064:	d003      	beq.n	1000706e <tu_fifo_read+0x14>
10007066:	2101      	movs	r1, #1
10007068:	4249      	negs	r1, r1
1000706a:	f001 fb7d 	bl	10008768 <__mutex_enter_timeout_ms_veneer>
1000706e:	8922      	ldrh	r2, [r4, #8]
10007070:	b292      	uxth	r2, r2
10007072:	8963      	ldrh	r3, [r4, #10]
10007074:	b29b      	uxth	r3, r3
10007076:	0029      	movs	r1, r5
10007078:	0020      	movs	r0, r4
1000707a:	f7ff fd17 	bl	10006aac <_tu_fifo_peek>
1000707e:	0005      	movs	r5, r0
10007080:	8961      	ldrh	r1, [r4, #10]
10007082:	b289      	uxth	r1, r1
10007084:	88a0      	ldrh	r0, [r4, #4]
10007086:	002a      	movs	r2, r5
10007088:	f7ff fd03 	bl	10006a92 <advance_index>
1000708c:	8160      	strh	r0, [r4, #10]
1000708e:	6920      	ldr	r0, [r4, #16]
10007090:	2800      	cmp	r0, #0
10007092:	d001      	beq.n	10007098 <tu_fifo_read+0x3e>
10007094:	f001 fb28 	bl	100086e8 <__mutex_exit_veneer>
10007098:	0028      	movs	r0, r5
1000709a:	bd70      	pop	{r4, r5, r6, pc}

1000709c <tu_fifo_read_n>:
1000709c:	b510      	push	{r4, lr}
1000709e:	2300      	movs	r3, #0
100070a0:	f7ff fe12 	bl	10006cc8 <_tu_fifo_read_n>
100070a4:	bd10      	pop	{r4, pc}

100070a6 <tu_fifo_write>:
100070a6:	b5f8      	push	{r3, r4, r5, r6, r7, lr}
100070a8:	0004      	movs	r4, r0
100070aa:	000e      	movs	r6, r1
100070ac:	68c0      	ldr	r0, [r0, #12]
100070ae:	2800      	cmp	r0, #0
100070b0:	d003      	beq.n	100070ba <tu_fifo_write+0x14>
100070b2:	2101      	movs	r1, #1
100070b4:	4249      	negs	r1, r1
100070b6:	f001 fb57 	bl	10008768 <__mutex_enter_timeout_ms_veneer>
100070ba:	8925      	ldrh	r5, [r4, #8]
100070bc:	b2ad      	uxth	r5, r5
100070be:	0020      	movs	r0, r4
100070c0:	f7ff ffa1 	bl	10007006 <tu_fifo_full>
100070c4:	2800      	cmp	r0, #0
100070c6:	d002      	beq.n	100070ce <tu_fifo_write+0x28>
100070c8:	79e7      	ldrb	r7, [r4, #7]
100070ca:	09ff      	lsrs	r7, r7, #7
100070cc:	d016      	beq.n	100070fc <tu_fifo_write+0x56>
100070ce:	88a2      	ldrh	r2, [r4, #4]
100070d0:	002b      	movs	r3, r5
100070d2:	e001      	b.n	100070d8 <tu_fifo_write+0x32>
100070d4:	1a9b      	subs	r3, r3, r2
100070d6:	b29b      	uxth	r3, r3
100070d8:	429a      	cmp	r2, r3
100070da:	d9fb      	bls.n	100070d4 <tu_fifo_write+0x2e>
100070dc:	6820      	ldr	r0, [r4, #0]
100070de:	88e2      	ldrh	r2, [r4, #6]
100070e0:	0452      	lsls	r2, r2, #17
100070e2:	0c52      	lsrs	r2, r2, #17
100070e4:	4353      	muls	r3, r2
100070e6:	18c0      	adds	r0, r0, r3
100070e8:	0031      	movs	r1, r6
100070ea:	f7fd fba9 	bl	10004840 <__wrap___aeabi_memcpy>
100070ee:	88a0      	ldrh	r0, [r4, #4]
100070f0:	2201      	movs	r2, #1
100070f2:	0029      	movs	r1, r5
100070f4:	f7ff fccd 	bl	10006a92 <advance_index>
100070f8:	8120      	strh	r0, [r4, #8]
100070fa:	2701      	movs	r7, #1
100070fc:	68e0      	ldr	r0, [r4, #12]
100070fe:	2800      	cmp	r0, #0
10007100:	d001      	beq.n	10007106 <tu_fifo_write+0x60>
10007102:	f001 faf1 	bl	100086e8 <__mutex_exit_veneer>
10007106:	0038      	movs	r0, r7
10007108:	bdf8      	pop	{r3, r4, r5, r6, r7, pc}

1000710a <tu_fifo_write_n>:
1000710a:	b510      	push	{r4, lr}
1000710c:	2300      	movs	r3, #0
1000710e:	f7ff fea8 	bl	10006e62 <_tu_fifo_write_n>
10007112:	bd10      	pop	{r4, pc}

10007114 <tu_fifo_clear>:
10007114:	b510      	push	{r4, lr}
10007116:	0004      	movs	r4, r0
10007118:	68c0      	ldr	r0, [r0, #12]
1000711a:	2800      	cmp	r0, #0
1000711c:	d003      	beq.n	10007126 <tu_fifo_clear+0x12>
1000711e:	2101      	movs	r1, #1
10007120:	4249      	negs	r1, r1
10007122:	f001 fb21 	bl	10008768 <__mutex_enter_timeout_ms_veneer>
10007126:	6920      	ldr	r0, [r4, #16]
10007128:	2800      	cmp	r0, #0
1000712a:	d003      	beq.n	10007134 <tu_fifo_clear+0x20>
1000712c:	2101      	movs	r1, #1
1000712e:	4249      	negs	r1, r1
10007130:	f001 fb1a 	bl	10008768 <__mutex_enter_timeout_ms_veneer>
10007134:	2300      	movs	r3, #0
10007136:	8163      	strh	r3, [r4, #10]
10007138:	8123      	strh	r3, [r4, #8]
1000713a:	68e0      	ldr	r0, [r4, #12]
1000713c:	2800      	cmp	r0, #0
1000713e:	d001      	beq.n	10007144 <tu_fifo_clear+0x30>
10007140:	f001 fad2 	bl	100086e8 <__mutex_exit_veneer>
10007144:	6920      	ldr	r0, [r4, #16]
10007146:	2800      	cmp	r0, #0
10007148:	d001      	beq.n	1000714e <tu_fifo_clear+0x3a>
1000714a:	f001 facd 	bl	100086e8 <__mutex_exit_veneer>
1000714e:	2001      	movs	r0, #1
10007150:	bd10      	pop	{r4, pc}

10007152 <tu_fifo_set_overwritable>:
10007152:	b570      	push	{r4, r5, r6, lr}
10007154:	0004      	movs	r4, r0
10007156:	000d      	movs	r5, r1
10007158:	68c0      	ldr	r0, [r0, #12]
1000715a:	2800      	cmp	r0, #0
1000715c:	d003      	beq.n	10007166 <tu_fifo_set_overwritable+0x14>
1000715e:	2101      	movs	r1, #1
10007160:	4249      	negs	r1, r1
10007162:	f001 fb01 	bl	10008768 <__mutex_enter_timeout_ms_veneer>
10007166:	6920      	ldr	r0, [r4, #16]
10007168:	2800      	cmp	r0, #0
1000716a:	d003      	beq.n	10007174 <tu_fifo_set_overwritable+0x22>
1000716c:	2101      	movs	r1, #1
1000716e:	4249      	negs	r1, r1
10007170:	f001 fafa 	bl	10008768 <__mutex_enter_timeout_ms_veneer>
10007174:	01ed      	lsls	r5, r5, #7
10007176:	79e3      	ldrb	r3, [r4, #7]
10007178:	217f      	movs	r1, #127	@ 0x7f
1000717a:	4019      	ands	r1, r3
1000717c:	4329      	orrs	r1, r5
1000717e:	71e1      	strb	r1, [r4, #7]
10007180:	68e0      	ldr	r0, [r4, #12]
10007182:	2800      	cmp	r0, #0
10007184:	d001      	beq.n	1000718a <tu_fifo_set_overwritable+0x38>
10007186:	f001 faaf 	bl	100086e8 <__mutex_exit_veneer>
1000718a:	6920      	ldr	r0, [r4, #16]
1000718c:	2800      	cmp	r0, #0
1000718e:	d001      	beq.n	10007194 <tu_fifo_set_overwritable+0x42>
10007190:	f001 faaa 	bl	100086e8 <__mutex_exit_veneer>
10007194:	2001      	movs	r0, #1
10007196:	bd70      	pop	{r4, r5, r6, pc}

10007198 <i2c_write_blocking_internal>:
10007198:	b5f0      	push	{r4, r5, r6, r7, lr}
1000719a:	46de      	mov	lr, fp
1000719c:	4657      	mov	r7, sl
1000719e:	464e      	mov	r6, r9
100071a0:	4645      	mov	r5, r8
100071a2:	b5e0      	push	{r5, r6, r7, lr}
100071a4:	b085      	sub	sp, #20
100071a6:	0007      	movs	r7, r0
100071a8:	0010      	movs	r0, r2
100071aa:	4698      	mov	r8, r3
100071ac:	ab0e      	add	r3, sp, #56	@ 0x38
100071ae:	781b      	ldrb	r3, [r3, #0]
100071b0:	9303      	str	r3, [sp, #12]
100071b2:	9d0f      	ldr	r5, [sp, #60]	@ 0x3c
100071b4:	9e10      	ldr	r6, [sp, #64]	@ 0x40
100071b6:	683b      	ldr	r3, [r7, #0]
100071b8:	2200      	movs	r2, #0
100071ba:	66da      	str	r2, [r3, #108]	@ 0x6c
100071bc:	683b      	ldr	r3, [r7, #0]
100071be:	6059      	str	r1, [r3, #4]
100071c0:	683b      	ldr	r3, [r7, #0]
100071c2:	3201      	adds	r2, #1
100071c4:	66da      	str	r2, [r3, #108]	@ 0x6c
100071c6:	2200      	movs	r2, #0
100071c8:	2300      	movs	r3, #0
100071ca:	4699      	mov	r9, r3
100071cc:	2400      	movs	r4, #0
100071ce:	46c3      	mov	fp, r8
100071d0:	4641      	mov	r1, r8
100071d2:	9102      	str	r1, [sp, #8]
100071d4:	4690      	mov	r8, r2
100071d6:	e02b      	b.n	10007230 <i2c_write_blocking_internal+0x98>
100071d8:	793a      	ldrb	r2, [r7, #4]
100071da:	2a00      	cmp	r2, #0
100071dc:	d031      	beq.n	10007242 <i2c_write_blocking_internal+0xaa>
100071de:	2201      	movs	r2, #1
100071e0:	e02f      	b.n	10007242 <i2c_write_blocking_internal+0xaa>
100071e2:	9903      	ldr	r1, [sp, #12]
100071e4:	2900      	cmp	r1, #0
100071e6:	d001      	beq.n	100071ec <i2c_write_blocking_internal+0x54>
100071e8:	2100      	movs	r1, #0
100071ea:	e02e      	b.n	1000724a <i2c_write_blocking_internal+0xb2>
100071ec:	2101      	movs	r1, #1
100071ee:	e02c      	b.n	1000724a <i2c_write_blocking_internal+0xb2>
100071f0:	0030      	movs	r0, r6
100071f2:	47a8      	blx	r5
100071f4:	0003      	movs	r3, r0
100071f6:	4304      	orrs	r4, r0
100071f8:	b2e4      	uxtb	r4, r4
100071fa:	2b00      	cmp	r3, #0
100071fc:	d106      	bne.n	1000720c <i2c_write_blocking_internal+0x74>
100071fe:	683a      	ldr	r2, [r7, #0]
10007200:	6b52      	ldr	r2, [r2, #52]	@ 0x34
10007202:	06d2      	lsls	r2, r2, #27
10007204:	d402      	bmi.n	1000720c <i2c_write_blocking_internal+0x74>
10007206:	2d00      	cmp	r5, #0
10007208:	d1f2      	bne.n	100071f0 <i2c_write_blocking_internal+0x58>
1000720a:	e7f6      	b.n	100071fa <i2c_write_blocking_internal+0x62>
1000720c:	2b00      	cmp	r3, #0
1000720e:	d109      	bne.n	10007224 <i2c_write_blocking_internal+0x8c>
10007210:	683a      	ldr	r2, [r7, #0]
10007212:	2180      	movs	r1, #128	@ 0x80
10007214:	5851      	ldr	r1, [r2, r1]
10007216:	4689      	mov	r9, r1
10007218:	2900      	cmp	r1, #0
1000721a:	d11f      	bne.n	1000725c <i2c_write_blocking_internal+0xc4>
1000721c:	2c00      	cmp	r4, #0
1000721e:	d12f      	bne.n	10007280 <i2c_write_blocking_internal+0xe8>
10007220:	45c2      	cmp	sl, r8
10007222:	d01e      	beq.n	10007262 <i2c_write_blocking_internal+0xca>
10007224:	2c00      	cmp	r4, #0
10007226:	d133      	bne.n	10007290 <i2c_write_blocking_internal+0xf8>
10007228:	2201      	movs	r2, #1
1000722a:	4694      	mov	ip, r2
1000722c:	44e0      	add	r8, ip
1000722e:	9801      	ldr	r0, [sp, #4]
10007230:	45d8      	cmp	r8, fp
10007232:	da2d      	bge.n	10007290 <i2c_write_blocking_internal+0xf8>
10007234:	9a02      	ldr	r2, [sp, #8]
10007236:	3a01      	subs	r2, #1
10007238:	4692      	mov	sl, r2
1000723a:	4642      	mov	r2, r8
1000723c:	2a00      	cmp	r2, #0
1000723e:	d0cb      	beq.n	100071d8 <i2c_write_blocking_internal+0x40>
10007240:	2200      	movs	r2, #0
10007242:	0292      	lsls	r2, r2, #10
10007244:	45c2      	cmp	sl, r8
10007246:	d0cc      	beq.n	100071e2 <i2c_write_blocking_internal+0x4a>
10007248:	2100      	movs	r1, #0
1000724a:	0249      	lsls	r1, r1, #9
1000724c:	430a      	orrs	r2, r1
1000724e:	1c41      	adds	r1, r0, #1
10007250:	9101      	str	r1, [sp, #4]
10007252:	7800      	ldrb	r0, [r0, #0]
10007254:	6839      	ldr	r1, [r7, #0]
10007256:	4302      	orrs	r2, r0
10007258:	610a      	str	r2, [r1, #16]
1000725a:	e7d4      	b.n	10007206 <i2c_write_blocking_internal+0x6e>
1000725c:	6d52      	ldr	r2, [r2, #84]	@ 0x54
1000725e:	2401      	movs	r4, #1
10007260:	e00e      	b.n	10007280 <i2c_write_blocking_internal+0xe8>
10007262:	9a03      	ldr	r2, [sp, #12]
10007264:	2a00      	cmp	r2, #0
10007266:	d1dd      	bne.n	10007224 <i2c_write_blocking_internal+0x8c>
10007268:	e00a      	b.n	10007280 <i2c_write_blocking_internal+0xe8>
1000726a:	0030      	movs	r0, r6
1000726c:	47a8      	blx	r5
1000726e:	0003      	movs	r3, r0
10007270:	4304      	orrs	r4, r0
10007272:	b2e4      	uxtb	r4, r4
10007274:	2b00      	cmp	r3, #0
10007276:	d106      	bne.n	10007286 <i2c_write_blocking_internal+0xee>
10007278:	683a      	ldr	r2, [r7, #0]
1000727a:	6b52      	ldr	r2, [r2, #52]	@ 0x34
1000727c:	0592      	lsls	r2, r2, #22
1000727e:	d402      	bmi.n	10007286 <i2c_write_blocking_internal+0xee>
10007280:	2d00      	cmp	r5, #0
10007282:	d1f2      	bne.n	1000726a <i2c_write_blocking_internal+0xd2>
10007284:	e7f6      	b.n	10007274 <i2c_write_blocking_internal+0xdc>
10007286:	2b00      	cmp	r3, #0
10007288:	d1cc      	bne.n	10007224 <i2c_write_blocking_internal+0x8c>
1000728a:	683a      	ldr	r2, [r7, #0]
1000728c:	6e12      	ldr	r2, [r2, #96]	@ 0x60
1000728e:	e7c9      	b.n	10007224 <i2c_write_blocking_internal+0x8c>
10007290:	4642      	mov	r2, r8
10007292:	2c00      	cmp	r4, #0
10007294:	d009      	beq.n	100072aa <i2c_write_blocking_internal+0x112>
10007296:	2b00      	cmp	r3, #0
10007298:	d111      	bne.n	100072be <i2c_write_blocking_internal+0x126>
1000729a:	464b      	mov	r3, r9
1000729c:	2b00      	cmp	r3, #0
1000729e:	d012      	beq.n	100072c6 <i2c_write_blocking_internal+0x12e>
100072a0:	07db      	lsls	r3, r3, #31
100072a2:	d414      	bmi.n	100072ce <i2c_write_blocking_internal+0x136>
100072a4:	464b      	mov	r3, r9
100072a6:	071b      	lsls	r3, r3, #28
100072a8:	d515      	bpl.n	100072d6 <i2c_write_blocking_internal+0x13e>
100072aa:	9b03      	ldr	r3, [sp, #12]
100072ac:	713b      	strb	r3, [r7, #4]
100072ae:	0010      	movs	r0, r2
100072b0:	b005      	add	sp, #20
100072b2:	bcf0      	pop	{r4, r5, r6, r7}
100072b4:	46bb      	mov	fp, r7
100072b6:	46b2      	mov	sl, r6
100072b8:	46a9      	mov	r9, r5
100072ba:	46a0      	mov	r8, r4
100072bc:	bdf0      	pop	{r4, r5, r6, r7, pc}
100072be:	2301      	movs	r3, #1
100072c0:	425b      	negs	r3, r3
100072c2:	001a      	movs	r2, r3
100072c4:	e7f1      	b.n	100072aa <i2c_write_blocking_internal+0x112>
100072c6:	2302      	movs	r3, #2
100072c8:	425b      	negs	r3, r3
100072ca:	001a      	movs	r2, r3
100072cc:	e7ed      	b.n	100072aa <i2c_write_blocking_internal+0x112>
100072ce:	2302      	movs	r3, #2
100072d0:	425b      	negs	r3, r3
100072d2:	001a      	movs	r2, r3
100072d4:	e7e9      	b.n	100072aa <i2c_write_blocking_internal+0x112>
100072d6:	2302      	movs	r3, #2
100072d8:	425b      	negs	r3, r3
100072da:	001a      	movs	r2, r3
100072dc:	e7e5      	b.n	100072aa <i2c_write_blocking_internal+0x112>

100072de <i2c_read_blocking_internal>:
100072de:	b5f0      	push	{r4, r5, r6, r7, lr}
100072e0:	46de      	mov	lr, fp
100072e2:	4657      	mov	r7, sl
100072e4:	464e      	mov	r6, r9
100072e6:	4645      	mov	r5, r8
100072e8:	b5e0      	push	{r5, r6, r7, lr}
100072ea:	b083      	sub	sp, #12
100072ec:	0005      	movs	r5, r0
100072ee:	4692      	mov	sl, r2
100072f0:	0018      	movs	r0, r3
100072f2:	9301      	str	r3, [sp, #4]
100072f4:	ab0c      	add	r3, sp, #48	@ 0x30
100072f6:	781a      	ldrb	r2, [r3, #0]
100072f8:	4693      	mov	fp, r2
100072fa:	9e0d      	ldr	r6, [sp, #52]	@ 0x34
100072fc:	9f0e      	ldr	r7, [sp, #56]	@ 0x38
100072fe:	682b      	ldr	r3, [r5, #0]
10007300:	2200      	movs	r2, #0
10007302:	66da      	str	r2, [r3, #108]	@ 0x6c
10007304:	682b      	ldr	r3, [r5, #0]
10007306:	6059      	str	r1, [r3, #4]
10007308:	682b      	ldr	r3, [r5, #0]
1000730a:	3201      	adds	r2, #1
1000730c:	66da      	str	r2, [r3, #108]	@ 0x6c
1000730e:	4681      	mov	r9, r0
10007310:	2300      	movs	r3, #0
10007312:	4698      	mov	r8, r3
10007314:	2400      	movs	r4, #0
10007316:	45c8      	cmp	r8, r9
10007318:	da3f      	bge.n	1000739a <i2c_read_blocking_internal+0xbc>
1000731a:	9a01      	ldr	r2, [sp, #4]
1000731c:	1e54      	subs	r4, r2, #1
1000731e:	682a      	ldr	r2, [r5, #0]
10007320:	6f51      	ldr	r1, [r2, #116]	@ 0x74
10007322:	2910      	cmp	r1, #16
10007324:	d0fb      	beq.n	1000731e <i2c_read_blocking_internal+0x40>
10007326:	4641      	mov	r1, r8
10007328:	2900      	cmp	r1, #0
1000732a:	d00b      	beq.n	10007344 <i2c_read_blocking_internal+0x66>
1000732c:	2000      	movs	r0, #0
1000732e:	0280      	lsls	r0, r0, #10
10007330:	4544      	cmp	r4, r8
10007332:	d00e      	beq.n	10007352 <i2c_read_blocking_internal+0x74>
10007334:	2100      	movs	r1, #0
10007336:	0249      	lsls	r1, r1, #9
10007338:	4308      	orrs	r0, r1
1000733a:	2180      	movs	r1, #128	@ 0x80
1000733c:	0049      	lsls	r1, r1, #1
1000733e:	4301      	orrs	r1, r0
10007340:	6111      	str	r1, [r2, #16]
10007342:	e018      	b.n	10007376 <i2c_read_blocking_internal+0x98>
10007344:	7929      	ldrb	r1, [r5, #4]
10007346:	2900      	cmp	r1, #0
10007348:	d101      	bne.n	1000734e <i2c_read_blocking_internal+0x70>
1000734a:	2000      	movs	r0, #0
1000734c:	e7ef      	b.n	1000732e <i2c_read_blocking_internal+0x50>
1000734e:	2001      	movs	r0, #1
10007350:	e7ed      	b.n	1000732e <i2c_read_blocking_internal+0x50>
10007352:	4659      	mov	r1, fp
10007354:	2900      	cmp	r1, #0
10007356:	d001      	beq.n	1000735c <i2c_read_blocking_internal+0x7e>
10007358:	2100      	movs	r1, #0
1000735a:	e7ec      	b.n	10007336 <i2c_read_blocking_internal+0x58>
1000735c:	2101      	movs	r1, #1
1000735e:	e7ea      	b.n	10007336 <i2c_read_blocking_internal+0x58>
10007360:	0038      	movs	r0, r7
10007362:	47b0      	blx	r6
10007364:	0003      	movs	r3, r0
10007366:	4304      	orrs	r4, r0
10007368:	b2e4      	uxtb	r4, r4
1000736a:	2c00      	cmp	r4, #0
1000736c:	d115      	bne.n	1000739a <i2c_read_blocking_internal+0xbc>
1000736e:	682a      	ldr	r2, [r5, #0]
10007370:	6f91      	ldr	r1, [r2, #120]	@ 0x78
10007372:	2900      	cmp	r1, #0
10007374:	d109      	bne.n	1000738a <i2c_read_blocking_internal+0xac>
10007376:	682a      	ldr	r2, [r5, #0]
10007378:	2180      	movs	r1, #128	@ 0x80
1000737a:	5851      	ldr	r1, [r2, r1]
1000737c:	6d54      	ldr	r4, [r2, #84]	@ 0x54
1000737e:	1e62      	subs	r2, r4, #1
10007380:	4194      	sbcs	r4, r2
10007382:	b2e4      	uxtb	r4, r4
10007384:	2e00      	cmp	r6, #0
10007386:	d1eb      	bne.n	10007360 <i2c_read_blocking_internal+0x82>
10007388:	e7ef      	b.n	1000736a <i2c_read_blocking_internal+0x8c>
1000738a:	6912      	ldr	r2, [r2, #16]
1000738c:	4651      	mov	r1, sl
1000738e:	700a      	strb	r2, [r1, #0]
10007390:	2201      	movs	r2, #1
10007392:	4694      	mov	ip, r2
10007394:	44e0      	add	r8, ip
10007396:	44e2      	add	sl, ip
10007398:	e7bd      	b.n	10007316 <i2c_read_blocking_internal+0x38>
1000739a:	2c00      	cmp	r4, #0
1000739c:	d004      	beq.n	100073a8 <i2c_read_blocking_internal+0xca>
1000739e:	2b00      	cmp	r3, #0
100073a0:	d00c      	beq.n	100073bc <i2c_read_blocking_internal+0xde>
100073a2:	2301      	movs	r3, #1
100073a4:	425b      	negs	r3, r3
100073a6:	4698      	mov	r8, r3
100073a8:	465b      	mov	r3, fp
100073aa:	712b      	strb	r3, [r5, #4]
100073ac:	4640      	mov	r0, r8
100073ae:	b003      	add	sp, #12
100073b0:	bcf0      	pop	{r4, r5, r6, r7}
100073b2:	46bb      	mov	fp, r7
100073b4:	46b2      	mov	sl, r6
100073b6:	46a9      	mov	r9, r5
100073b8:	46a0      	mov	r8, r4
100073ba:	bdf0      	pop	{r4, r5, r6, r7, pc}
100073bc:	2302      	movs	r3, #2
100073be:	425b      	negs	r3, r3
100073c0:	4698      	mov	r8, r3
100073c2:	e7f1      	b.n	100073a8 <i2c_read_blocking_internal+0xca>

100073c4 <i2c_set_baudrate>:
100073c4:	b5f0      	push	{r4, r5, r6, r7, lr}
100073c6:	46d6      	mov	lr, sl
100073c8:	464f      	mov	r7, r9
100073ca:	4646      	mov	r6, r8
100073cc:	b5c0      	push	{r6, r7, lr}
100073ce:	0005      	movs	r5, r0
100073d0:	000c      	movs	r4, r1
100073d2:	2005      	movs	r0, #5
100073d4:	f7fb fab6 	bl	10002944 <clock_get_hz>
100073d8:	0006      	movs	r6, r0
100073da:	0860      	lsrs	r0, r4, #1
100073dc:	1980      	adds	r0, r0, r6
100073de:	0021      	movs	r1, r4
100073e0:	f7fc fdd2 	bl	10003f88 <__wrap___aeabi_uidiv>
100073e4:	0007      	movs	r7, r0
100073e6:	0043      	lsls	r3, r0, #1
100073e8:	4699      	mov	r9, r3
100073ea:	4481      	add	r9, r0
100073ec:	2105      	movs	r1, #5
100073ee:	4648      	mov	r0, r9
100073f0:	f7fc fdca 	bl	10003f88 <__wrap___aeabi_uidiv>
100073f4:	4680      	mov	r8, r0
100073f6:	1a3b      	subs	r3, r7, r0
100073f8:	469a      	mov	sl, r3
100073fa:	4b28      	ldr	r3, [pc, #160]	@ (1000749c <i2c_set_baudrate+0xd8>)
100073fc:	429c      	cmp	r4, r3
100073fe:	d824      	bhi.n	1000744a <i2c_set_baudrate+0x86>
10007400:	0070      	lsls	r0, r6, #1
10007402:	1980      	adds	r0, r0, r6
10007404:	4926      	ldr	r1, [pc, #152]	@ (100074a0 <i2c_set_baudrate+0xdc>)
10007406:	f7fc fdbf 	bl	10003f88 <__wrap___aeabi_uidiv>
1000740a:	1c44      	adds	r4, r0, #1
1000740c:	4643      	mov	r3, r8
1000740e:	3b02      	subs	r3, #2
10007410:	42a3      	cmp	r3, r4
10007412:	d321      	bcc.n	10007458 <i2c_set_baudrate+0x94>
10007414:	682b      	ldr	r3, [r5, #0]
10007416:	2200      	movs	r2, #0
10007418:	66da      	str	r2, [r3, #108]	@ 0x6c
1000741a:	6829      	ldr	r1, [r5, #0]
1000741c:	680b      	ldr	r3, [r1, #0]
1000741e:	3204      	adds	r2, #4
10007420:	4053      	eors	r3, r2
10007422:	3202      	adds	r2, #2
10007424:	401a      	ands	r2, r3
10007426:	2380      	movs	r3, #128	@ 0x80
10007428:	015b      	lsls	r3, r3, #5
1000742a:	430b      	orrs	r3, r1
1000742c:	601a      	str	r2, [r3, #0]
1000742e:	682b      	ldr	r3, [r5, #0]
10007430:	4652      	mov	r2, sl
10007432:	61da      	str	r2, [r3, #28]
10007434:	682b      	ldr	r3, [r5, #0]
10007436:	4642      	mov	r2, r8
10007438:	621a      	str	r2, [r3, #32]
1000743a:	464b      	mov	r3, r9
1000743c:	2b4f      	cmp	r3, #79	@ 0x4f
1000743e:	d911      	bls.n	10007464 <i2c_set_baudrate+0xa0>
10007440:	2150      	movs	r1, #80	@ 0x50
10007442:	4648      	mov	r0, r9
10007444:	f7fc fda0 	bl	10003f88 <__wrap___aeabi_uidiv>
10007448:	e00d      	b.n	10007466 <i2c_set_baudrate+0xa2>
1000744a:	0070      	lsls	r0, r6, #1
1000744c:	1980      	adds	r0, r0, r6
1000744e:	4915      	ldr	r1, [pc, #84]	@ (100074a4 <i2c_set_baudrate+0xe0>)
10007450:	f7fc fd9a 	bl	10003f88 <__wrap___aeabi_uidiv>
10007454:	1c44      	adds	r4, r0, #1
10007456:	e7d9      	b.n	1000740c <i2c_set_baudrate+0x48>
10007458:	4b13      	ldr	r3, [pc, #76]	@ (100074a8 <i2c_set_baudrate+0xe4>)
1000745a:	4a14      	ldr	r2, [pc, #80]	@ (100074ac <i2c_set_baudrate+0xe8>)
1000745c:	4814      	ldr	r0, [pc, #80]	@ (100074b0 <i2c_set_baudrate+0xec>)
1000745e:	215d      	movs	r1, #93	@ 0x5d
10007460:	f7fb fb92 	bl	10002b88 <__assert_func>
10007464:	2001      	movs	r0, #1
10007466:	682a      	ldr	r2, [r5, #0]
10007468:	23a0      	movs	r3, #160	@ 0xa0
1000746a:	50d0      	str	r0, [r2, r3]
1000746c:	682b      	ldr	r3, [r5, #0]
1000746e:	001a      	movs	r2, r3
10007470:	327c      	adds	r2, #124	@ 0x7c
10007472:	6fdb      	ldr	r3, [r3, #124]	@ 0x7c
10007474:	405c      	eors	r4, r3
10007476:	0424      	lsls	r4, r4, #16
10007478:	0c24      	lsrs	r4, r4, #16
1000747a:	2380      	movs	r3, #128	@ 0x80
1000747c:	015b      	lsls	r3, r3, #5
1000747e:	4313      	orrs	r3, r2
10007480:	601c      	str	r4, [r3, #0]
10007482:	682b      	ldr	r3, [r5, #0]
10007484:	2201      	movs	r2, #1
10007486:	66da      	str	r2, [r3, #108]	@ 0x6c
10007488:	0039      	movs	r1, r7
1000748a:	0030      	movs	r0, r6
1000748c:	f7fc fd7c 	bl	10003f88 <__wrap___aeabi_uidiv>
10007490:	bce0      	pop	{r5, r6, r7}
10007492:	46ba      	mov	sl, r7
10007494:	46b1      	mov	r9, r6
10007496:	46a8      	mov	r8, r5
10007498:	bdf0      	pop	{r4, r5, r6, r7, pc}
1000749a:	46c0      	nop			@ (mov r8, r8)
1000749c:	000f423f 	.word	0x000f423f
100074a0:	00989680 	.word	0x00989680
100074a4:	017d7840 	.word	0x017d7840
100074a8:	10009aa8 	.word	0x10009aa8
100074ac:	1000a758 	.word	0x1000a758
100074b0:	10009ac8 	.word	0x10009ac8

100074b4 <i2c_init>:
100074b4:	b510      	push	{r4, lr}
100074b6:	4b11      	ldr	r3, [pc, #68]	@ (100074fc <i2c_init+0x48>)
100074b8:	4298      	cmp	r0, r3
100074ba:	d01d      	beq.n	100074f8 <i2c_init+0x44>
100074bc:	2210      	movs	r2, #16
100074be:	4b10      	ldr	r3, [pc, #64]	@ (10007500 <i2c_init+0x4c>)
100074c0:	601a      	str	r2, [r3, #0]
100074c2:	4b10      	ldr	r3, [pc, #64]	@ (10007504 <i2c_init+0x50>)
100074c4:	601a      	str	r2, [r3, #0]
100074c6:	4b10      	ldr	r3, [pc, #64]	@ (10007508 <i2c_init+0x54>)
100074c8:	689b      	ldr	r3, [r3, #8]
100074ca:	0014      	movs	r4, r2
100074cc:	439c      	bics	r4, r3
100074ce:	1e23      	subs	r3, r4, #0
100074d0:	d1f9      	bne.n	100074c6 <i2c_init+0x12>
100074d2:	7104      	strb	r4, [r0, #4]
100074d4:	6802      	ldr	r2, [r0, #0]
100074d6:	66d4      	str	r4, [r2, #108]	@ 0x6c
100074d8:	6802      	ldr	r2, [r0, #0]
100074da:	2466      	movs	r4, #102	@ 0x66
100074dc:	34ff      	adds	r4, #255	@ 0xff
100074de:	6014      	str	r4, [r2, #0]
100074e0:	6802      	ldr	r2, [r0, #0]
100074e2:	63d3      	str	r3, [r2, #60]	@ 0x3c
100074e4:	6802      	ldr	r2, [r0, #0]
100074e6:	6393      	str	r3, [r2, #56]	@ 0x38
100074e8:	6802      	ldr	r2, [r0, #0]
100074ea:	3388      	adds	r3, #136	@ 0x88
100074ec:	3c63      	subs	r4, #99	@ 0x63
100074ee:	3cff      	subs	r4, #255	@ 0xff
100074f0:	50d4      	str	r4, [r2, r3]
100074f2:	f7ff ff67 	bl	100073c4 <i2c_set_baudrate>
100074f6:	bd10      	pop	{r4, pc}
100074f8:	2208      	movs	r2, #8
100074fa:	e7e0      	b.n	100074be <i2c_init+0xa>
100074fc:	20000e08 	.word	0x20000e08
10007500:	4000e000 	.word	0x4000e000
10007504:	4000f000 	.word	0x4000f000
10007508:	4000c000 	.word	0x4000c000

1000750c <i2c_write_blocking>:
1000750c:	b530      	push	{r4, r5, lr}
1000750e:	b085      	sub	sp, #20
10007510:	ac08      	add	r4, sp, #32
10007512:	7825      	ldrb	r5, [r4, #0]
10007514:	2400      	movs	r4, #0
10007516:	9402      	str	r4, [sp, #8]
10007518:	9401      	str	r4, [sp, #4]
1000751a:	9500      	str	r5, [sp, #0]
1000751c:	f7ff fe3c 	bl	10007198 <i2c_write_blocking_internal>
10007520:	b005      	add	sp, #20
10007522:	bd30      	pop	{r4, r5, pc}

10007524 <i2c_read_blocking>:
10007524:	b530      	push	{r4, r5, lr}
10007526:	b085      	sub	sp, #20
10007528:	ac08      	add	r4, sp, #32
1000752a:	7825      	ldrb	r5, [r4, #0]
1000752c:	2400      	movs	r4, #0
1000752e:	9402      	str	r4, [sp, #8]
10007530:	9401      	str	r4, [sp, #4]
10007532:	9500      	str	r5, [sp, #0]
10007534:	f7ff fed3 	bl	100072de <i2c_read_blocking_internal>
10007538:	b005      	add	sp, #20
1000753a:	bd30      	pop	{r4, r5, pc}

1000753c <pio_get_default_sm_config>:
1000753c:	b510      	push	{r4, lr}
1000753e:	0004      	movs	r4, r0
10007540:	2210      	movs	r2, #16
10007542:	2100      	movs	r1, #0
10007544:	f7fd f976 	bl	10004834 <__wrap_memset>
10007548:	2380      	movs	r3, #128	@ 0x80
1000754a:	025b      	lsls	r3, r3, #9
1000754c:	6023      	str	r3, [r4, #0]
1000754e:	23f8      	movs	r3, #248	@ 0xf8
10007550:	025b      	lsls	r3, r3, #9
10007552:	6063      	str	r3, [r4, #4]
10007554:	2380      	movs	r3, #128	@ 0x80
10007556:	02db      	lsls	r3, r3, #11
10007558:	60a3      	str	r3, [r4, #8]
1000755a:	23c0      	movs	r3, #192	@ 0xc0
1000755c:	031b      	lsls	r3, r3, #12
1000755e:	60a3      	str	r3, [r4, #8]
10007560:	0020      	movs	r0, r4
10007562:	bd10      	pop	{r4, pc}

10007564 <_pio_can_add_program_at_offset>:
10007564:	2305      	movs	r3, #5
10007566:	56cb      	ldrsb	r3, [r1, r3]
10007568:	2b00      	cmp	r3, #0
1000756a:	db01      	blt.n	10007570 <_pio_can_add_program_at_offset+0xc>
1000756c:	4293      	cmp	r3, r2
1000756e:	d111      	bne.n	10007594 <_pio_can_add_program_at_offset+0x30>
10007570:	4b09      	ldr	r3, [pc, #36]	@ (10007598 <_pio_can_add_program_at_offset+0x34>)
10007572:	469c      	mov	ip, r3
10007574:	4460      	add	r0, ip
10007576:	4243      	negs	r3, r0
10007578:	4158      	adcs	r0, r3
1000757a:	4b08      	ldr	r3, [pc, #32]	@ (1000759c <_pio_can_add_program_at_offset+0x38>)
1000757c:	0080      	lsls	r0, r0, #2
1000757e:	58c0      	ldr	r0, [r0, r3]
10007580:	7909      	ldrb	r1, [r1, #4]
10007582:	2301      	movs	r3, #1
10007584:	408b      	lsls	r3, r1
10007586:	3b01      	subs	r3, #1
10007588:	4093      	lsls	r3, r2
1000758a:	4018      	ands	r0, r3
1000758c:	4243      	negs	r3, r0
1000758e:	4158      	adcs	r0, r3
10007590:	b2c0      	uxtb	r0, r0
10007592:	4770      	bx	lr
10007594:	2000      	movs	r0, #0
10007596:	e7fc      	b.n	10007592 <_pio_can_add_program_at_offset+0x2e>
10007598:	afd00000 	.word	0xafd00000
1000759c:	200013ec 	.word	0x200013ec

100075a0 <_pio_find_offset_for_program>:
100075a0:	b570      	push	{r4, r5, r6, lr}
100075a2:	790a      	ldrb	r2, [r1, #4]
100075a4:	2a20      	cmp	r2, #32
100075a6:	d819      	bhi.n	100075dc <_pio_find_offset_for_program+0x3c>
100075a8:	4b17      	ldr	r3, [pc, #92]	@ (10007608 <_pio_find_offset_for_program+0x68>)
100075aa:	469c      	mov	ip, r3
100075ac:	4460      	add	r0, ip
100075ae:	4243      	negs	r3, r0
100075b0:	4158      	adcs	r0, r3
100075b2:	4b16      	ldr	r3, [pc, #88]	@ (1000760c <_pio_find_offset_for_program+0x6c>)
100075b4:	0080      	lsls	r0, r0, #2
100075b6:	58c4      	ldr	r4, [r0, r3]
100075b8:	2301      	movs	r3, #1
100075ba:	4093      	lsls	r3, r2
100075bc:	3b01      	subs	r3, #1
100075be:	7949      	ldrb	r1, [r1, #5]
100075c0:	b249      	sxtb	r1, r1
100075c2:	2900      	cmp	r1, #0
100075c4:	db10      	blt.n	100075e8 <_pio_find_offset_for_program+0x48>
100075c6:	0008      	movs	r0, r1
100075c8:	2520      	movs	r5, #32
100075ca:	1aaa      	subs	r2, r5, r2
100075cc:	4291      	cmp	r1, r2
100075ce:	dc18      	bgt.n	10007602 <_pio_find_offset_for_program+0x62>
100075d0:	408b      	lsls	r3, r1
100075d2:	421c      	tst	r4, r3
100075d4:	d001      	beq.n	100075da <_pio_find_offset_for_program+0x3a>
100075d6:	2001      	movs	r0, #1
100075d8:	4240      	negs	r0, r0
100075da:	bd70      	pop	{r4, r5, r6, pc}
100075dc:	4b0c      	ldr	r3, [pc, #48]	@ (10007610 <_pio_find_offset_for_program+0x70>)
100075de:	4a0d      	ldr	r2, [pc, #52]	@ (10007614 <_pio_find_offset_for_program+0x74>)
100075e0:	480d      	ldr	r0, [pc, #52]	@ (10007618 <_pio_find_offset_for_program+0x78>)
100075e2:	2140      	movs	r1, #64	@ 0x40
100075e4:	f7fb fad0 	bl	10002b88 <__assert_func>
100075e8:	2020      	movs	r0, #32
100075ea:	1a80      	subs	r0, r0, r2
100075ec:	2800      	cmp	r0, #0
100075ee:	db05      	blt.n	100075fc <_pio_find_offset_for_program+0x5c>
100075f0:	001a      	movs	r2, r3
100075f2:	4082      	lsls	r2, r0
100075f4:	4214      	tst	r4, r2
100075f6:	d0f0      	beq.n	100075da <_pio_find_offset_for_program+0x3a>
100075f8:	3801      	subs	r0, #1
100075fa:	e7f7      	b.n	100075ec <_pio_find_offset_for_program+0x4c>
100075fc:	2001      	movs	r0, #1
100075fe:	4240      	negs	r0, r0
10007600:	e7eb      	b.n	100075da <_pio_find_offset_for_program+0x3a>
10007602:	2001      	movs	r0, #1
10007604:	4240      	negs	r0, r0
10007606:	e7e8      	b.n	100075da <_pio_find_offset_for_program+0x3a>
10007608:	afd00000 	.word	0xafd00000
1000760c:	200013ec 	.word	0x200013ec
10007610:	10009b14 	.word	0x10009b14
10007614:	1000a780 	.word	0x1000a780
10007618:	10009b40 	.word	0x10009b40

1000761c <_pio_add_program_at_offset>:
1000761c:	b570      	push	{r4, r5, r6, lr}
1000761e:	0005      	movs	r5, r0
10007620:	000c      	movs	r4, r1
10007622:	0016      	movs	r6, r2
10007624:	f7ff ff9e 	bl	10007564 <_pio_can_add_program_at_offset>
10007628:	2800      	cmp	r0, #0
1000762a:	d001      	beq.n	10007630 <_pio_add_program_at_offset+0x14>
1000762c:	2100      	movs	r1, #0
1000762e:	e008      	b.n	10007642 <_pio_add_program_at_offset+0x26>
10007630:	4816      	ldr	r0, [pc, #88]	@ (1000768c <_pio_add_program_at_offset+0x70>)
10007632:	f7fb fb41 	bl	10002cb8 <panic>
10007636:	199a      	adds	r2, r3, r6
10007638:	198b      	adds	r3, r1, r6
1000763a:	3312      	adds	r3, #18
1000763c:	009b      	lsls	r3, r3, #2
1000763e:	515a      	str	r2, [r3, r5]
10007640:	3101      	adds	r1, #1
10007642:	7923      	ldrb	r3, [r4, #4]
10007644:	428b      	cmp	r3, r1
10007646:	d911      	bls.n	1000766c <_pio_add_program_at_offset+0x50>
10007648:	7822      	ldrb	r2, [r4, #0]
1000764a:	7863      	ldrb	r3, [r4, #1]
1000764c:	021b      	lsls	r3, r3, #8
1000764e:	4313      	orrs	r3, r2
10007650:	78a2      	ldrb	r2, [r4, #2]
10007652:	0412      	lsls	r2, r2, #16
10007654:	431a      	orrs	r2, r3
10007656:	78e3      	ldrb	r3, [r4, #3]
10007658:	061b      	lsls	r3, r3, #24
1000765a:	4313      	orrs	r3, r2
1000765c:	004a      	lsls	r2, r1, #1
1000765e:	5a9b      	ldrh	r3, [r3, r2]
10007660:	2280      	movs	r2, #128	@ 0x80
10007662:	0192      	lsls	r2, r2, #6
10007664:	4293      	cmp	r3, r2
10007666:	d3e6      	bcc.n	10007636 <_pio_add_program_at_offset+0x1a>
10007668:	001a      	movs	r2, r3
1000766a:	e7e5      	b.n	10007638 <_pio_add_program_at_offset+0x1c>
1000766c:	2201      	movs	r2, #1
1000766e:	409a      	lsls	r2, r3
10007670:	0013      	movs	r3, r2
10007672:	3b01      	subs	r3, #1
10007674:	4a06      	ldr	r2, [pc, #24]	@ (10007690 <_pio_add_program_at_offset+0x74>)
10007676:	4694      	mov	ip, r2
10007678:	4465      	add	r5, ip
1000767a:	426a      	negs	r2, r5
1000767c:	4155      	adcs	r5, r2
1000767e:	4905      	ldr	r1, [pc, #20]	@ (10007694 <_pio_add_program_at_offset+0x78>)
10007680:	00ad      	lsls	r5, r5, #2
10007682:	586a      	ldr	r2, [r5, r1]
10007684:	40b3      	lsls	r3, r6
10007686:	4313      	orrs	r3, r2
10007688:	506b      	str	r3, [r5, r1]
1000768a:	bd70      	pop	{r4, r5, r6, pc}
1000768c:	10009b8c 	.word	0x10009b8c
10007690:	afd00000 	.word	0xafd00000
10007694:	200013ec 	.word	0x200013ec

10007698 <pio_sm_unclaim>:
10007698:	b510      	push	{r4, lr}
1000769a:	4b05      	ldr	r3, [pc, #20]	@ (100076b0 <pio_sm_unclaim+0x18>)
1000769c:	469c      	mov	ip, r3
1000769e:	4460      	add	r0, ip
100076a0:	4243      	negs	r3, r0
100076a2:	4158      	adcs	r0, r3
100076a4:	0080      	lsls	r0, r0, #2
100076a6:	1841      	adds	r1, r0, r1
100076a8:	4802      	ldr	r0, [pc, #8]	@ (100076b4 <pio_sm_unclaim+0x1c>)
100076aa:	f7f9 fbcb 	bl	10000e44 <hw_claim_clear>
100076ae:	bd10      	pop	{r4, pc}
100076b0:	afd00000 	.word	0xafd00000
100076b4:	2000277d 	.word	0x2000277d

100076b8 <pio_add_program>:
100076b8:	b5f8      	push	{r3, r4, r5, r6, r7, lr}
100076ba:	0005      	movs	r5, r0
100076bc:	000e      	movs	r6, r1
100076be:	f7f9 fb69 	bl	10000d94 <hw_claim_lock>
100076c2:	0007      	movs	r7, r0
100076c4:	0031      	movs	r1, r6
100076c6:	0028      	movs	r0, r5
100076c8:	f7ff ff6a 	bl	100075a0 <_pio_find_offset_for_program>
100076cc:	1e04      	subs	r4, r0, #0
100076ce:	db09      	blt.n	100076e4 <pio_add_program+0x2c>
100076d0:	0002      	movs	r2, r0
100076d2:	0031      	movs	r1, r6
100076d4:	0028      	movs	r0, r5
100076d6:	f7ff ffa1 	bl	1000761c <_pio_add_program_at_offset>
100076da:	0038      	movs	r0, r7
100076dc:	f7f9 fb66 	bl	10000dac <hw_claim_unlock>
100076e0:	0020      	movs	r0, r4
100076e2:	bdf8      	pop	{r3, r4, r5, r6, r7, pc}
100076e4:	4801      	ldr	r0, [pc, #4]	@ (100076ec <pio_add_program+0x34>)
100076e6:	f7fb fae7 	bl	10002cb8 <panic>
100076ea:	46c0      	nop			@ (mov r8, r8)
100076ec:	10009b8c 	.word	0x10009b8c

100076f0 <pio_remove_program>:
100076f0:	b570      	push	{r4, r5, r6, lr}
100076f2:	0004      	movs	r4, r0
100076f4:	790b      	ldrb	r3, [r1, #4]
100076f6:	2501      	movs	r5, #1
100076f8:	409d      	lsls	r5, r3
100076fa:	3d01      	subs	r5, #1
100076fc:	4095      	lsls	r5, r2
100076fe:	f7f9 fb49 	bl	10000d94 <hw_claim_lock>
10007702:	4b0c      	ldr	r3, [pc, #48]	@ (10007734 <pio_remove_program+0x44>)
10007704:	18e3      	adds	r3, r4, r3
10007706:	425a      	negs	r2, r3
10007708:	4153      	adcs	r3, r2
1000770a:	4a0b      	ldr	r2, [pc, #44]	@ (10007738 <pio_remove_program+0x48>)
1000770c:	0099      	lsls	r1, r3, #2
1000770e:	588a      	ldr	r2, [r1, r2]
10007710:	0029      	movs	r1, r5
10007712:	4011      	ands	r1, r2
10007714:	42a9      	cmp	r1, r5
10007716:	d106      	bne.n	10007726 <pio_remove_program+0x36>
10007718:	4907      	ldr	r1, [pc, #28]	@ (10007738 <pio_remove_program+0x48>)
1000771a:	009b      	lsls	r3, r3, #2
1000771c:	43aa      	bics	r2, r5
1000771e:	505a      	str	r2, [r3, r1]
10007720:	f7f9 fb44 	bl	10000dac <hw_claim_unlock>
10007724:	bd70      	pop	{r4, r5, r6, pc}
10007726:	4b05      	ldr	r3, [pc, #20]	@ (1000773c <pio_remove_program+0x4c>)
10007728:	4a05      	ldr	r2, [pc, #20]	@ (10007740 <pio_remove_program+0x50>)
1000772a:	4806      	ldr	r0, [pc, #24]	@ (10007744 <pio_remove_program+0x54>)
1000772c:	218a      	movs	r1, #138	@ 0x8a
1000772e:	f7fb fa2b 	bl	10002b88 <__assert_func>
10007732:	46c0      	nop			@ (mov r8, r8)
10007734:	afd00000 	.word	0xafd00000
10007738:	200013ec 	.word	0x200013ec
1000773c:	10009ba0 	.word	0x10009ba0
10007740:	1000a76c 	.word	0x1000a76c
10007744:	10009b40 	.word	0x10009b40

10007748 <pio_sm_set_consecutive_pindirs>:
10007748:	b5f0      	push	{r4, r5, r6, r7, lr}
1000774a:	46c6      	mov	lr, r8
1000774c:	b500      	push	{lr}
1000774e:	ac06      	add	r4, sp, #24
10007750:	7825      	ldrb	r5, [r4, #0]
10007752:	004c      	lsls	r4, r1, #1
10007754:	1866      	adds	r6, r4, r1
10007756:	00f6      	lsls	r6, r6, #3
10007758:	1986      	adds	r6, r0, r6
1000775a:	0037      	movs	r7, r6
1000775c:	37dc      	adds	r7, #220	@ 0xdc
1000775e:	683f      	ldr	r7, [r7, #0]
10007760:	46bc      	mov	ip, r7
10007762:	36cc      	adds	r6, #204	@ 0xcc
10007764:	6836      	ldr	r6, [r6, #0]
10007766:	46b0      	mov	r8, r6
10007768:	1864      	adds	r4, r4, r1
1000776a:	00e4      	lsls	r4, r4, #3
1000776c:	34c8      	adds	r4, #200	@ 0xc8
1000776e:	1904      	adds	r4, r0, r4
10007770:	3404      	adds	r4, #4
10007772:	26c0      	movs	r6, #192	@ 0xc0
10007774:	01b6      	lsls	r6, r6, #6
10007776:	4334      	orrs	r4, r6
10007778:	2680      	movs	r6, #128	@ 0x80
1000777a:	02b6      	lsls	r6, r6, #10
1000777c:	6026      	str	r6, [r4, #0]
1000777e:	2d00      	cmp	r5, #0
10007780:	d001      	beq.n	10007786 <pio_sm_set_consecutive_pindirs+0x3e>
10007782:	261f      	movs	r6, #31
10007784:	e014      	b.n	100077b0 <pio_sm_set_consecutive_pindirs+0x68>
10007786:	2600      	movs	r6, #0
10007788:	e012      	b.n	100077b0 <pio_sm_set_consecutive_pindirs+0x68>
1000778a:	0154      	lsls	r4, r2, #5
1000778c:	25a0      	movs	r5, #160	@ 0xa0
1000778e:	056d      	lsls	r5, r5, #21
10007790:	4325      	orrs	r5, r4
10007792:	004c      	lsls	r4, r1, #1
10007794:	1864      	adds	r4, r4, r1
10007796:	00e4      	lsls	r4, r4, #3
10007798:	1904      	adds	r4, r0, r4
1000779a:	0027      	movs	r7, r4
1000779c:	37dc      	adds	r7, #220	@ 0xdc
1000779e:	603d      	str	r5, [r7, #0]
100077a0:	4d11      	ldr	r5, [pc, #68]	@ (100077e8 <pio_sm_set_consecutive_pindirs+0xa0>)
100077a2:	4335      	orrs	r5, r6
100077a4:	34d8      	adds	r4, #216	@ 0xd8
100077a6:	6025      	str	r5, [r4, #0]
100077a8:	3b05      	subs	r3, #5
100077aa:	3205      	adds	r2, #5
100077ac:	241f      	movs	r4, #31
100077ae:	4022      	ands	r2, r4
100077b0:	2b05      	cmp	r3, #5
100077b2:	d8ea      	bhi.n	1000778a <pio_sm_set_consecutive_pindirs+0x42>
100077b4:	069b      	lsls	r3, r3, #26
100077b6:	0152      	lsls	r2, r2, #5
100077b8:	4313      	orrs	r3, r2
100077ba:	004c      	lsls	r4, r1, #1
100077bc:	1862      	adds	r2, r4, r1
100077be:	00d2      	lsls	r2, r2, #3
100077c0:	1882      	adds	r2, r0, r2
100077c2:	0015      	movs	r5, r2
100077c4:	35dc      	adds	r5, #220	@ 0xdc
100077c6:	602b      	str	r3, [r5, #0]
100077c8:	4b07      	ldr	r3, [pc, #28]	@ (100077e8 <pio_sm_set_consecutive_pindirs+0xa0>)
100077ca:	4333      	orrs	r3, r6
100077cc:	32d8      	adds	r2, #216	@ 0xd8
100077ce:	6013      	str	r3, [r2, #0]
100077d0:	4663      	mov	r3, ip
100077d2:	602b      	str	r3, [r5, #0]
100077d4:	1864      	adds	r4, r4, r1
100077d6:	00e4      	lsls	r4, r4, #3
100077d8:	1900      	adds	r0, r0, r4
100077da:	30cc      	adds	r0, #204	@ 0xcc
100077dc:	4643      	mov	r3, r8
100077de:	6003      	str	r3, [r0, #0]
100077e0:	bc80      	pop	{r7}
100077e2:	46b8      	mov	r8, r7
100077e4:	bdf0      	pop	{r4, r5, r6, r7, pc}
100077e6:	46c0      	nop			@ (mov r8, r8)
100077e8:	0000e080 	.word	0x0000e080

100077ec <pio_sm_init>:
100077ec:	b570      	push	{r4, r5, r6, lr}
100077ee:	b084      	sub	sp, #16
100077f0:	0004      	movs	r4, r0
100077f2:	000d      	movs	r5, r1
100077f4:	0016      	movs	r6, r2
100077f6:	6802      	ldr	r2, [r0, #0]
100077f8:	2101      	movs	r1, #1
100077fa:	40a9      	lsls	r1, r5
100077fc:	438a      	bics	r2, r1
100077fe:	6002      	str	r2, [r0, #0]
10007800:	2b00      	cmp	r3, #0
10007802:	d034      	beq.n	1000786e <pio_sm_init+0x82>
10007804:	6818      	ldr	r0, [r3, #0]
10007806:	0069      	lsls	r1, r5, #1
10007808:	1949      	adds	r1, r1, r5
1000780a:	00c9      	lsls	r1, r1, #3
1000780c:	1861      	adds	r1, r4, r1
1000780e:	000a      	movs	r2, r1
10007810:	32c8      	adds	r2, #200	@ 0xc8
10007812:	6010      	str	r0, [r2, #0]
10007814:	6858      	ldr	r0, [r3, #4]
10007816:	3204      	adds	r2, #4
10007818:	6010      	str	r0, [r2, #0]
1000781a:	6898      	ldr	r0, [r3, #8]
1000781c:	3204      	adds	r2, #4
1000781e:	6010      	str	r0, [r2, #0]
10007820:	68db      	ldr	r3, [r3, #12]
10007822:	31dc      	adds	r1, #220	@ 0xdc
10007824:	600b      	str	r3, [r1, #0]
10007826:	006a      	lsls	r2, r5, #1
10007828:	1953      	adds	r3, r2, r5
1000782a:	00db      	lsls	r3, r3, #3
1000782c:	33d0      	adds	r3, #208	@ 0xd0
1000782e:	18e3      	adds	r3, r4, r3
10007830:	2180      	movs	r1, #128	@ 0x80
10007832:	0149      	lsls	r1, r1, #5
10007834:	430b      	orrs	r3, r1
10007836:	2180      	movs	r1, #128	@ 0x80
10007838:	0609      	lsls	r1, r1, #24
1000783a:	6019      	str	r1, [r3, #0]
1000783c:	6019      	str	r1, [r3, #0]
1000783e:	4b16      	ldr	r3, [pc, #88]	@ (10007898 <pio_sm_init+0xac>)
10007840:	40ab      	lsls	r3, r5
10007842:	60a3      	str	r3, [r4, #8]
10007844:	1d2b      	adds	r3, r5, #4
10007846:	2101      	movs	r1, #1
10007848:	0008      	movs	r0, r1
1000784a:	4098      	lsls	r0, r3
1000784c:	2380      	movs	r3, #128	@ 0x80
1000784e:	019b      	lsls	r3, r3, #6
10007850:	4323      	orrs	r3, r4
10007852:	6018      	str	r0, [r3, #0]
10007854:	0028      	movs	r0, r5
10007856:	3008      	adds	r0, #8
10007858:	4081      	lsls	r1, r0
1000785a:	6019      	str	r1, [r3, #0]
1000785c:	231f      	movs	r3, #31
1000785e:	4033      	ands	r3, r6
10007860:	1952      	adds	r2, r2, r5
10007862:	00d2      	lsls	r2, r2, #3
10007864:	18a4      	adds	r4, r4, r2
10007866:	34d8      	adds	r4, #216	@ 0xd8
10007868:	6023      	str	r3, [r4, #0]
1000786a:	b004      	add	sp, #16
1000786c:	bd70      	pop	{r4, r5, r6, pc}
1000786e:	4668      	mov	r0, sp
10007870:	f7ff fe64 	bl	1000753c <pio_get_default_sm_config>
10007874:	9900      	ldr	r1, [sp, #0]
10007876:	006b      	lsls	r3, r5, #1
10007878:	195b      	adds	r3, r3, r5
1000787a:	00db      	lsls	r3, r3, #3
1000787c:	18e3      	adds	r3, r4, r3
1000787e:	001a      	movs	r2, r3
10007880:	32c8      	adds	r2, #200	@ 0xc8
10007882:	6011      	str	r1, [r2, #0]
10007884:	9901      	ldr	r1, [sp, #4]
10007886:	3204      	adds	r2, #4
10007888:	6011      	str	r1, [r2, #0]
1000788a:	9902      	ldr	r1, [sp, #8]
1000788c:	3204      	adds	r2, #4
1000788e:	6011      	str	r1, [r2, #0]
10007890:	9a03      	ldr	r2, [sp, #12]
10007892:	33dc      	adds	r3, #220	@ 0xdc
10007894:	601a      	str	r2, [r3, #0]
10007896:	e7c6      	b.n	10007826 <pio_sm_init+0x3a>
10007898:	01010101 	.word	0x01010101

1000789c <valid_datetime>:
1000789c:	8802      	ldrh	r2, [r0, #0]
1000789e:	2380      	movs	r3, #128	@ 0x80
100078a0:	015b      	lsls	r3, r3, #5
100078a2:	429a      	cmp	r2, r3
100078a4:	d219      	bcs.n	100078da <valid_datetime+0x3e>
100078a6:	2302      	movs	r3, #2
100078a8:	56c3      	ldrsb	r3, [r0, r3]
100078aa:	3b01      	subs	r3, #1
100078ac:	b2db      	uxtb	r3, r3
100078ae:	2b0b      	cmp	r3, #11
100078b0:	d815      	bhi.n	100078de <valid_datetime+0x42>
100078b2:	2303      	movs	r3, #3
100078b4:	56c3      	ldrsb	r3, [r0, r3]
100078b6:	3b01      	subs	r3, #1
100078b8:	b2db      	uxtb	r3, r3
100078ba:	2b1e      	cmp	r3, #30
100078bc:	d811      	bhi.n	100078e2 <valid_datetime+0x46>
100078be:	7903      	ldrb	r3, [r0, #4]
100078c0:	2b06      	cmp	r3, #6
100078c2:	d810      	bhi.n	100078e6 <valid_datetime+0x4a>
100078c4:	7943      	ldrb	r3, [r0, #5]
100078c6:	2b17      	cmp	r3, #23
100078c8:	d80f      	bhi.n	100078ea <valid_datetime+0x4e>
100078ca:	7983      	ldrb	r3, [r0, #6]
100078cc:	2b3b      	cmp	r3, #59	@ 0x3b
100078ce:	d80e      	bhi.n	100078ee <valid_datetime+0x52>
100078d0:	79c3      	ldrb	r3, [r0, #7]
100078d2:	2b3b      	cmp	r3, #59	@ 0x3b
100078d4:	d80d      	bhi.n	100078f2 <valid_datetime+0x56>
100078d6:	2001      	movs	r0, #1
100078d8:	e000      	b.n	100078dc <valid_datetime+0x40>
100078da:	2000      	movs	r0, #0
100078dc:	4770      	bx	lr
100078de:	2000      	movs	r0, #0
100078e0:	e7fc      	b.n	100078dc <valid_datetime+0x40>
100078e2:	2000      	movs	r0, #0
100078e4:	e7fa      	b.n	100078dc <valid_datetime+0x40>
100078e6:	2000      	movs	r0, #0
100078e8:	e7f8      	b.n	100078dc <valid_datetime+0x40>
100078ea:	2000      	movs	r0, #0
100078ec:	e7f6      	b.n	100078dc <valid_datetime+0x40>
100078ee:	2000      	movs	r0, #0
100078f0:	e7f4      	b.n	100078dc <valid_datetime+0x40>
100078f2:	2000      	movs	r0, #0
100078f4:	e7f2      	b.n	100078dc <valid_datetime+0x40>
	...

100078f8 <rtc_running>:
100078f8:	4b02      	ldr	r3, [pc, #8]	@ (10007904 <rtc_running+0xc>)
100078fa:	68db      	ldr	r3, [r3, #12]
100078fc:	085b      	lsrs	r3, r3, #1
100078fe:	2001      	movs	r0, #1
10007900:	4018      	ands	r0, r3
10007902:	4770      	bx	lr
10007904:	4005c000 	.word	0x4005c000

10007908 <rtc_init>:
10007908:	b510      	push	{r4, lr}
1000790a:	2009      	movs	r0, #9
1000790c:	f7fb f81a 	bl	10002944 <clock_get_hz>
10007910:	2800      	cmp	r0, #0
10007912:	d013      	beq.n	1000793c <rtc_init+0x34>
10007914:	2380      	movs	r3, #128	@ 0x80
10007916:	021b      	lsls	r3, r3, #8
10007918:	4a0e      	ldr	r2, [pc, #56]	@ (10007954 <rtc_init+0x4c>)
1000791a:	6013      	str	r3, [r2, #0]
1000791c:	4a0e      	ldr	r2, [pc, #56]	@ (10007958 <rtc_init+0x50>)
1000791e:	6013      	str	r3, [r2, #0]
10007920:	4b0e      	ldr	r3, [pc, #56]	@ (1000795c <rtc_init+0x54>)
10007922:	689a      	ldr	r2, [r3, #8]
10007924:	2380      	movs	r3, #128	@ 0x80
10007926:	021b      	lsls	r3, r3, #8
10007928:	4393      	bics	r3, r2
1000792a:	d1f9      	bne.n	10007920 <rtc_init+0x18>
1000792c:	3801      	subs	r0, #1
1000792e:	2380      	movs	r3, #128	@ 0x80
10007930:	025b      	lsls	r3, r3, #9
10007932:	4298      	cmp	r0, r3
10007934:	d208      	bcs.n	10007948 <rtc_init+0x40>
10007936:	4b0a      	ldr	r3, [pc, #40]	@ (10007960 <rtc_init+0x58>)
10007938:	6018      	str	r0, [r3, #0]
1000793a:	bd10      	pop	{r4, pc}
1000793c:	4b09      	ldr	r3, [pc, #36]	@ (10007964 <rtc_init+0x5c>)
1000793e:	4a0a      	ldr	r2, [pc, #40]	@ (10007968 <rtc_init+0x60>)
10007940:	480a      	ldr	r0, [pc, #40]	@ (1000796c <rtc_init+0x64>)
10007942:	2119      	movs	r1, #25
10007944:	f7fb f920 	bl	10002b88 <__assert_func>
10007948:	4b09      	ldr	r3, [pc, #36]	@ (10007970 <rtc_init+0x68>)
1000794a:	4a07      	ldr	r2, [pc, #28]	@ (10007968 <rtc_init+0x60>)
1000794c:	4807      	ldr	r0, [pc, #28]	@ (1000796c <rtc_init+0x64>)
1000794e:	2124      	movs	r1, #36	@ 0x24
10007950:	f7fb f91a 	bl	10002b88 <__assert_func>
10007954:	4000e000 	.word	0x4000e000
10007958:	4000f000 	.word	0x4000f000
1000795c:	4000c000 	.word	0x4000c000
10007960:	4005c000 	.word	0x4005c000
10007964:	10009bf0 	.word	0x10009bf0
10007968:	1000a7a0 	.word	0x1000a7a0
1000796c:	10009c00 	.word	0x10009c00
10007970:	10009c4c 	.word	0x10009c4c

10007974 <rtc_set_datetime>:
10007974:	b510      	push	{r4, lr}
10007976:	0004      	movs	r4, r0
10007978:	f7ff ff90 	bl	1000789c <valid_datetime>
1000797c:	2800      	cmp	r0, #0
1000797e:	d029      	beq.n	100079d4 <rtc_set_datetime+0x60>
10007980:	4b15      	ldr	r3, [pc, #84]	@ (100079d8 <rtc_set_datetime+0x64>)
10007982:	2200      	movs	r2, #0
10007984:	60da      	str	r2, [r3, #12]
10007986:	f7ff ffb7 	bl	100078f8 <rtc_running>
1000798a:	2800      	cmp	r0, #0
1000798c:	d1fb      	bne.n	10007986 <rtc_set_datetime+0x12>
1000798e:	2200      	movs	r2, #0
10007990:	5ea3      	ldrsh	r3, [r4, r2]
10007992:	031b      	lsls	r3, r3, #12
10007994:	2202      	movs	r2, #2
10007996:	56a2      	ldrsb	r2, [r4, r2]
10007998:	0212      	lsls	r2, r2, #8
1000799a:	4313      	orrs	r3, r2
1000799c:	2203      	movs	r2, #3
1000799e:	56a2      	ldrsb	r2, [r4, r2]
100079a0:	4313      	orrs	r3, r2
100079a2:	4a0d      	ldr	r2, [pc, #52]	@ (100079d8 <rtc_set_datetime+0x64>)
100079a4:	6053      	str	r3, [r2, #4]
100079a6:	2304      	movs	r3, #4
100079a8:	56e3      	ldrsb	r3, [r4, r3]
100079aa:	061b      	lsls	r3, r3, #24
100079ac:	2105      	movs	r1, #5
100079ae:	5661      	ldrsb	r1, [r4, r1]
100079b0:	0409      	lsls	r1, r1, #16
100079b2:	430b      	orrs	r3, r1
100079b4:	2106      	movs	r1, #6
100079b6:	5661      	ldrsb	r1, [r4, r1]
100079b8:	0209      	lsls	r1, r1, #8
100079ba:	430b      	orrs	r3, r1
100079bc:	2107      	movs	r1, #7
100079be:	5661      	ldrsb	r1, [r4, r1]
100079c0:	430b      	orrs	r3, r1
100079c2:	6093      	str	r3, [r2, #8]
100079c4:	2310      	movs	r3, #16
100079c6:	60d3      	str	r3, [r2, #12]
100079c8:	3b0f      	subs	r3, #15
100079ca:	60d3      	str	r3, [r2, #12]
100079cc:	f7ff ff94 	bl	100078f8 <rtc_running>
100079d0:	2800      	cmp	r0, #0
100079d2:	d0fb      	beq.n	100079cc <rtc_set_datetime+0x58>
100079d4:	bd10      	pop	{r4, pc}
100079d6:	46c0      	nop			@ (mov r8, r8)
100079d8:	4005c000 	.word	0x4005c000

100079dc <rtc_get_datetime>:
100079dc:	b570      	push	{r4, r5, r6, lr}
100079de:	0004      	movs	r4, r0
100079e0:	f7ff ff8a 	bl	100078f8 <rtc_running>
100079e4:	2800      	cmp	r0, #0
100079e6:	d01c      	beq.n	10007a22 <rtc_get_datetime+0x46>
100079e8:	4a0e      	ldr	r2, [pc, #56]	@ (10007a24 <rtc_get_datetime+0x48>)
100079ea:	69d3      	ldr	r3, [r2, #28]
100079ec:	6992      	ldr	r2, [r2, #24]
100079ee:	0e1d      	lsrs	r5, r3, #24
100079f0:	2107      	movs	r1, #7
100079f2:	4029      	ands	r1, r5
100079f4:	7121      	strb	r1, [r4, #4]
100079f6:	0c1d      	lsrs	r5, r3, #16
100079f8:	211f      	movs	r1, #31
100079fa:	400d      	ands	r5, r1
100079fc:	7165      	strb	r5, [r4, #5]
100079fe:	0a1e      	lsrs	r6, r3, #8
10007a00:	253f      	movs	r5, #63	@ 0x3f
10007a02:	402e      	ands	r6, r5
10007a04:	71a6      	strb	r6, [r4, #6]
10007a06:	b25b      	sxtb	r3, r3
10007a08:	401d      	ands	r5, r3
10007a0a:	71e5      	strb	r5, [r4, #7]
10007a0c:	0b13      	lsrs	r3, r2, #12
10007a0e:	051b      	lsls	r3, r3, #20
10007a10:	0d1b      	lsrs	r3, r3, #20
10007a12:	8023      	strh	r3, [r4, #0]
10007a14:	0a15      	lsrs	r5, r2, #8
10007a16:	230f      	movs	r3, #15
10007a18:	402b      	ands	r3, r5
10007a1a:	70a3      	strb	r3, [r4, #2]
10007a1c:	b252      	sxtb	r2, r2
10007a1e:	4011      	ands	r1, r2
10007a20:	70e1      	strb	r1, [r4, #3]
10007a22:	bd70      	pop	{r4, r5, r6, pc}
10007a24:	4005c000 	.word	0x4005c000

10007a28 <cyw43_arch_set_async_context>:
10007a28:	4b01      	ldr	r3, [pc, #4]	@ (10007a30 <cyw43_arch_set_async_context+0x8>)
10007a2a:	6018      	str	r0, [r3, #0]
10007a2c:	4770      	bx	lr
10007a2e:	46c0      	nop			@ (mov r8, r8)
10007a30:	2000140c 	.word	0x2000140c

10007a34 <cyw43_arch_async_context>:
10007a34:	4b01      	ldr	r3, [pc, #4]	@ (10007a3c <cyw43_arch_async_context+0x8>)
10007a36:	6818      	ldr	r0, [r3, #0]
10007a38:	4770      	bx	lr
10007a3a:	46c0      	nop			@ (mov r8, r8)
10007a3c:	2000140c 	.word	0x2000140c

10007a40 <cyw43_arch_init_default_async_context>:
10007a40:	b500      	push	{lr}
10007a42:	b083      	sub	sp, #12
10007a44:	4668      	mov	r0, sp
10007a46:	f000 fce7 	bl	10008418 <async_context_threadsafe_background_default_config>
10007a4a:	4804      	ldr	r0, [pc, #16]	@ (10007a5c <cyw43_arch_init_default_async_context+0x1c>)
10007a4c:	4669      	mov	r1, sp
10007a4e:	f000 fce9 	bl	10008424 <async_context_threadsafe_background_init>
10007a52:	2800      	cmp	r0, #0
10007a54:	d000      	beq.n	10007a58 <cyw43_arch_init_default_async_context+0x18>
10007a56:	4801      	ldr	r0, [pc, #4]	@ (10007a5c <cyw43_arch_init_default_async_context+0x1c>)
10007a58:	b003      	add	sp, #12
10007a5a:	bd00      	pop	{pc}
10007a5c:	20000e58 	.word	0x20000e58

10007a60 <cyw43_arch_deinit>:
10007a60:	b510      	push	{r4, lr}
10007a62:	f7ff ffe7 	bl	10007a34 <cyw43_arch_async_context>
10007a66:	0004      	movs	r4, r0
10007a68:	f000 fa6e 	bl	10007f48 <cyw43_driver_deinit>
10007a6c:	4b05      	ldr	r3, [pc, #20]	@ (10007a84 <cyw43_arch_deinit+0x24>)
10007a6e:	429c      	cmp	r4, r3
10007a70:	d000      	beq.n	10007a74 <cyw43_arch_deinit+0x14>
10007a72:	bd10      	pop	{r4, pc}
10007a74:	6823      	ldr	r3, [r4, #0]
10007a76:	6b5b      	ldr	r3, [r3, #52]	@ 0x34
10007a78:	0020      	movs	r0, r4
10007a7a:	4798      	blx	r3
10007a7c:	2000      	movs	r0, #0
10007a7e:	f7ff ffd3 	bl	10007a28 <cyw43_arch_set_async_context>
10007a82:	e7f6      	b.n	10007a72 <cyw43_arch_deinit+0x12>
10007a84:	20000e58 	.word	0x20000e58

10007a88 <cyw43_arch_init>:
10007a88:	b510      	push	{r4, lr}
10007a8a:	f7ff ffd3 	bl	10007a34 <cyw43_arch_async_context>
10007a8e:	1e04      	subs	r4, r0, #0
10007a90:	d006      	beq.n	10007aa0 <cyw43_arch_init+0x18>
10007a92:	0020      	movs	r0, r4
10007a94:	f000 fa3c 	bl	10007f10 <cyw43_driver_init>
10007a98:	2800      	cmp	r0, #0
10007a9a:	d008      	beq.n	10007aae <cyw43_arch_init+0x26>
10007a9c:	2000      	movs	r0, #0
10007a9e:	bd10      	pop	{r4, pc}
10007aa0:	f7ff ffce 	bl	10007a40 <cyw43_arch_init_default_async_context>
10007aa4:	1e04      	subs	r4, r0, #0
10007aa6:	d007      	beq.n	10007ab8 <cyw43_arch_init+0x30>
10007aa8:	f7ff ffbe 	bl	10007a28 <cyw43_arch_set_async_context>
10007aac:	e7f1      	b.n	10007a92 <cyw43_arch_init+0xa>
10007aae:	f7ff ffd7 	bl	10007a60 <cyw43_arch_deinit>
10007ab2:	2002      	movs	r0, #2
10007ab4:	4240      	negs	r0, r0
10007ab6:	e7f2      	b.n	10007a9e <cyw43_arch_init+0x16>
10007ab8:	2002      	movs	r0, #2
10007aba:	4240      	negs	r0, r0
10007abc:	e7ef      	b.n	10007a9e <cyw43_arch_init+0x16>
	...

10007ac0 <cyw43_spi_deinit>:
10007ac0:	b570      	push	{r4, r5, r6, lr}
10007ac2:	0005      	movs	r5, r0
10007ac4:	4b19      	ldr	r3, [pc, #100]	@ (10007b2c <cyw43_spi_deinit+0x6c>)
10007ac6:	58c4      	ldr	r4, [r0, r3]
10007ac8:	2c00      	cmp	r4, #0
10007aca:	d017      	beq.n	10007afc <cyw43_spi_deinit+0x3c>
10007acc:	2306      	movs	r3, #6
10007ace:	56e3      	ldrsb	r3, [r4, r3]
10007ad0:	2b00      	cmp	r3, #0
10007ad2:	db08      	blt.n	10007ae6 <cyw43_spi_deinit+0x26>
10007ad4:	2205      	movs	r2, #5
10007ad6:	56a2      	ldrsb	r2, [r4, r2]
10007ad8:	1c53      	adds	r3, r2, #1
10007ada:	d110      	bne.n	10007afe <cyw43_spi_deinit+0x3e>
10007adc:	2106      	movs	r1, #6
10007ade:	5661      	ldrsb	r1, [r4, r1]
10007ae0:	6820      	ldr	r0, [r4, #0]
10007ae2:	f7ff fdd9 	bl	10007698 <pio_sm_unclaim>
10007ae6:	2007      	movs	r0, #7
10007ae8:	5620      	ldrsb	r0, [r4, r0]
10007aea:	2800      	cmp	r0, #0
10007aec:	da0c      	bge.n	10007b08 <cyw43_spi_deinit+0x48>
10007aee:	2008      	movs	r0, #8
10007af0:	5620      	ldrsb	r0, [r4, r0]
10007af2:	2800      	cmp	r0, #0
10007af4:	da11      	bge.n	10007b1a <cyw43_spi_deinit+0x5a>
10007af6:	4b0d      	ldr	r3, [pc, #52]	@ (10007b2c <cyw43_spi_deinit+0x6c>)
10007af8:	2200      	movs	r2, #0
10007afa:	50ea      	str	r2, [r5, r3]
10007afc:	bd70      	pop	{r4, r5, r6, pc}
10007afe:	490c      	ldr	r1, [pc, #48]	@ (10007b30 <cyw43_spi_deinit+0x70>)
10007b00:	6820      	ldr	r0, [r4, #0]
10007b02:	f7ff fdf5 	bl	100076f0 <pio_remove_program>
10007b06:	e7e9      	b.n	10007adc <cyw43_spi_deinit+0x1c>
10007b08:	f000 f896 	bl	10007c38 <dma_channel_cleanup>
10007b0c:	2007      	movs	r0, #7
10007b0e:	5620      	ldrsb	r0, [r4, r0]
10007b10:	f000 f888 	bl	10007c24 <dma_channel_unclaim>
10007b14:	23ff      	movs	r3, #255	@ 0xff
10007b16:	71e3      	strb	r3, [r4, #7]
10007b18:	e7e9      	b.n	10007aee <cyw43_spi_deinit+0x2e>
10007b1a:	f000 f88d 	bl	10007c38 <dma_channel_cleanup>
10007b1e:	2008      	movs	r0, #8
10007b20:	5620      	ldrsb	r0, [r4, r0]
10007b22:	f000 f87f 	bl	10007c24 <dma_channel_unclaim>
10007b26:	23ff      	movs	r3, #255	@ 0xff
10007b28:	7223      	strb	r3, [r4, #8]
10007b2a:	e7e4      	b.n	10007af6 <cyw43_spi_deinit+0x36>
10007b2c:	0000084c 	.word	0x0000084c
10007b30:	1000a7ac 	.word	0x1000a7ac

10007b34 <cyw43_ll_init>:
10007b34:	6001      	str	r1, [r0, #0]
10007b36:	2300      	movs	r3, #0
10007b38:	6083      	str	r3, [r0, #8]
10007b3a:	7303      	strb	r3, [r0, #12]
10007b3c:	2201      	movs	r2, #1
10007b3e:	7342      	strb	r2, [r0, #13]
10007b40:	7383      	strb	r3, [r0, #14]
10007b42:	8203      	strh	r3, [r0, #16]
10007b44:	2200      	movs	r2, #0
10007b46:	7482      	strb	r2, [r0, #18]
10007b48:	74c2      	strb	r2, [r0, #19]
10007b4a:	4a01      	ldr	r2, [pc, #4]	@ (10007b50 <cyw43_ll_init+0x1c>)
10007b4c:	5083      	str	r3, [r0, r2]
10007b4e:	4770      	bx	lr
10007b50:	0000084c 	.word	0x0000084c

10007b54 <cyw43_ll_deinit>:
10007b54:	b510      	push	{r4, lr}
10007b56:	f7ff ffb3 	bl	10007ac0 <cyw43_spi_deinit>
10007b5a:	bd10      	pop	{r4, pc}

10007b5c <cyw43_init>:
10007b5c:	b570      	push	{r4, r5, r6, lr}
10007b5e:	0004      	movs	r4, r0
10007b60:	25d0      	movs	r5, #208	@ 0xd0
10007b62:	062d      	lsls	r5, r5, #24
10007b64:	2380      	movs	r3, #128	@ 0x80
10007b66:	045b      	lsls	r3, r3, #17
10007b68:	62ab      	str	r3, [r5, #40]	@ 0x28
10007b6a:	2200      	movs	r2, #0
10007b6c:	2100      	movs	r1, #0
10007b6e:	2018      	movs	r0, #24
10007b70:	f7f9 f872 	bl	10000c58 <gpio_set_pulls>
10007b74:	2680      	movs	r6, #128	@ 0x80
10007b76:	0436      	lsls	r6, r6, #16
10007b78:	626e      	str	r6, [r5, #36]	@ 0x24
10007b7a:	2200      	movs	r2, #0
10007b7c:	2100      	movs	r1, #0
10007b7e:	2017      	movs	r0, #23
10007b80:	f7f9 f86a 	bl	10000c58 <gpio_set_pulls>
10007b84:	61ae      	str	r6, [r5, #24]
10007b86:	0021      	movs	r1, r4
10007b88:	0020      	movs	r0, r4
10007b8a:	f7ff ffd3 	bl	10007b34 <cyw43_ll_init>
10007b8e:	2300      	movs	r3, #0
10007b90:	2286      	movs	r2, #134	@ 0x86
10007b92:	0112      	lsls	r2, r2, #4
10007b94:	54a3      	strb	r3, [r4, r2]
10007b96:	4a0b      	ldr	r2, [pc, #44]	@ (10007bc4 <cyw43_init+0x68>)
10007b98:	50a3      	str	r3, [r4, r2]
10007b9a:	4a0b      	ldr	r2, [pc, #44]	@ (10007bc8 <cyw43_init+0x6c>)
10007b9c:	50a3      	str	r3, [r4, r2]
10007b9e:	4a0b      	ldr	r2, [pc, #44]	@ (10007bcc <cyw43_init+0x70>)
10007ba0:	54a3      	strb	r3, [r4, r2]
10007ba2:	4a0b      	ldr	r2, [pc, #44]	@ (10007bd0 <cyw43_init+0x74>)
10007ba4:	54a3      	strb	r3, [r4, r2]
10007ba6:	4a0b      	ldr	r2, [pc, #44]	@ (10007bd4 <cyw43_init+0x78>)
10007ba8:	54a3      	strb	r3, [r4, r2]
10007baa:	3205      	adds	r2, #5
10007bac:	2103      	movs	r1, #3
10007bae:	54a1      	strb	r1, [r4, r2]
10007bb0:	4a09      	ldr	r2, [pc, #36]	@ (10007bd8 <cyw43_init+0x7c>)
10007bb2:	54a3      	strb	r3, [r4, r2]
10007bb4:	4a09      	ldr	r2, [pc, #36]	@ (10007bdc <cyw43_init+0x80>)
10007bb6:	54a3      	strb	r3, [r4, r2]
10007bb8:	4a09      	ldr	r2, [pc, #36]	@ (10007be0 <cyw43_init+0x84>)
10007bba:	6013      	str	r3, [r2, #0]
10007bbc:	4b09      	ldr	r3, [pc, #36]	@ (10007be4 <cyw43_init+0x88>)
10007bbe:	2201      	movs	r2, #1
10007bc0:	54e2      	strb	r2, [r4, r3]
10007bc2:	bd70      	pop	{r4, r5, r6, pc}
10007bc4:	00000868 	.word	0x00000868
10007bc8:	0000086c 	.word	0x0000086c
10007bcc:	00000879 	.word	0x00000879
10007bd0:	0000087a 	.word	0x0000087a
10007bd4:	0000087b 	.word	0x0000087b
10007bd8:	00000881 	.word	0x00000881
10007bdc:	00000882 	.word	0x00000882
10007be0:	20001568 	.word	0x20001568
10007be4:	00000878 	.word	0x00000878

10007be8 <cyw43_deinit>:
10007be8:	b510      	push	{r4, lr}
10007bea:	0004      	movs	r4, r0
10007bec:	f000 f9de 	bl	10007fac <cyw43_thread_enter>
10007bf0:	4b0b      	ldr	r3, [pc, #44]	@ (10007c20 <cyw43_deinit+0x38>)
10007bf2:	681b      	ldr	r3, [r3, #0]
10007bf4:	2b00      	cmp	r3, #0
10007bf6:	d010      	beq.n	10007c1a <cyw43_deinit+0x32>
10007bf8:	2100      	movs	r1, #0
10007bfa:	0020      	movs	r0, r4
10007bfc:	f000 f9ea 	bl	10007fd4 <cyw43_cb_tcpip_deinit>
10007c00:	2101      	movs	r1, #1
10007c02:	0020      	movs	r0, r4
10007c04:	f000 f9e6 	bl	10007fd4 <cyw43_cb_tcpip_deinit>
10007c08:	0020      	movs	r0, r4
10007c0a:	f7ff ffa3 	bl	10007b54 <cyw43_ll_deinit>
10007c0e:	0020      	movs	r0, r4
10007c10:	f7ff ffa4 	bl	10007b5c <cyw43_init>
10007c14:	f000 f9d4 	bl	10007fc0 <cyw43_thread_exit>
10007c18:	bd10      	pop	{r4, pc}
10007c1a:	f000 f9d1 	bl	10007fc0 <cyw43_thread_exit>
10007c1e:	e7fb      	b.n	10007c18 <cyw43_deinit+0x30>
10007c20:	20001568 	.word	0x20001568

10007c24 <dma_channel_unclaim>:
10007c24:	b510      	push	{r4, lr}
10007c26:	0001      	movs	r1, r0
10007c28:	4b02      	ldr	r3, [pc, #8]	@ (10007c34 <dma_channel_unclaim+0x10>)
10007c2a:	0018      	movs	r0, r3
10007c2c:	f7f9 f90a 	bl	10000e44 <hw_claim_clear>
10007c30:	bd10      	pop	{r4, pc}
10007c32:	46c0      	nop			@ (mov r8, r8)
10007c34:	20002772 	.word	0x20002772

10007c38 <dma_channel_cleanup>:
10007c38:	0182      	lsls	r2, r0, #6
10007c3a:	4b11      	ldr	r3, [pc, #68]	@ (10007c80 <dma_channel_cleanup+0x48>)
10007c3c:	469c      	mov	ip, r3
10007c3e:	4462      	add	r2, ip
10007c40:	02c3      	lsls	r3, r0, #11
10007c42:	6811      	ldr	r1, [r2, #0]
10007c44:	404b      	eors	r3, r1
10007c46:	490f      	ldr	r1, [pc, #60]	@ (10007c84 <dma_channel_cleanup+0x4c>)
10007c48:	400b      	ands	r3, r1
10007c4a:	2180      	movs	r1, #128	@ 0x80
10007c4c:	0149      	lsls	r1, r1, #5
10007c4e:	430a      	orrs	r2, r1
10007c50:	6013      	str	r3, [r2, #0]
10007c52:	2201      	movs	r2, #1
10007c54:	4082      	lsls	r2, r0
10007c56:	4b0c      	ldr	r3, [pc, #48]	@ (10007c88 <dma_channel_cleanup+0x50>)
10007c58:	601a      	str	r2, [r3, #0]
10007c5a:	4b0c      	ldr	r3, [pc, #48]	@ (10007c8c <dma_channel_cleanup+0x54>)
10007c5c:	601a      	str	r2, [r3, #0]
10007c5e:	21a0      	movs	r1, #160	@ 0xa0
10007c60:	05c9      	lsls	r1, r1, #23
10007c62:	4b0b      	ldr	r3, [pc, #44]	@ (10007c90 <dma_channel_cleanup+0x58>)
10007c64:	50ca      	str	r2, [r1, r3]
10007c66:	0183      	lsls	r3, r0, #6
10007c68:	21a0      	movs	r1, #160	@ 0xa0
10007c6a:	05c9      	lsls	r1, r1, #23
10007c6c:	468c      	mov	ip, r1
10007c6e:	4463      	add	r3, ip
10007c70:	68db      	ldr	r3, [r3, #12]
10007c72:	01db      	lsls	r3, r3, #7
10007c74:	d4f7      	bmi.n	10007c66 <dma_channel_cleanup+0x2e>
10007c76:	2380      	movs	r3, #128	@ 0x80
10007c78:	00db      	lsls	r3, r3, #3
10007c7a:	50ca      	str	r2, [r1, r3]
10007c7c:	4770      	bx	lr
10007c7e:	46c0      	nop			@ (mov r8, r8)
10007c80:	50000010 	.word	0x50000010
10007c84:	00007801 	.word	0x00007801
10007c88:	50003404 	.word	0x50003404
10007c8c:	50003414 	.word	0x50003414
10007c90:	00000444 	.word	0x00000444

10007c94 <cyw43_sleep_timeout_reached>:
10007c94:	b510      	push	{r4, lr}
10007c96:	4b0c      	ldr	r3, [pc, #48]	@ (10007cc8 <cyw43_sleep_timeout_reached+0x34>)
10007c98:	681b      	ldr	r3, [r3, #0]
10007c9a:	4283      	cmp	r3, r0
10007c9c:	d107      	bne.n	10007cae <cyw43_sleep_timeout_reached+0x1a>
10007c9e:	4b0b      	ldr	r3, [pc, #44]	@ (10007ccc <cyw43_sleep_timeout_reached+0x38>)
10007ca0:	4299      	cmp	r1, r3
10007ca2:	d10a      	bne.n	10007cba <cyw43_sleep_timeout_reached+0x26>
10007ca4:	6803      	ldr	r3, [r0, #0]
10007ca6:	6a5b      	ldr	r3, [r3, #36]	@ 0x24
10007ca8:	4909      	ldr	r1, [pc, #36]	@ (10007cd0 <cyw43_sleep_timeout_reached+0x3c>)
10007caa:	4798      	blx	r3
10007cac:	bd10      	pop	{r4, pc}
10007cae:	4b09      	ldr	r3, [pc, #36]	@ (10007cd4 <cyw43_sleep_timeout_reached+0x40>)
10007cb0:	4a09      	ldr	r2, [pc, #36]	@ (10007cd8 <cyw43_sleep_timeout_reached+0x44>)
10007cb2:	480a      	ldr	r0, [pc, #40]	@ (10007cdc <cyw43_sleep_timeout_reached+0x48>)
10007cb4:	2164      	movs	r1, #100	@ 0x64
10007cb6:	f7fa ff67 	bl	10002b88 <__assert_func>
10007cba:	4b09      	ldr	r3, [pc, #36]	@ (10007ce0 <cyw43_sleep_timeout_reached+0x4c>)
10007cbc:	4a06      	ldr	r2, [pc, #24]	@ (10007cd8 <cyw43_sleep_timeout_reached+0x44>)
10007cbe:	4807      	ldr	r0, [pc, #28]	@ (10007cdc <cyw43_sleep_timeout_reached+0x48>)
10007cc0:	2165      	movs	r1, #101	@ 0x65
10007cc2:	f7fa ff61 	bl	10002b88 <__assert_func>
10007cc6:	46c0      	nop			@ (mov r8, r8)
10007cc8:	20001564 	.word	0x20001564
10007ccc:	20000e20 	.word	0x20000e20
10007cd0:	20000e10 	.word	0x20000e10
10007cd4:	10009c6c 	.word	0x10009c6c
10007cd8:	1000a800 	.word	0x1000a800
10007cdc:	10009c8c 	.word	0x10009c8c
10007ce0:	10009ce8 	.word	0x10009ce8

10007ce4 <update_us_since_boot>:
10007ce4:	b510      	push	{r4, lr}
10007ce6:	2b00      	cmp	r3, #0
10007ce8:	db02      	blt.n	10007cf0 <update_us_since_boot+0xc>
10007cea:	6002      	str	r2, [r0, #0]
10007cec:	6043      	str	r3, [r0, #4]
10007cee:	bd10      	pop	{r4, pc}
10007cf0:	4b02      	ldr	r3, [pc, #8]	@ (10007cfc <update_us_since_boot+0x18>)
10007cf2:	4a03      	ldr	r2, [pc, #12]	@ (10007d00 <update_us_since_boot+0x1c>)
10007cf4:	4803      	ldr	r0, [pc, #12]	@ (10007d04 <update_us_since_boot+0x20>)
10007cf6:	213f      	movs	r1, #63	@ 0x3f
10007cf8:	f7fa ff46 	bl	10002b88 <__assert_func>
10007cfc:	10008810 	.word	0x10008810
10007d00:	1000a7e8 	.word	0x1000a7e8
10007d04:	1000882c 	.word	0x1000882c

10007d08 <delayed_by_ms>:
10007d08:	b570      	push	{r4, r5, r6, lr}
10007d0a:	b082      	sub	sp, #8
10007d0c:	0006      	movs	r6, r0
10007d0e:	0014      	movs	r4, r2
10007d10:	001d      	movs	r5, r3
10007d12:	22fa      	movs	r2, #250	@ 0xfa
10007d14:	0092      	lsls	r2, r2, #2
10007d16:	2300      	movs	r3, #0
10007d18:	9806      	ldr	r0, [sp, #24]
10007d1a:	2100      	movs	r1, #0
10007d1c:	f7fc fccc 	bl	100046b8 <__wrap___aeabi_lmul>
10007d20:	0002      	movs	r2, r0
10007d22:	000b      	movs	r3, r1
10007d24:	1912      	adds	r2, r2, r4
10007d26:	416b      	adcs	r3, r5
10007d28:	2b00      	cmp	r3, #0
10007d2a:	db09      	blt.n	10007d40 <delayed_by_ms+0x38>
10007d2c:	4668      	mov	r0, sp
10007d2e:	f7ff ffd9 	bl	10007ce4 <update_us_since_boot>
10007d32:	9a00      	ldr	r2, [sp, #0]
10007d34:	9b01      	ldr	r3, [sp, #4]
10007d36:	6032      	str	r2, [r6, #0]
10007d38:	6073      	str	r3, [r6, #4]
10007d3a:	0030      	movs	r0, r6
10007d3c:	b002      	add	sp, #8
10007d3e:	bd70      	pop	{r4, r5, r6, pc}
10007d40:	2201      	movs	r2, #1
10007d42:	4252      	negs	r2, r2
10007d44:	4b00      	ldr	r3, [pc, #0]	@ (10007d48 <delayed_by_ms+0x40>)
10007d46:	e7f1      	b.n	10007d2c <delayed_by_ms+0x24>
10007d48:	7fffffff 	.word	0x7fffffff

10007d4c <get_absolute_time>:
10007d4c:	b510      	push	{r4, lr}
10007d4e:	b082      	sub	sp, #8
10007d50:	0004      	movs	r4, r0
10007d52:	f7fa fa4d 	bl	100021f0 <time_us_64>
10007d56:	0002      	movs	r2, r0
10007d58:	000b      	movs	r3, r1
10007d5a:	4668      	mov	r0, sp
10007d5c:	f7ff ffc2 	bl	10007ce4 <update_us_since_boot>
10007d60:	9a00      	ldr	r2, [sp, #0]
10007d62:	9b01      	ldr	r3, [sp, #4]
10007d64:	6022      	str	r2, [r4, #0]
10007d66:	6063      	str	r3, [r4, #4]
10007d68:	0020      	movs	r0, r4
10007d6a:	b002      	add	sp, #8
10007d6c:	bd10      	pop	{r4, pc}

10007d6e <make_timeout_time_ms>:
10007d6e:	b530      	push	{r4, r5, lr}
10007d70:	b085      	sub	sp, #20
10007d72:	0004      	movs	r4, r0
10007d74:	000d      	movs	r5, r1
10007d76:	a802      	add	r0, sp, #8
10007d78:	f7ff ffe8 	bl	10007d4c <get_absolute_time>
10007d7c:	9a02      	ldr	r2, [sp, #8]
10007d7e:	9b03      	ldr	r3, [sp, #12]
10007d80:	9500      	str	r5, [sp, #0]
10007d82:	0020      	movs	r0, r4
10007d84:	f7ff ffc0 	bl	10007d08 <delayed_by_ms>
10007d88:	0020      	movs	r0, r4
10007d8a:	b005      	add	sp, #20
10007d8c:	bd30      	pop	{r4, r5, pc}

10007d8e <async_context_add_at_time_worker_in_ms>:
10007d8e:	b530      	push	{r4, r5, lr}
10007d90:	b083      	sub	sp, #12
10007d92:	0004      	movs	r4, r0
10007d94:	000d      	movs	r5, r1
10007d96:	0011      	movs	r1, r2
10007d98:	4668      	mov	r0, sp
10007d9a:	f7ff ffe8 	bl	10007d6e <make_timeout_time_ms>
10007d9e:	9a00      	ldr	r2, [sp, #0]
10007da0:	9b01      	ldr	r3, [sp, #4]
10007da2:	60aa      	str	r2, [r5, #8]
10007da4:	60eb      	str	r3, [r5, #12]
10007da6:	6823      	ldr	r3, [r4, #0]
10007da8:	695b      	ldr	r3, [r3, #20]
10007daa:	0029      	movs	r1, r5
10007dac:	0020      	movs	r0, r4
10007dae:	4798      	blx	r3
10007db0:	b003      	add	sp, #12
10007db2:	bd30      	pop	{r4, r5, pc}

10007db4 <cyw43_do_poll>:
10007db4:	b510      	push	{r4, lr}
10007db6:	0004      	movs	r4, r0
10007db8:	23d0      	movs	r3, #208	@ 0xd0
10007dba:	061b      	lsls	r3, r3, #24
10007dbc:	681a      	ldr	r2, [r3, #0]
10007dbe:	4b13      	ldr	r3, [pc, #76]	@ (10007e0c <cyw43_do_poll+0x58>)
10007dc0:	681b      	ldr	r3, [r3, #0]
10007dc2:	7e9b      	ldrb	r3, [r3, #26]
10007dc4:	429a      	cmp	r2, r3
10007dc6:	d115      	bne.n	10007df4 <cyw43_do_poll+0x40>
10007dc8:	4b11      	ldr	r3, [pc, #68]	@ (10007e10 <cyw43_do_poll+0x5c>)
10007dca:	681b      	ldr	r3, [r3, #0]
10007dcc:	2b00      	cmp	r3, #0
10007dce:	d010      	beq.n	10007df2 <cyw43_do_poll+0x3e>
10007dd0:	4a10      	ldr	r2, [pc, #64]	@ (10007e14 <cyw43_do_poll+0x60>)
10007dd2:	6812      	ldr	r2, [r2, #0]
10007dd4:	2a00      	cmp	r2, #0
10007dd6:	d002      	beq.n	10007dde <cyw43_do_poll+0x2a>
10007dd8:	490e      	ldr	r1, [pc, #56]	@ (10007e14 <cyw43_do_poll+0x60>)
10007dda:	3a01      	subs	r2, #1
10007ddc:	600a      	str	r2, [r1, #0]
10007dde:	4798      	blx	r3
10007de0:	4b0c      	ldr	r3, [pc, #48]	@ (10007e14 <cyw43_do_poll+0x60>)
10007de2:	681b      	ldr	r3, [r3, #0]
10007de4:	2b00      	cmp	r3, #0
10007de6:	d10b      	bne.n	10007e00 <cyw43_do_poll+0x4c>
10007de8:	6823      	ldr	r3, [r4, #0]
10007dea:	699b      	ldr	r3, [r3, #24]
10007dec:	490a      	ldr	r1, [pc, #40]	@ (10007e18 <cyw43_do_poll+0x64>)
10007dee:	0020      	movs	r0, r4
10007df0:	4798      	blx	r3
10007df2:	bd10      	pop	{r4, pc}
10007df4:	4b09      	ldr	r3, [pc, #36]	@ (10007e1c <cyw43_do_poll+0x68>)
10007df6:	4a0a      	ldr	r2, [pc, #40]	@ (10007e20 <cyw43_do_poll+0x6c>)
10007df8:	480a      	ldr	r0, [pc, #40]	@ (10007e24 <cyw43_do_poll+0x70>)
10007dfa:	2154      	movs	r1, #84	@ 0x54
10007dfc:	f7fa fec4 	bl	10002b88 <__assert_func>
10007e00:	4905      	ldr	r1, [pc, #20]	@ (10007e18 <cyw43_do_poll+0x64>)
10007e02:	2232      	movs	r2, #50	@ 0x32
10007e04:	0020      	movs	r0, r4
10007e06:	f7ff ffc2 	bl	10007d8e <async_context_add_at_time_worker_in_ms>
10007e0a:	e7f2      	b.n	10007df2 <cyw43_do_poll+0x3e>
10007e0c:	20001564 	.word	0x20001564
10007e10:	20001568 	.word	0x20001568
10007e14:	2000156c 	.word	0x2000156c
10007e18:	20000e20 	.word	0x20000e20
10007e1c:	10009d08 	.word	0x10009d08
10007e20:	1000a81c 	.word	0x1000a81c
10007e24:	10009c8c 	.word	0x10009c8c

10007e28 <cyw43_set_irq_enabled>:
10007e28:	b510      	push	{r4, lr}
10007e2a:	0002      	movs	r2, r0
10007e2c:	2102      	movs	r1, #2
10007e2e:	2018      	movs	r0, #24
10007e30:	f7f8 ff96 	bl	10000d60 <gpio_set_irq_enabled>
10007e34:	bd10      	pop	{r4, pc}
	...

10007e38 <cyw43_irq_init>:
10007e38:	b510      	push	{r4, lr}
10007e3a:	23d0      	movs	r3, #208	@ 0xd0
10007e3c:	061b      	lsls	r3, r3, #24
10007e3e:	681a      	ldr	r2, [r3, #0]
10007e40:	4b0c      	ldr	r3, [pc, #48]	@ (10007e74 <cyw43_irq_init+0x3c>)
10007e42:	681b      	ldr	r3, [r3, #0]
10007e44:	7e9b      	ldrb	r3, [r3, #26]
10007e46:	429a      	cmp	r2, r3
10007e48:	d10e      	bne.n	10007e68 <cyw43_irq_init+0x30>
10007e4a:	490b      	ldr	r1, [pc, #44]	@ (10007e78 <cyw43_irq_init+0x40>)
10007e4c:	2080      	movs	r0, #128	@ 0x80
10007e4e:	2240      	movs	r2, #64	@ 0x40
10007e50:	0440      	lsls	r0, r0, #17
10007e52:	f7f8 ff1b 	bl	10000c8c <gpio_add_raw_irq_handler_with_order_priority_masked>
10007e56:	2001      	movs	r0, #1
10007e58:	f7ff ffe6 	bl	10007e28 <cyw43_set_irq_enabled>
10007e5c:	2101      	movs	r1, #1
10007e5e:	200d      	movs	r0, #13
10007e60:	f7f9 f8d0 	bl	10001004 <irq_set_enabled>
10007e64:	2000      	movs	r0, #0
10007e66:	bd10      	pop	{r4, pc}
10007e68:	4b04      	ldr	r3, [pc, #16]	@ (10007e7c <cyw43_irq_init+0x44>)
10007e6a:	4a05      	ldr	r2, [pc, #20]	@ (10007e80 <cyw43_irq_init+0x48>)
10007e6c:	4805      	ldr	r0, [pc, #20]	@ (10007e84 <cyw43_irq_init+0x4c>)
10007e6e:	2135      	movs	r1, #53	@ 0x35
10007e70:	f7fa fe8a 	bl	10002b88 <__assert_func>
10007e74:	20001564 	.word	0x20001564
10007e78:	10007e89 	.word	0x10007e89
10007e7c:	10009d08 	.word	0x10009d08
10007e80:	1000a82c 	.word	0x1000a82c
10007e84:	10009c8c 	.word	0x10009c8c

10007e88 <cyw43_gpio_irq_handler>:
10007e88:	b510      	push	{r4, lr}
10007e8a:	23d0      	movs	r3, #208	@ 0xd0
10007e8c:	061b      	lsls	r3, r3, #24
10007e8e:	681b      	ldr	r3, [r3, #0]
10007e90:	2b00      	cmp	r3, #0
10007e92:	d004      	beq.n	10007e9e <cyw43_gpio_irq_handler+0x16>
10007e94:	4b08      	ldr	r3, [pc, #32]	@ (10007eb8 <cyw43_gpio_irq_handler+0x30>)
10007e96:	6adb      	ldr	r3, [r3, #44]	@ 0x2c
10007e98:	079b      	lsls	r3, r3, #30
10007e9a:	d402      	bmi.n	10007ea2 <cyw43_gpio_irq_handler+0x1a>
10007e9c:	bd10      	pop	{r4, pc}
10007e9e:	4b07      	ldr	r3, [pc, #28]	@ (10007ebc <cyw43_gpio_irq_handler+0x34>)
10007ea0:	e7f9      	b.n	10007e96 <cyw43_gpio_irq_handler+0xe>
10007ea2:	2000      	movs	r0, #0
10007ea4:	f7ff ffc0 	bl	10007e28 <cyw43_set_irq_enabled>
10007ea8:	4b05      	ldr	r3, [pc, #20]	@ (10007ec0 <cyw43_gpio_irq_handler+0x38>)
10007eaa:	6818      	ldr	r0, [r3, #0]
10007eac:	6803      	ldr	r3, [r0, #0]
10007eae:	6a5b      	ldr	r3, [r3, #36]	@ 0x24
10007eb0:	4904      	ldr	r1, [pc, #16]	@ (10007ec4 <cyw43_gpio_irq_handler+0x3c>)
10007eb2:	4798      	blx	r3
10007eb4:	e7f2      	b.n	10007e9c <cyw43_gpio_irq_handler+0x14>
10007eb6:	46c0      	nop			@ (mov r8, r8)
10007eb8:	40014130 	.word	0x40014130
10007ebc:	40014100 	.word	0x40014100
10007ec0:	20001564 	.word	0x20001564
10007ec4:	20000e10 	.word	0x20000e10

10007ec8 <cyw43_irq_deinit>:
10007ec8:	b510      	push	{r4, lr}
10007eca:	23d0      	movs	r3, #208	@ 0xd0
10007ecc:	061b      	lsls	r3, r3, #24
10007ece:	681a      	ldr	r2, [r3, #0]
10007ed0:	4b0a      	ldr	r3, [pc, #40]	@ (10007efc <cyw43_irq_deinit+0x34>)
10007ed2:	681b      	ldr	r3, [r3, #0]
10007ed4:	7e9b      	ldrb	r3, [r3, #26]
10007ed6:	429a      	cmp	r2, r3
10007ed8:	d109      	bne.n	10007eee <cyw43_irq_deinit+0x26>
10007eda:	4909      	ldr	r1, [pc, #36]	@ (10007f00 <cyw43_irq_deinit+0x38>)
10007edc:	2080      	movs	r0, #128	@ 0x80
10007ede:	0440      	lsls	r0, r0, #17
10007ee0:	f7f8 fef4 	bl	10000ccc <gpio_remove_raw_irq_handler_masked>
10007ee4:	2000      	movs	r0, #0
10007ee6:	f7ff ff9f 	bl	10007e28 <cyw43_set_irq_enabled>
10007eea:	2000      	movs	r0, #0
10007eec:	bd10      	pop	{r4, pc}
10007eee:	4b05      	ldr	r3, [pc, #20]	@ (10007f04 <cyw43_irq_deinit+0x3c>)
10007ef0:	4a05      	ldr	r2, [pc, #20]	@ (10007f08 <cyw43_irq_deinit+0x40>)
10007ef2:	4806      	ldr	r0, [pc, #24]	@ (10007f0c <cyw43_irq_deinit+0x44>)
10007ef4:	213f      	movs	r1, #63	@ 0x3f
10007ef6:	f7fa fe47 	bl	10002b88 <__assert_func>
10007efa:	46c0      	nop			@ (mov r8, r8)
10007efc:	20001564 	.word	0x20001564
10007f00:	10007e89 	.word	0x10007e89
10007f04:	10009d08 	.word	0x10009d08
10007f08:	1000a7d4 	.word	0x1000a7d4
10007f0c:	10009c8c 	.word	0x10009c8c

10007f10 <cyw43_driver_init>:
10007f10:	b510      	push	{r4, lr}
10007f12:	0004      	movs	r4, r0
10007f14:	4808      	ldr	r0, [pc, #32]	@ (10007f38 <cyw43_driver_init+0x28>)
10007f16:	f7ff fe21 	bl	10007b5c <cyw43_init>
10007f1a:	4b08      	ldr	r3, [pc, #32]	@ (10007f3c <cyw43_driver_init+0x2c>)
10007f1c:	601c      	str	r4, [r3, #0]
10007f1e:	6823      	ldr	r3, [r4, #0]
10007f20:	691b      	ldr	r3, [r3, #16]
10007f22:	4907      	ldr	r1, [pc, #28]	@ (10007f40 <cyw43_driver_init+0x30>)
10007f24:	2200      	movs	r2, #0
10007f26:	0020      	movs	r0, r4
10007f28:	4798      	blx	r3
10007f2a:	6823      	ldr	r3, [r4, #0]
10007f2c:	69db      	ldr	r3, [r3, #28]
10007f2e:	4905      	ldr	r1, [pc, #20]	@ (10007f44 <cyw43_driver_init+0x34>)
10007f30:	0020      	movs	r0, r4
10007f32:	4798      	blx	r3
10007f34:	2001      	movs	r0, #1
10007f36:	bd10      	pop	{r4, pc}
10007f38:	20001570 	.word	0x20001570
10007f3c:	20001564 	.word	0x20001564
10007f40:	10007e39 	.word	0x10007e39
10007f44:	20000e10 	.word	0x20000e10

10007f48 <cyw43_driver_deinit>:
10007f48:	b510      	push	{r4, lr}
10007f4a:	0004      	movs	r4, r0
10007f4c:	4b0f      	ldr	r3, [pc, #60]	@ (10007f8c <cyw43_driver_deinit+0x44>)
10007f4e:	681b      	ldr	r3, [r3, #0]
10007f50:	4283      	cmp	r3, r0
10007f52:	d115      	bne.n	10007f80 <cyw43_driver_deinit+0x38>
10007f54:	6803      	ldr	r3, [r0, #0]
10007f56:	699b      	ldr	r3, [r3, #24]
10007f58:	490d      	ldr	r1, [pc, #52]	@ (10007f90 <cyw43_driver_deinit+0x48>)
10007f5a:	4798      	blx	r3
10007f5c:	6823      	ldr	r3, [r4, #0]
10007f5e:	6a1b      	ldr	r3, [r3, #32]
10007f60:	490c      	ldr	r1, [pc, #48]	@ (10007f94 <cyw43_driver_deinit+0x4c>)
10007f62:	0020      	movs	r0, r4
10007f64:	4798      	blx	r3
10007f66:	6823      	ldr	r3, [r4, #0]
10007f68:	691b      	ldr	r3, [r3, #16]
10007f6a:	490b      	ldr	r1, [pc, #44]	@ (10007f98 <cyw43_driver_deinit+0x50>)
10007f6c:	2200      	movs	r2, #0
10007f6e:	0020      	movs	r0, r4
10007f70:	4798      	blx	r3
10007f72:	480a      	ldr	r0, [pc, #40]	@ (10007f9c <cyw43_driver_deinit+0x54>)
10007f74:	f7ff fe38 	bl	10007be8 <cyw43_deinit>
10007f78:	4b04      	ldr	r3, [pc, #16]	@ (10007f8c <cyw43_driver_deinit+0x44>)
10007f7a:	2200      	movs	r2, #0
10007f7c:	601a      	str	r2, [r3, #0]
10007f7e:	bd10      	pop	{r4, pc}
10007f80:	4b07      	ldr	r3, [pc, #28]	@ (10007fa0 <cyw43_driver_deinit+0x58>)
10007f82:	4a08      	ldr	r2, [pc, #32]	@ (10007fa4 <cyw43_driver_deinit+0x5c>)
10007f84:	4808      	ldr	r0, [pc, #32]	@ (10007fa8 <cyw43_driver_deinit+0x60>)
10007f86:	2174      	movs	r1, #116	@ 0x74
10007f88:	f7fa fdfe 	bl	10002b88 <__assert_func>
10007f8c:	20001564 	.word	0x20001564
10007f90:	20000e20 	.word	0x20000e20
10007f94:	20000e10 	.word	0x20000e10
10007f98:	10007ec9 	.word	0x10007ec9
10007f9c:	20001570 	.word	0x20001570
10007fa0:	10009c6c 	.word	0x10009c6c
10007fa4:	1000a7c0 	.word	0x1000a7c0
10007fa8:	10009c8c 	.word	0x10009c8c

10007fac <cyw43_thread_enter>:
10007fac:	b510      	push	{r4, lr}
10007fae:	4b03      	ldr	r3, [pc, #12]	@ (10007fbc <cyw43_thread_enter+0x10>)
10007fb0:	6818      	ldr	r0, [r3, #0]
10007fb2:	6803      	ldr	r3, [r0, #0]
10007fb4:	685b      	ldr	r3, [r3, #4]
10007fb6:	4798      	blx	r3
10007fb8:	bd10      	pop	{r4, pc}
10007fba:	46c0      	nop			@ (mov r8, r8)
10007fbc:	20001564 	.word	0x20001564

10007fc0 <cyw43_thread_exit>:
10007fc0:	b510      	push	{r4, lr}
10007fc2:	4b03      	ldr	r3, [pc, #12]	@ (10007fd0 <cyw43_thread_exit+0x10>)
10007fc4:	6818      	ldr	r0, [r3, #0]
10007fc6:	6803      	ldr	r3, [r0, #0]
10007fc8:	689b      	ldr	r3, [r3, #8]
10007fca:	4798      	blx	r3
10007fcc:	bd10      	pop	{r4, pc}
10007fce:	46c0      	nop			@ (mov r8, r8)
10007fd0:	20001564 	.word	0x20001564

10007fd4 <cyw43_cb_tcpip_deinit>:
10007fd4:	4770      	bx	lr
	...

10007fd8 <is_at_the_end_of_time>:
10007fd8:	0002      	movs	r2, r0
10007fda:	000b      	movs	r3, r1
10007fdc:	4904      	ldr	r1, [pc, #16]	@ (10007ff0 <is_at_the_end_of_time+0x18>)
10007fde:	6808      	ldr	r0, [r1, #0]
10007fe0:	6849      	ldr	r1, [r1, #4]
10007fe2:	4050      	eors	r0, r2
10007fe4:	4059      	eors	r1, r3
10007fe6:	4308      	orrs	r0, r1
10007fe8:	4243      	negs	r3, r0
10007fea:	4158      	adcs	r0, r3
10007fec:	b2c0      	uxtb	r0, r0
10007fee:	4770      	bx	lr
10007ff0:	1000a208 	.word	0x1000a208

10007ff4 <async_context_threadsafe_background_acquire_lock_blocking>:
10007ff4:	b510      	push	{r4, lr}
10007ff6:	3030      	adds	r0, #48	@ 0x30
10007ff8:	f000 fba6 	bl	10008748 <__recursive_mutex_enter_blocking_veneer>
10007ffc:	bd10      	pop	{r4, pc}
	...

10008000 <update_us_since_boot>:
10008000:	b510      	push	{r4, lr}
10008002:	2b00      	cmp	r3, #0
10008004:	db02      	blt.n	1000800c <update_us_since_boot+0xc>
10008006:	6002      	str	r2, [r0, #0]
10008008:	6043      	str	r3, [r0, #4]
1000800a:	bd10      	pop	{r4, pc}
1000800c:	4b02      	ldr	r3, [pc, #8]	@ (10008018 <update_us_since_boot+0x18>)
1000800e:	4a03      	ldr	r2, [pc, #12]	@ (1000801c <update_us_since_boot+0x1c>)
10008010:	4803      	ldr	r0, [pc, #12]	@ (10008020 <update_us_since_boot+0x20>)
10008012:	213f      	movs	r1, #63	@ 0x3f
10008014:	f7fa fdb8 	bl	10002b88 <__assert_func>
10008018:	10008810 	.word	0x10008810
1000801c:	1000a8d8 	.word	0x1000a8d8
10008020:	1000882c 	.word	0x1000882c

10008024 <async_context_threadsafe_background_wake_up>:
10008024:	b510      	push	{r4, lr}
10008026:	0004      	movs	r4, r0
10008028:	2344      	movs	r3, #68	@ 0x44
1000802a:	5cc0      	ldrb	r0, [r0, r3]
1000802c:	f7f8 fff2 	bl	10001014 <irq_set_pending>
10008030:	0020      	movs	r0, r4
10008032:	3038      	adds	r0, #56	@ 0x38
10008034:	f000 fb48 	bl	100086c8 <__sem_release_veneer>
10008038:	bd10      	pop	{r4, pc}

1000803a <alarm_handler>:
1000803a:	b510      	push	{r4, lr}
1000803c:	0008      	movs	r0, r1
1000803e:	2345      	movs	r3, #69	@ 0x45
10008040:	2200      	movs	r2, #0
10008042:	54ca      	strb	r2, [r1, r3]
10008044:	f7ff ffee 	bl	10008024 <async_context_threadsafe_background_wake_up>
10008048:	2000      	movs	r0, #0
1000804a:	2100      	movs	r1, #0
1000804c:	bd10      	pop	{r4, pc}

1000804e <async_context_threadsafe_background_set_work_pending>:
1000804e:	b510      	push	{r4, lr}
10008050:	2301      	movs	r3, #1
10008052:	720b      	strb	r3, [r1, #8]
10008054:	f7ff ffe6 	bl	10008024 <async_context_threadsafe_background_wake_up>
10008058:	bd10      	pop	{r4, pc}
	...

1000805c <async_context_threadsafe_background_lock_check>:
1000805c:	b510      	push	{r4, lr}
1000805e:	0003      	movs	r3, r0
10008060:	3330      	adds	r3, #48	@ 0x30
10008062:	795b      	ldrb	r3, [r3, #5]
10008064:	2b00      	cmp	r3, #0
10008066:	d009      	beq.n	1000807c <async_context_threadsafe_background_lock_check+0x20>
10008068:	3030      	adds	r0, #48	@ 0x30
1000806a:	2304      	movs	r3, #4
1000806c:	56c3      	ldrsb	r3, [r0, r3]
1000806e:	22d0      	movs	r2, #208	@ 0xd0
10008070:	0612      	lsls	r2, r2, #24
10008072:	7812      	ldrb	r2, [r2, #0]
10008074:	b252      	sxtb	r2, r2
10008076:	429a      	cmp	r2, r3
10008078:	d100      	bne.n	1000807c <async_context_threadsafe_background_lock_check+0x20>
1000807a:	bd10      	pop	{r4, pc}
1000807c:	4801      	ldr	r0, [pc, #4]	@ (10008084 <async_context_threadsafe_background_lock_check+0x28>)
1000807e:	f7fa fe1b 	bl	10002cb8 <panic>
10008082:	46c0      	nop			@ (mov r8, r8)
10008084:	10008984 	.word	0x10008984

10008088 <get_absolute_time>:
10008088:	b510      	push	{r4, lr}
1000808a:	b082      	sub	sp, #8
1000808c:	0004      	movs	r4, r0
1000808e:	f7fa f8af 	bl	100021f0 <time_us_64>
10008092:	0002      	movs	r2, r0
10008094:	000b      	movs	r3, r1
10008096:	4668      	mov	r0, sp
10008098:	f7ff ffb2 	bl	10008000 <update_us_since_boot>
1000809c:	9a00      	ldr	r2, [sp, #0]
1000809e:	9b01      	ldr	r3, [sp, #4]
100080a0:	6022      	str	r2, [r4, #0]
100080a2:	6063      	str	r3, [r4, #4]
100080a4:	0020      	movs	r0, r4
100080a6:	b002      	add	sp, #8
100080a8:	bd10      	pop	{r4, pc}
	...

100080ac <process_under_lock>:
100080ac:	b5d0      	push	{r4, r6, r7, lr}
100080ae:	b086      	sub	sp, #24
100080b0:	0004      	movs	r4, r0
100080b2:	f7ff ffd3 	bl	1000805c <async_context_threadsafe_background_lock_check>
100080b6:	7ea2      	ldrb	r2, [r4, #26]
100080b8:	23d0      	movs	r3, #208	@ 0xd0
100080ba:	061b      	lsls	r3, r3, #24
100080bc:	681b      	ldr	r3, [r3, #0]
100080be:	429a      	cmp	r2, r3
100080c0:	d02f      	beq.n	10008122 <process_under_lock+0x76>
100080c2:	4b2e      	ldr	r3, [pc, #184]	@ (1000817c <process_under_lock+0xd0>)
100080c4:	4a2e      	ldr	r2, [pc, #184]	@ (10008180 <process_under_lock+0xd4>)
100080c6:	482f      	ldr	r0, [pc, #188]	@ (10008184 <process_under_lock+0xd8>)
100080c8:	21f8      	movs	r1, #248	@ 0xf8
100080ca:	f7fa fd5d 	bl	10002b88 <__assert_func>
100080ce:	2900      	cmp	r1, #0
100080d0:	d127      	bne.n	10008122 <process_under_lock+0x76>
100080d2:	2800      	cmp	r0, #0
100080d4:	d136      	bne.n	10008144 <process_under_lock+0x98>
100080d6:	e024      	b.n	10008122 <process_under_lock+0x76>
100080d8:	6c23      	ldr	r3, [r4, #64]	@ 0x40
100080da:	2b00      	cmp	r3, #0
100080dc:	dc01      	bgt.n	100080e2 <process_under_lock+0x36>
100080de:	b006      	add	sp, #24
100080e0:	bdd0      	pop	{r4, r6, r7, pc}
100080e2:	6c21      	ldr	r1, [r4, #64]	@ 0x40
100080e4:	6a20      	ldr	r0, [r4, #32]
100080e6:	f7f9 ff13 	bl	10001f10 <alarm_pool_cancel_alarm>
100080ea:	2300      	movs	r3, #0
100080ec:	6423      	str	r3, [r4, #64]	@ 0x40
100080ee:	e7f6      	b.n	100080de <process_under_lock+0x32>
100080f0:	6c23      	ldr	r3, [r4, #64]	@ 0x40
100080f2:	2b00      	cmp	r3, #0
100080f4:	dc3c      	bgt.n	10008170 <process_under_lock+0xc4>
100080f6:	62a6      	str	r6, [r4, #40]	@ 0x28
100080f8:	62e7      	str	r7, [r4, #44]	@ 0x2c
100080fa:	2345      	movs	r3, #69	@ 0x45
100080fc:	2201      	movs	r2, #1
100080fe:	54e2      	strb	r2, [r4, r3]
10008100:	6a20      	ldr	r0, [r4, #32]
10008102:	2300      	movs	r3, #0
10008104:	9302      	str	r3, [sp, #8]
10008106:	9401      	str	r4, [sp, #4]
10008108:	4b1f      	ldr	r3, [pc, #124]	@ (10008188 <process_under_lock+0xdc>)
1000810a:	9300      	str	r3, [sp, #0]
1000810c:	0032      	movs	r2, r6
1000810e:	003b      	movs	r3, r7
10008110:	f7f9 fe60 	bl	10001dd4 <alarm_pool_add_alarm_at>
10008114:	6420      	str	r0, [r4, #64]	@ 0x40
10008116:	6c23      	ldr	r3, [r4, #64]	@ 0x40
10008118:	2b00      	cmp	r3, #0
1000811a:	dce0      	bgt.n	100080de <process_under_lock+0x32>
1000811c:	2345      	movs	r3, #69	@ 0x45
1000811e:	2200      	movs	r2, #0
10008120:	54e2      	strb	r2, [r4, r3]
10008122:	0021      	movs	r1, r4
10008124:	a804      	add	r0, sp, #16
10008126:	f000 fa7b 	bl	10008620 <async_context_base_execute_once>
1000812a:	9e04      	ldr	r6, [sp, #16]
1000812c:	9f05      	ldr	r7, [sp, #20]
1000812e:	a804      	add	r0, sp, #16
10008130:	f7ff ffaa 	bl	10008088 <get_absolute_time>
10008134:	9a04      	ldr	r2, [sp, #16]
10008136:	9b05      	ldr	r3, [sp, #20]
10008138:	0030      	movs	r0, r6
1000813a:	0039      	movs	r1, r7
1000813c:	1a80      	subs	r0, r0, r2
1000813e:	4199      	sbcs	r1, r3
10008140:	2900      	cmp	r1, #0
10008142:	ddc4      	ble.n	100080ce <process_under_lock+0x22>
10008144:	0030      	movs	r0, r6
10008146:	0039      	movs	r1, r7
10008148:	f7ff ff46 	bl	10007fd8 <is_at_the_end_of_time>
1000814c:	2800      	cmp	r0, #0
1000814e:	d1c3      	bne.n	100080d8 <process_under_lock+0x2c>
10008150:	2345      	movs	r3, #69	@ 0x45
10008152:	5ce3      	ldrb	r3, [r4, r3]
10008154:	2b00      	cmp	r3, #0
10008156:	d0cb      	beq.n	100080f0 <process_under_lock+0x44>
10008158:	6aa2      	ldr	r2, [r4, #40]	@ 0x28
1000815a:	6ae3      	ldr	r3, [r4, #44]	@ 0x2c
1000815c:	0030      	movs	r0, r6
1000815e:	0039      	movs	r1, r7
10008160:	1a80      	subs	r0, r0, r2
10008162:	4199      	sbcs	r1, r3
10008164:	2900      	cmp	r1, #0
10008166:	dcba      	bgt.n	100080de <process_under_lock+0x32>
10008168:	d1c2      	bne.n	100080f0 <process_under_lock+0x44>
1000816a:	2800      	cmp	r0, #0
1000816c:	d0c0      	beq.n	100080f0 <process_under_lock+0x44>
1000816e:	e7b6      	b.n	100080de <process_under_lock+0x32>
10008170:	6c21      	ldr	r1, [r4, #64]	@ 0x40
10008172:	6a20      	ldr	r0, [r4, #32]
10008174:	f7f9 fecc 	bl	10001f10 <alarm_pool_cancel_alarm>
10008178:	e7bd      	b.n	100080f6 <process_under_lock+0x4a>
1000817a:	46c0      	nop			@ (mov r8, r8)
1000817c:	10009d48 	.word	0x10009d48
10008180:	1000a8f0 	.word	0x1000a8f0
10008184:	10009d70 	.word	0x10009d70
10008188:	1000803b 	.word	0x1000803b

1000818c <lock_release>:
1000818c:	b510      	push	{r4, lr}
1000818e:	0004      	movs	r4, r0
10008190:	0003      	movs	r3, r0
10008192:	3330      	adds	r3, #48	@ 0x30
10008194:	795b      	ldrb	r3, [r3, #5]
10008196:	2b01      	cmp	r3, #1
10008198:	d004      	beq.n	100081a4 <lock_release+0x18>
1000819a:	0020      	movs	r0, r4
1000819c:	3030      	adds	r0, #48	@ 0x30
1000819e:	f000 fb0b 	bl	100087b8 <__recursive_mutex_exit_veneer>
100081a2:	bd10      	pop	{r4, pc}
100081a4:	f7ff ff82 	bl	100080ac <process_under_lock>
100081a8:	e7f7      	b.n	1000819a <lock_release+0xe>

100081aa <async_context_threadsafe_background_execute_sync>:
100081aa:	b570      	push	{r4, r5, r6, lr}
100081ac:	0004      	movs	r4, r0
100081ae:	000d      	movs	r5, r1
100081b0:	0016      	movs	r6, r2
100081b2:	3030      	adds	r0, #48	@ 0x30
100081b4:	f000 fac8 	bl	10008748 <__recursive_mutex_enter_blocking_veneer>
100081b8:	0030      	movs	r0, r6
100081ba:	47a8      	blx	r5
100081bc:	0005      	movs	r5, r0
100081be:	0020      	movs	r0, r4
100081c0:	f7ff ffe4 	bl	1000818c <lock_release>
100081c4:	0028      	movs	r0, r5
100081c6:	bd70      	pop	{r4, r5, r6, pc}

100081c8 <async_context_threadsafe_background_release_lock>:
100081c8:	b510      	push	{r4, lr}
100081ca:	f7ff ffdf 	bl	1000818c <lock_release>
100081ce:	bd10      	pop	{r4, pc}

100081d0 <low_prio_irq_deinit>:
100081d0:	b570      	push	{r4, r5, r6, lr}
100081d2:	0004      	movs	r4, r0
100081d4:	2344      	movs	r3, #68	@ 0x44
100081d6:	5cc0      	ldrb	r0, [r0, r3]
100081d8:	2800      	cmp	r0, #0
100081da:	d012      	beq.n	10008202 <low_prio_irq_deinit+0x32>
100081dc:	23d0      	movs	r3, #208	@ 0xd0
100081de:	061b      	lsls	r3, r3, #24
100081e0:	681b      	ldr	r3, [r3, #0]
100081e2:	7ea2      	ldrb	r2, [r4, #26]
100081e4:	429a      	cmp	r2, r3
100081e6:	d10d      	bne.n	10008204 <low_prio_irq_deinit+0x34>
100081e8:	2100      	movs	r1, #0
100081ea:	f7f8 ff0b 	bl	10001004 <irq_set_enabled>
100081ee:	2544      	movs	r5, #68	@ 0x44
100081f0:	5d60      	ldrb	r0, [r4, r5]
100081f2:	4907      	ldr	r1, [pc, #28]	@ (10008210 <low_prio_irq_deinit+0x40>)
100081f4:	f7f9 f862 	bl	100012bc <irq_remove_handler>
100081f8:	5d60      	ldrb	r0, [r4, r5]
100081fa:	f7f9 f9bd 	bl	10001578 <user_irq_unclaim>
100081fe:	2300      	movs	r3, #0
10008200:	5563      	strb	r3, [r4, r5]
10008202:	bd70      	pop	{r4, r5, r6, pc}
10008204:	4b03      	ldr	r3, [pc, #12]	@ (10008214 <low_prio_irq_deinit+0x44>)
10008206:	4a04      	ldr	r2, [pc, #16]	@ (10008218 <low_prio_irq_deinit+0x48>)
10008208:	4804      	ldr	r0, [pc, #16]	@ (1000821c <low_prio_irq_deinit+0x4c>)
1000820a:	21b1      	movs	r1, #177	@ 0xb1
1000820c:	f7fa fcbc 	bl	10002b88 <__assert_func>
10008210:	10008279 	.word	0x10008279
10008214:	10009de4 	.word	0x10009de4
10008218:	1000a86c 	.word	0x1000a86c
1000821c:	10009d70 	.word	0x10009d70

10008220 <async_context_threadsafe_background_deinit>:
10008220:	b570      	push	{r4, r5, r6, lr}
10008222:	0004      	movs	r4, r0
10008224:	23d0      	movs	r3, #208	@ 0xd0
10008226:	061b      	lsls	r3, r3, #24
10008228:	681b      	ldr	r3, [r3, #0]
1000822a:	7e82      	ldrb	r2, [r0, #26]
1000822c:	429a      	cmp	r2, r3
1000822e:	d112      	bne.n	10008256 <async_context_threadsafe_background_deinit+0x36>
10008230:	f7ff ffce 	bl	100081d0 <low_prio_irq_deinit>
10008234:	6c23      	ldr	r3, [r4, #64]	@ 0x40
10008236:	2b00      	cmp	r3, #0
10008238:	dc13      	bgt.n	10008262 <async_context_threadsafe_background_deinit+0x42>
1000823a:	0025      	movs	r5, r4
1000823c:	3530      	adds	r5, #48	@ 0x30
1000823e:	0028      	movs	r0, r5
10008240:	f000 fa82 	bl	10008748 <__recursive_mutex_enter_blocking_veneer>
10008244:	0028      	movs	r0, r5
10008246:	f000 fab7 	bl	100087b8 <__recursive_mutex_exit_veneer>
1000824a:	2248      	movs	r2, #72	@ 0x48
1000824c:	2100      	movs	r1, #0
1000824e:	0020      	movs	r0, r4
10008250:	f7fc faf0 	bl	10004834 <__wrap_memset>
10008254:	bd70      	pop	{r4, r5, r6, pc}
10008256:	4b05      	ldr	r3, [pc, #20]	@ (1000826c <async_context_threadsafe_background_deinit+0x4c>)
10008258:	4a05      	ldr	r2, [pc, #20]	@ (10008270 <async_context_threadsafe_background_deinit+0x50>)
1000825a:	4806      	ldr	r0, [pc, #24]	@ (10008274 <async_context_threadsafe_background_deinit+0x54>)
1000825c:	21e7      	movs	r1, #231	@ 0xe7
1000825e:	f7fa fc93 	bl	10002b88 <__assert_func>
10008262:	6c21      	ldr	r1, [r4, #64]	@ 0x40
10008264:	6a20      	ldr	r0, [r4, #32]
10008266:	f7f9 fe53 	bl	10001f10 <alarm_pool_cancel_alarm>
1000826a:	e7e6      	b.n	1000823a <async_context_threadsafe_background_deinit+0x1a>
1000826c:	10009e0c 	.word	0x10009e0c
10008270:	1000a880 	.word	0x1000a880
10008274:	10009d70 	.word	0x10009d70

10008278 <low_priority_irq_handler>:
10008278:	b570      	push	{r4, r5, r6, lr}
1000827a:	f3ef 8305 	mrs	r3, IPSR
1000827e:	3b2a      	subs	r3, #42	@ 0x2a
10008280:	2b05      	cmp	r3, #5
10008282:	d819      	bhi.n	100082b8 <low_priority_irq_handler+0x40>
10008284:	4a15      	ldr	r2, [pc, #84]	@ (100082dc <low_priority_irq_handler+0x64>)
10008286:	009b      	lsls	r3, r3, #2
10008288:	589c      	ldr	r4, [r3, r2]
1000828a:	2c00      	cmp	r4, #0
1000828c:	d013      	beq.n	100082b6 <low_priority_irq_handler+0x3e>
1000828e:	7ea2      	ldrb	r2, [r4, #26]
10008290:	23d0      	movs	r3, #208	@ 0xd0
10008292:	061b      	lsls	r3, r3, #24
10008294:	681b      	ldr	r3, [r3, #0]
10008296:	429a      	cmp	r2, r3
10008298:	d115      	bne.n	100082c6 <low_priority_irq_handler+0x4e>
1000829a:	0025      	movs	r5, r4
1000829c:	3530      	adds	r5, #48	@ 0x30
1000829e:	2100      	movs	r1, #0
100082a0:	0028      	movs	r0, r5
100082a2:	f000 fa39 	bl	10008718 <__recursive_mutex_try_enter_veneer>
100082a6:	2800      	cmp	r0, #0
100082a8:	d005      	beq.n	100082b6 <low_priority_irq_handler+0x3e>
100082aa:	796b      	ldrb	r3, [r5, #5]
100082ac:	2b01      	cmp	r3, #1
100082ae:	d011      	beq.n	100082d4 <low_priority_irq_handler+0x5c>
100082b0:	0028      	movs	r0, r5
100082b2:	f000 fa81 	bl	100087b8 <__recursive_mutex_exit_veneer>
100082b6:	bd70      	pop	{r4, r5, r6, pc}
100082b8:	4b09      	ldr	r3, [pc, #36]	@ (100082e0 <low_priority_irq_handler+0x68>)
100082ba:	4a0a      	ldr	r2, [pc, #40]	@ (100082e4 <low_priority_irq_handler+0x6c>)
100082bc:	211e      	movs	r1, #30
100082be:	480a      	ldr	r0, [pc, #40]	@ (100082e8 <low_priority_irq_handler+0x70>)
100082c0:	31ff      	adds	r1, #255	@ 0xff
100082c2:	f7fa fc61 	bl	10002b88 <__assert_func>
100082c6:	4b09      	ldr	r3, [pc, #36]	@ (100082ec <low_priority_irq_handler+0x74>)
100082c8:	4a06      	ldr	r2, [pc, #24]	@ (100082e4 <low_priority_irq_handler+0x6c>)
100082ca:	2190      	movs	r1, #144	@ 0x90
100082cc:	4806      	ldr	r0, [pc, #24]	@ (100082e8 <low_priority_irq_handler+0x70>)
100082ce:	0049      	lsls	r1, r1, #1
100082d0:	f7fa fc5a 	bl	10002b88 <__assert_func>
100082d4:	0020      	movs	r0, r4
100082d6:	f7ff fee9 	bl	100080ac <process_under_lock>
100082da:	e7e9      	b.n	100082b0 <low_priority_irq_handler+0x38>
100082dc:	20001410 	.word	0x20001410
100082e0:	10009e34 	.word	0x10009e34
100082e4:	1000a850 	.word	0x1000a850
100082e8:	10009d70 	.word	0x10009d70
100082ec:	10009d48 	.word	0x10009d48

100082f0 <async_context_threadsafe_background_wait_for_work_until>:
100082f0:	b510      	push	{r4, lr}
100082f2:	3038      	adds	r0, #56	@ 0x38
100082f4:	f000 fa78 	bl	100087e8 <__sem_acquire_block_until_veneer>
100082f8:	bd10      	pop	{r4, pc}

100082fa <async_context_threadsafe_background_wait_until>:
100082fa:	b510      	push	{r4, lr}
100082fc:	0010      	movs	r0, r2
100082fe:	0019      	movs	r1, r3
10008300:	f3ef 8305 	mrs	r3, IPSR
10008304:	2b00      	cmp	r3, #0
10008306:	d002      	beq.n	1000830e <async_context_threadsafe_background_wait_until+0x14>
10008308:	f7f9 ff7e 	bl	10002208 <busy_wait_until>
1000830c:	bd10      	pop	{r4, pc}
1000830e:	f7f9 fe8b 	bl	10002028 <sleep_until>
10008312:	e7fb      	b.n	1000830c <async_context_threadsafe_background_wait_until+0x12>

10008314 <async_context_threadsafe_background_when_pending_worker>:
10008314:	b570      	push	{r4, r5, r6, lr}
10008316:	0004      	movs	r4, r0
10008318:	000d      	movs	r5, r1
1000831a:	3030      	adds	r0, #48	@ 0x30
1000831c:	f000 fa14 	bl	10008748 <__recursive_mutex_enter_blocking_veneer>
10008320:	0029      	movs	r1, r5
10008322:	0020      	movs	r0, r4
10008324:	f000 f913 	bl	1000854e <async_context_base_remove_when_pending_worker>
10008328:	0005      	movs	r5, r0
1000832a:	0020      	movs	r0, r4
1000832c:	f7ff ff2e 	bl	1000818c <lock_release>
10008330:	0028      	movs	r0, r5
10008332:	bd70      	pop	{r4, r5, r6, pc}

10008334 <async_context_threadsafe_background_add_when_pending_worker>:
10008334:	b570      	push	{r4, r5, r6, lr}
10008336:	0004      	movs	r4, r0
10008338:	000d      	movs	r5, r1
1000833a:	3030      	adds	r0, #48	@ 0x30
1000833c:	f000 fa04 	bl	10008748 <__recursive_mutex_enter_blocking_veneer>
10008340:	0029      	movs	r1, r5
10008342:	0020      	movs	r0, r4
10008344:	f000 f8f5 	bl	10008532 <async_context_base_add_when_pending_worker>
10008348:	0005      	movs	r5, r0
1000834a:	0020      	movs	r0, r4
1000834c:	f7ff ff1e 	bl	1000818c <lock_release>
10008350:	0028      	movs	r0, r5
10008352:	bd70      	pop	{r4, r5, r6, pc}

10008354 <async_context_threadsafe_background_remove_at_time_worker>:
10008354:	b570      	push	{r4, r5, r6, lr}
10008356:	0004      	movs	r4, r0
10008358:	000d      	movs	r5, r1
1000835a:	3030      	adds	r0, #48	@ 0x30
1000835c:	f000 f9f4 	bl	10008748 <__recursive_mutex_enter_blocking_veneer>
10008360:	0029      	movs	r1, r5
10008362:	0020      	movs	r0, r4
10008364:	f000 f8d7 	bl	10008516 <async_context_base_remove_at_time_worker>
10008368:	0005      	movs	r5, r0
1000836a:	0020      	movs	r0, r4
1000836c:	f7ff ff0e 	bl	1000818c <lock_release>
10008370:	0028      	movs	r0, r5
10008372:	bd70      	pop	{r4, r5, r6, pc}

10008374 <async_context_threadsafe_background_add_at_time_worker>:
10008374:	b570      	push	{r4, r5, r6, lr}
10008376:	0004      	movs	r4, r0
10008378:	000d      	movs	r5, r1
1000837a:	3030      	adds	r0, #48	@ 0x30
1000837c:	f000 f9e4 	bl	10008748 <__recursive_mutex_enter_blocking_veneer>
10008380:	0029      	movs	r1, r5
10008382:	0020      	movs	r0, r4
10008384:	f000 f8b9 	bl	100084fa <async_context_base_add_at_time_worker>
10008388:	0005      	movs	r5, r0
1000838a:	0020      	movs	r0, r4
1000838c:	f7ff fefe 	bl	1000818c <lock_release>
10008390:	0028      	movs	r0, r5
10008392:	bd70      	pop	{r4, r5, r6, pc}

10008394 <low_prio_irq_init>:
10008394:	b570      	push	{r4, r5, r6, lr}
10008396:	0004      	movs	r4, r0
10008398:	000d      	movs	r5, r1
1000839a:	23d0      	movs	r3, #208	@ 0xd0
1000839c:	061b      	lsls	r3, r3, #24
1000839e:	681b      	ldr	r3, [r3, #0]
100083a0:	7e82      	ldrb	r2, [r0, #26]
100083a2:	429a      	cmp	r2, r3
100083a4:	d11d      	bne.n	100083e2 <low_prio_irq_init+0x4e>
100083a6:	2000      	movs	r0, #0
100083a8:	f7f9 f8f2 	bl	10001590 <user_irq_claim_unused>
100083ac:	2800      	cmp	r0, #0
100083ae:	db24      	blt.n	100083fa <low_prio_irq_init+0x66>
100083b0:	2344      	movs	r3, #68	@ 0x44
100083b2:	54e0      	strb	r0, [r4, r3]
100083b4:	0003      	movs	r3, r0
100083b6:	3b1a      	subs	r3, #26
100083b8:	2b05      	cmp	r3, #5
100083ba:	d818      	bhi.n	100083ee <low_prio_irq_init+0x5a>
100083bc:	4a10      	ldr	r2, [pc, #64]	@ (10008400 <low_prio_irq_init+0x6c>)
100083be:	009b      	lsls	r3, r3, #2
100083c0:	509c      	str	r4, [r3, r2]
100083c2:	4910      	ldr	r1, [pc, #64]	@ (10008404 <low_prio_irq_init+0x70>)
100083c4:	23ff      	movs	r3, #255	@ 0xff
100083c6:	4018      	ands	r0, r3
100083c8:	f7f8 fe46 	bl	10001058 <irq_set_exclusive_handler>
100083cc:	2644      	movs	r6, #68	@ 0x44
100083ce:	5da0      	ldrb	r0, [r4, r6]
100083d0:	2101      	movs	r1, #1
100083d2:	f7f8 fe17 	bl	10001004 <irq_set_enabled>
100083d6:	5da0      	ldrb	r0, [r4, r6]
100083d8:	0029      	movs	r1, r5
100083da:	f7f9 f833 	bl	10001444 <irq_set_priority>
100083de:	2001      	movs	r0, #1
100083e0:	bd70      	pop	{r4, r5, r6, pc}
100083e2:	4b09      	ldr	r3, [pc, #36]	@ (10008408 <low_prio_irq_init+0x74>)
100083e4:	4a09      	ldr	r2, [pc, #36]	@ (1000840c <low_prio_irq_init+0x78>)
100083e6:	480a      	ldr	r0, [pc, #40]	@ (10008410 <low_prio_irq_init+0x7c>)
100083e8:	21a2      	movs	r1, #162	@ 0xa2
100083ea:	f7fa fbcd 	bl	10002b88 <__assert_func>
100083ee:	4b09      	ldr	r3, [pc, #36]	@ (10008414 <low_prio_irq_init+0x80>)
100083f0:	4a06      	ldr	r2, [pc, #24]	@ (1000840c <low_prio_irq_init+0x78>)
100083f2:	4807      	ldr	r0, [pc, #28]	@ (10008410 <low_prio_irq_init+0x7c>)
100083f4:	21a7      	movs	r1, #167	@ 0xa7
100083f6:	f7fa fbc7 	bl	10002b88 <__assert_func>
100083fa:	2000      	movs	r0, #0
100083fc:	e7f0      	b.n	100083e0 <low_prio_irq_init+0x4c>
100083fe:	46c0      	nop			@ (mov r8, r8)
10008400:	20001410 	.word	0x20001410
10008404:	10008279 	.word	0x10008279
10008408:	10009de4 	.word	0x10009de4
1000840c:	1000a83c 	.word	0x1000a83c
10008410:	10009d70 	.word	0x10009d70
10008414:	10009e34 	.word	0x10009e34

10008418 <async_context_threadsafe_background_default_config>:
10008418:	23ff      	movs	r3, #255	@ 0xff
1000841a:	7003      	strb	r3, [r0, #0]
1000841c:	2300      	movs	r3, #0
1000841e:	6043      	str	r3, [r0, #4]
10008420:	4770      	bx	lr
	...

10008424 <async_context_threadsafe_background_init>:
10008424:	b570      	push	{r4, r5, r6, lr}
10008426:	0004      	movs	r4, r0
10008428:	000d      	movs	r5, r1
1000842a:	2248      	movs	r2, #72	@ 0x48
1000842c:	2100      	movs	r1, #0
1000842e:	f7fc fa01 	bl	10004834 <__wrap_memset>
10008432:	4b15      	ldr	r3, [pc, #84]	@ (10008488 <async_context_threadsafe_background_init+0x64>)
10008434:	6023      	str	r3, [r4, #0]
10008436:	2303      	movs	r3, #3
10008438:	8323      	strh	r3, [r4, #24]
1000843a:	23d0      	movs	r3, #208	@ 0xd0
1000843c:	061b      	lsls	r3, r3, #24
1000843e:	681b      	ldr	r3, [r3, #0]
10008440:	76a3      	strb	r3, [r4, #26]
10008442:	686b      	ldr	r3, [r5, #4]
10008444:	2b00      	cmp	r3, #0
10008446:	d015      	beq.n	10008474 <async_context_threadsafe_background_init+0x50>
10008448:	6223      	str	r3, [r4, #32]
1000844a:	7ea6      	ldrb	r6, [r4, #26]
1000844c:	6a20      	ldr	r0, [r4, #32]
1000844e:	f7f9 fdbb 	bl	10001fc8 <alarm_pool_core_num>
10008452:	4286      	cmp	r6, r0
10008454:	d112      	bne.n	1000847c <async_context_threadsafe_background_init+0x58>
10008456:	0020      	movs	r0, r4
10008458:	3038      	adds	r0, #56	@ 0x38
1000845a:	2201      	movs	r2, #1
1000845c:	2101      	movs	r1, #1
1000845e:	f7f9 f8ad 	bl	100015bc <sem_init>
10008462:	0020      	movs	r0, r4
10008464:	3030      	adds	r0, #48	@ 0x30
10008466:	f7f9 f923 	bl	100016b0 <recursive_mutex_init>
1000846a:	7829      	ldrb	r1, [r5, #0]
1000846c:	0020      	movs	r0, r4
1000846e:	f7ff ff91 	bl	10008394 <low_prio_irq_init>
10008472:	bd70      	pop	{r4, r5, r6, pc}
10008474:	f7f9 fc98 	bl	10001da8 <alarm_pool_get_default>
10008478:	6220      	str	r0, [r4, #32]
1000847a:	e7e6      	b.n	1000844a <async_context_threadsafe_background_init+0x26>
1000847c:	4b03      	ldr	r3, [pc, #12]	@ (1000848c <async_context_threadsafe_background_init+0x68>)
1000847e:	4a04      	ldr	r2, [pc, #16]	@ (10008490 <async_context_threadsafe_background_init+0x6c>)
10008480:	4804      	ldr	r0, [pc, #16]	@ (10008494 <async_context_threadsafe_background_init+0x70>)
10008482:	21d8      	movs	r1, #216	@ 0xd8
10008484:	f7fa fb80 	bl	10002b88 <__assert_func>
10008488:	1000a904 	.word	0x1000a904
1000848c:	10009e64 	.word	0x10009e64
10008490:	1000a8ac 	.word	0x1000a8ac
10008494:	10009d70 	.word	0x10009d70

10008498 <is_at_the_end_of_time>:
10008498:	0002      	movs	r2, r0
1000849a:	000b      	movs	r3, r1
1000849c:	4904      	ldr	r1, [pc, #16]	@ (100084b0 <is_at_the_end_of_time+0x18>)
1000849e:	6808      	ldr	r0, [r1, #0]
100084a0:	6849      	ldr	r1, [r1, #4]
100084a2:	4050      	eors	r0, r2
100084a4:	4059      	eors	r1, r3
100084a6:	4308      	orrs	r0, r1
100084a8:	4243      	negs	r3, r0
100084aa:	4158      	adcs	r0, r3
100084ac:	b2c0      	uxtb	r0, r0
100084ae:	4770      	bx	lr
100084b0:	1000a208 	.word	0x1000a208

100084b4 <update_us_since_boot>:
100084b4:	b510      	push	{r4, lr}
100084b6:	2b00      	cmp	r3, #0
100084b8:	db02      	blt.n	100084c0 <update_us_since_boot+0xc>
100084ba:	6002      	str	r2, [r0, #0]
100084bc:	6043      	str	r3, [r0, #4]
100084be:	bd10      	pop	{r4, pc}
100084c0:	4b02      	ldr	r3, [pc, #8]	@ (100084cc <update_us_since_boot+0x18>)
100084c2:	4a03      	ldr	r2, [pc, #12]	@ (100084d0 <update_us_since_boot+0x1c>)
100084c4:	4803      	ldr	r0, [pc, #12]	@ (100084d4 <update_us_since_boot+0x20>)
100084c6:	213f      	movs	r1, #63	@ 0x3f
100084c8:	f7fa fb5e 	bl	10002b88 <__assert_func>
100084cc:	10008810 	.word	0x10008810
100084d0:	1000a93c 	.word	0x1000a93c
100084d4:	1000882c 	.word	0x1000882c

100084d8 <get_absolute_time>:
100084d8:	b510      	push	{r4, lr}
100084da:	b082      	sub	sp, #8
100084dc:	0004      	movs	r4, r0
100084de:	f7f9 fe87 	bl	100021f0 <time_us_64>
100084e2:	0002      	movs	r2, r0
100084e4:	000b      	movs	r3, r1
100084e6:	4668      	mov	r0, sp
100084e8:	f7ff ffe4 	bl	100084b4 <update_us_since_boot>
100084ec:	9a00      	ldr	r2, [sp, #0]
100084ee:	9b01      	ldr	r3, [sp, #4]
100084f0:	6022      	str	r2, [r4, #0]
100084f2:	6063      	str	r3, [r4, #4]
100084f4:	0020      	movs	r0, r4
100084f6:	b002      	add	sp, #8
100084f8:	bd10      	pop	{r4, pc}

100084fa <async_context_base_add_at_time_worker>:
100084fa:	3008      	adds	r0, #8
100084fc:	e000      	b.n	10008500 <async_context_base_add_at_time_worker+0x6>
100084fe:	0018      	movs	r0, r3
10008500:	6803      	ldr	r3, [r0, #0]
10008502:	2b00      	cmp	r3, #0
10008504:	d003      	beq.n	1000850e <async_context_base_add_at_time_worker+0x14>
10008506:	428b      	cmp	r3, r1
10008508:	d1f9      	bne.n	100084fe <async_context_base_add_at_time_worker+0x4>
1000850a:	2000      	movs	r0, #0
1000850c:	e002      	b.n	10008514 <async_context_base_add_at_time_worker+0x1a>
1000850e:	6001      	str	r1, [r0, #0]
10008510:	600b      	str	r3, [r1, #0]
10008512:	2001      	movs	r0, #1
10008514:	4770      	bx	lr

10008516 <async_context_base_remove_at_time_worker>:
10008516:	3008      	adds	r0, #8
10008518:	e000      	b.n	1000851c <async_context_base_remove_at_time_worker+0x6>
1000851a:	0018      	movs	r0, r3
1000851c:	6803      	ldr	r3, [r0, #0]
1000851e:	2b00      	cmp	r3, #0
10008520:	d005      	beq.n	1000852e <async_context_base_remove_at_time_worker+0x18>
10008522:	428b      	cmp	r3, r1
10008524:	d1f9      	bne.n	1000851a <async_context_base_remove_at_time_worker+0x4>
10008526:	680b      	ldr	r3, [r1, #0]
10008528:	6003      	str	r3, [r0, #0]
1000852a:	2001      	movs	r0, #1
1000852c:	e000      	b.n	10008530 <async_context_base_remove_at_time_worker+0x1a>
1000852e:	2000      	movs	r0, #0
10008530:	4770      	bx	lr

10008532 <async_context_base_add_when_pending_worker>:
10008532:	3004      	adds	r0, #4
10008534:	e000      	b.n	10008538 <async_context_base_add_when_pending_worker+0x6>
10008536:	0018      	movs	r0, r3
10008538:	6803      	ldr	r3, [r0, #0]
1000853a:	2b00      	cmp	r3, #0
1000853c:	d003      	beq.n	10008546 <async_context_base_add_when_pending_worker+0x14>
1000853e:	428b      	cmp	r3, r1
10008540:	d1f9      	bne.n	10008536 <async_context_base_add_when_pending_worker+0x4>
10008542:	2000      	movs	r0, #0
10008544:	e002      	b.n	1000854c <async_context_base_add_when_pending_worker+0x1a>
10008546:	6001      	str	r1, [r0, #0]
10008548:	600b      	str	r3, [r1, #0]
1000854a:	2001      	movs	r0, #1
1000854c:	4770      	bx	lr

1000854e <async_context_base_remove_when_pending_worker>:
1000854e:	3004      	adds	r0, #4
10008550:	e000      	b.n	10008554 <async_context_base_remove_when_pending_worker+0x6>
10008552:	0018      	movs	r0, r3
10008554:	6803      	ldr	r3, [r0, #0]
10008556:	2b00      	cmp	r3, #0
10008558:	d005      	beq.n	10008566 <async_context_base_remove_when_pending_worker+0x18>
1000855a:	428b      	cmp	r3, r1
1000855c:	d1f9      	bne.n	10008552 <async_context_base_remove_when_pending_worker+0x4>
1000855e:	680b      	ldr	r3, [r1, #0]
10008560:	6003      	str	r3, [r0, #0]
10008562:	2001      	movs	r0, #1
10008564:	e000      	b.n	10008568 <async_context_base_remove_when_pending_worker+0x1a>
10008566:	2000      	movs	r0, #0
10008568:	4770      	bx	lr
	...

1000856c <async_context_base_remove_ready_at_time_worker>:
1000856c:	b5f0      	push	{r4, r5, r6, r7, lr}
1000856e:	b085      	sub	sp, #20
10008570:	0005      	movs	r5, r0
10008572:	6880      	ldr	r0, [r0, #8]
10008574:	2800      	cmp	r0, #0
10008576:	d02a      	beq.n	100085ce <async_context_base_remove_ready_at_time_worker+0x62>
10008578:	a802      	add	r0, sp, #8
1000857a:	f7ff ffad 	bl	100084d8 <get_absolute_time>
1000857e:	9e02      	ldr	r6, [sp, #8]
10008580:	9f03      	ldr	r7, [sp, #12]
10008582:	3508      	adds	r5, #8
10008584:	2300      	movs	r3, #0
10008586:	9301      	str	r3, [sp, #4]
10008588:	e006      	b.n	10008598 <async_context_base_remove_ready_at_time_worker+0x2c>
1000858a:	4b13      	ldr	r3, [pc, #76]	@ (100085d8 <async_context_base_remove_ready_at_time_worker+0x6c>)
1000858c:	4a13      	ldr	r2, [pc, #76]	@ (100085dc <async_context_base_remove_ready_at_time_worker+0x70>)
1000858e:	4814      	ldr	r0, [pc, #80]	@ (100085e0 <async_context_base_remove_ready_at_time_worker+0x74>)
10008590:	2142      	movs	r1, #66	@ 0x42
10008592:	f7fa faf9 	bl	10002b88 <__assert_func>
10008596:	0025      	movs	r5, r4
10008598:	682c      	ldr	r4, [r5, #0]
1000859a:	2c00      	cmp	r4, #0
1000859c:	d011      	beq.n	100085c2 <async_context_base_remove_ready_at_time_worker+0x56>
1000859e:	68a2      	ldr	r2, [r4, #8]
100085a0:	68e3      	ldr	r3, [r4, #12]
100085a2:	0030      	movs	r0, r6
100085a4:	0039      	movs	r1, r7
100085a6:	1a80      	subs	r0, r0, r2
100085a8:	4199      	sbcs	r1, r3
100085aa:	2900      	cmp	r1, #0
100085ac:	dbf3      	blt.n	10008596 <async_context_base_remove_ready_at_time_worker+0x2a>
100085ae:	68a6      	ldr	r6, [r4, #8]
100085b0:	68e7      	ldr	r7, [r4, #12]
100085b2:	0030      	movs	r0, r6
100085b4:	0039      	movs	r1, r7
100085b6:	f7ff ff6f 	bl	10008498 <is_at_the_end_of_time>
100085ba:	2800      	cmp	r0, #0
100085bc:	d1e5      	bne.n	1000858a <async_context_base_remove_ready_at_time_worker+0x1e>
100085be:	9501      	str	r5, [sp, #4]
100085c0:	e7e9      	b.n	10008596 <async_context_base_remove_ready_at_time_worker+0x2a>
100085c2:	9a01      	ldr	r2, [sp, #4]
100085c4:	2a00      	cmp	r2, #0
100085c6:	d004      	beq.n	100085d2 <async_context_base_remove_ready_at_time_worker+0x66>
100085c8:	6810      	ldr	r0, [r2, #0]
100085ca:	6803      	ldr	r3, [r0, #0]
100085cc:	6013      	str	r3, [r2, #0]
100085ce:	b005      	add	sp, #20
100085d0:	bdf0      	pop	{r4, r5, r6, r7, pc}
100085d2:	9801      	ldr	r0, [sp, #4]
100085d4:	e7fb      	b.n	100085ce <async_context_base_remove_ready_at_time_worker+0x62>
100085d6:	46c0      	nop			@ (mov r8, r8)
100085d8:	10009ea4 	.word	0x10009ea4
100085dc:	1000a954 	.word	0x1000a954
100085e0:	10009ec8 	.word	0x10009ec8

100085e4 <async_context_base_refresh_next_timeout>:
100085e4:	b5f0      	push	{r4, r5, r6, r7, lr}
100085e6:	4b0d      	ldr	r3, [pc, #52]	@ (1000861c <async_context_base_refresh_next_timeout+0x38>)
100085e8:	681e      	ldr	r6, [r3, #0]
100085ea:	685f      	ldr	r7, [r3, #4]
100085ec:	6883      	ldr	r3, [r0, #8]
100085ee:	e002      	b.n	100085f6 <async_context_base_refresh_next_timeout+0x12>
100085f0:	689e      	ldr	r6, [r3, #8]
100085f2:	68df      	ldr	r7, [r3, #12]
100085f4:	4663      	mov	r3, ip
100085f6:	2b00      	cmp	r3, #0
100085f8:	d00d      	beq.n	10008616 <async_context_base_refresh_next_timeout+0x32>
100085fa:	681a      	ldr	r2, [r3, #0]
100085fc:	4694      	mov	ip, r2
100085fe:	689c      	ldr	r4, [r3, #8]
10008600:	68dd      	ldr	r5, [r3, #12]
10008602:	0031      	movs	r1, r6
10008604:	003a      	movs	r2, r7
10008606:	1b09      	subs	r1, r1, r4
10008608:	41aa      	sbcs	r2, r5
1000860a:	2a00      	cmp	r2, #0
1000860c:	dcf0      	bgt.n	100085f0 <async_context_base_refresh_next_timeout+0xc>
1000860e:	d1f1      	bne.n	100085f4 <async_context_base_refresh_next_timeout+0x10>
10008610:	2900      	cmp	r1, #0
10008612:	d1ed      	bne.n	100085f0 <async_context_base_refresh_next_timeout+0xc>
10008614:	e7ee      	b.n	100085f4 <async_context_base_refresh_next_timeout+0x10>
10008616:	6106      	str	r6, [r0, #16]
10008618:	6147      	str	r7, [r0, #20]
1000861a:	bdf0      	pop	{r4, r5, r6, r7, pc}
1000861c:	1000a208 	.word	0x1000a208

10008620 <async_context_base_execute_once>:
10008620:	b570      	push	{r4, r5, r6, lr}
10008622:	0006      	movs	r6, r0
10008624:	000d      	movs	r5, r1
10008626:	e002      	b.n	1000862e <async_context_base_execute_once+0xe>
10008628:	684b      	ldr	r3, [r1, #4]
1000862a:	0028      	movs	r0, r5
1000862c:	4798      	blx	r3
1000862e:	0028      	movs	r0, r5
10008630:	f7ff ff9c 	bl	1000856c <async_context_base_remove_ready_at_time_worker>
10008634:	1e01      	subs	r1, r0, #0
10008636:	d1f7      	bne.n	10008628 <async_context_base_execute_once+0x8>
10008638:	686c      	ldr	r4, [r5, #4]
1000863a:	e000      	b.n	1000863e <async_context_base_execute_once+0x1e>
1000863c:	6824      	ldr	r4, [r4, #0]
1000863e:	2c00      	cmp	r4, #0
10008640:	d009      	beq.n	10008656 <async_context_base_execute_once+0x36>
10008642:	7a23      	ldrb	r3, [r4, #8]
10008644:	2b00      	cmp	r3, #0
10008646:	d0f9      	beq.n	1000863c <async_context_base_execute_once+0x1c>
10008648:	2300      	movs	r3, #0
1000864a:	7223      	strb	r3, [r4, #8]
1000864c:	6863      	ldr	r3, [r4, #4]
1000864e:	0021      	movs	r1, r4
10008650:	0028      	movs	r0, r5
10008652:	4798      	blx	r3
10008654:	e7f2      	b.n	1000863c <async_context_base_execute_once+0x1c>
10008656:	0028      	movs	r0, r5
10008658:	f7ff ffc4 	bl	100085e4 <async_context_base_refresh_next_timeout>
1000865c:	692a      	ldr	r2, [r5, #16]
1000865e:	696b      	ldr	r3, [r5, #20]
10008660:	6032      	str	r2, [r6, #0]
10008662:	6073      	str	r3, [r6, #4]
10008664:	0030      	movs	r0, r6
10008666:	bd70      	pop	{r4, r5, r6, pc}

10008668 <strlen>:
10008668:	b510      	push	{r4, lr}
1000866a:	0783      	lsls	r3, r0, #30
1000866c:	d00a      	beq.n	10008684 <strlen+0x1c>
1000866e:	0003      	movs	r3, r0
10008670:	2103      	movs	r1, #3
10008672:	e002      	b.n	1000867a <strlen+0x12>
10008674:	3301      	adds	r3, #1
10008676:	420b      	tst	r3, r1
10008678:	d005      	beq.n	10008686 <strlen+0x1e>
1000867a:	781a      	ldrb	r2, [r3, #0]
1000867c:	2a00      	cmp	r2, #0
1000867e:	d1f9      	bne.n	10008674 <strlen+0xc>
10008680:	1a18      	subs	r0, r3, r0
10008682:	bd10      	pop	{r4, pc}
10008684:	0003      	movs	r3, r0
10008686:	6819      	ldr	r1, [r3, #0]
10008688:	4a0c      	ldr	r2, [pc, #48]	@ (100086bc <strlen+0x54>)
1000868a:	4c0d      	ldr	r4, [pc, #52]	@ (100086c0 <strlen+0x58>)
1000868c:	188a      	adds	r2, r1, r2
1000868e:	438a      	bics	r2, r1
10008690:	4222      	tst	r2, r4
10008692:	d10f      	bne.n	100086b4 <strlen+0x4c>
10008694:	6859      	ldr	r1, [r3, #4]
10008696:	4a09      	ldr	r2, [pc, #36]	@ (100086bc <strlen+0x54>)
10008698:	3304      	adds	r3, #4
1000869a:	188a      	adds	r2, r1, r2
1000869c:	438a      	bics	r2, r1
1000869e:	4222      	tst	r2, r4
100086a0:	d108      	bne.n	100086b4 <strlen+0x4c>
100086a2:	6859      	ldr	r1, [r3, #4]
100086a4:	4a05      	ldr	r2, [pc, #20]	@ (100086bc <strlen+0x54>)
100086a6:	3304      	adds	r3, #4
100086a8:	188a      	adds	r2, r1, r2
100086aa:	438a      	bics	r2, r1
100086ac:	4222      	tst	r2, r4
100086ae:	d0f1      	beq.n	10008694 <strlen+0x2c>
100086b0:	e000      	b.n	100086b4 <strlen+0x4c>
100086b2:	3301      	adds	r3, #1
100086b4:	781a      	ldrb	r2, [r3, #0]
100086b6:	2a00      	cmp	r2, #0
100086b8:	d1fb      	bne.n	100086b2 <strlen+0x4a>
100086ba:	e7e1      	b.n	10008680 <strlen+0x18>
100086bc:	fefefeff 	.word	0xfefefeff
100086c0:	80808080 	.word	0x80808080

100086c4 <_fini>:
100086c4:	b5f8      	push	{r3, r4, r5, r6, r7, lr}
100086c6:	46c0      	nop			@ (mov r8, r8)

100086c8 <__sem_release_veneer>:
100086c8:	b401      	push	{r0}
100086ca:	4802      	ldr	r0, [pc, #8]	@ (100086d4 <__sem_release_veneer+0xc>)
100086cc:	4684      	mov	ip, r0
100086ce:	bc01      	pop	{r0}
100086d0:	4760      	bx	ip
100086d2:	bf00      	nop
100086d4:	2000011f 	.word	0x2000011f

100086d8 <__flash_do_cmd_veneer>:
100086d8:	b401      	push	{r0}
100086da:	4802      	ldr	r0, [pc, #8]	@ (100086e4 <__flash_do_cmd_veneer+0xc>)
100086dc:	4684      	mov	ip, r0
100086de:	bc01      	pop	{r0}
100086e0:	4760      	bx	ip
100086e2:	bf00      	nop
100086e4:	20000499 	.word	0x20000499

100086e8 <__mutex_exit_veneer>:
100086e8:	b401      	push	{r0}
100086ea:	4802      	ldr	r0, [pc, #8]	@ (100086f4 <__mutex_exit_veneer+0xc>)
100086ec:	4684      	mov	ip, r0
100086ee:	bc01      	pop	{r0}
100086f0:	4760      	bx	ip
100086f2:	bf00      	nop
100086f4:	2000036d 	.word	0x2000036d

100086f8 <____aeabi_ldiv0_veneer>:
100086f8:	b401      	push	{r0}
100086fa:	4802      	ldr	r0, [pc, #8]	@ (10008704 <____aeabi_ldiv0_veneer+0xc>)
100086fc:	4684      	mov	ip, r0
100086fe:	bc01      	pop	{r0}
10008700:	4760      	bx	ip
10008702:	bf00      	nop
10008704:	20000c61 	.word	0x20000c61

10008708 <__e15_is_bulkin_ep_veneer>:
10008708:	b401      	push	{r0}
1000870a:	4802      	ldr	r0, [pc, #8]	@ (10008714 <__e15_is_bulkin_ep_veneer+0xc>)
1000870c:	4684      	mov	ip, r0
1000870e:	bc01      	pop	{r0}
10008710:	4760      	bx	ip
10008712:	bf00      	nop
10008714:	2000080d 	.word	0x2000080d

10008718 <__recursive_mutex_try_enter_veneer>:
10008718:	b401      	push	{r0}
1000871a:	4802      	ldr	r0, [pc, #8]	@ (10008724 <__recursive_mutex_try_enter_veneer+0xc>)
1000871c:	4684      	mov	ip, r0
1000871e:	bc01      	pop	{r0}
10008720:	4760      	bx	ip
10008722:	bf00      	nop
10008724:	20000221 	.word	0x20000221

10008728 <__e15_is_critical_frame_period_veneer>:
10008728:	b401      	push	{r0}
1000872a:	4802      	ldr	r0, [pc, #8]	@ (10008734 <__e15_is_critical_frame_period_veneer+0xc>)
1000872c:	4684      	mov	ip, r0
1000872e:	bc01      	pop	{r0}
10008730:	4760      	bx	ip
10008732:	bf00      	nop
10008734:	20000839 	.word	0x20000839

10008738 <____aeabi_idiv0_veneer>:
10008738:	b401      	push	{r0}
1000873a:	4802      	ldr	r0, [pc, #8]	@ (10008744 <____aeabi_idiv0_veneer+0xc>)
1000873c:	4684      	mov	ip, r0
1000873e:	bc01      	pop	{r0}
10008740:	4760      	bx	ip
10008742:	bf00      	nop
10008744:	20000c61 	.word	0x20000c61

10008748 <__recursive_mutex_enter_blocking_veneer>:
10008748:	b401      	push	{r0}
1000874a:	4802      	ldr	r0, [pc, #8]	@ (10008754 <__recursive_mutex_enter_blocking_veneer+0xc>)
1000874c:	4684      	mov	ip, r0
1000874e:	bc01      	pop	{r0}
10008750:	4760      	bx	ip
10008752:	bf00      	nop
10008754:	20000169 	.word	0x20000169

10008758 <__mutex_try_enter_veneer>:
10008758:	b401      	push	{r0}
1000875a:	4802      	ldr	r0, [pc, #8]	@ (10008764 <__mutex_try_enter_veneer+0xc>)
1000875c:	4684      	mov	ip, r0
1000875e:	bc01      	pop	{r0}
10008760:	4760      	bx	ip
10008762:	bf00      	nop
10008764:	200001d9 	.word	0x200001d9

10008768 <__mutex_enter_timeout_ms_veneer>:
10008768:	b401      	push	{r0}
1000876a:	4802      	ldr	r0, [pc, #8]	@ (10008774 <__mutex_enter_timeout_ms_veneer+0xc>)
1000876c:	4684      	mov	ip, r0
1000876e:	bc01      	pop	{r0}
10008770:	4760      	bx	ip
10008772:	bf00      	nop
10008774:	20000351 	.word	0x20000351

10008778 <__dcd_event_handler_veneer>:
10008778:	b401      	push	{r0}
1000877a:	4802      	ldr	r0, [pc, #8]	@ (10008784 <__dcd_event_handler_veneer+0xc>)
1000877c:	4684      	mov	ip, r0
1000877e:	bc01      	pop	{r0}
10008780:	4760      	bx	ip
10008782:	bf00      	nop
10008784:	20000ab5 	.word	0x20000ab5

10008788 <__reset_non_control_endpoints_veneer>:
10008788:	b401      	push	{r0}
1000878a:	4802      	ldr	r0, [pc, #8]	@ (10008794 <__reset_non_control_endpoints_veneer+0xc>)
1000878c:	4684      	mov	ip, r0
1000878e:	bc01      	pop	{r0}
10008790:	4760      	bx	ip
10008792:	bf00      	nop
10008794:	20000571 	.word	0x20000571

10008798 <__mutex_try_enter_block_until_veneer>:
10008798:	b401      	push	{r0}
1000879a:	4802      	ldr	r0, [pc, #8]	@ (100087a4 <__mutex_try_enter_block_until_veneer+0xc>)
1000879c:	4684      	mov	ip, r0
1000879e:	bc01      	pop	{r0}
100087a0:	4760      	bx	ip
100087a2:	bf00      	nop
100087a4:	2000031d 	.word	0x2000031d

100087a8 <__hw_endpoint_start_next_buffer_veneer>:
100087a8:	b401      	push	{r0}
100087aa:	4802      	ldr	r0, [pc, #8]	@ (100087b4 <__hw_endpoint_start_next_buffer_veneer+0xc>)
100087ac:	4684      	mov	ip, r0
100087ae:	bc01      	pop	{r0}
100087b0:	4760      	bx	ip
100087b2:	bf00      	nop
100087b4:	200009dd 	.word	0x200009dd

100087b8 <__recursive_mutex_exit_veneer>:
100087b8:	b401      	push	{r0}
100087ba:	4802      	ldr	r0, [pc, #8]	@ (100087c4 <__recursive_mutex_exit_veneer+0xc>)
100087bc:	4684      	mov	ip, r0
100087be:	bc01      	pop	{r0}
100087c0:	4760      	bx	ip
100087c2:	bf00      	nop
100087c4:	200003b9 	.word	0x200003b9

100087c8 <__hw_endpoint_reset_transfer_veneer>:
100087c8:	b401      	push	{r0}
100087ca:	4802      	ldr	r0, [pc, #8]	@ (100087d4 <__hw_endpoint_reset_transfer_veneer+0xc>)
100087cc:	4684      	mov	ip, r0
100087ce:	bc01      	pop	{r0}
100087d0:	4760      	bx	ip
100087d2:	bf00      	nop
100087d4:	20000979 	.word	0x20000979

100087d8 <___hw_endpoint_buffer_control_update32_veneer>:
100087d8:	b401      	push	{r0}
100087da:	4802      	ldr	r0, [pc, #8]	@ (100087e4 <___hw_endpoint_buffer_control_update32_veneer+0xc>)
100087dc:	4684      	mov	ip, r0
100087de:	bc01      	pop	{r0}
100087e0:	4760      	bx	ip
100087e2:	bf00      	nop
100087e4:	20000985 	.word	0x20000985

100087e8 <__sem_acquire_block_until_veneer>:
100087e8:	b401      	push	{r0}
100087ea:	4802      	ldr	r0, [pc, #8]	@ (100087f4 <__sem_acquire_block_until_veneer+0xc>)
100087ec:	4684      	mov	ip, r0
100087ee:	bc01      	pop	{r0}
100087f0:	4760      	bx	ip
100087f2:	bf00      	nop
100087f4:	200000c1 	.word	0x200000c1

Disassembly of section .data:

200000c0 <sem_acquire_block_until>:
200000c0:	b5f0      	push	{r4, r5, r6, r7, lr}
200000c2:	46c6      	mov	lr, r8
200000c4:	b500      	push	{lr}
200000c6:	0004      	movs	r4, r0
200000c8:	4690      	mov	r8, r2
200000ca:	001f      	movs	r7, r3
200000cc:	6826      	ldr	r6, [r4, #0]
200000ce:	f3ef 8c10 	mrs	ip, PRIMASK
200000d2:	b672      	cpsid	i
200000d4:	6835      	ldr	r5, [r6, #0]
200000d6:	2d00      	cmp	r5, #0
200000d8:	d0fc      	beq.n	200000d4 <sem_acquire_block_until+0x14>
200000da:	f3bf 8f5f 	dmb	sy
200000de:	2304      	movs	r3, #4
200000e0:	5ee5      	ldrsh	r5, [r4, r3]
200000e2:	2d00      	cmp	r5, #0
200000e4:	dc0e      	bgt.n	20000104 <sem_acquire_block_until+0x44>
200000e6:	6823      	ldr	r3, [r4, #0]
200000e8:	f3bf 8f5f 	dmb	sy
200000ec:	2200      	movs	r2, #0
200000ee:	601a      	str	r2, [r3, #0]
200000f0:	f38c 8810 	msr	PRIMASK, ip
200000f4:	4640      	mov	r0, r8
200000f6:	0039      	movs	r1, r7
200000f8:	f000 fdee 	bl	20000cd8 <__best_effort_wfe_or_timeout_veneer>
200000fc:	2800      	cmp	r0, #0
200000fe:	d0e5      	beq.n	200000cc <sem_acquire_block_until+0xc>
20000100:	2000      	movs	r0, #0
20000102:	e009      	b.n	20000118 <sem_acquire_block_until+0x58>
20000104:	3d01      	subs	r5, #1
20000106:	80a5      	strh	r5, [r4, #4]
20000108:	6823      	ldr	r3, [r4, #0]
2000010a:	f3bf 8f5f 	dmb	sy
2000010e:	2200      	movs	r2, #0
20000110:	601a      	str	r2, [r3, #0]
20000112:	f38c 8810 	msr	PRIMASK, ip
20000116:	2001      	movs	r0, #1
20000118:	bc80      	pop	{r7}
2000011a:	46b8      	mov	r8, r7
2000011c:	bdf0      	pop	{r4, r5, r6, r7, pc}

2000011e <sem_release>:
2000011e:	b510      	push	{r4, lr}
20000120:	6802      	ldr	r2, [r0, #0]
20000122:	f3ef 8110 	mrs	r1, PRIMASK
20000126:	b672      	cpsid	i
20000128:	6813      	ldr	r3, [r2, #0]
2000012a:	2b00      	cmp	r3, #0
2000012c:	d0fc      	beq.n	20000128 <sem_release+0xa>
2000012e:	f3bf 8f5f 	dmb	sy
20000132:	2204      	movs	r2, #4
20000134:	5e83      	ldrsh	r3, [r0, r2]
20000136:	2406      	movs	r4, #6
20000138:	5f02      	ldrsh	r2, [r0, r4]
2000013a:	4293      	cmp	r3, r2
2000013c:	da0b      	bge.n	20000156 <sem_release+0x38>
2000013e:	3301      	adds	r3, #1
20000140:	8083      	strh	r3, [r0, #4]
20000142:	6803      	ldr	r3, [r0, #0]
20000144:	f3bf 8f5f 	dmb	sy
20000148:	2200      	movs	r2, #0
2000014a:	601a      	str	r2, [r3, #0]
2000014c:	f381 8810 	msr	PRIMASK, r1
20000150:	bf40      	sev
20000152:	2001      	movs	r0, #1
20000154:	bd10      	pop	{r4, pc}
20000156:	6803      	ldr	r3, [r0, #0]
20000158:	f3bf 8f5f 	dmb	sy
2000015c:	2200      	movs	r2, #0
2000015e:	601a      	str	r2, [r3, #0]
20000160:	f381 8810 	msr	PRIMASK, r1
20000164:	2000      	movs	r0, #0
20000166:	e7f5      	b.n	20000154 <sem_release+0x36>

20000168 <recursive_mutex_enter_blocking>:
20000168:	b510      	push	{r4, lr}
2000016a:	23d0      	movs	r3, #208	@ 0xd0
2000016c:	061b      	lsls	r3, r3, #24
2000016e:	2400      	movs	r4, #0
20000170:	571c      	ldrsb	r4, [r3, r4]
20000172:	e00d      	b.n	20000190 <recursive_mutex_enter_blocking+0x28>
20000174:	4b15      	ldr	r3, [pc, #84]	@ (200001cc <recursive_mutex_enter_blocking+0x64>)
20000176:	4a16      	ldr	r2, [pc, #88]	@ (200001d0 <recursive_mutex_enter_blocking+0x68>)
20000178:	4816      	ldr	r0, [pc, #88]	@ (200001d4 <recursive_mutex_enter_blocking+0x6c>)
2000017a:	2138      	movs	r1, #56	@ 0x38
2000017c:	f000 fdb4 	bl	20000ce8 <____assert_func_veneer>
20000180:	6803      	ldr	r3, [r0, #0]
20000182:	f3bf 8f5f 	dmb	sy
20000186:	2200      	movs	r2, #0
20000188:	601a      	str	r2, [r3, #0]
2000018a:	f381 8810 	msr	PRIMASK, r1
2000018e:	bf20      	wfe
20000190:	6802      	ldr	r2, [r0, #0]
20000192:	f3ef 8110 	mrs	r1, PRIMASK
20000196:	b672      	cpsid	i
20000198:	6813      	ldr	r3, [r2, #0]
2000019a:	2b00      	cmp	r3, #0
2000019c:	d0fc      	beq.n	20000198 <recursive_mutex_enter_blocking+0x30>
2000019e:	f3bf 8f5f 	dmb	sy
200001a2:	2304      	movs	r3, #4
200001a4:	56c3      	ldrsb	r3, [r0, r3]
200001a6:	42a3      	cmp	r3, r4
200001a8:	d001      	beq.n	200001ae <recursive_mutex_enter_blocking+0x46>
200001aa:	2b00      	cmp	r3, #0
200001ac:	dae8      	bge.n	20000180 <recursive_mutex_enter_blocking+0x18>
200001ae:	7104      	strb	r4, [r0, #4]
200001b0:	7943      	ldrb	r3, [r0, #5]
200001b2:	3301      	adds	r3, #1
200001b4:	b2db      	uxtb	r3, r3
200001b6:	7143      	strb	r3, [r0, #5]
200001b8:	6802      	ldr	r2, [r0, #0]
200001ba:	f3bf 8f5f 	dmb	sy
200001be:	2000      	movs	r0, #0
200001c0:	6010      	str	r0, [r2, #0]
200001c2:	f381 8810 	msr	PRIMASK, r1
200001c6:	2b00      	cmp	r3, #0
200001c8:	d0d4      	beq.n	20000174 <recursive_mutex_enter_blocking+0xc>
200001ca:	bd10      	pop	{r4, pc}
200001cc:	10008d38 	.word	0x10008d38
200001d0:	1000a0f0 	.word	0x1000a0f0
200001d4:	10008d40 	.word	0x10008d40

200001d8 <mutex_try_enter>:
200001d8:	0003      	movs	r3, r0
200001da:	6800      	ldr	r0, [r0, #0]
200001dc:	f3ef 8c10 	mrs	ip, PRIMASK
200001e0:	b672      	cpsid	i
200001e2:	6802      	ldr	r2, [r0, #0]
200001e4:	2a00      	cmp	r2, #0
200001e6:	d0fc      	beq.n	200001e2 <mutex_try_enter+0xa>
200001e8:	f3bf 8f5f 	dmb	sy
200001ec:	2204      	movs	r2, #4
200001ee:	569a      	ldrsb	r2, [r3, r2]
200001f0:	2a00      	cmp	r2, #0
200001f2:	db0b      	blt.n	2000020c <mutex_try_enter+0x34>
200001f4:	2900      	cmp	r1, #0
200001f6:	d010      	beq.n	2000021a <mutex_try_enter+0x42>
200001f8:	600a      	str	r2, [r1, #0]
200001fa:	2000      	movs	r0, #0
200001fc:	681b      	ldr	r3, [r3, #0]
200001fe:	f3bf 8f5f 	dmb	sy
20000202:	2200      	movs	r2, #0
20000204:	601a      	str	r2, [r3, #0]
20000206:	f38c 8810 	msr	PRIMASK, ip
2000020a:	4770      	bx	lr
2000020c:	22d0      	movs	r2, #208	@ 0xd0
2000020e:	0612      	lsls	r2, r2, #24
20000210:	7812      	ldrb	r2, [r2, #0]
20000212:	b252      	sxtb	r2, r2
20000214:	711a      	strb	r2, [r3, #4]
20000216:	2001      	movs	r0, #1
20000218:	e7f0      	b.n	200001fc <mutex_try_enter+0x24>
2000021a:	2000      	movs	r0, #0
2000021c:	e7ee      	b.n	200001fc <mutex_try_enter+0x24>
	...

20000220 <recursive_mutex_try_enter>:
20000220:	b510      	push	{r4, lr}
20000222:	0003      	movs	r3, r0
20000224:	22d0      	movs	r2, #208	@ 0xd0
20000226:	0612      	lsls	r2, r2, #24
20000228:	2000      	movs	r0, #0
2000022a:	5610      	ldrsb	r0, [r2, r0]
2000022c:	681c      	ldr	r4, [r3, #0]
2000022e:	f3ef 8c10 	mrs	ip, PRIMASK
20000232:	b672      	cpsid	i
20000234:	6822      	ldr	r2, [r4, #0]
20000236:	2a00      	cmp	r2, #0
20000238:	d0fc      	beq.n	20000234 <recursive_mutex_try_enter+0x14>
2000023a:	f3bf 8f5f 	dmb	sy
2000023e:	2204      	movs	r2, #4
20000240:	569a      	ldrsb	r2, [r3, r2]
20000242:	2a00      	cmp	r2, #0
20000244:	db06      	blt.n	20000254 <recursive_mutex_try_enter+0x34>
20000246:	4282      	cmp	r2, r0
20000248:	d004      	beq.n	20000254 <recursive_mutex_try_enter+0x34>
2000024a:	2900      	cmp	r1, #0
2000024c:	d018      	beq.n	20000280 <recursive_mutex_try_enter+0x60>
2000024e:	600a      	str	r2, [r1, #0]
20000250:	2000      	movs	r0, #0
20000252:	e007      	b.n	20000264 <recursive_mutex_try_enter+0x44>
20000254:	7118      	strb	r0, [r3, #4]
20000256:	795a      	ldrb	r2, [r3, #5]
20000258:	3201      	adds	r2, #1
2000025a:	b2d2      	uxtb	r2, r2
2000025c:	715a      	strb	r2, [r3, #5]
2000025e:	2a00      	cmp	r2, #0
20000260:	d008      	beq.n	20000274 <recursive_mutex_try_enter+0x54>
20000262:	2001      	movs	r0, #1
20000264:	681b      	ldr	r3, [r3, #0]
20000266:	f3bf 8f5f 	dmb	sy
2000026a:	2200      	movs	r2, #0
2000026c:	601a      	str	r2, [r3, #0]
2000026e:	f38c 8810 	msr	PRIMASK, ip
20000272:	bd10      	pop	{r4, pc}
20000274:	4b03      	ldr	r3, [pc, #12]	@ (20000284 <recursive_mutex_try_enter+0x64>)
20000276:	4a04      	ldr	r2, [pc, #16]	@ (20000288 <recursive_mutex_try_enter+0x68>)
20000278:	4804      	ldr	r0, [pc, #16]	@ (2000028c <recursive_mutex_try_enter+0x6c>)
2000027a:	2165      	movs	r1, #101	@ 0x65
2000027c:	f000 fd34 	bl	20000ce8 <____assert_func_veneer>
20000280:	2000      	movs	r0, #0
20000282:	e7ef      	b.n	20000264 <recursive_mutex_try_enter+0x44>
20000284:	10008d38 	.word	0x10008d38
20000288:	1000a0d4 	.word	0x1000a0d4
2000028c:	10008d40 	.word	0x10008d40

20000290 <mutex_enter_block_until>:
20000290:	b5f8      	push	{r3, r4, r5, r6, r7, lr}
20000292:	46ce      	mov	lr, r9
20000294:	4647      	mov	r7, r8
20000296:	b580      	push	{r7, lr}
20000298:	0004      	movs	r4, r0
2000029a:	0017      	movs	r7, r2
2000029c:	4698      	mov	r8, r3
2000029e:	6803      	ldr	r3, [r0, #0]
200002a0:	2b00      	cmp	r3, #0
200002a2:	d020      	beq.n	200002e6 <mutex_enter_block_until+0x56>
200002a4:	23d0      	movs	r3, #208	@ 0xd0
200002a6:	061b      	lsls	r3, r3, #24
200002a8:	781b      	ldrb	r3, [r3, #0]
200002aa:	b25b      	sxtb	r3, r3
200002ac:	4699      	mov	r9, r3
200002ae:	6826      	ldr	r6, [r4, #0]
200002b0:	f3ef 8c10 	mrs	ip, PRIMASK
200002b4:	b672      	cpsid	i
200002b6:	6835      	ldr	r5, [r6, #0]
200002b8:	2d00      	cmp	r5, #0
200002ba:	d0fc      	beq.n	200002b6 <mutex_enter_block_until+0x26>
200002bc:	f3bf 8f5f 	dmb	sy
200002c0:	2504      	movs	r5, #4
200002c2:	5765      	ldrsb	r5, [r4, r5]
200002c4:	2d00      	cmp	r5, #0
200002c6:	db14      	blt.n	200002f2 <mutex_enter_block_until+0x62>
200002c8:	6823      	ldr	r3, [r4, #0]
200002ca:	f3bf 8f5f 	dmb	sy
200002ce:	2200      	movs	r2, #0
200002d0:	601a      	str	r2, [r3, #0]
200002d2:	f38c 8810 	msr	PRIMASK, ip
200002d6:	0038      	movs	r0, r7
200002d8:	4641      	mov	r1, r8
200002da:	f000 fcfd 	bl	20000cd8 <__best_effort_wfe_or_timeout_veneer>
200002de:	2800      	cmp	r0, #0
200002e0:	d0e5      	beq.n	200002ae <mutex_enter_block_until+0x1e>
200002e2:	2000      	movs	r0, #0
200002e4:	e00f      	b.n	20000306 <mutex_enter_block_until+0x76>
200002e6:	4b0a      	ldr	r3, [pc, #40]	@ (20000310 <mutex_enter_block_until+0x80>)
200002e8:	4a0a      	ldr	r2, [pc, #40]	@ (20000314 <mutex_enter_block_until+0x84>)
200002ea:	480b      	ldr	r0, [pc, #44]	@ (20000318 <mutex_enter_block_until+0x88>)
200002ec:	2185      	movs	r1, #133	@ 0x85
200002ee:	f000 fcfb 	bl	20000ce8 <____assert_func_veneer>
200002f2:	464b      	mov	r3, r9
200002f4:	7123      	strb	r3, [r4, #4]
200002f6:	6823      	ldr	r3, [r4, #0]
200002f8:	f3bf 8f5f 	dmb	sy
200002fc:	2200      	movs	r2, #0
200002fe:	601a      	str	r2, [r3, #0]
20000300:	f38c 8810 	msr	PRIMASK, ip
20000304:	2001      	movs	r0, #1
20000306:	bcc0      	pop	{r6, r7}
20000308:	46b9      	mov	r9, r7
2000030a:	46b0      	mov	r8, r6
2000030c:	bdf8      	pop	{r3, r4, r5, r6, r7, pc}
2000030e:	46c0      	nop			@ (mov r8, r8)
20000310:	10008d88 	.word	0x10008d88
20000314:	1000a0a4 	.word	0x1000a0a4
20000318:	10008d40 	.word	0x10008d40

2000031c <mutex_try_enter_block_until>:
2000031c:	b570      	push	{r4, r5, r6, lr}
2000031e:	b082      	sub	sp, #8
20000320:	0006      	movs	r6, r0
20000322:	0015      	movs	r5, r2
20000324:	001c      	movs	r4, r3
20000326:	a901      	add	r1, sp, #4
20000328:	f7ff ff56 	bl	200001d8 <mutex_try_enter>
2000032c:	2800      	cmp	r0, #0
2000032e:	d107      	bne.n	20000340 <mutex_try_enter_block_until+0x24>
20000330:	9b01      	ldr	r3, [sp, #4]
20000332:	b25b      	sxtb	r3, r3
20000334:	22d0      	movs	r2, #208	@ 0xd0
20000336:	0612      	lsls	r2, r2, #24
20000338:	7812      	ldrb	r2, [r2, #0]
2000033a:	b252      	sxtb	r2, r2
2000033c:	4293      	cmp	r3, r2
2000033e:	d101      	bne.n	20000344 <mutex_try_enter_block_until+0x28>
20000340:	b002      	add	sp, #8
20000342:	bd70      	pop	{r4, r5, r6, pc}
20000344:	002a      	movs	r2, r5
20000346:	0023      	movs	r3, r4
20000348:	0030      	movs	r0, r6
2000034a:	f7ff ffa1 	bl	20000290 <mutex_enter_block_until>
2000034e:	e7f7      	b.n	20000340 <mutex_try_enter_block_until+0x24>

20000350 <mutex_enter_timeout_ms>:
20000350:	b510      	push	{r4, lr}
20000352:	b082      	sub	sp, #8
20000354:	0004      	movs	r4, r0
20000356:	4668      	mov	r0, sp
20000358:	f000 fc9e 	bl	20000c98 <__make_timeout_time_ms_veneer>
2000035c:	9a00      	ldr	r2, [sp, #0]
2000035e:	9b01      	ldr	r3, [sp, #4]
20000360:	0020      	movs	r0, r4
20000362:	f7ff ff95 	bl	20000290 <mutex_enter_block_until>
20000366:	b002      	add	sp, #8
20000368:	bd10      	pop	{r4, pc}
	...

2000036c <mutex_exit>:
2000036c:	b510      	push	{r4, lr}
2000036e:	6802      	ldr	r2, [r0, #0]
20000370:	f3ef 8110 	mrs	r1, PRIMASK
20000374:	b672      	cpsid	i
20000376:	6813      	ldr	r3, [r2, #0]
20000378:	2b00      	cmp	r3, #0
2000037a:	d0fc      	beq.n	20000376 <mutex_exit+0xa>
2000037c:	f3bf 8f5f 	dmb	sy
20000380:	2304      	movs	r3, #4
20000382:	56c3      	ldrsb	r3, [r0, r3]
20000384:	2b00      	cmp	r3, #0
20000386:	db0a      	blt.n	2000039e <mutex_exit+0x32>
20000388:	23ff      	movs	r3, #255	@ 0xff
2000038a:	7103      	strb	r3, [r0, #4]
2000038c:	6803      	ldr	r3, [r0, #0]
2000038e:	f3bf 8f5f 	dmb	sy
20000392:	2200      	movs	r2, #0
20000394:	601a      	str	r2, [r3, #0]
20000396:	f381 8810 	msr	PRIMASK, r1
2000039a:	bf40      	sev
2000039c:	bd10      	pop	{r4, pc}
2000039e:	4b03      	ldr	r3, [pc, #12]	@ (200003ac <mutex_exit+0x40>)
200003a0:	4a03      	ldr	r2, [pc, #12]	@ (200003b0 <mutex_exit+0x44>)
200003a2:	4804      	ldr	r0, [pc, #16]	@ (200003b4 <mutex_exit+0x48>)
200003a4:	21b4      	movs	r1, #180	@ 0xb4
200003a6:	f000 fc9f 	bl	20000ce8 <____assert_func_veneer>
200003aa:	46c0      	nop			@ (mov r8, r8)
200003ac:	10008d9c 	.word	0x10008d9c
200003b0:	1000a098 	.word	0x1000a098
200003b4:	10008d40 	.word	0x10008d40

200003b8 <recursive_mutex_exit>:
200003b8:	b510      	push	{r4, lr}
200003ba:	6802      	ldr	r2, [r0, #0]
200003bc:	f3ef 8110 	mrs	r1, PRIMASK
200003c0:	b672      	cpsid	i
200003c2:	6813      	ldr	r3, [r2, #0]
200003c4:	2b00      	cmp	r3, #0
200003c6:	d0fc      	beq.n	200003c2 <recursive_mutex_exit+0xa>
200003c8:	f3bf 8f5f 	dmb	sy
200003cc:	2304      	movs	r3, #4
200003ce:	56c3      	ldrsb	r3, [r0, r3]
200003d0:	2b00      	cmp	r3, #0
200003d2:	db12      	blt.n	200003fa <recursive_mutex_exit+0x42>
200003d4:	7943      	ldrb	r3, [r0, #5]
200003d6:	2b00      	cmp	r3, #0
200003d8:	d015      	beq.n	20000406 <recursive_mutex_exit+0x4e>
200003da:	3b01      	subs	r3, #1
200003dc:	b2db      	uxtb	r3, r3
200003de:	7143      	strb	r3, [r0, #5]
200003e0:	2b00      	cmp	r3, #0
200003e2:	d116      	bne.n	20000412 <recursive_mutex_exit+0x5a>
200003e4:	33ff      	adds	r3, #255	@ 0xff
200003e6:	7103      	strb	r3, [r0, #4]
200003e8:	6803      	ldr	r3, [r0, #0]
200003ea:	f3bf 8f5f 	dmb	sy
200003ee:	2200      	movs	r2, #0
200003f0:	601a      	str	r2, [r3, #0]
200003f2:	f381 8810 	msr	PRIMASK, r1
200003f6:	bf40      	sev
200003f8:	bd10      	pop	{r4, pc}
200003fa:	4b0a      	ldr	r3, [pc, #40]	@ (20000424 <recursive_mutex_exit+0x6c>)
200003fc:	4a0a      	ldr	r2, [pc, #40]	@ (20000428 <recursive_mutex_exit+0x70>)
200003fe:	480b      	ldr	r0, [pc, #44]	@ (2000042c <recursive_mutex_exit+0x74>)
20000400:	21bb      	movs	r1, #187	@ 0xbb
20000402:	f000 fc71 	bl	20000ce8 <____assert_func_veneer>
20000406:	4b0a      	ldr	r3, [pc, #40]	@ (20000430 <recursive_mutex_exit+0x78>)
20000408:	4a07      	ldr	r2, [pc, #28]	@ (20000428 <recursive_mutex_exit+0x70>)
2000040a:	4808      	ldr	r0, [pc, #32]	@ (2000042c <recursive_mutex_exit+0x74>)
2000040c:	21bc      	movs	r1, #188	@ 0xbc
2000040e:	f000 fc6b 	bl	20000ce8 <____assert_func_veneer>
20000412:	6803      	ldr	r3, [r0, #0]
20000414:	f3bf 8f5f 	dmb	sy
20000418:	2200      	movs	r2, #0
2000041a:	601a      	str	r2, [r3, #0]
2000041c:	f381 8810 	msr	PRIMASK, r1
20000420:	e7ea      	b.n	200003f8 <recursive_mutex_exit+0x40>
20000422:	46c0      	nop			@ (mov r8, r8)
20000424:	10008d9c 	.word	0x10008d9c
20000428:	1000a080 	.word	0x1000a080
2000042c:	10008d40 	.word	0x10008d40
20000430:	10008dc0 	.word	0x10008dc0

20000434 <flash_init_boot2_copyout>:
20000434:	4b09      	ldr	r3, [pc, #36]	@ (2000045c <flash_init_boot2_copyout+0x28>)
20000436:	781b      	ldrb	r3, [r3, #0]
20000438:	2b00      	cmp	r3, #0
2000043a:	d008      	beq.n	2000044e <flash_init_boot2_copyout+0x1a>
2000043c:	e00c      	b.n	20000458 <flash_init_boot2_copyout+0x24>
2000043e:	009a      	lsls	r2, r3, #2
20000440:	2180      	movs	r1, #128	@ 0x80
20000442:	0549      	lsls	r1, r1, #21
20000444:	1851      	adds	r1, r2, r1
20000446:	6808      	ldr	r0, [r1, #0]
20000448:	4905      	ldr	r1, [pc, #20]	@ (20000460 <flash_init_boot2_copyout+0x2c>)
2000044a:	5050      	str	r0, [r2, r1]
2000044c:	3301      	adds	r3, #1
2000044e:	2b3f      	cmp	r3, #63	@ 0x3f
20000450:	ddf5      	ble.n	2000043e <flash_init_boot2_copyout+0xa>
20000452:	4b02      	ldr	r3, [pc, #8]	@ (2000045c <flash_init_boot2_copyout+0x28>)
20000454:	2201      	movs	r2, #1
20000456:	701a      	strb	r2, [r3, #0]
20000458:	4770      	bx	lr
2000045a:	46c0      	nop			@ (mov r8, r8)
2000045c:	2000277b 	.word	0x2000277b
20000460:	20001428 	.word	0x20001428

20000464 <flash_enable_xip_via_boot2>:
20000464:	b510      	push	{r4, lr}
20000466:	4b01      	ldr	r3, [pc, #4]	@ (2000046c <flash_enable_xip_via_boot2+0x8>)
20000468:	4798      	blx	r3
2000046a:	bd10      	pop	{r4, pc}
2000046c:	20001429 	.word	0x20001429

20000470 <flash_cs_force>:
20000470:	2800      	cmp	r0, #0
20000472:	d00a      	beq.n	2000048a <flash_cs_force+0x1a>
20000474:	2303      	movs	r3, #3
20000476:	021b      	lsls	r3, r3, #8
20000478:	4a05      	ldr	r2, [pc, #20]	@ (20000490 <flash_cs_force+0x20>)
2000047a:	6812      	ldr	r2, [r2, #0]
2000047c:	4053      	eors	r3, r2
2000047e:	22c0      	movs	r2, #192	@ 0xc0
20000480:	0092      	lsls	r2, r2, #2
20000482:	4013      	ands	r3, r2
20000484:	4a03      	ldr	r2, [pc, #12]	@ (20000494 <flash_cs_force+0x24>)
20000486:	6013      	str	r3, [r2, #0]
20000488:	4770      	bx	lr
2000048a:	2302      	movs	r3, #2
2000048c:	e7f3      	b.n	20000476 <flash_cs_force+0x6>
2000048e:	46c0      	nop			@ (mov r8, r8)
20000490:	4001800c 	.word	0x4001800c
20000494:	4001900c 	.word	0x4001900c

20000498 <flash_do_cmd>:
20000498:	b5f0      	push	{r4, r5, r6, r7, lr}
2000049a:	46d6      	mov	lr, sl
2000049c:	464f      	mov	r7, r9
2000049e:	4646      	mov	r6, r8
200004a0:	b5c0      	push	{r6, r7, lr}
200004a2:	0007      	movs	r7, r0
200004a4:	000e      	movs	r6, r1
200004a6:	0015      	movs	r5, r2
200004a8:	2318      	movs	r3, #24
200004aa:	469a      	mov	sl, r3
200004ac:	881b      	ldrh	r3, [r3, #0]
200004ae:	2214      	movs	r2, #20
200004b0:	4690      	mov	r8, r2
200004b2:	8810      	ldrh	r0, [r2, #0]
200004b4:	4928      	ldr	r1, [pc, #160]	@ (20000558 <flash_do_cmd+0xc0>)
200004b6:	4798      	blx	r3
200004b8:	4681      	mov	r9, r0
200004ba:	4653      	mov	r3, sl
200004bc:	881b      	ldrh	r3, [r3, #0]
200004be:	4642      	mov	r2, r8
200004c0:	8810      	ldrh	r0, [r2, #0]
200004c2:	4926      	ldr	r1, [pc, #152]	@ (2000055c <flash_do_cmd+0xc4>)
200004c4:	4798      	blx	r3
200004c6:	0004      	movs	r4, r0
200004c8:	4653      	mov	r3, sl
200004ca:	881b      	ldrh	r3, [r3, #0]
200004cc:	4642      	mov	r2, r8
200004ce:	8810      	ldrh	r0, [r2, #0]
200004d0:	4923      	ldr	r1, [pc, #140]	@ (20000560 <flash_do_cmd+0xc8>)
200004d2:	4798      	blx	r3
200004d4:	4680      	mov	r8, r0
200004d6:	464b      	mov	r3, r9
200004d8:	2b00      	cmp	r3, #0
200004da:	d00c      	beq.n	200004f6 <flash_do_cmd+0x5e>
200004dc:	2c00      	cmp	r4, #0
200004de:	d00a      	beq.n	200004f6 <flash_do_cmd+0x5e>
200004e0:	2800      	cmp	r0, #0
200004e2:	d008      	beq.n	200004f6 <flash_do_cmd+0x5e>
200004e4:	f7ff ffa6 	bl	20000434 <flash_init_boot2_copyout>
200004e8:	47c8      	blx	r9
200004ea:	47a0      	blx	r4
200004ec:	2000      	movs	r0, #0
200004ee:	f7ff ffbf 	bl	20000470 <flash_cs_force>
200004f2:	002a      	movs	r2, r5
200004f4:	e00f      	b.n	20000516 <flash_do_cmd+0x7e>
200004f6:	4b1b      	ldr	r3, [pc, #108]	@ (20000564 <flash_do_cmd+0xcc>)
200004f8:	4a1b      	ldr	r2, [pc, #108]	@ (20000568 <flash_do_cmd+0xd0>)
200004fa:	481c      	ldr	r0, [pc, #112]	@ (2000056c <flash_do_cmd+0xd4>)
200004fc:	2180      	movs	r1, #128	@ 0x80
200004fe:	f000 fbf3 	bl	20000ce8 <____assert_func_veneer>
20000502:	2b00      	cmp	r3, #0
20000504:	d007      	beq.n	20000516 <flash_do_cmd+0x7e>
20000506:	2a00      	cmp	r2, #0
20000508:	d005      	beq.n	20000516 <flash_do_cmd+0x7e>
2000050a:	23c0      	movs	r3, #192	@ 0xc0
2000050c:	055b      	lsls	r3, r3, #21
2000050e:	6e1b      	ldr	r3, [r3, #96]	@ 0x60
20000510:	7033      	strb	r3, [r6, #0]
20000512:	3a01      	subs	r2, #1
20000514:	3601      	adds	r6, #1
20000516:	002b      	movs	r3, r5
20000518:	4313      	orrs	r3, r2
2000051a:	d012      	beq.n	20000542 <flash_do_cmd+0xaa>
2000051c:	23c0      	movs	r3, #192	@ 0xc0
2000051e:	055b      	lsls	r3, r3, #21
20000520:	6a9c      	ldr	r4, [r3, #40]	@ 0x28
20000522:	2308      	movs	r3, #8
20000524:	4023      	ands	r3, r4
20000526:	07a4      	lsls	r4, r4, #30
20000528:	d5eb      	bpl.n	20000502 <flash_do_cmd+0x6a>
2000052a:	2d00      	cmp	r5, #0
2000052c:	d0e9      	beq.n	20000502 <flash_do_cmd+0x6a>
2000052e:	1b51      	subs	r1, r2, r5
20000530:	290d      	cmp	r1, #13
20000532:	d8e6      	bhi.n	20000502 <flash_do_cmd+0x6a>
20000534:	7838      	ldrb	r0, [r7, #0]
20000536:	21c0      	movs	r1, #192	@ 0xc0
20000538:	0549      	lsls	r1, r1, #21
2000053a:	6608      	str	r0, [r1, #96]	@ 0x60
2000053c:	3d01      	subs	r5, #1
2000053e:	3701      	adds	r7, #1
20000540:	e7df      	b.n	20000502 <flash_do_cmd+0x6a>
20000542:	2001      	movs	r0, #1
20000544:	f7ff ff94 	bl	20000470 <flash_cs_force>
20000548:	47c0      	blx	r8
2000054a:	f7ff ff8b 	bl	20000464 <flash_enable_xip_via_boot2>
2000054e:	bce0      	pop	{r5, r6, r7}
20000550:	46ba      	mov	sl, r7
20000552:	46b1      	mov	r9, r6
20000554:	46a8      	mov	r8, r5
20000556:	bdf0      	pop	{r4, r5, r6, r7, pc}
20000558:	00004649 	.word	0x00004649
2000055c:	00005845 	.word	0x00005845
20000560:	00004346 	.word	0x00004346
20000564:	10009888 	.word	0x10009888
20000568:	1000a634 	.word	0x1000a634
2000056c:	1000978c 	.word	0x1000978c

20000570 <reset_non_control_endpoints>:
20000570:	b510      	push	{r4, lr}
20000572:	2300      	movs	r3, #0
20000574:	e008      	b.n	20000588 <reset_non_control_endpoints+0x18>
20000576:	3301      	adds	r3, #1
20000578:	00da      	lsls	r2, r3, #3
2000057a:	2100      	movs	r1, #0
2000057c:	4808      	ldr	r0, [pc, #32]	@ (200005a0 <reset_non_control_endpoints+0x30>)
2000057e:	5011      	str	r1, [r2, r0]
20000580:	4684      	mov	ip, r0
20000582:	4462      	add	r2, ip
20000584:	6051      	str	r1, [r2, #4]
20000586:	b2db      	uxtb	r3, r3
20000588:	2b0e      	cmp	r3, #14
2000058a:	d9f4      	bls.n	20000576 <reset_non_control_endpoints+0x6>
2000058c:	4805      	ldr	r0, [pc, #20]	@ (200005a4 <reset_non_control_endpoints+0x34>)
2000058e:	22f0      	movs	r2, #240	@ 0xf0
20000590:	0092      	lsls	r2, r2, #2
20000592:	2100      	movs	r1, #0
20000594:	f000 fb88 	bl	20000ca8 <____wrap_memset_veneer>
20000598:	4b03      	ldr	r3, [pc, #12]	@ (200005a8 <reset_non_control_endpoints+0x38>)
2000059a:	4a04      	ldr	r2, [pc, #16]	@ (200005ac <reset_non_control_endpoints+0x3c>)
2000059c:	601a      	str	r2, [r3, #0]
2000059e:	bd10      	pop	{r4, pc}
200005a0:	50100000 	.word	0x50100000
200005a4:	2000211c 	.word	0x2000211c
200005a8:	200024f8 	.word	0x200024f8
200005ac:	50100180 	.word	0x50100180

200005b0 <hw_handle_buff_status>:
200005b0:	b5f0      	push	{r4, r5, r6, r7, lr}
200005b2:	46ce      	mov	lr, r9
200005b4:	4647      	mov	r7, r8
200005b6:	b580      	push	{r7, lr}
200005b8:	b085      	sub	sp, #20
200005ba:	4b23      	ldr	r3, [pc, #140]	@ (20000648 <hw_handle_buff_status+0x98>)
200005bc:	6d9f      	ldr	r7, [r3, #88]	@ 0x58
200005be:	2400      	movs	r4, #0
200005c0:	2601      	movs	r6, #1
200005c2:	e003      	b.n	200005cc <hw_handle_buff_status+0x1c>
200005c4:	43b7      	bics	r7, r6
200005c6:	0076      	lsls	r6, r6, #1
200005c8:	3401      	adds	r4, #1
200005ca:	b2e4      	uxtb	r4, r4
200005cc:	2f00      	cmp	r7, #0
200005ce:	d036      	beq.n	2000063e <hw_handle_buff_status+0x8e>
200005d0:	2c1f      	cmp	r4, #31
200005d2:	d834      	bhi.n	2000063e <hw_handle_buff_status+0x8e>
200005d4:	423e      	tst	r6, r7
200005d6:	d0f6      	beq.n	200005c6 <hw_handle_buff_status+0x16>
200005d8:	4b1c      	ldr	r3, [pc, #112]	@ (2000064c <hw_handle_buff_status+0x9c>)
200005da:	659e      	str	r6, [r3, #88]	@ 0x58
200005dc:	0863      	lsrs	r3, r4, #1
200005de:	4699      	mov	r9, r3
200005e0:	2301      	movs	r3, #1
200005e2:	4063      	eors	r3, r4
200005e4:	2201      	movs	r2, #1
200005e6:	401a      	ands	r2, r3
200005e8:	4690      	mov	r8, r2
200005ea:	464b      	mov	r3, r9
200005ec:	005d      	lsls	r5, r3, #1
200005ee:	4445      	add	r5, r8
200005f0:	016d      	lsls	r5, r5, #5
200005f2:	4b17      	ldr	r3, [pc, #92]	@ (20000650 <hw_handle_buff_status+0xa0>)
200005f4:	18ed      	adds	r5, r5, r3
200005f6:	0028      	movs	r0, r5
200005f8:	f000 fa34 	bl	20000a64 <hw_endpoint_xfer_continue>
200005fc:	2800      	cmp	r0, #0
200005fe:	d0e1      	beq.n	200005c4 <hw_handle_buff_status+0x14>
20000600:	4a13      	ldr	r2, [pc, #76]	@ (20000650 <hw_handle_buff_status+0xa0>)
20000602:	464b      	mov	r3, r9
20000604:	005b      	lsls	r3, r3, #1
20000606:	4443      	add	r3, r8
20000608:	015b      	lsls	r3, r3, #5
2000060a:	18d3      	adds	r3, r2, r3
2000060c:	789a      	ldrb	r2, [r3, #2]
2000060e:	4691      	mov	r9, r2
20000610:	8adb      	ldrh	r3, [r3, #22]
20000612:	4698      	mov	r8, r3
20000614:	220c      	movs	r2, #12
20000616:	2100      	movs	r1, #0
20000618:	a801      	add	r0, sp, #4
2000061a:	f000 fb45 	bl	20000ca8 <____wrap_memset_veneer>
2000061e:	2307      	movs	r3, #7
20000620:	466a      	mov	r2, sp
20000622:	7153      	strb	r3, [r2, #5]
20000624:	466b      	mov	r3, sp
20000626:	464a      	mov	r2, r9
20000628:	721a      	strb	r2, [r3, #8]
2000062a:	4643      	mov	r3, r8
2000062c:	9303      	str	r3, [sp, #12]
2000062e:	2101      	movs	r1, #1
20000630:	a801      	add	r0, sp, #4
20000632:	f000 fa3f 	bl	20000ab4 <dcd_event_handler>
20000636:	0028      	movs	r0, r5
20000638:	f000 f99e 	bl	20000978 <hw_endpoint_reset_transfer>
2000063c:	e7c2      	b.n	200005c4 <hw_handle_buff_status+0x14>
2000063e:	b005      	add	sp, #20
20000640:	bcc0      	pop	{r6, r7}
20000642:	46b9      	mov	r9, r7
20000644:	46b0      	mov	r8, r6
20000646:	bdf0      	pop	{r4, r5, r6, r7, pc}
20000648:	50110000 	.word	0x50110000
2000064c:	50113000 	.word	0x50113000
20000650:	200020dc 	.word	0x200020dc

20000654 <dcd_rp2040_irq>:
20000654:	b570      	push	{r4, r5, r6, lr}
20000656:	b084      	sub	sp, #16
20000658:	4a63      	ldr	r2, [pc, #396]	@ (200007e8 <dcd_rp2040_irq+0x194>)
2000065a:	2398      	movs	r3, #152	@ 0x98
2000065c:	58d5      	ldr	r5, [r2, r3]
2000065e:	2380      	movs	r3, #128	@ 0x80
20000660:	029b      	lsls	r3, r3, #10
20000662:	002c      	movs	r4, r5
20000664:	401c      	ands	r4, r3
20000666:	421d      	tst	r5, r3
20000668:	d040      	beq.n	200006ec <dcd_rp2040_irq+0x98>
2000066a:	4b60      	ldr	r3, [pc, #384]	@ (200007ec <dcd_rp2040_irq+0x198>)
2000066c:	6a9a      	ldr	r2, [r3, #40]	@ 0x28
2000066e:	4b60      	ldr	r3, [pc, #384]	@ (200007f0 <dcd_rp2040_irq+0x19c>)
20000670:	601a      	str	r2, [r3, #0]
20000672:	2400      	movs	r4, #0
20000674:	2100      	movs	r1, #0
20000676:	e009      	b.n	2000068c <dcd_rp2040_irq+0x38>
20000678:	4b5e      	ldr	r3, [pc, #376]	@ (200007f4 <dcd_rp2040_irq+0x1a0>)
2000067a:	185b      	adds	r3, r3, r1
2000067c:	333c      	adds	r3, #60	@ 0x3c
2000067e:	2200      	movs	r2, #0
20000680:	701a      	strb	r2, [r3, #0]
20000682:	f000 f9ab 	bl	200009dc <hw_endpoint_start_next_buffer>
20000686:	0031      	movs	r1, r6
20000688:	3401      	adds	r4, #1
2000068a:	b2e4      	uxtb	r4, r4
2000068c:	2c0f      	cmp	r4, #15
2000068e:	d818      	bhi.n	200006c2 <dcd_rp2040_irq+0x6e>
20000690:	01a6      	lsls	r6, r4, #6
20000692:	0030      	movs	r0, r6
20000694:	3020      	adds	r0, #32
20000696:	4b57      	ldr	r3, [pc, #348]	@ (200007f4 <dcd_rp2040_irq+0x1a0>)
20000698:	18c0      	adds	r0, r0, r3
2000069a:	199b      	adds	r3, r3, r6
2000069c:	333b      	adds	r3, #59	@ 0x3b
2000069e:	781b      	ldrb	r3, [r3, #0]
200006a0:	2b02      	cmp	r3, #2
200006a2:	d1f1      	bne.n	20000688 <dcd_rp2040_irq+0x34>
200006a4:	4b53      	ldr	r3, [pc, #332]	@ (200007f4 <dcd_rp2040_irq+0x1a0>)
200006a6:	199b      	adds	r3, r3, r6
200006a8:	333a      	adds	r3, #58	@ 0x3a
200006aa:	781e      	ldrb	r6, [r3, #0]
200006ac:	2e00      	cmp	r6, #0
200006ae:	d0eb      	beq.n	20000688 <dcd_rp2040_irq+0x34>
200006b0:	4b50      	ldr	r3, [pc, #320]	@ (200007f4 <dcd_rp2040_irq+0x1a0>)
200006b2:	01a1      	lsls	r1, r4, #6
200006b4:	185b      	adds	r3, r3, r1
200006b6:	333c      	adds	r3, #60	@ 0x3c
200006b8:	781b      	ldrb	r3, [r3, #0]
200006ba:	2b00      	cmp	r3, #0
200006bc:	d1dc      	bne.n	20000678 <dcd_rp2040_irq+0x24>
200006be:	0031      	movs	r1, r6
200006c0:	e7e2      	b.n	20000688 <dcd_rp2040_irq+0x34>
200006c2:	2900      	cmp	r1, #0
200006c4:	d108      	bne.n	200006d8 <dcd_rp2040_irq+0x84>
200006c6:	4b4c      	ldr	r3, [pc, #304]	@ (200007f8 <dcd_rp2040_irq+0x1a4>)
200006c8:	781b      	ldrb	r3, [r3, #0]
200006ca:	2b00      	cmp	r3, #0
200006cc:	d104      	bne.n	200006d8 <dcd_rp2040_irq+0x84>
200006ce:	4a4b      	ldr	r2, [pc, #300]	@ (200007fc <dcd_rp2040_irq+0x1a8>)
200006d0:	3390      	adds	r3, #144	@ 0x90
200006d2:	2180      	movs	r1, #128	@ 0x80
200006d4:	0289      	lsls	r1, r1, #10
200006d6:	50d1      	str	r1, [r2, r3]
200006d8:	4b43      	ldr	r3, [pc, #268]	@ (200007e8 <dcd_rp2040_irq+0x194>)
200006da:	6c99      	ldr	r1, [r3, #72]	@ 0x48
200006dc:	0549      	lsls	r1, r1, #21
200006de:	0d49      	lsrs	r1, r1, #21
200006e0:	2201      	movs	r2, #1
200006e2:	2000      	movs	r0, #0
200006e4:	f000 fae8 	bl	20000cb8 <__dcd_event_sof_veneer>
200006e8:	2480      	movs	r4, #128	@ 0x80
200006ea:	02a4      	lsls	r4, r4, #10
200006ec:	06eb      	lsls	r3, r5, #27
200006ee:	d409      	bmi.n	20000704 <dcd_rp2040_irq+0xb0>
200006f0:	03eb      	lsls	r3, r5, #15
200006f2:	d529      	bpl.n	20000748 <dcd_rp2040_irq+0xf4>
200006f4:	2380      	movs	r3, #128	@ 0x80
200006f6:	025b      	lsls	r3, r3, #9
200006f8:	431c      	orrs	r4, r3
200006fa:	ab01      	add	r3, sp, #4
200006fc:	4a40      	ldr	r2, [pc, #256]	@ (20000800 <dcd_rp2040_irq+0x1ac>)
200006fe:	801a      	strh	r2, [r3, #0]
20000700:	2600      	movs	r6, #0
20000702:	e00b      	b.n	2000071c <dcd_rp2040_irq+0xc8>
20000704:	2310      	movs	r3, #16
20000706:	431c      	orrs	r4, r3
20000708:	f7ff ff52 	bl	200005b0 <hw_handle_buff_status>
2000070c:	e7f0      	b.n	200006f0 <dcd_rp2040_irq+0x9c>
2000070e:	ab01      	add	r3, sp, #4
20000710:	5d98      	ldrb	r0, [r3, r6]
20000712:	f000 fab9 	bl	20000c88 <__hw_endpoint_get_by_addr_veneer>
20000716:	2301      	movs	r3, #1
20000718:	70c3      	strb	r3, [r0, #3]
2000071a:	3601      	adds	r6, #1
2000071c:	2e01      	cmp	r6, #1
2000071e:	d9f6      	bls.n	2000070e <dcd_rp2040_irq+0xba>
20000720:	ae01      	add	r6, sp, #4
20000722:	220c      	movs	r2, #12
20000724:	2100      	movs	r1, #0
20000726:	0030      	movs	r0, r6
20000728:	f000 fabe 	bl	20000ca8 <____wrap_memset_veneer>
2000072c:	2306      	movs	r3, #6
2000072e:	7073      	strb	r3, [r6, #1]
20000730:	4a34      	ldr	r2, [pc, #208]	@ (20000804 <dcd_rp2040_irq+0x1b0>)
20000732:	ab02      	add	r3, sp, #8
20000734:	ca03      	ldmia	r2!, {r0, r1}
20000736:	c303      	stmia	r3!, {r0, r1}
20000738:	2101      	movs	r1, #1
2000073a:	0030      	movs	r0, r6
2000073c:	f000 f9ba 	bl	20000ab4 <dcd_event_handler>
20000740:	4b2e      	ldr	r3, [pc, #184]	@ (200007fc <dcd_rp2040_irq+0x1a8>)
20000742:	2280      	movs	r2, #128	@ 0x80
20000744:	0292      	lsls	r2, r2, #10
20000746:	651a      	str	r2, [r3, #80]	@ 0x50
20000748:	04eb      	lsls	r3, r5, #19
2000074a:	d407      	bmi.n	2000075c <dcd_rp2040_irq+0x108>
2000074c:	046b      	lsls	r3, r5, #17
2000074e:	d41e      	bmi.n	2000078e <dcd_rp2040_irq+0x13a>
20000750:	042b      	lsls	r3, r5, #16
20000752:	d42f      	bmi.n	200007b4 <dcd_rp2040_irq+0x160>
20000754:	42ac      	cmp	r4, r5
20000756:	d141      	bne.n	200007dc <dcd_rp2040_irq+0x188>
20000758:	b004      	add	sp, #16
2000075a:	bd70      	pop	{r4, r5, r6, pc}
2000075c:	2380      	movs	r3, #128	@ 0x80
2000075e:	015b      	lsls	r3, r3, #5
20000760:	431c      	orrs	r4, r3
20000762:	4b21      	ldr	r3, [pc, #132]	@ (200007e8 <dcd_rp2040_irq+0x194>)
20000764:	2200      	movs	r2, #0
20000766:	601a      	str	r2, [r3, #0]
20000768:	f7ff ff02 	bl	20000570 <reset_non_control_endpoints>
2000076c:	ae01      	add	r6, sp, #4
2000076e:	220c      	movs	r2, #12
20000770:	2100      	movs	r1, #0
20000772:	0030      	movs	r0, r6
20000774:	f000 fa98 	bl	20000ca8 <____wrap_memset_veneer>
20000778:	2301      	movs	r3, #1
2000077a:	7073      	strb	r3, [r6, #1]
2000077c:	2101      	movs	r1, #1
2000077e:	0030      	movs	r0, r6
20000780:	f000 f998 	bl	20000ab4 <dcd_event_handler>
20000784:	4b1d      	ldr	r3, [pc, #116]	@ (200007fc <dcd_rp2040_irq+0x1a8>)
20000786:	2280      	movs	r2, #128	@ 0x80
20000788:	0312      	lsls	r2, r2, #12
2000078a:	651a      	str	r2, [r3, #80]	@ 0x50
2000078c:	e7de      	b.n	2000074c <dcd_rp2040_irq+0xf8>
2000078e:	2380      	movs	r3, #128	@ 0x80
20000790:	01db      	lsls	r3, r3, #7
20000792:	431c      	orrs	r4, r3
20000794:	ae01      	add	r6, sp, #4
20000796:	220c      	movs	r2, #12
20000798:	2100      	movs	r1, #0
2000079a:	0030      	movs	r0, r6
2000079c:	f000 fa84 	bl	20000ca8 <____wrap_memset_veneer>
200007a0:	2304      	movs	r3, #4
200007a2:	7073      	strb	r3, [r6, #1]
200007a4:	2101      	movs	r1, #1
200007a6:	0030      	movs	r0, r6
200007a8:	f000 f984 	bl	20000ab4 <dcd_event_handler>
200007ac:	4b13      	ldr	r3, [pc, #76]	@ (200007fc <dcd_rp2040_irq+0x1a8>)
200007ae:	2210      	movs	r2, #16
200007b0:	651a      	str	r2, [r3, #80]	@ 0x50
200007b2:	e7cd      	b.n	20000750 <dcd_rp2040_irq+0xfc>
200007b4:	2380      	movs	r3, #128	@ 0x80
200007b6:	021b      	lsls	r3, r3, #8
200007b8:	431c      	orrs	r4, r3
200007ba:	ae01      	add	r6, sp, #4
200007bc:	220c      	movs	r2, #12
200007be:	2100      	movs	r1, #0
200007c0:	0030      	movs	r0, r6
200007c2:	f000 fa71 	bl	20000ca8 <____wrap_memset_veneer>
200007c6:	2305      	movs	r3, #5
200007c8:	7073      	strb	r3, [r6, #1]
200007ca:	2101      	movs	r1, #1
200007cc:	0030      	movs	r0, r6
200007ce:	f000 f971 	bl	20000ab4 <dcd_event_handler>
200007d2:	4b0a      	ldr	r3, [pc, #40]	@ (200007fc <dcd_rp2040_irq+0x1a8>)
200007d4:	2280      	movs	r2, #128	@ 0x80
200007d6:	0112      	lsls	r2, r2, #4
200007d8:	651a      	str	r2, [r3, #80]	@ 0x50
200007da:	e7bb      	b.n	20000754 <dcd_rp2040_irq+0x100>
200007dc:	0021      	movs	r1, r4
200007de:	4069      	eors	r1, r5
200007e0:	4809      	ldr	r0, [pc, #36]	@ (20000808 <dcd_rp2040_irq+0x1b4>)
200007e2:	f000 fa49 	bl	20000c78 <__panic_veneer>
200007e6:	46c0      	nop			@ (mov r8, r8)
200007e8:	50110000 	.word	0x50110000
200007ec:	40054000 	.word	0x40054000
200007f0:	200020cc 	.word	0x200020cc
200007f4:	200020dc 	.word	0x200020dc
200007f8:	20002777 	.word	0x20002777
200007fc:	50113000 	.word	0x50113000
20000800:	ffff8000 	.word	0xffff8000
20000804:	50100000 	.word	0x50100000
20000808:	10009990 	.word	0x10009990

2000080c <e15_is_bulkin_ep>:
2000080c:	4b09      	ldr	r3, [pc, #36]	@ (20000834 <e15_is_bulkin_ep+0x28>)
2000080e:	6c1b      	ldr	r3, [r3, #64]	@ 0x40
20000810:	079b      	lsls	r3, r3, #30
20000812:	d40c      	bmi.n	2000082e <e15_is_bulkin_ep+0x22>
20000814:	7883      	ldrb	r3, [r0, #2]
20000816:	09db      	lsrs	r3, r3, #7
20000818:	2b01      	cmp	r3, #1
2000081a:	d001      	beq.n	20000820 <e15_is_bulkin_ep+0x14>
2000081c:	2000      	movs	r0, #0
2000081e:	e007      	b.n	20000830 <e15_is_bulkin_ep+0x24>
20000820:	7ec3      	ldrb	r3, [r0, #27]
20000822:	2b02      	cmp	r3, #2
20000824:	d001      	beq.n	2000082a <e15_is_bulkin_ep+0x1e>
20000826:	2000      	movs	r0, #0
20000828:	e002      	b.n	20000830 <e15_is_bulkin_ep+0x24>
2000082a:	2001      	movs	r0, #1
2000082c:	e000      	b.n	20000830 <e15_is_bulkin_ep+0x24>
2000082e:	2000      	movs	r0, #0
20000830:	4770      	bx	lr
20000832:	46c0      	nop			@ (mov r8, r8)
20000834:	50110000 	.word	0x50110000

20000838 <e15_is_critical_frame_period>:
20000838:	b510      	push	{r4, lr}
2000083a:	f7ff ffe7 	bl	2000080c <e15_is_bulkin_ep>
2000083e:	2800      	cmp	r0, #0
20000840:	d009      	beq.n	20000856 <e15_is_critical_frame_period+0x1e>
20000842:	4b06      	ldr	r3, [pc, #24]	@ (2000085c <e15_is_critical_frame_period+0x24>)
20000844:	6a9b      	ldr	r3, [r3, #40]	@ 0x28
20000846:	4a06      	ldr	r2, [pc, #24]	@ (20000860 <e15_is_critical_frame_period+0x28>)
20000848:	6812      	ldr	r2, [r2, #0]
2000084a:	1a9b      	subs	r3, r3, r2
2000084c:	4a05      	ldr	r2, [pc, #20]	@ (20000864 <e15_is_critical_frame_period+0x2c>)
2000084e:	4694      	mov	ip, r2
20000850:	4463      	add	r3, ip
20000852:	2bc6      	cmp	r3, #198	@ 0xc6
20000854:	d800      	bhi.n	20000858 <e15_is_critical_frame_period+0x20>
20000856:	bd10      	pop	{r4, pc}
20000858:	2000      	movs	r0, #0
2000085a:	e7fc      	b.n	20000856 <e15_is_critical_frame_period+0x1e>
2000085c:	40054000 	.word	0x40054000
20000860:	200020cc 	.word	0x200020cc
20000864:	fffffce0 	.word	0xfffffce0

20000868 <prepare_ep_buffer>:
20000868:	b5f8      	push	{r3, r4, r5, r6, r7, lr}
2000086a:	0004      	movs	r4, r0
2000086c:	000f      	movs	r7, r1
2000086e:	8a83      	ldrh	r3, [r0, #20]
20000870:	8b02      	ldrh	r2, [r0, #24]
20000872:	1c1e      	adds	r6, r3, #0
20000874:	4293      	cmp	r3, r2
20000876:	d900      	bls.n	2000087a <prepare_ep_buffer+0x12>
20000878:	1c16      	adds	r6, r2, #0
2000087a:	b2b6      	uxth	r6, r6
2000087c:	1b9b      	subs	r3, r3, r6
2000087e:	82a3      	strh	r3, [r4, #20]
20000880:	2280      	movs	r2, #128	@ 0x80
20000882:	00d2      	lsls	r2, r2, #3
20000884:	4332      	orrs	r2, r6
20000886:	78e3      	ldrb	r3, [r4, #3]
20000888:	2b00      	cmp	r3, #0
2000088a:	d013      	beq.n	200008b4 <prepare_ep_buffer+0x4c>
2000088c:	2580      	movs	r5, #128	@ 0x80
2000088e:	01ad      	lsls	r5, r5, #6
20000890:	4315      	orrs	r5, r2
20000892:	2201      	movs	r2, #1
20000894:	4053      	eors	r3, r2
20000896:	70e3      	strb	r3, [r4, #3]
20000898:	7863      	ldrb	r3, [r4, #1]
2000089a:	2b00      	cmp	r3, #0
2000089c:	d00c      	beq.n	200008b8 <prepare_ep_buffer+0x50>
2000089e:	8aa3      	ldrh	r3, [r4, #20]
200008a0:	2b00      	cmp	r3, #0
200008a2:	d102      	bne.n	200008aa <prepare_ep_buffer+0x42>
200008a4:	2380      	movs	r3, #128	@ 0x80
200008a6:	01db      	lsls	r3, r3, #7
200008a8:	431d      	orrs	r5, r3
200008aa:	2f00      	cmp	r7, #0
200008ac:	d000      	beq.n	200008b0 <prepare_ep_buffer+0x48>
200008ae:	042d      	lsls	r5, r5, #16
200008b0:	0028      	movs	r0, r5
200008b2:	bdf8      	pop	{r3, r4, r5, r6, r7, pc}
200008b4:	2500      	movs	r5, #0
200008b6:	e7eb      	b.n	20000890 <prepare_ep_buffer+0x28>
200008b8:	68e0      	ldr	r0, [r4, #12]
200008ba:	01bb      	lsls	r3, r7, #6
200008bc:	18c0      	adds	r0, r0, r3
200008be:	6921      	ldr	r1, [r4, #16]
200008c0:	0032      	movs	r2, r6
200008c2:	f000 f9d1 	bl	20000c68 <____wrap_memcpy_veneer>
200008c6:	6923      	ldr	r3, [r4, #16]
200008c8:	199b      	adds	r3, r3, r6
200008ca:	6123      	str	r3, [r4, #16]
200008cc:	2380      	movs	r3, #128	@ 0x80
200008ce:	021b      	lsls	r3, r3, #8
200008d0:	431d      	orrs	r5, r3
200008d2:	e7e4      	b.n	2000089e <prepare_ep_buffer+0x36>

200008d4 <sync_ep_buffer>:
200008d4:	b570      	push	{r4, r5, r6, lr}
200008d6:	0004      	movs	r4, r0
200008d8:	6883      	ldr	r3, [r0, #8]
200008da:	681b      	ldr	r3, [r3, #0]
200008dc:	2900      	cmp	r1, #0
200008de:	d000      	beq.n	200008e2 <sync_ep_buffer+0xe>
200008e0:	0c1b      	lsrs	r3, r3, #16
200008e2:	059d      	lsls	r5, r3, #22
200008e4:	0dad      	lsrs	r5, r5, #22
200008e6:	7862      	ldrb	r2, [r4, #1]
200008e8:	2a00      	cmp	r2, #0
200008ea:	d112      	bne.n	20000912 <sync_ep_buffer+0x3e>
200008ec:	041b      	lsls	r3, r3, #16
200008ee:	d409      	bmi.n	20000904 <sync_ep_buffer+0x30>
200008f0:	8ae3      	ldrh	r3, [r4, #22]
200008f2:	195b      	adds	r3, r3, r5
200008f4:	82e3      	strh	r3, [r4, #22]
200008f6:	8b23      	ldrh	r3, [r4, #24]
200008f8:	42ab      	cmp	r3, r5
200008fa:	d901      	bls.n	20000900 <sync_ep_buffer+0x2c>
200008fc:	2300      	movs	r3, #0
200008fe:	82a3      	strh	r3, [r4, #20]
20000900:	0028      	movs	r0, r5
20000902:	bd70      	pop	{r4, r5, r6, pc}
20000904:	4b0e      	ldr	r3, [pc, #56]	@ (20000940 <sync_ep_buffer+0x6c>)
20000906:	4a0f      	ldr	r2, [pc, #60]	@ (20000944 <sync_ep_buffer+0x70>)
20000908:	2181      	movs	r1, #129	@ 0x81
2000090a:	480f      	ldr	r0, [pc, #60]	@ (20000948 <sync_ep_buffer+0x74>)
2000090c:	0049      	lsls	r1, r1, #1
2000090e:	f000 f9eb 	bl	20000ce8 <____assert_func_veneer>
20000912:	041b      	lsls	r3, r3, #16
20000914:	d50d      	bpl.n	20000932 <sync_ep_buffer+0x5e>
20000916:	6920      	ldr	r0, [r4, #16]
20000918:	68e3      	ldr	r3, [r4, #12]
2000091a:	0189      	lsls	r1, r1, #6
2000091c:	1859      	adds	r1, r3, r1
2000091e:	002a      	movs	r2, r5
20000920:	f000 f9a2 	bl	20000c68 <____wrap_memcpy_veneer>
20000924:	8ae3      	ldrh	r3, [r4, #22]
20000926:	195b      	adds	r3, r3, r5
20000928:	82e3      	strh	r3, [r4, #22]
2000092a:	6923      	ldr	r3, [r4, #16]
2000092c:	195b      	adds	r3, r3, r5
2000092e:	6123      	str	r3, [r4, #16]
20000930:	e7e1      	b.n	200008f6 <sync_ep_buffer+0x22>
20000932:	4b06      	ldr	r3, [pc, #24]	@ (2000094c <sync_ep_buffer+0x78>)
20000934:	4a03      	ldr	r2, [pc, #12]	@ (20000944 <sync_ep_buffer+0x70>)
20000936:	210a      	movs	r1, #10
20000938:	4803      	ldr	r0, [pc, #12]	@ (20000948 <sync_ep_buffer+0x74>)
2000093a:	31ff      	adds	r1, #255	@ 0xff
2000093c:	f000 f9d4 	bl	20000ce8 <____assert_func_veneer>
20000940:	100099b0 	.word	0x100099b0
20000944:	1000a6a4 	.word	0x1000a6a4
20000948:	100099d0 	.word	0x100099d0
2000094c:	10009a34 	.word	0x10009a34

20000950 <_hw_endpoint_xfer_sync>:
20000950:	b510      	push	{r4, lr}
20000952:	0004      	movs	r4, r0
20000954:	6883      	ldr	r3, [r0, #8]
20000956:	681b      	ldr	r3, [r3, #0]
20000958:	2100      	movs	r1, #0
2000095a:	f7ff ffbb 	bl	200008d4 <sync_ep_buffer>
2000095e:	6863      	ldr	r3, [r4, #4]
20000960:	681b      	ldr	r3, [r3, #0]
20000962:	005b      	lsls	r3, r3, #1
20000964:	d502      	bpl.n	2000096c <_hw_endpoint_xfer_sync+0x1c>
20000966:	8b23      	ldrh	r3, [r4, #24]
20000968:	4283      	cmp	r3, r0
2000096a:	d000      	beq.n	2000096e <_hw_endpoint_xfer_sync+0x1e>
2000096c:	bd10      	pop	{r4, pc}
2000096e:	2101      	movs	r1, #1
20000970:	0020      	movs	r0, r4
20000972:	f7ff ffaf 	bl	200008d4 <sync_ep_buffer>
20000976:	e7f9      	b.n	2000096c <_hw_endpoint_xfer_sync+0x1c>

20000978 <hw_endpoint_reset_transfer>:
20000978:	2300      	movs	r3, #0
2000097a:	7683      	strb	r3, [r0, #26]
2000097c:	8283      	strh	r3, [r0, #20]
2000097e:	82c3      	strh	r3, [r0, #22]
20000980:	6103      	str	r3, [r0, #16]
20000982:	4770      	bx	lr

20000984 <_hw_endpoint_buffer_control_update32>:
20000984:	b510      	push	{r4, lr}
20000986:	2900      	cmp	r1, #0
20000988:	d002      	beq.n	20000990 <_hw_endpoint_buffer_control_update32+0xc>
2000098a:	6883      	ldr	r3, [r0, #8]
2000098c:	681b      	ldr	r3, [r3, #0]
2000098e:	4019      	ands	r1, r3
20000990:	2a00      	cmp	r2, #0
20000992:	d00f      	beq.n	200009b4 <_hw_endpoint_buffer_control_update32+0x30>
20000994:	4311      	orrs	r1, r2
20000996:	0552      	lsls	r2, r2, #21
20000998:	d50c      	bpl.n	200009b4 <_hw_endpoint_buffer_control_update32+0x30>
2000099a:	6882      	ldr	r2, [r0, #8]
2000099c:	6813      	ldr	r3, [r2, #0]
2000099e:	055b      	lsls	r3, r3, #21
200009a0:	d40b      	bmi.n	200009ba <_hw_endpoint_buffer_control_update32+0x36>
200009a2:	4b0b      	ldr	r3, [pc, #44]	@ (200009d0 <_hw_endpoint_buffer_control_update32+0x4c>)
200009a4:	400b      	ands	r3, r1
200009a6:	6013      	str	r3, [r2, #0]
200009a8:	e7ff      	b.n	200009aa <_hw_endpoint_buffer_control_update32+0x26>
200009aa:	e7ff      	b.n	200009ac <_hw_endpoint_buffer_control_update32+0x28>
200009ac:	e7ff      	b.n	200009ae <_hw_endpoint_buffer_control_update32+0x2a>
200009ae:	e7ff      	b.n	200009b0 <_hw_endpoint_buffer_control_update32+0x2c>
200009b0:	e7ff      	b.n	200009b2 <_hw_endpoint_buffer_control_update32+0x2e>
200009b2:	e7ff      	b.n	200009b4 <_hw_endpoint_buffer_control_update32+0x30>
200009b4:	6883      	ldr	r3, [r0, #8]
200009b6:	6019      	str	r1, [r3, #0]
200009b8:	bd10      	pop	{r4, pc}
200009ba:	7883      	ldrb	r3, [r0, #2]
200009bc:	217f      	movs	r1, #127	@ 0x7f
200009be:	4019      	ands	r1, r3
200009c0:	09db      	lsrs	r3, r3, #7
200009c2:	4a04      	ldr	r2, [pc, #16]	@ (200009d4 <_hw_endpoint_buffer_control_update32+0x50>)
200009c4:	009b      	lsls	r3, r3, #2
200009c6:	4804      	ldr	r0, [pc, #16]	@ (200009d8 <_hw_endpoint_buffer_control_update32+0x54>)
200009c8:	589a      	ldr	r2, [r3, r2]
200009ca:	f000 f955 	bl	20000c78 <__panic_veneer>
200009ce:	46c0      	nop			@ (mov r8, r8)
200009d0:	fffffbff 	.word	0xfffffbff
200009d4:	20000dd8 	.word	0x20000dd8
200009d8:	10009a54 	.word	0x10009a54

200009dc <hw_endpoint_start_next_buffer>:
200009dc:	b570      	push	{r4, r5, r6, lr}
200009de:	0004      	movs	r4, r0
200009e0:	6843      	ldr	r3, [r0, #4]
200009e2:	681e      	ldr	r6, [r3, #0]
200009e4:	2100      	movs	r1, #0
200009e6:	f7ff ff3f 	bl	20000868 <prepare_ep_buffer>
200009ea:	2580      	movs	r5, #128	@ 0x80
200009ec:	016d      	lsls	r5, r5, #5
200009ee:	4305      	orrs	r5, r0
200009f0:	4b19      	ldr	r3, [pc, #100]	@ (20000a58 <hw_endpoint_start_next_buffer+0x7c>)
200009f2:	6c1b      	ldr	r3, [r3, #64]	@ 0x40
200009f4:	2202      	movs	r2, #2
200009f6:	0011      	movs	r1, r2
200009f8:	4019      	ands	r1, r3
200009fa:	421a      	tst	r2, r3
200009fc:	d104      	bne.n	20000a08 <hw_endpoint_start_next_buffer+0x2c>
200009fe:	78a3      	ldrb	r3, [r4, #2]
20000a00:	09db      	lsrs	r3, r3, #7
20000a02:	d017      	beq.n	20000a34 <hw_endpoint_start_next_buffer+0x58>
20000a04:	2900      	cmp	r1, #0
20000a06:	d017      	beq.n	20000a38 <hw_endpoint_start_next_buffer+0x5c>
20000a08:	78a3      	ldrb	r3, [r4, #2]
20000a0a:	065b      	lsls	r3, r3, #25
20000a0c:	d116      	bne.n	20000a3c <hw_endpoint_start_next_buffer+0x60>
20000a0e:	2300      	movs	r3, #0
20000a10:	8aa2      	ldrh	r2, [r4, #20]
20000a12:	2a00      	cmp	r2, #0
20000a14:	d001      	beq.n	20000a1a <hw_endpoint_start_next_buffer+0x3e>
20000a16:	2b00      	cmp	r3, #0
20000a18:	d012      	beq.n	20000a40 <hw_endpoint_start_next_buffer+0x64>
20000a1a:	4b10      	ldr	r3, [pc, #64]	@ (20000a5c <hw_endpoint_start_next_buffer+0x80>)
20000a1c:	401e      	ands	r6, r3
20000a1e:	2380      	movs	r3, #128	@ 0x80
20000a20:	059b      	lsls	r3, r3, #22
20000a22:	4333      	orrs	r3, r6
20000a24:	6862      	ldr	r2, [r4, #4]
20000a26:	6013      	str	r3, [r2, #0]
20000a28:	002a      	movs	r2, r5
20000a2a:	2100      	movs	r1, #0
20000a2c:	0020      	movs	r0, r4
20000a2e:	f7ff ffa9 	bl	20000984 <_hw_endpoint_buffer_control_update32>
20000a32:	bd70      	pop	{r4, r5, r6, pc}
20000a34:	2301      	movs	r3, #1
20000a36:	e7eb      	b.n	20000a10 <hw_endpoint_start_next_buffer+0x34>
20000a38:	2300      	movs	r3, #0
20000a3a:	e7e9      	b.n	20000a10 <hw_endpoint_start_next_buffer+0x34>
20000a3c:	2301      	movs	r3, #1
20000a3e:	e7e7      	b.n	20000a10 <hw_endpoint_start_next_buffer+0x34>
20000a40:	2101      	movs	r1, #1
20000a42:	0020      	movs	r0, r4
20000a44:	f7ff ff10 	bl	20000868 <prepare_ep_buffer>
20000a48:	4305      	orrs	r5, r0
20000a4a:	4a05      	ldr	r2, [pc, #20]	@ (20000a60 <hw_endpoint_start_next_buffer+0x84>)
20000a4c:	4032      	ands	r2, r6
20000a4e:	23a0      	movs	r3, #160	@ 0xa0
20000a50:	05db      	lsls	r3, r3, #23
20000a52:	4313      	orrs	r3, r2
20000a54:	e7e6      	b.n	20000a24 <hw_endpoint_start_next_buffer+0x48>
20000a56:	46c0      	nop			@ (mov r8, r8)
20000a58:	50110000 	.word	0x50110000
20000a5c:	afffffff 	.word	0xafffffff
20000a60:	dfffffff 	.word	0xdfffffff

20000a64 <hw_endpoint_xfer_continue>:
20000a64:	b570      	push	{r4, r5, r6, lr}
20000a66:	0004      	movs	r4, r0
20000a68:	7e85      	ldrb	r5, [r0, #26]
20000a6a:	2d00      	cmp	r5, #0
20000a6c:	d006      	beq.n	20000a7c <hw_endpoint_xfer_continue+0x18>
20000a6e:	f7ff ff6f 	bl	20000950 <_hw_endpoint_xfer_sync>
20000a72:	8aa3      	ldrh	r3, [r4, #20]
20000a74:	2b00      	cmp	r3, #0
20000a76:	d10b      	bne.n	20000a90 <hw_endpoint_xfer_continue+0x2c>
20000a78:	0028      	movs	r0, r5
20000a7a:	bd70      	pop	{r4, r5, r6, pc}
20000a7c:	7883      	ldrb	r3, [r0, #2]
20000a7e:	217f      	movs	r1, #127	@ 0x7f
20000a80:	4019      	ands	r1, r3
20000a82:	09db      	lsrs	r3, r3, #7
20000a84:	4a09      	ldr	r2, [pc, #36]	@ (20000aac <hw_endpoint_xfer_continue+0x48>)
20000a86:	009b      	lsls	r3, r3, #2
20000a88:	4809      	ldr	r0, [pc, #36]	@ (20000ab0 <hw_endpoint_xfer_continue+0x4c>)
20000a8a:	589a      	ldr	r2, [r3, r2]
20000a8c:	f000 f8f4 	bl	20000c78 <__panic_veneer>
20000a90:	0020      	movs	r0, r4
20000a92:	f7ff fed1 	bl	20000838 <e15_is_critical_frame_period>
20000a96:	1e05      	subs	r5, r0, #0
20000a98:	d003      	beq.n	20000aa2 <hw_endpoint_xfer_continue+0x3e>
20000a9a:	2301      	movs	r3, #1
20000a9c:	7723      	strb	r3, [r4, #28]
20000a9e:	2500      	movs	r5, #0
20000aa0:	e7ea      	b.n	20000a78 <hw_endpoint_xfer_continue+0x14>
20000aa2:	0020      	movs	r0, r4
20000aa4:	f7ff ff9a 	bl	200009dc <hw_endpoint_start_next_buffer>
20000aa8:	e7e6      	b.n	20000a78 <hw_endpoint_xfer_continue+0x14>
20000aaa:	46c0      	nop			@ (mov r8, r8)
20000aac:	20000dd8 	.word	0x20000dd8
20000ab0:	10009a74 	.word	0x10009a74

20000ab4 <dcd_event_handler>:
20000ab4:	b570      	push	{r4, r5, r6, lr}
20000ab6:	b084      	sub	sp, #16
20000ab8:	0005      	movs	r5, r0
20000aba:	7843      	ldrb	r3, [r0, #1]
20000abc:	2b04      	cmp	r3, #4
20000abe:	d048      	beq.n	20000b52 <dcd_event_handler+0x9e>
20000ac0:	d806      	bhi.n	20000ad0 <dcd_event_handler+0x1c>
20000ac2:	2b02      	cmp	r3, #2
20000ac4:	d023      	beq.n	20000b0e <dcd_event_handler+0x5a>
20000ac6:	2b03      	cmp	r3, #3
20000ac8:	d000      	beq.n	20000acc <dcd_event_handler+0x18>
20000aca:	e0a9      	b.n	20000c20 <dcd_event_handler+0x16c>
20000acc:	2400      	movs	r4, #0
20000ace:	e066      	b.n	20000b9e <dcd_event_handler+0xea>
20000ad0:	2b05      	cmp	r3, #5
20000ad2:	d000      	beq.n	20000ad6 <dcd_event_handler+0x22>
20000ad4:	e0a4      	b.n	20000c20 <dcd_event_handler+0x16c>
20000ad6:	4b5c      	ldr	r3, [pc, #368]	@ (20000c48 <dcd_event_handler+0x194>)
20000ad8:	781b      	ldrb	r3, [r3, #0]
20000ada:	07db      	lsls	r3, r3, #31
20000adc:	d537      	bpl.n	20000b4e <dcd_event_handler+0x9a>
20000ade:	4a5a      	ldr	r2, [pc, #360]	@ (20000c48 <dcd_event_handler+0x194>)
20000ae0:	7813      	ldrb	r3, [r2, #0]
20000ae2:	2104      	movs	r1, #4
20000ae4:	438b      	bics	r3, r1
20000ae6:	7013      	strb	r3, [r2, #0]
20000ae8:	4b58      	ldr	r3, [pc, #352]	@ (20000c4c <dcd_event_handler+0x198>)
20000aea:	681c      	ldr	r4, [r3, #0]
20000aec:	0020      	movs	r0, r4
20000aee:	3014      	adds	r0, #20
20000af0:	f000 f8ea 	bl	20000cc8 <__critical_section_enter_blocking_veneer>
20000af4:	0029      	movs	r1, r5
20000af6:	0020      	movs	r0, r4
20000af8:	f000 f8fe 	bl	20000cf8 <__tu_fifo_write_veneer>
20000afc:	6962      	ldr	r2, [r4, #20]
20000afe:	69a3      	ldr	r3, [r4, #24]
20000b00:	f3bf 8f5f 	dmb	sy
20000b04:	2100      	movs	r1, #0
20000b06:	6011      	str	r1, [r2, #0]
20000b08:	f383 8810 	msr	PRIMASK, r3
20000b0c:	e01f      	b.n	20000b4e <dcd_event_handler+0x9a>
20000b0e:	4b4e      	ldr	r3, [pc, #312]	@ (20000c48 <dcd_event_handler+0x194>)
20000b10:	781a      	ldrb	r2, [r3, #0]
20000b12:	2101      	movs	r1, #1
20000b14:	438a      	bics	r2, r1
20000b16:	701a      	strb	r2, [r3, #0]
20000b18:	781a      	ldrb	r2, [r3, #0]
20000b1a:	3101      	adds	r1, #1
20000b1c:	438a      	bics	r2, r1
20000b1e:	701a      	strb	r2, [r3, #0]
20000b20:	2600      	movs	r6, #0
20000b22:	705e      	strb	r6, [r3, #1]
20000b24:	781a      	ldrb	r2, [r3, #0]
20000b26:	3102      	adds	r1, #2
20000b28:	438a      	bics	r2, r1
20000b2a:	701a      	strb	r2, [r3, #0]
20000b2c:	4b47      	ldr	r3, [pc, #284]	@ (20000c4c <dcd_event_handler+0x198>)
20000b2e:	681c      	ldr	r4, [r3, #0]
20000b30:	0020      	movs	r0, r4
20000b32:	3014      	adds	r0, #20
20000b34:	f000 f8c8 	bl	20000cc8 <__critical_section_enter_blocking_veneer>
20000b38:	0029      	movs	r1, r5
20000b3a:	0020      	movs	r0, r4
20000b3c:	f000 f8dc 	bl	20000cf8 <__tu_fifo_write_veneer>
20000b40:	6962      	ldr	r2, [r4, #20]
20000b42:	69a3      	ldr	r3, [r4, #24]
20000b44:	f3bf 8f5f 	dmb	sy
20000b48:	6016      	str	r6, [r2, #0]
20000b4a:	f383 8810 	msr	PRIMASK, r3
20000b4e:	b004      	add	sp, #16
20000b50:	bd70      	pop	{r4, r5, r6, pc}
20000b52:	4b3d      	ldr	r3, [pc, #244]	@ (20000c48 <dcd_event_handler+0x194>)
20000b54:	781b      	ldrb	r3, [r3, #0]
20000b56:	07db      	lsls	r3, r3, #31
20000b58:	d5f9      	bpl.n	20000b4e <dcd_event_handler+0x9a>
20000b5a:	4a3b      	ldr	r2, [pc, #236]	@ (20000c48 <dcd_event_handler+0x194>)
20000b5c:	7813      	ldrb	r3, [r2, #0]
20000b5e:	2104      	movs	r1, #4
20000b60:	430b      	orrs	r3, r1
20000b62:	7013      	strb	r3, [r2, #0]
20000b64:	4b39      	ldr	r3, [pc, #228]	@ (20000c4c <dcd_event_handler+0x198>)
20000b66:	681c      	ldr	r4, [r3, #0]
20000b68:	0020      	movs	r0, r4
20000b6a:	3014      	adds	r0, #20
20000b6c:	f000 f8ac 	bl	20000cc8 <__critical_section_enter_blocking_veneer>
20000b70:	0029      	movs	r1, r5
20000b72:	0020      	movs	r0, r4
20000b74:	f000 f8c0 	bl	20000cf8 <__tu_fifo_write_veneer>
20000b78:	6962      	ldr	r2, [r4, #20]
20000b7a:	69a3      	ldr	r3, [r4, #24]
20000b7c:	f3bf 8f5f 	dmb	sy
20000b80:	2100      	movs	r1, #0
20000b82:	6011      	str	r1, [r2, #0]
20000b84:	f383 8810 	msr	PRIMASK, r3
20000b88:	e7e1      	b.n	20000b4e <dcd_event_handler+0x9a>
20000b8a:	0062      	lsls	r2, r4, #1
20000b8c:	1912      	adds	r2, r2, r4
20000b8e:	00d2      	lsls	r2, r2, #3
20000b90:	4b2f      	ldr	r3, [pc, #188]	@ (20000c50 <dcd_event_handler+0x19c>)
20000b92:	681b      	ldr	r3, [r3, #0]
20000b94:	189b      	adds	r3, r3, r2
20000b96:	2b00      	cmp	r3, #0
20000b98:	d113      	bne.n	20000bc2 <dcd_event_handler+0x10e>
20000b9a:	3401      	adds	r4, #1
20000b9c:	b2e4      	uxtb	r4, r4
20000b9e:	4b2d      	ldr	r3, [pc, #180]	@ (20000c54 <dcd_event_handler+0x1a0>)
20000ba0:	781b      	ldrb	r3, [r3, #0]
20000ba2:	42a3      	cmp	r3, r4
20000ba4:	d316      	bcc.n	20000bd4 <dcd_event_handler+0x120>
20000ba6:	4a2c      	ldr	r2, [pc, #176]	@ (20000c58 <dcd_event_handler+0x1a4>)
20000ba8:	2a00      	cmp	r2, #0
20000baa:	d011      	beq.n	20000bd0 <dcd_event_handler+0x11c>
20000bac:	42a3      	cmp	r3, r4
20000bae:	d8ec      	bhi.n	20000b8a <dcd_event_handler+0xd6>
20000bb0:	1ae3      	subs	r3, r4, r3
20000bb2:	b2db      	uxtb	r3, r3
20000bb4:	2b00      	cmp	r3, #0
20000bb6:	d1f0      	bne.n	20000b9a <dcd_event_handler+0xe6>
20000bb8:	005a      	lsls	r2, r3, #1
20000bba:	18d3      	adds	r3, r2, r3
20000bbc:	00db      	lsls	r3, r3, #3
20000bbe:	4a27      	ldr	r2, [pc, #156]	@ (20000c5c <dcd_event_handler+0x1a8>)
20000bc0:	189b      	adds	r3, r3, r2
20000bc2:	695b      	ldr	r3, [r3, #20]
20000bc4:	2b00      	cmp	r3, #0
20000bc6:	d0e8      	beq.n	20000b9a <dcd_event_handler+0xe6>
20000bc8:	7828      	ldrb	r0, [r5, #0]
20000bca:	6869      	ldr	r1, [r5, #4]
20000bcc:	4798      	blx	r3
20000bce:	e7e4      	b.n	20000b9a <dcd_event_handler+0xe6>
20000bd0:	0023      	movs	r3, r4
20000bd2:	e7ef      	b.n	20000bb4 <dcd_event_handler+0x100>
20000bd4:	4b1c      	ldr	r3, [pc, #112]	@ (20000c48 <dcd_event_handler+0x194>)
20000bd6:	781b      	ldrb	r3, [r3, #0]
20000bd8:	075b      	lsls	r3, r3, #29
20000bda:	d5b8      	bpl.n	20000b4e <dcd_event_handler+0x9a>
20000bdc:	4a1a      	ldr	r2, [pc, #104]	@ (20000c48 <dcd_event_handler+0x194>)
20000bde:	7813      	ldrb	r3, [r2, #0]
20000be0:	2104      	movs	r1, #4
20000be2:	438b      	bics	r3, r1
20000be4:	7013      	strb	r3, [r2, #0]
20000be6:	220c      	movs	r2, #12
20000be8:	2100      	movs	r1, #0
20000bea:	a801      	add	r0, sp, #4
20000bec:	f000 f85c 	bl	20000ca8 <____wrap_memset_veneer>
20000bf0:	782b      	ldrb	r3, [r5, #0]
20000bf2:	466a      	mov	r2, sp
20000bf4:	7113      	strb	r3, [r2, #4]
20000bf6:	2305      	movs	r3, #5
20000bf8:	7153      	strb	r3, [r2, #5]
20000bfa:	4b14      	ldr	r3, [pc, #80]	@ (20000c4c <dcd_event_handler+0x198>)
20000bfc:	681c      	ldr	r4, [r3, #0]
20000bfe:	0020      	movs	r0, r4
20000c00:	3014      	adds	r0, #20
20000c02:	f000 f861 	bl	20000cc8 <__critical_section_enter_blocking_veneer>
20000c06:	a901      	add	r1, sp, #4
20000c08:	0020      	movs	r0, r4
20000c0a:	f000 f875 	bl	20000cf8 <__tu_fifo_write_veneer>
20000c0e:	6962      	ldr	r2, [r4, #20]
20000c10:	69a3      	ldr	r3, [r4, #24]
20000c12:	f3bf 8f5f 	dmb	sy
20000c16:	2100      	movs	r1, #0
20000c18:	6011      	str	r1, [r2, #0]
20000c1a:	f383 8810 	msr	PRIMASK, r3
20000c1e:	e796      	b.n	20000b4e <dcd_event_handler+0x9a>
20000c20:	4b0a      	ldr	r3, [pc, #40]	@ (20000c4c <dcd_event_handler+0x198>)
20000c22:	681c      	ldr	r4, [r3, #0]
20000c24:	0020      	movs	r0, r4
20000c26:	3014      	adds	r0, #20
20000c28:	f000 f84e 	bl	20000cc8 <__critical_section_enter_blocking_veneer>
20000c2c:	0029      	movs	r1, r5
20000c2e:	0020      	movs	r0, r4
20000c30:	f000 f862 	bl	20000cf8 <__tu_fifo_write_veneer>
20000c34:	6962      	ldr	r2, [r4, #20]
20000c36:	69a3      	ldr	r3, [r4, #24]
20000c38:	f3bf 8f5f 	dmb	sy
20000c3c:	2100      	movs	r1, #0
20000c3e:	6011      	str	r1, [r2, #0]
20000c40:	f383 8810 	msr	PRIMASK, r3
20000c44:	e783      	b.n	20000b4e <dcd_event_handler+0x9a>
20000c46:	46c0      	nop			@ (mov r8, r8)
20000c48:	200012d0 	.word	0x200012d0
20000c4c:	20001328 	.word	0x20001328
20000c50:	20000fa8 	.word	0x20000fa8
20000c54:	20002776 	.word	0x20002776
20000c58:	10004c3d 	.word	0x10004c3d
20000c5c:	1000a740 	.word	0x1000a740

20000c60 <__aeabi_idiv0>:
20000c60:	4770      	bx	lr
20000c62:	46c0      	nop			@ (mov r8, r8)
20000c64:	0000      	movs	r0, r0
	...

20000c68 <____wrap_memcpy_veneer>:
20000c68:	b401      	push	{r0}
20000c6a:	4802      	ldr	r0, [pc, #8]	@ (20000c74 <____wrap_memcpy_veneer+0xc>)
20000c6c:	4684      	mov	ip, r0
20000c6e:	bc01      	pop	{r0}
20000c70:	4760      	bx	ip
20000c72:	bf00      	nop
20000c74:	10004841 	.word	0x10004841

20000c78 <__panic_veneer>:
20000c78:	b401      	push	{r0}
20000c7a:	4802      	ldr	r0, [pc, #8]	@ (20000c84 <__panic_veneer+0xc>)
20000c7c:	4684      	mov	ip, r0
20000c7e:	bc01      	pop	{r0}
20000c80:	4760      	bx	ip
20000c82:	bf00      	nop
20000c84:	10002cb9 	.word	0x10002cb9

20000c88 <__hw_endpoint_get_by_addr_veneer>:
20000c88:	b401      	push	{r0}
20000c8a:	4802      	ldr	r0, [pc, #8]	@ (20000c94 <__hw_endpoint_get_by_addr_veneer+0xc>)
20000c8c:	4684      	mov	ip, r0
20000c8e:	bc01      	pop	{r0}
20000c90:	4760      	bx	ip
20000c92:	bf00      	nop
20000c94:	10005241 	.word	0x10005241

20000c98 <__make_timeout_time_ms_veneer>:
20000c98:	b401      	push	{r0}
20000c9a:	4802      	ldr	r0, [pc, #8]	@ (20000ca4 <__make_timeout_time_ms_veneer+0xc>)
20000c9c:	4684      	mov	ip, r0
20000c9e:	bc01      	pop	{r0}
20000ca0:	4760      	bx	ip
20000ca2:	bf00      	nop
20000ca4:	10001677 	.word	0x10001677

20000ca8 <____wrap_memset_veneer>:
20000ca8:	b401      	push	{r0}
20000caa:	4802      	ldr	r0, [pc, #8]	@ (20000cb4 <____wrap_memset_veneer+0xc>)
20000cac:	4684      	mov	ip, r0
20000cae:	bc01      	pop	{r0}
20000cb0:	4760      	bx	ip
20000cb2:	bf00      	nop
20000cb4:	10004835 	.word	0x10004835

20000cb8 <__dcd_event_sof_veneer>:
20000cb8:	b401      	push	{r0}
20000cba:	4802      	ldr	r0, [pc, #8]	@ (20000cc4 <__dcd_event_sof_veneer+0xc>)
20000cbc:	4684      	mov	ip, r0
20000cbe:	bc01      	pop	{r0}
20000cc0:	4760      	bx	ip
20000cc2:	bf00      	nop
20000cc4:	10005351 	.word	0x10005351

20000cc8 <__critical_section_enter_blocking_veneer>:
20000cc8:	b401      	push	{r0}
20000cca:	4802      	ldr	r0, [pc, #8]	@ (20000cd4 <__critical_section_enter_blocking_veneer+0xc>)
20000ccc:	4684      	mov	ip, r0
20000cce:	bc01      	pop	{r0}
20000cd0:	4760      	bx	ip
20000cd2:	bf00      	nop
20000cd4:	1000567d 	.word	0x1000567d

20000cd8 <__best_effort_wfe_or_timeout_veneer>:
20000cd8:	b401      	push	{r0}
20000cda:	4802      	ldr	r0, [pc, #8]	@ (20000ce4 <__best_effort_wfe_or_timeout_veneer+0xc>)
20000cdc:	4684      	mov	ip, r0
20000cde:	bc01      	pop	{r0}
20000ce0:	4760      	bx	ip
20000ce2:	bf00      	nop
20000ce4:	10002109 	.word	0x10002109

20000ce8 <____assert_func_veneer>:
20000ce8:	b401      	push	{r0}
20000cea:	4802      	ldr	r0, [pc, #8]	@ (20000cf4 <____assert_func_veneer+0xc>)
20000cec:	4684      	mov	ip, r0
20000cee:	bc01      	pop	{r0}
20000cf0:	4760      	bx	ip
20000cf2:	bf00      	nop
20000cf4:	10002b89 	.word	0x10002b89

20000cf8 <__tu_fifo_write_veneer>:
20000cf8:	b401      	push	{r0}
20000cfa:	4802      	ldr	r0, [pc, #8]	@ (20000d04 <__tu_fifo_write_veneer+0xc>)
20000cfc:	4684      	mov	ip, r0
20000cfe:	bc01      	pop	{r0}
20000d00:	4760      	bx	ip
20000d02:	bf00      	nop
20000d04:	100070a7 	.word	0x100070a7

20000d08 <datetime_str_tacho>:
20000d08:	20001f5c                                \.. 

20000d0c <datetime_str_mpu>:
20000d0c:	20001e5c                                \.. 

20000d10 <t_tacho>:
20000d10:	170207e9 3b3b1700                       ......;;

20000d18 <t_mpu>:
20000d18:	170207e9 3b3b1700                       ......;;

20000d20 <last_delta>:
20000d20:	ffffffff                                ....

20000d24 <last_value>:
20000d24:	ffffffff                                ....

20000d28 <striped_spin_lock_num>:
20000d28:	00000010                                ....

20000d2c <irq_handler_chain_slots>:
20000d2c:	00000000 	.word	0x00000000
20000d30:	00010000 	.word	0x00010000
	...
20000d3c:	00020000 	.word	0x00020000
	...
20000d48:	00030000 	.word	0x00030000
	...
20000d54:	00ff0000 	.word	0x00ff0000
20000d58:	00000000 	.word	0x00000000

20000d5c <irq_handler_chain_first_slot>:
20000d5c:	b501      	push	{r0, lr}
20000d5e:	6848      	ldr	r0, [r1, #4]
20000d60:	3101      	adds	r1, #1
20000d62:	468e      	mov	lr, r1
20000d64:	4700      	bx	r0

20000d66 <irq_handler_chain_remove_tail>:
20000d66:	4670      	mov	r0, lr
20000d68:	3809      	subs	r0, #9
20000d6a:	4901      	ldr	r1, [pc, #4]	@ (20000d70 <irq_handler_chain_remove_tail+0xa>)
20000d6c:	4788      	blx	r1
20000d6e:	bd01      	pop	{r0, pc}
20000d70:	1000146d 	.word	0x1000146d

20000d74 <default_alarm_pool>:
20000d74:	20000d8c 00000000 20000ea0 2000205c     ... ....... \ . 
	...

20000d8c <default_alarm_pool_heap>:
20000d8c:	2000206c 00000000 00000000 00000010     l . ............
20000d9c:	00000000                                ....

20000da0 <aeabi_bits_funcs>:
20000da0:	00003350 	.word	0x00003350
20000da4:	0000334c 	.word	0x0000334c
20000da8:	00003354 	.word	0x00003354
20000dac:	00003352 	.word	0x00003352

20000db0 <aeabi_bits_funcs_end>:
20000db0:	0000534d 	.word	0x0000534d
20000db4:	0000434d 	.word	0x0000434d
20000db8:	00003453 	.word	0x00003453
20000dbc:	00003443 	.word	0x00003443

20000dc0 <stdio_usb>:
20000dc0:	10005041 00000000 10004fb9 10004c71     AP.......O..qL..
20000dd0:	00000000 00000100                       ........

20000dd8 <ep_dir_string>:
20000dd8:	10009aa0 10009aa4                       ........

20000de0 <_usbd_qdef>:
20000de0:	2000132c 000c0010 00000000 00000000     ,.. ............
	...

20000dfc <_usbd_rhport>:
20000dfc:	000000ff                                ....

20000e00 <i2c1_inst>:
20000e00:	40048000 00000000                       ...@....

20000e08 <i2c0_inst>:
20000e08:	40044000 00000000                       .@.@....

20000e10 <cyw43_poll_worker>:
20000e10:	00000000 10007db5 00000000 00000000     .....}..........

20000e20 <sleep_timeout_worker>:
20000e20:	00000000 10007c95 00000000 00000000     .....|..........
	...

20000e38 <print_mutex>:
	...

20000e40 <__mutex_array_end>:
20000e40:	10004825 	.word	0x10004825
20000e44:	10003ed1 	.word	0x10003ed1
20000e48:	100045b5 	.word	0x100045b5
20000e4c:	1000479d 	.word	0x1000479d

20000e50 <__frame_dummy_init_array_entry>:
20000e50:	100002e5 10005195                       .....Q..
