:020000041000EA
:1000000000B5324B212058609868022188439860DF
:10001000D860186158612E4B002199600221596106
:100020000121F02299502B49196001219960352056
:1000300000F044F80222904214D00621196600F024
:1000400034F8196E01211966002018661A6600F04E
:100050002CF8196E196E196E052000F02FF8012189
:100060000842F9D1002199601B49196000215960AB
:100070001A491B48016001219960EB211966A021F2
:10008000196600F012F800219960164914480160C1
:100090000121996001BC002800D000471248134993
:1000A000086003C880F30888084703B5996A0420EC
:1000B0000142FBD001200142F8D103BD02B5186610
:1000C0001866FFF7F2FF186E186E02BD00000240BE
:1000D000000000180000070000035F00212200005C
:1000E000F4000018222000A00001001008ED00E03C
:1000F00000000000000000000000000074B24E7A12
:1001000000200420F7010010C3010010C5010010F9
:10011000C1010010C1010010C1010010C101001097
:10012000C1010010C1010010C1010010C701001081
:10013000C1010010C1010010C9010010CB01001065
:10014000CD010010CD010010CD010010CD01001037
:10015000CD010010CD010010CD010010CD01001027
:10016000CD010010CD010010CD010010CD01001017
:10017000CD010010CD010010CD010010CD01001007
:10018000CD010010CD010010CD010010CD010010F7
:10019000CD010010CD010010CD010010CD010010E7
:1001A000CD010010CD010010CD010010CD010010D7
:1001B000CD010010CD010010CD010010CD010010C7
:1001C00000BE00BE00BE00BE00BE00BEEFF3058054
:1001D000103800BEF2EB88711C5204103C5204101F
:1001E0003402001090A31AE700201F49086006C8D7
:1001F00081F3088810471D48006800282FD10DA4FE
:100200000ECC002902D000F012F8F9E71849194A7B
:10021000002000E001C19142FCD1174988471749ED
:1002200088471749884700BEFDE701C901C29A42C5
:10023000FBD370473C520410C0000020580E002031
:10024000D45F04100000042000000420D45F0410D8
:10025000001004200010042000000000704709482E
:1002600003F05EFE0047000008ED00E0000000D053
:10027000580E002094270020E92B0010210A0010BE
:10028000A92B00105756000006005250ABB3605324
:1002900034BE001006005250861C030244BE0010FB
:1002A000060052505422A29D50BE0010050052502C
:1002B000DE65F468D45F0410F8B5C0460648074907
:1002C000091A8B10C90FC91810B5491003D0044B77
:1002D000002B00D0984710BD580E0020580E00206B
:1002E00000000000054B10B5002B03D00449054861
:1002F00000E000BFFFF7E2FF10BDC04600000000B5
:1003000008250020F8AF001083001B189B000B4845
:100310008446634400290CD01020824000290AD072
:100320000749186842400A40802149010B431A607E
:1003300070470800F1E70349F3E7C0460C000540A9
:100340000000FFFFFFFF000070B506000D1C081C39
:1003500004F038FA84B2002C12D0200004F00AFA1B
:10036000011C281C04F0E5F98721C90504F0FBF9FC
:1003700004F028FAC3B21B0224041C43346070BD8D
:100380000023F8E710B504001022002104F072FAEF
:1003900080235B022360F8235B0263608023DB021F
:1003A000A360C0231B03A360200010BD70B505002F
:1003B0000C00FFF7E7FF22000F3217346B68044987
:1003C0000B40D2011343240323436B60280070BD0C
:1003D0007F00FEFF30B50C00C9000431C268CA407E
:1003E0000F251540013509E042682100083101233D
:1003F0008B401342F8D18B001B58013D002DF3DCDC
:10040000180030BD10B51F4AB023D3582022110068
:1004100019401A4204D01B498432202088500521FB
:100420005B060AD5174AA4234021D150164A136807
:10043000591C1160092B13D810BD0529FCD1134A92
:100440001368591C1160632BF6D9130000221A603F
:100450000F4B1A6892B201210520FFF755FFEBE719
:10046000094B00221A600B4B1A6892B20121062038
:10047000FFF74AFF084B1A6892B200210620FFF7E7
:1004800043FFD9E7000005406C15002068150020E7
:10049000EC240020F0240020E824002010B5002BDC
:1004A00002DB0260436010BD024B034A03483F2158
:1004B00002F07EFBF8AF0010F4D0001014B0001072
:1004C00070B582B0060014001D00FA2292000023CD
:1004D0000698002104F010F902000B0012196B417C
:1004E000002B09DB6846FFF7D9FF009A019B3260B9
:1004F0007360300002B070BD01225242004BF1E740
:10050000FFFFFF7FF0B5C64600B584B004000E00C3
:1005100017001D0001F05CFC8046E117FA229200F2
:100520000023200004F0E8F802000B000295019778
:100530000096404601F05EFD04B080BCB846F0BDB8
:10054000F0B5CE46474680B587B005000E001400D2
:100550001F0000230093023307F09EF92D4B9D42AC
:1005600041D0072399464946200000F04DFB631C0B
:1005700098464946180000F047FB00220121200060
:1005800000F05AFB00220121404600F055FB0021FB
:1005900002A8FFF70BFF059B1F4A1340E20313431A
:1005A0000593039A1D4B1A40240622430392049B91
:1005B0001B4A1A4004921B4A13400493002F15D182
:1005C00080235B02029302AB00223100280007F077
:1005D000B5F92B680122B24013432B6007B0C0BCB1
:1005E000B946B046F0BD06239946BCE7052002F0A7
:1005F000BDF904F0BFF8041C0A20784304F0C0F8E9
:10060000011C201C04F09BF8011C02A8FFF79CFEB3
:10061000D9E7C04600002050FF7FF0FFFFFFFFE05A
:10062000FFFF0AFEFFFF0A3E10B582B0040001F092
:10063000F3FD02000B006846FFF730FF009A019BB4
:1006400022606360200002B010BDF0B5C64600B560
:1006500086B080460C0015001E000CAB1F7804A865
:10066000FFF7E2FF049A059B009404A8FFF728FF18
:10067000049A059B029701960095404601F0BEFB47
:1006800006B080BCB846F0BDF0B583B004000D00E4
:1006900016001F0001F09CFB009733002A00210088
:1006A000FFF7D3FF03B0F0BD10B500210C48FFF7F2
:1006B00091FE0C4B18600C4A1368C31A0B490B606F
:1006C00010600B4A1268904204D0094A1060094A2F
:1006D000136010BD074A12689342F6D1F9E7C0468D
:1006E000000020500025002020250020A820002008
:1006F000240D0020200D00202B4B00229B5EDA17DA
:100700009B1853409BB2294A93420FD9284A3C2157
:100710001160284A93420CD9254A44311160264A77
:10072000934206D9224BFF221A6002E0204B00229E
:100730001A601D4B02229B5EDA179B1853409BB236
:100740001A4A93420FD91D4A3C211160194A93421B
:100750000CD91A4A44311160174A934206D9174BF3
:10076000FF221A6002E0154B00221A600E4B042291
:100770009B5EDA179B1853409BB20C4A93420FD9E9
:100780000F4A3C2111600B4A93420CD90C4A443168
:100790001160094A934206D9094BFF221A6002E010
:1007A000074B00221A607047F413002088130000E2
:1007B000F024002010270000983A0000EC240020CC
:1007C000E824002010B504210D2000F01DFA0421BA
:1007D0000C2000F019FA124C8023E3670833114A09
:1007E000E250012201210620FFF78EFD01220021A7
:1007F0000620FFF789FD0C4B1A68012393430B4A2F
:1008000013600B49042000F03BFC4023A422A350BA
:10081000084A13600121042000F008FC10BDC04606
:1008200000000540093D00007800054078100540B3
:1008300005040010A820054010B504210B2000F08D
:10084000E3F90F4C4023A3660E4B6367012201219D
:100850000520FFF759FD0C4B1A68012393430B4AFF
:1008600013600B49042000F00BFC2023A422A350AA
:10087000084A13600121042000F0D8FB10BDC046D7
:1008800000000540350C0000640005406410054080
:1008900005040010A820054000B585B06B4618730C
:1008A0005973054800230093023303AA682106F018
:1008B00055FE05B000BDC046000E002070B584B0E6
:1008C0000D0016000F226A441070084C012300939B
:1008D0006821200006F042FE0023009333002A0026
:1008E0006821200006F046FE04B070BD000E002016
:1008F00010B500216B20FFF7CFFF02213720FFF753
:10090000CBFF16210A20FFF7C7FF10BDF0B585B059
:1009100007000E000C2201A93B20FFF7CFFF0022A9
:1009200010E0530001ACE05C591C615C0002014323
:10093000F952D11C4900655CD91D645C2D022C4321
:10094000F4520132022AECDD05B0F0BD30B587B0BB
:10095000050005AA032313700E4C023B00930C21E3
:10096000200006F0FBFD00230093063303AA0C21B0
:10097000200006F0FFFD002308E05A00501C03A9E8
:100980000C5C895C24022143A9520133022BF4DD63
:1009900007B030BD000E002010B50C4807F0C6F8B7
:1009A0000B4807F0C3F8FFF77FFE0A48FFF7CEFFBA
:1009B00009490A48FFF7AAFFFFF79EFE084B0122EC
:1009C0001A70084B1A70012010BDC046100D00208F
:1009D000180D0020F8240020E0200020F41300204F
:1009E000862700208727002010B507F0FFF810BDEC
:1009F00010B50100002007F0C5F810BD10B5064B7A
:100A000001221A70054804F09BF80120FFF7F0FF5F
:100A10000020002110BDC0468827002068B00010CB
:100A2000F0B5C64600B590B004F0C6F85C49FA20AF
:100A300008AB00224000FFF765FDFFF7C3FEFFF79C
:100A4000FBFE0321022000F0DFF80321032000F069
:100A5000DBF800220121022000F0EEF80022012143
:100A6000032000F0E9F84F484F4906F04BFDFFF72F
:100A70003FFFFFF7B9FF04004C494D4D280006F039
:100A800075FE0023102200212800FFF759FD002CDD
:100A900006D0484B484AB4214848490002F088F83B
:100AA0000FAA1B2313703F4C0126009633006821C8
:100AB000200006F053FD1F276F44002500953300EA
:100AC0003A006821200006F055FD39783C4804F0D2
:100AD00067F806F0C1FF3B4806F0F4FF3A4806F01D
:100AE000F1FF4020002101F00BFB38492B002A00C8
:100AF0003748FFF7C9FD374801F00FFB364804F0CF
:100B00001FF8364804F01CF83EE0354B1B78012BEB
:100B10003AD1344B1B78012B36D1314B00221A705D
:100B2000304B1A70304B01321A802DE0254A802557
:100B30006D002E4C2068290001F06AFC224A2C4BE3
:100B40001868290001F064FC2A4A0021535E022142
:100B5000555E0426965F284A0021575E0220115EEA
:100B60008C460421525E9046244A1268216824482B
:100B7000444604946446039402970196009504F059
:100B80000FF8194B00221A801E4B1B78002BFBD14B
:100B9000154B00229B5E002BB7D0012BC6D0F3E78C
:100BA00099090010000E0020A086010014D1001049
:100BB0000000205080B000100CD1001090B0001048
:100BC000F0B00010180D0020100D0020FD090010DD
:100BD000307500008813000010B1001030B1001013
:100BE0008627002087270020822700200C0D002068
:100BF000080D0020F4130020E02000200025002034
:100C000088B100108827002010B58300084A944658
:100C100063441A68402462408034144080225201A8
:100C200013431C60C000034B9C466044416010BDF0
:100C300004C001400040014080000B4B9C466044D2
:100C400000290DD00823002A0CD004221343026887
:100C500053400C221A4080235B0103431A60704703
:100C60000023F0E70022F1E704C00140002909D089
:100C70008000094B9C46604480239B010343022271
:100C80001A6070478000044B9C466044C0239B015F
:100C9000034302221A60F4E704C0014070B5D02378
:100CA0001B061B68094C9D002C59204207D1074D9B
:100CB0009B0004435C510D2000F00CFA70BD044B06
:100CC000044A0548CC2101F073FFC0463C250020B2
:100CD000ACB1001070D10010D8B1001010B50400F4
:100CE000D0231B061A680B4B9200D35818420BD026
:100CF0000D2000F0F7FAD0231B061B6805499B0066
:100D00005A58A2435A5010BD034B044A0448D621F6
:100D100001F04EFF3C25002028B200104CD10010FD
:100D2000D8B10010072303409B00C00899403C3015
:100D30008000014BC150704700400140F8B50700EA
:100D40000C0016001D00FFF7EDFFFB089B00ED18DF
:100D50000720384080008440002E04D080239B016F
:100D60002B431C60F8BDC0239B012B431C60F9E79B
:100D700010B5D0231B061B68002B03D0024BFFF7D6
:100D8000DDFF10BD014BFAE7304101400041014059
:100D900010B501238340D02212069362936105218E
:100DA000FFF732FF10BD0000034B1B680220184004
:100DB000431E9841C0B2704700C00640EFF3108058
:100DC00072B6034B1B68002BFBD0BFF35F8F7047DD
:100DD0002C0100D0BFF35F8F024B00221A6080F31A
:100DE000108870472C0100D0F8B506000C001500E3
:100DF000FFF7E4FFE308F718F15C07222240012324
:100E000093400B4205D1DBB20B433B70FFF7E2FF8F
:100E1000F8BD2100280001F063FFF0B583B00600A3
:100E2000019114001F00FFF7C9FF00E00134BC422C
:100E30000CD8E308F518F35C0721214001228A4011
:100E40001A42F3D1D2B21A432A7001E0012464425B
:100E5000FFF7C0FF002C02DB200003B0F0BD019BB8
:100E6000002BF9D0089801F03BFF000070B5050099
:100E70000C00FFF7A3FFE308EE18EA5C072121400E
:100E800001238B40134204D09A433270FFF7A2FF34
:100E900070BD034B034A0448332101F089FEC0466C
:100EA00054B20010A4D1001074B20010002307E067
:100EB000054A9A189200BFF35F8F00211160013339
:100EC0001F2BF5D97047C04640000034054A107802
:100ED000431CDBB21370172B02D9130010221A70B7
:100EE0007047C046280D002010B582B00100054CA7
:100EF000054B00931F2318222000FFF78EFF02B03E
:100F000010BDC0463C150020C4B20010074B9B68C2
:100F1000103080001950BFF35F8FBFF35F8F044B19
:100F20000021196082F310887047C04600ED00E090
:100F3000240100D01F23181A7047000010B5038841
:100F4000DA0A1C2A05D15B055B1502335B00C01869
:100F500010BD034B034A0448B12101F029FEC046ED
:100F6000E0B2001008D20010F8B2001010B5091A53
:100F70000B1F0A4A88180A4A904208D8C90706D4A3
:100F80005B105B055B0D0748184380B210BD064B34
:100F9000064A0748A32101F00BFEC046FC070000EB
:100FA000FE0F000000E0FFFF44B30010FCD1001072
:100FB000F8B2001010B5091A04394A08090B08D113
:100FC0004905490D064B0B430380064B13434380F1
:100FD00010BD054B054A0648AB2101F0E9FDC046AE
:100FE00000F0FFFF00F8FFFF74B30010D0D1001035
:100FF000F8B2001001238340034A10681840431ED2
:101000009841C0B27047C04600E100E0002904D01A
:10101000034B1860034B18607047034B1860FBE7E5
:1010200080E200E000E100E080E100E010B5012393
:1010300083401800FFF7EAFF10BD00000123834042
:10104000014A13607047C04600E200E0024B9B6813
:1010500010308000C058704700ED00E010B5FFF779
:10106000F5FF002805D0054BC01A2F2803D8012012
:1010700010BD0020FCE70020FAE7C0462C0D002040
:1010800070B504000D00EFF3108672B60C4B1B68B0
:10109000002BFBD0BFF35F8F2000FFF7D7FF094B7A
:1010A000984201D0A84205D1320029002000FFF764
:1010B0002DFF70BD044B054A0548862101F078FDDF
:1010C000240100D0CD01001084B3001030D20010F4
:1010D000F8B20010F0B5DE4657464E464546E0B53C
:1010E00089B0814601911500EFF3108A72B66D4BFD
:1010F0001B68002BFBD0BFF35F8F6B4B00269E5706
:10110000002E41DB7400A419A400684824180622AC
:10111000A256654B1A70664B9A684B4610339B007B
:10112000D35898461F00181A2F2839D9614B984573
:1011300030D105AF604B3B80604973009B469819E6
:1011400080005A4B984640440230FFF70FFF7880EA
:101150005B4BBB80FF23BB71FD71019B0793330089
:101160005B449B00434407CF07C301231C43A046B5
:10117000524641464846FFF7C9FE09B0F0BCBB469F
:10118000B246A946A046F0BD4E4B4F4A4F48D72124
:1011900001F00EFD4E4B4C4A4C48DE2101F008FD9B
:1011A00001380C2102F010FF002912D101239F43C6
:1011B000BB463B000027DA79AA4211D906215956CD
:1011C00000290CDB4A005218920038491F008B1886
:1011D000F1E7404B3C4A3D48EA2101F0E9FC1F00A1
:1011E000002F2ED005AB3C4A1A80813A5A80062344
:1011F000FB560293002B17DA384805AB9B469880C4
:10120000029A9A71DD71019A0792381D2100FFF749
:10121000ADFEB880BE71254B7200921992009B18EA
:101220005A4613CA13C3A3E7381DFFF787FE010010
:101230007000801980001D4BC0180430FFF796FE27
:10124000DBE705AF1C4B3B801C49730002939B19E5
:101250009B00164A90461A0042440392901CFFF7E6
:1012600085FE7880039A101D5946FFF77FFEB880EF
:101270001B4B5A464146521A524153431B0DBB71F8
:10128000FD71019A0792029B9B199B00434407CF73
:1012900007C3114B5A461380813B538001231C43E3
:1012A000A04665E7240100D08C2700202C0D0020EB
:1012B00000ED00E0CD01001000A1FFFF5C0D00205B
:1012C00001BDFFFFBCB3001018D20010F8B200102F
:1012D000E4B300100CB400100148000001BD000090
:1012E000AAAA0000F0B5CE46474680B583B00600F6
:1012F0000D00EFF3108872B64F4B1B68002BFBD02C
:10130000BFF35F8F4D4B9A6834001034A300D75859
:101310004B4B9F4207D0AF4200D18BE00197494B26
:10132000FB1A2F2B09D9424639003000FFF7EEFD9A
:1013300003B0C0BCB946B046F0BD3000FFF75AFE5E
:10134000814600213000FFF771FEBFF35F8FEFF39E
:101350000581002901D08C4211D10123019C9C43BD
:101360000020A368AB4212D00622A256002A0DDB51
:1013700053009B189B00334A2000D418F1E7324BEE
:10138000324A36213248FF3101F012FC2000AB42D4
:1013900049D106256557002D2BDB2A4B6A005219CF
:1013A00092009B189A68A260DA79E2719B795BB22D
:1013B000A371002B0FDA2748A080224B6A00521934
:1013C00092009B18244A1178997115704946300093
:1013D000FFF72CFEA7E7680040198000194BC018E2
:1013E0000430FFF7ABFD0100231D1800FFF7BEFD21
:1013F000E2E7002912D100280ED0FF238371174B9A
:10140000838015490B78A3710E4A154BA41A6441C9
:1014100063431B0D0B70D9E7094FF2E71149201DFB
:10142000FFF7C8FDD2E7104B084A6A210848FF3190
:1014300001F0BEFB024F76E7240100D000ED00E092
:10144000CD0100102C0D002080B40010E8D1001058
:10145000F8B2001001BD00008C27002001BDFFFF85
:10146000AAAA0000660D0020B4B4001010B5032332
:1014700004009C43064A9446644422681840C00015
:10148000FC3383409A43130081400B43236010BD1B
:1014900000E400E070B5012202432E4BD31A2F2B3B
:1014A00028D8EFF30583002B2BD0EFF3108C72B606
:1014B000294909680029FBD0BFF35F8F254C2749D4
:1014C00005002D1B6D416943090D4CB22449896803
:1014D0009B00C95891421BD00021032932D81D4BD3
:1014E0004A00521892009B189B795BB2A3421FD00E
:1014F0000131F2E71B4B1C4AC7211C48490001F08F
:1015000057FB1B4B184A92211848FF3101F050FB42
:10151000134A92681749D150174B1A7882711C7080
:10152000BFF35F8F0C4B00221A608CF3108870BDE4
:10153000084B4A005518AD005D19FF26AE710F4AE1
:10154000AA80E9E70E4B084AD1210848490001F07A
:101550002FFBC0462C0D0020240100D0AAAA0000B9
:1015600000ED00E0BCB40010B4D10010F8B20010DF
:10157000E4B40010CD0100108C27002001BDFFFF56
:10158000F0B400100022044B02E0044902C301320F
:10159000072AFAD97047C04600E400E080808080C6
:1015A00010B5FFF7C7FC0100024B1800FFF75EFC07
:1015B00010BDC0469127002010B582B00100074C35
:1015C000074B0093052300222000FFF726FC00288C
:1015D00001DB1F23181A02B010BDC046912700205E
:1015E000F8B4001070B504000E001500FFF76EFC93
:1015F0000100200000F006F8A680E580BFF35F8FB1
:1016000070BD0000024B9C46614489000160704738
:101610004000003410B5002B02DB0260436010BDB7
:10162000024B034A03483F2101F0C2FAF8AF001011
:1016300088D2001014B0001070B582B006001400FB
:101640001D00FA22920000230698002103F054F8AE
:1016500002000B0012196B41002B09DB6846FFF7F3
:10166000D9FF009A019B32607360300002B070BDF8
:1016700001225242004BF1E7FFFFFF7F10B582B01D
:10168000040000F0C9FD02000B006846FFF7C2FF2E
:10169000009A019B22606360200002B010BD30B54B
:1016A00085B004000D0002A8FFF7E8FF029A039B33
:1016B00000952000FFF7C0FF200005B030BD10B539
:1016C0000400FFF703FC01002000FFF79BFFFF234E
:1016D0002371BFF35F8F10BD10B50400FFF7F6FB59
:1016E00001002000FFF78EFFFF23237100236371A9
:1016F000BFF35F8F10BD0000034B9C46614489001F
:101700000160BFF35F8F70474000003410B50400E4
:101710000120FFF7E9FB01002000FFF7EDFF10BDFE
:10172000084B5B6A994209D8064A926A824207D2FC
:10173000994201D0012002E0002000E00020704723
:101740000120FCE70040054010B500290AD00368DD
:101750001B7B8B4206D38068054B9C466144090184
:10176000401810BD034B044A04483C2101F020FA04
:10177000FFFFFF0FB0B50010C8D30010D4B50010A4
:10178000F8B504001700FFF7DFFF06684568390069
:101790002000FFF7D9FF026843680120AB4201D85F
:1017A00002D00020C0B2F8BDB242FBD8F9E7000079
:1017B00010B5002B02DB0260436010BD024B034AF0
:1017C00003483F2101F0F4F9F8AF001094D3001062
:1017D00014B0001010B582B00400049805991218D6
:1017E0004B41002B09DB6846FFF7E2FF009A019BA3
:1017F00022606360200002B010BD01225242014B02
:10180000F1E7C046FFFFFF7F10B5002908D0037B3A
:101810008B4205D300684B005B18033BC01810BD1A
:10182000024B034A0348682101F0C2F91CB60010BC
:1018300070D3001038B6001010B5437B8B4201D135
:10184000012010BDFFF7E0FF8378002B01D10020BD
:10185000F7E70120F5E770B50400857B002D01D185
:10186000280070BD2900FFF7CFFF4378A373002B3A
:1018700000D1E3730023837043700370F0E700002E
:10188000F8B506000C001500FFF7BEFF0700002C9E
:101890000DD0002D11D0AC4215D029003000FFF73B
:1018A000B3FF84703B78002B13D13D70F8BD0A4B19
:1018B0000A4A0B486F2101F07BF90A4B074A084896
:1018C000702101F075F9084B044A0548712101F0B7
:1018D0006FF943703D70E9E790B600104CD30010EB
:1018E00038B600109CB60010A8B6001070B50600FF
:1018F0000D001400002914D0002A14D04368806819
:101900009847002806D0220029003000FFF7B8FFD2
:10191000280007E02A0021003000FFF7B1FF200077
:1019200000E0100070BD0800FCE7000070B5040086
:101930000D1E0CD0FFF768FF002383704370037007
:10194000617B2A002000FFF7D1FF607370BD034B5D
:10195000034A0448A52101F02BF9C04608B700103E
:1019600060D3001038B6001070B504000D1E0FD003
:10197000FFF762FF00280BD1E17B00290ED1A37B8A
:10198000002B03D1E37B002B0DD1A573E57370BD54
:10199000084B094A0948F62101F00AF92000FFF72F
:1019A00033FF4570EBE7064B034A0448FB2101F087
:1019B000FFF8C046C0B600103CD3001038B6001087
:1019C000E4B6001010B5002907D003681B7B8B42DA
:1019D00003D3C0680139401810BD034B034A0448C3
:1019E000412101F0E5F8C046B0B5001028D3001041
:1019F000D4B5001010B50C00CB68834207D10B6939
:101A000008009847002809D02068616810BD064B7F
:101A1000064A52210648FF3101F0CAF80023E3606C
:101A200000200021F2E7C046F8B60010DCD200101A
:101A3000D4B5001070B505000C00080000F0C8FC1B
:101A40000949200000F008FCFFF740FA074B9C46CC
:101A50006044800068602C75D0231B061B786B7572
:101A6000034BA400E55070BD811B00104000003402
:101A70002C2500200A4B1A68EFF3108172B6136808
:101A8000002BFCD0BFF35F8F054B1B68BFF35F8F4C
:101A900000221A6081F3108840BF002000217047A7
:101AA0005027002010B582B0040000F0B5FB020002
:101AB0000B006846FFF77CFE009A019B2260636082
:101AC000200002B010BD70B584B0040016001D00E7
:101AD00002A8FFF7E7FF029A039B009601952000FA
:101AE000FFF778FE200004B070BD0000F0B583B0B1
:101AF000070001921D000AAB1C780BAB1E78002C6E
:101B00000BD000682100FFF797FE002809D0194B81
:101B1000194A1A48672101F04BF80068FFF79BFE4D
:101B20000400002C02D1200003B0F0BD21003800D9
:101B3000FFF70AFE019B03604560089B8360099BD9
:101B4000C36038682100FFF7F1FEA042EBD1387D79
:101B5000019A2B0000F0C8FB051E01D0002E04D016
:101B60000C9B002BDFD01D70DDE73868210000F0F2
:101B7000A9FDF5E70CB700107CD30010D4B5001018
:101B8000F0B5DE4657464E464546E0B58FB00B9061
:101B90000021794B8200D458894683E02900200037
:101BA000FFF7D2FD804602684368921BBB41002BC1
:101BB00009DD43461A685B680B9800F095FB00232B
:101BC000984600268AE0002B01D1002AF1D100219D
:101BD000584600F06DFD0700A84215D143461A682B
:101BE0005B680892099343469E68DB689846002E1E
:101BF00010D029002000FFF7E5FE037899461B026C
:101C00001F432761002069E05C4B5D4A5D488E21DF
:101C100000F0CEFF5C4B5A4A5A48922100F0C8FFB0
:101C20002369002B00D177E0BB4219D106980799B0
:101C3000002342428B4100920193089A099B0CA811
:101C4000FFF7C8FD0C9A0D9B00210491013103910F
:101C500002954146019100962000FFF747FF16E0EC
:101C60004A4B474A4748A12100F0A2FF069A079B2A
:101C7000002B01D1002A52D120682900FFF774FE01
:101C800029002000FFF79EFE037801330370002334
:101C900023616268BFF35F8F13608AF310880120AD
:101CA000002861D00CA8FFF7FDFE0C9E0D9F0022BE
:101CB0000023089209936268EFF3108A72B61368E2
:101CC000002BFCD0BFF35F8F23689B465D7B002D0C
:101CD00000D063E700239846002600206368BFF326
:101CE0005F8F00221A608AF31088002ED8D04B46EE
:101CF0001F022F4341463800B047069007916268A3
:101D0000EFF3108A72B61368002BFCD0BFF35F8F1D
:101D1000079B002B00DA83E7079B002BA6DD2369D6
:101D2000002BA9D0BB4219D10CA8FFF7BBFE0C9A1F
:101D30000D9B06980799009001910CA8FFF74AFDAA
:101D40000C9A0D9B002104910131039102954146AB
:101D5000019100962000FFF7C9FE98E70B4B084A57
:101D60000848A42100F024FF0FB0F0BCBB46B246E7
:101D7000A946A046F0BDC0462C25002034B700106F
:101D8000ACD30010D4B500104CB7001058B70010F9
:101D900010B50C4B5B68002B04D00B480A21FFF7F1
:101DA00031FC10BD074C094A20682300102100F0C7
:101DB000EAFB032000F024FA03212000FFF73AFE9B
:101DC000EBE7C046740D002050270020811700105B
:101DD00010B5064B5B68002B01D0044810BD044BC6
:101DE000044A05485E2100F0E3FEC046740D002061
:101DF00094B7001010D30010D4B50010F0B5DE4633
:101E000057464E464546E0B58DB0060090461F0049
:101E1000169B9A46179B994618AB1B780793272366
:101E200002AA9446634400221A7021E001003000A7
:101E3000FFF7C8FD00783CE00698002B5CD0079BBC
:101E4000002B59D04946D04704000D0003000B4336
:101E500059D0002940DB08A8FFF724FE089A099B07
:101E60000094019508A8FFF7B5FC089B9846099FC8
:101E70007268EFF3108B72B6136859424B41D9B2B6
:101E80000691002BF8D1BFF35F8F273302AA944647
:101E9000634404930023039302934B4601935346F8
:101EA000009342463B003000FFF720FE0400051E71
:101EB000BCD17368BFF35F8F002119608BF310886A
:101EC000002D17D0272302AA944663441B78002BC9
:101ED000B2D100022043B0E700236242AB4100923E
:101EE000019342463B0008A8FFF774FC089B984604
:101EF000099FBDE7012040420DB0F0BCBB46B24691
:101F0000A946A046F0BD0698F6E7F0B5C64600B56E
:101F100084B00500884616001F000AAB1C78FFF746
:101F200057FF0294019700962A004346FFF766FF89
:101F300004B080BCB846F0BDF0B5C64600B505009B
:101F40000C1E42D04268EFF3108772B61368002B64
:101F5000FCD0BFF35F8FE6B22B68984631001800C3
:101F6000FFF76AFC00282AD02B69A34213D0240A69
:101F7000E4B231002800FFF725FD0378A34211D019
:101F800000206B68BFF35F8F00221A6087F3108810
:101F900080BCB846F0BD0E4B0E4A2C210E48FF31D6
:101FA00000F006FE3100404600F08CFB0028E8D12E
:101FB0000A4B084A99210848490000F0F9FD2B69AD
:101FC000A342DED100232B61DBE70020E0E7C0461F
:101FD000B8B70010F8D20010D4B50010DCB700106C
:101FE00010B50400FFF7F4FE2100FFF7A5FF10BDB8
:101FF000407D7047F0B587B00500100019000E9CB9
:1020000013000B4301D101200021A5600C9B23612B
:10201000206061600D9B6361CE1737007040020045
:1020200071400B00921BBB4104A8FFF74CFD049AC2
:10203000059B012102910194044900912800FFF7BA
:10204000DDFEE060C043C00F07B0F0BDF519001021
:1020500030B587B004000D00EFF30583002B20D1CD
:1020600006225242D31712196B418B4202D803D178
:10207000824201D90022002304A8FFF799FB02A89D
:10208000FFF710FD02980399049A059B121A8B41E1
:10209000002B0BDC08D02000290000F0C9F807B0A5
:1020A00030BD144800F01CFE002AF4D0124A0498F7
:1020B000059900230093FFF728FF002813DAEAE7C9
:1020C0000E4B1A68EFF3108172B61368002BFCD028
:1020D000BFF35F8F094B1B68BFF35F8F00221A604D
:1020E00081F3108820BF04980599FFF719FB002899
:1020F000E6D0D0E7E0B70010751A00105027002096
:1021000000B583B002000B006846FFF7DCFC0098C6
:102110000199FFF79DFF03B000BD10B5FA229200B0
:102120000023002102F0E8FAFFF7EAFF10BD0000EB
:1021300030B583B005000C00EFF30583002B0FD101
:102140000B4A00230093FFF7E0FE00280BDD20BFC1
:10215000FFF746FF28002100FFF7E2FA03B030BD89
:10216000FFF7DEFAFAE728002100FFF7D9FAF5E7D2
:10217000751A001070B5EFF305801038EFF3108C6E
:1021800072B6194B1B68002BFBD0BFF35F8F012287
:102190001300834015494B6315490B6015490978B5
:1021A0000C00C440224213D0104A546A124A8500DF
:1021B000AA58944205D3114AAA580E4C994321704B
:1021C00007E00A4A031D9B0099589950002200E03D
:1021D0000022BFF35F8F044B002119608CF310883D
:1021E000002A00D0904770BD280100D00040054073
:1021F0003C700540902700205C270020FC13002045
:1022000010B50100024A034B1800FEF7EDFD10BDAA
:1022100030B800108A270020044B5B6A034A906A9A
:102220001900536A9942F9D17047C04600400540F1
:10223000084B5B6A01E0074B5B6A8B42FBD301E012
:10224000044B5B6A8B4203D1024B9B6A8342F7D3F8
:102250007047C0460040054070B504000E00EFF323
:10226000108572B61B4B1B68002BFBD0BFF35F8F32
:10227000002E1CD02000FEF7E9FE174B83420BD046
:1022800019002000FEF7FCFE01212000FEF7CEFE23
:102290000123A340114A1360114BA400E650BFF381
:1022A0005F8F0C4B00221A6085F3108870BD0C4BB9
:1022B000A2000021D1500122A2400A490B78934389
:1022C0000B7005492000FFF70DF800212000FEF7F4
:1022D000ADFEE4E7280100D075210010386005400C
:1022E000FC13002090270020F0B5DE4600B584B036
:1022F0000400150001921E000293FFF78DFF039565
:102300008E4202D84ED185424CD9EFF3108B72B673
:10231000274B1B68002BFBD0BFF35F8F254A177834
:102320000125A540EBB23B431370234B5D63221D97
:1023300092000199D150214AA100029888501B6A4D
:102340002B4212D11C4B1B6C2B4208D00020BFF338
:102350005F8F174B00221A608BF3108823E0184B15
:10236000184A1948C52100F023FCFFF755FF8E429B
:1023700014D802D1039B834210D80E4B1B78BB426A
:102380000ED00D4B1D625D631F222240012393403E
:102390000E4A1360074B1F700120D8E70020D6E7D4
:1023A0000120D4E7012004B080BCBB46F0BDC0468C
:1023B000280100D090270020004005405C27002025
:1023C00054B80010E0D3001078B8001080E200E0AC
:1023D000EFF3108C72B60B4B1B68002BFBD0BFF3D6
:1023E0005F8F01238340084A136208490A789A43A1
:1023F0000A70BFF35F8F034B00221A608CF31088C2
:102400007047C046280100D00040054090270020BA
:10241000F0B5CE46474680B587B00424145703264E
:10242000965702255557013D0527D7570623D35602
:102430009C460723D35698460023D35E99460B4B00
:10244000A400E3580A4A4C46059444460494644662
:1024500003940297074CAD002C590194009601F0AB
:102460002DFD07B0C0BCB946B046F0BDFCD300108E
:10247000C8B8001018D4001010B5002908D0037B8C
:102480008B4205D300684B005B18033BC01810BD9E
:10249000024B034A0348682100F08AFB1CB6001077
:1024A00088D4001038B60010F8B506000C001500EE
:1024B000FFF7E2FF0700002C0DD0002D11D0AC4239
:1024C00015D029003000FFF7D7FF84703B78002B30
:1024D00013D13D70F8BD0A4B0A4A0B486F2100F03A
:1024E00067FB0A4B074A0848702100F061FB084B64
:1024F000044A0548712100F05BFB43703D70E9E739
:1025000090B6001074D4001038B600109CB60010BD
:10251000A8B6001070B506000D001400002914D0F4
:10252000002A14D0436880689847002806D022000B
:1025300029003000FFF7B8FF280007E02A0021003B
:102540003000FFF7B1FF200000E0100070BD080070
:10255000FCE770B505000023437301338373037BED
:10256000C373012406E021002800FFF785FF013432
:10257000E4B24470297BA142F5D82800FFF77CFF24
:102580000023437070BD10B5017342608360FFF794
:10259000E0FF10BDF0B5C64600B505000C1E03D126
:1025A000200080BCB846F0BDFFF766FF4678002EDD
:1025B000F6D031002800FFF75FFF477800239846E8
:1025C000437021002800FFF757FF43464370320055
:1025D00021002800FFF79EFF040039002800FFF7C4
:1025E000D9FF020021002800FFF794FF0400D7E77D
:1025F000F0B5C64600B504000D001700002927D02D
:10260000FFF73AFF4378002B28D18378002B2BD19A
:1026100001782000FFF7BEFF06008046002F0AD099
:10262000E17B002926D1A37B002B03D1E37B002B88
:1026300025D1A573E5734346002B26D12900200040
:10264000FFF71AFF00234370300080BCB846F0BD8E
:10265000114B124A1248382100F0AAFA114B0F4AC6
:102660000F483A2100F0A4FA0F4B0C4A0C483B21CA
:1026700000F09EFA2000FFF7FFFE4570D3E70B4BFA
:10268000064A0748422100F093FA31002000FFF784
:10269000F3FE00238370D1E794B9001060D40010DA
:1026A0009CB90010E4B900100CBA0010E4B6001098
:1026B00070B504000A00457B2900FFF799FF60739D
:1026C000280070BD70B506000C1E40D0437B8B42C5
:1026D00007D0FFF7D1FE05008178002906D1002040
:1026E00036E00121FFF7E4FF012031E03000FFF781
:1026F000C3FE0178A1420DD03000FFF7BDFE417846
:10270000A1420AD00029F7D1124B134A13486B316A
:1027100000F04EFA6B78037001E06B784370002391
:10272000AB706B70012221003000FFF761FF0200E7
:10273000717B814205D03000FFF7ECFE7073012001
:1027400006E0074B044A0548712100F031FA0020E9
:1027500070BDC046F0B4001048D400109CB9001001
:1027600030BA0010F8B5DE4657464E464546E0B54D
:1027700006000F0015000A9A934250D31A0E924693
:102780001B0298460A9A00234046514601F05AFC23
:1027900081467400A419A4002F4B9C4664446368CE
:1027A000834200D26060331FDBB29B46012B3CD9D1
:1027B000C0239B012343802212011A60274BB200E1
:1027C000D158002907D0586901F0FEFB01304300C1
:1027D0001B18033BFDD26D0123685D40E0222A40B7
:1027E00080235B0123431A605A46012A28D980239B
:1027F0009B012343802212011A604B4663604A46C4
:1028000000234046514601F01DFC144BB600985180
:102810000120F0BCBB46B246A946A046F8BD104B0D
:10282000104A1148332100F0C3F9012FC0D1C02351
:102830009B01234303221A60A368DB07FCD5CAE788
:102840002168794003220A401A60A3680125BD402F
:102850001D42FAD0CBE7C046008000404015002062
:1028600050BA001094D4001064BA001030B583B090
:102870000C2000F011F9FEF797FA00280DD0002384
:1028800004E02E4A99002E4888500133092BF8D9CC
:102890002A4B2C4A5A6203B030BD2B4B00229A6758
:1028A00000F06CF9294B01221A60274B5B6C012B5D
:1028B000FBD1274B03221A60234B9B6B012BFBD1CF
:1028C000013300930433234A0121234800F054F8D4
:1028D00005230093214A0121214800F04DF8214BA6
:1028E0000093002202210420FFF73CFF1E4D0095BB
:1028F0002B00002201210520FFF734FF104C00942B
:102900002300002200210720FFF72CFF0094230062
:10291000002200210820FFF725FF0A4B0093230027
:10292000002200210920FFF71DFF00952B00002247
:1029300000210620FFF716FFADE7C0464015002036
:10294000006CDC021BB70000008000403CB000407F
:1029500030B00040002F685900800240008C86474C
:1029600000C00240001BB70040597307014B8000B4
:10297000C058704740150020F0B5C64600B50400A9
:102980000E0017001D00374801F01EFB8046364B35
:10299000FA18364B9A4239D80100380001F014FB7E
:1029A0000200103A98235B009A4235D86B1E062B22
:1029B00038D8069B013B062B34D83F09474537D30F
:1029C0002D04069B1B031D432368002B36DB284B7D
:1029D0009C4244D080235B01264A1360264A136040
:1029E000264A926819009143FAD12660A060221D00
:1029F000C0239B01134321221A602268002AFCDABB
:102A0000E56008221A6080BCB846F0BD1C4B1D4A28
:102A10001D48112100F0CCF81C4B1A4A1A48192104
:102A200000F0C6F81A4B174A17481C2100F0C0F8EE
:102A3000184B144A1448232100F0BAF822683F23A7
:102A40001340B342C3D1A3681B051B0D8342BED103
:102A5000E368EE22D2021340AB42B8D1D3E7802321
:102A60009B01B9E7001BB70080E84BD380F8A9327F
:102A700000C0024000E0004000F0004000C0004004
:102A8000B8BA0010A4D4001018BB001064BB00102A
:102A900080BB0010CCBB001080239B000343014A85
:102AA000D362704700800540024B1A68024B5A609F
:102AB0007047C046F42400200080054010B5174B35
:102AC0008022D2051A60164B164A1A6000290AD0D5
:102AD000154BE022D2041A60002809D1124B802243
:102AE00012061A6010BD0D4BE022D2041A60F3E703
:102AF00043011B1A9B00181800010C4B186080231F
:102B00005B04984202D3094B094A1A60FFF7CCFFD5
:102B1000054B8022D2051A60E4E7C04600B00540AC
:102B200008200140FCFF010000A00540F424002023
:102B3000FFFFFF0010B5030010000C4A8024E405DD
:102B40001460002B0DD001221343094A094CD461B3
:102B5000094C5C401462516293620021FFF7AEFFA2
:102B600010BD034B0022DA61F7E7C04600B0054014
:102B700000800540D3C007B02D3FF84F064BAA2276
:102B800012011A602F22DA60044B054A1A60024BC8
:102B90005B68002BFBDA7047004002400060024097
:102BA00000B0FA0000BEFDE710B5FFF7FBFF000024
:102BB00030B583B00D001900002A0BD0074B084C2C
:102BC000019200932B000200200001F0E9FF012098
:102BD000FFF7E8FF034B1A00F1E7C046E8BB00101F
:102BE000F8BB0010A8B1001070B52B4B2B4A1A602F
:102BF0002B4B2C4A1A602C4B9A682A4B9343FAD1E0
:102C00002A4C01E008CC9847294B9C42FAD3FFF7A5
:102C10002DFE234B274A1A60234B9B68DB43DB01C5
:102C2000FAD1254B40229A675A671A67DA66234C15
:102C300009E0234B234A24488721FFF7B9FF2000EE
:102C4000FEF73DFD0834214B9C4209D22368002B3E
:102C5000F5D0012BEDD12000FEF73EFD0834F2E760
:102C60001B4DA9681B4CC022200001F009FEAC607E
:102C7000EFF30583002B00D000BEFEF717F9FEF737
:102C800081FCFFF785F8144C01E008CC9847134B02
:102C90009C42FAD370BDC04600E00040BFCDFBFEB1
:102CA00000F00040FE7F3C0000C00040400E0020CD
:102CB000500E0020FFFFFF0100F00140380E002001
:102CC00028BC0010B0D4001048BC0010400E0020FA
:102CD00000ED00E000000020500E0020580E002003
:102CE0000FB400B583B0084801F02AFF049B002B05
:102CF00007D005A90191180001F032FF034801F047
:102D00001FFF0120FFF74EFF98BC00100CB1001010
:102D100010B50148FFF7E4FFA8BC00109A4200D2AA
:102D200088547047704710B5002802D00B68496876
:102D3000984710BD0100002007E083001B185B00CE
:102D4000501C08601078C01830380A681378303B7F
:102D5000DBB2092BF1D97047F0B5DE4657464E4637
:102D60004546E0B583B093461F000C9B9A460D9CE8
:102D70000E9B99460F9B9B0703D0B8460F00060099
:102D800022E00192A34688464E46B9460700B44267
:102D900007D2551C4B4641462020B84701342A0033
:102DA000F5E73D004F465C46019B9B46B1464646D3
:102DB000B84637002E0007E0013C551C5346185D0D
:102DC00043463900B0472A00002CF5D135003E00BB
:102DD00047460F9B9B0707D4100003B0F0BCBB46CF
:102DE000B246A946A046F0BDB0464E46B9462F00B1
:102DF0005D46531BB342EFD2541C4B464146202044
:102E0000B8472200F5E7F0B5CE46474680B585B015
:102E1000944698460C9D0D9C0EAB1B789946109AD3
:102E2000119B129EB7071CD4002B0CD0F7070AD5B4
:102E30004F46002F02D10C37374204D0013B02E04D
:102E400030272F550134944201D21F2CF8D9F707AF
:102E500007D59C4205D21F2C03D830272F550134AB
:102E6000F5E7F70612D5770505D4002C03D0944278
:102E700021D09C421FD00F9A102A32D00F9A022ADA
:102E800037D01F2C0AD830222A5501341F2C05D8E0
:102E90004A46002A33D02D222A5501340396029344
:102EA0000194009543466246FFF756FF05B0C0BC4B
:102EB000B946B046F0BD621E012C10D00F9F102FF6
:102EC0000BD014000F9A102AD8D1B206D6D51F2CD9
:102ED000D4D858222A550134D3E7023CCBE714005A
:102EE000C9E7B206EED41F2CECD878222A5501345B
:102EF000C7E71F2CD2D860322A550134C1E77207C8
:102F000003D52B222A550134C8E73207C6D5202223
:102F10002A550134C2E7F0B5DE4657464E464546CF
:102F2000E0B593B081468A46089209931CAB10CB5A
:102F30001B789B461E9D219B9846002C03D1102395
:102F400042469A4390468023DB0046461E40424656
:102F50001A4212D0002C22D000260EE03033D9B213
:102F6000771C0AAB99552900200001F02DF8AC42DE
:102F700016D31F2F14D83E0004002900200001F0B2
:102F800023F8CBB2092BE9D94246920605D5412157
:102F9000C918C9B20A39C9B2E2E76121F8E72700C6
:102FA00043460693209B05931F9B049303955B4622
:102FB000029301970AAB0093099B089A5146484631
:102FC000FFF721FF13B0F0BCBB46B246A946A046AE
:102FD000F0BDF0B5DE4657464E464546E0B597B0E3
:102FE0000A900B910C929A46209B9946219F22AA07
:102FF00013789B46249B0993259C289B98464A4618
:103000003A4302D11032934398468022D20045467B
:103010001540434613420AD04A463A4341D0002560
:103020002E0053460D934D46099B9A461BE02E00F9
:1030300053460D934D46099B9A4614E03033DAB25D
:10304000731C99460EAB9A5552462300280039004E
:1030500000F0F8FFBC4226D819D04B461F2B1CD8D5
:103060004E4605000F00524623002800390000F0AC
:10307000E9FFD3B2092BE1D94246920605D5412298
:10308000D218D2B20A3AD2B2DAE76122F8E7AA45F8
:10309000E3D94E460D9B9A4608E04E460D9B9A4654
:1030A00004E0002602E04E460D9B9A4643460693F6
:1030B000279B0593269B0493099B03935B460293EE
:1030C00001960EAB009353460C9A0B990A98FFF7A2
:1030D0009AFE17B0F0BCBB46B246A946A046F0BD6A
:1030E000F0B5DE4657464E464546E0B591B08046BF
:1030F00089460C929A461A9C1B9D22002B002000A8
:10310000290001F01AFA002800D0ECE00122524216
:10311000D44B2000290001F00BFA002800D0E2E097
:1031200001225242D04B2000290001F0EBF9002887
:1031300000D0D8E0002200232000290001F0E2F9AD
:10314000002800D0E4E0069407958023DB001E9A57
:103150001A400D921E9A1A4201D106231C9306981A
:10316000079902000B000892099303000A0002432A
:1031700000D1D9E0080D4005400DBC4EB446604476
:103180000A03120B1E00BA4B13431F0001F0E8F9AB
:10319000B84AB94B01F077F9B84AB94B01F054F984
:1031A000089009910022B74B3000390001F047F92F
:1031B000B54AB64B01F067F902000B00089809996F
:1031C00001F042F901F0E4F9834601F0C9F9060083
:1031D0000F00AF4AAF4B01F056F90022AE4B01F0A1
:1031E00033F901F0D5F90890AC4AAD4B3000390005
:1031F00001F049F906000F00089801F0B1F9A94A59
:10320000A94B01F040F902000B003000390001F039
:1032100016F906000F0002000B0001F034F90A90C5
:103220000B91089BA14A9446634400210022089117
:1032300009921B0509930023089332003B003000DC
:10324000390001F001F90E900F9132003B0000208F
:103250008021C90501F0F3F806000F000022944B0D
:103260000A980B9901F0F5F80022924B01F0ECF866
:1032700002000B000A980B9901F0EBF800228E4B2C
:1032800001F0E2F802000B000A980B9901F0E1F856
:1032900002000B003000390001F0D6F802000B00EC
:1032A0000E980F9901F0D5F80022714B01F0CCF87F
:1032B000089A099B01F0E7F806000F0008960997A5
:1032C000069A079B01F034F900282FD001235B42B6
:1032D0009C46E3440022774B3000390001F0B9F8F6
:1032E0000890099122E01E9B04931D9B03931C9B55
:1032F00002930094019553460C9A4946404600F0CB
:10330000FFF811B0F0BCBB46B246A946A046F0BDDE
:103310000021002206910792069480231B069C46FA
:10332000AC446346079310E700239B465B46633338
:10333000C62B20D804261E9B1B0528D5089A099B5E
:10334000190011430FD05D4A5D4B0698079901F0B3
:10335000E7F800287AD000225A4B0698079901F026
:10336000D1F8002872D01C9B5B4506DD5A469B1A9B
:10337000013B1C9303E00526DDE700231C9380231B
:10338000DB001E9A1A431E92002600239B461D9BBB
:103390009E4265D29F1B02231E9A1A400A921E9AD1
:1033A000134202D0002E00D000275B46002B07D02E
:1033B000089A099B0698079901F04BF80690079127
:1033C000002200232000290001F09CF8002800D0F2
:1033D0007CE03D4B1E9A1340049303971C9B029381
:1033E000069B079C0093019453460C9A494640461D
:1033F00000F086F8002E00D183E71E9B9B0671D556
:103400004525441C5346020049462800C0475A46F9
:10341000D317D2185A4005230593013E0496002382
:1034200003930A3302935B46DB0F019300925346EA
:10343000220049464046FFF76EFD0A9B002B00D153
:103440005FE7020047460C9E1D9D53E01C9B002B2E
:103450009DD00D9B002B9AD01C9B013B1C9396E7A3
:10346000002798E7FFFFEF7FFFFFEFFF01FCFFFF63
:103470000000F03FFB799F501344D33FB3C8608BEB
:10348000288AC63F0000F83F61436F63A787D23F99
:1034900071A379094F930A400000E03F1655B5BB70
:1034A000B16B0240EF39FAFE422EE63FFF03000007
:1034B00000002C4000002440000018402D431CEB6D
:1034C000E2361A3F80842E41FFF7FFFF069C079DDE
:1034D0002200290080200006844661440B000692E9
:1034E000079376E765258CE7541C53464946202010
:1034F000B8472200931BAB42F6D3100001E7C04649
:10350000F0B5DE4657464E464546E0B595B00690C6
:10351000079193469946209F1E9A1F9B1000190001
:1035200001F00BF8002831D101225242BF4B1E9806
:103530001F9900F0E7FF002837D101225242BC4B0F
:103540001E981F9900F0F4FF00283DD10022B94BCE
:103550001E981F9900F0ECFF002850D10022B64BB6
:103560001E981F9900F0CEFF002848D100220023AA
:103570001E981F9900F0C6FF002850D100239846DE
:10358000229B5B0500D4B6E0002458E0229B039305
:10359000219B029303230193A84B00934B465A4669
:1035A00007990698FFF7D8FB0EE1229B0393219B16
:1035B000029304230193A24B00934B465A4607996A
:1035C0000698FFF7C9FBFFE00423229A1A402299CC
:1035D0000B4210D09B4B002A0FD00422229903915A
:1035E00021990291019200934B465A4607990698F9
:1035F000FFF7B2FBE8E0944BEDE70322EEE7229BF6
:103600000493219B039302971E9B1F9C009301949C
:103610004B465A4607990698FFF762FDD4E01E9A7A
:103620001F9B0020002100F00AFF1E901F91012324
:103630009846A5E70CAB30221A55013F01341F2CE8
:1036400001D8092FF6D81E981F9900F0A1FF050098
:1036500000F086FF02000B001E981F9900F0EFFE9D
:103660007A4BFA009B181A685B680A920B9300F079
:103670000AFF0890099100F0AFFF060000F06CFF10
:1036800002000B000898099900F0D9FE08900991F2
:1036900000226F4B00F04CFF00282ED00136300086
:1036A00000F05AFF02000B000A980B9900F030FF5F
:1036B000002801D001350026002F2CD1280000F071
:1036C0004FFF02000B001E981F9900F0B8FE060085
:1036D0000F0000225E4B00F015FF002846D10022AB
:1036E0005B4B3000390000F023FF00283ED1EB0790
:1036F0003CD501353AE0062746E70022544B0898AE
:10370000099900F0FFFE0028D6D1002E01D0F30762
:10371000D2D50136D0E7AA461F2C11D8013F0A2185
:10372000300000F051FC651C30310CAB19550A21FA
:10373000300000F049FC092E0ED906002C00EBE702
:1037400055461F2C0CD87B1E002F09D00CAA302107
:1037500011551F000134F4E72B0055461C00F0E71B
:103760001F2C03D80CAB2E221A5501341F2C10D855
:103770000A21280000F000FC661C30310CAB195502
:103780000A21280000F0F8FB051E01D03400EDE707
:1037900034000323229A1340012B1CD01F2C06D87F
:1037A0004346002B32D00CAB2D221A550134229BFC
:1037B0000393219B029301940CAB00934B465A4612
:1037C00007990698FFF7C8FA15B0F0BCBB46B24699
:1037D000A946A046F0BD219B002B13D04346002BE9
:1037E00002D10C3313420FD0219B013B21931900CE
:1037F00003E00CAB30221A5501348C42CED21F2C80
:10380000F7D9CBE72199F8E72199F6E7229B5B07E7
:1038100004D50CAB2B221A550134C8E7229B1B0799
:10382000C5D50CAB20221A550134C0E7FFFFEFFFCE
:10383000FFFFEF7F65CDCD4165CDCDC1C4BC00108C
:10384000C8BC0010B8BC0010C0BC001060D600108E
:103850000000E03FF0B5DE4657464E464546E0B52F
:1038600093B08246884693461193002900D10DE318
:1038700000255646119B1878002800D109E3252819
:1038800009D06C1C5B462A004146B047119B0133AE
:1038900011932500EEE701331193002720E0012367
:1038A0001F4301321192012418E002231F43013209
:1038B0001192012412E004231F43013211920124CA
:1038C0000CE008231F4301321192012406E010236B
:1038D0001F4301321192012400E00024002C09D082
:1038E000119A1378203BD9B21029F6D88B00C84919
:1038F000CB589F46119B1A781300303BDBB2092B43
:1039000010D92A2A13D00B94119B1A782E2A1ED074
:10391000119A1378683BD9B2122959D88B00BD4946
:10392000CB589F4611A8FFF705FA0B90ECE71C9BBC
:103930001A1D1C921B68002B04DB0B93119B013397
:103940001193E1E7022217435B420B93F6E78022D3
:10395000D20017435A1C11925A781300303BDBB245
:10396000092B0BD92A2AD3D11C9B1A1D1C921C6827
:10397000002C08DB119B01331193C9E711A8FFF755
:10398000D9F90400C4E70024F4E780235B003B433B
:10399000511C119151786C2901D01F0018E0C023EF
:1039A0009B001F430232119212E080233B43511CC3
:1039B00011915178682901D01F0009E0C0231F43ED
:1039C0000232119204E080235B001F430132119206
:1039D000119B1878672818D8252800D24CE20300DC
:1039E000253BDAB2422A00D946E293008A4AD358EC
:1039F0009F4680239B001F4301321192E8E78023FA
:103A00005B001F4301321192E2E7782800D933E2CC
:103A1000692800D230E20200693AD2B20123934011
:103A20007E4A134211D11A0600D500E25B0500D48C
:103A300022E21C9B1A1D1C921B689A46002C00D087
:103A4000B2E10122524253468EE16F280ED006D8D1
:103A500058283DD0622804D102239C4608E07828EB
:103A600039D010239F43063B9C4601E008239C4627
:103A7000582833D0692803D0642801D00C229743FA
:103A80007A0501D50122974369282AD0642828D0D5
:103A9000BA0500D59FE0FA0500D5C1E07A0600D44A
:103AA000D3E01C9A111D1C911168FF220A40059752
:103AB0000B9B0493039463460293002301930092AB
:103AC0005B462A0041463000FFF725FA050027E053
:103AD00010239C46CCE710239C46C9E720221743BD
:103AE000C8E7BA0520D4FA0550D47A0666D51C9AE0
:103AF000111D1C911168FF220A40D0171118414076
:103B000005970B9B0493039463460293D20F019293
:103B100000915B462A0041463000FFF7FCF90500A2
:103B2000119B01331193A5E61C9A073207218A43A2
:103B3000110008311C91116853689946DB170C93EA
:103B40000D930C9A0D9B100048400E904A4653402E
:103B50000F930E980F990C9A0D9B801A99410E9015
:103B60000F9108970B9B07930694634604930023D9
:103B700005934B46DA0F0292009001915B462A00B2
:103B800041463000FFF725FA0500C9E71C9A111DD0
:103B90001C911268D0171118414005970B9B049394
:103BA000039463460293D20F019200915B462A0070
:103BB00041463000FFF7AFF90500B1E73A0605D5F9
:103BC0001C9A111D1C910023D25E96E71C9A111DB0
:103BD0001C91126891E71C9A073207218A43110051
:103BE00008311C9108970B9B079306946346049336
:103BF00000230593029353681268009201935B4679
:103C00002A0041463000FFF7E4F9050088E7C04686
:103C1000C0D4001004D5001050D500104190000011
:103C20001C9A111D1C9105970B9B049303946346EA
:103C3000029300230193136800935B462A004146D8
:103C40003000FFF768F905006AE73A0606D51C9AC6
:103C5000111D1C9112681204120C28E71C9A111DE8
:103C60001C91126823E7462819D01C9B07330722B2
:103C700093431A0008321C9204970B9A0392029401
:103C80001A685B68009201935B462A004146300047
:103C9000FFF736FC0500119B01331193EAE5202361
:103CA0001F43E2E7672801D0472802D180231B0188
:103CB0001F43452801D0472801D120231F431C9BC7
:103CC0000733072293431A0008321C9204970B9A79
:103CD000039202941A685B68009201935B462A0083
:103CE00041463000FFF7FCF90500119B01331193A9
:103CF000C0E502231A003A4091463B421DD0012400
:103D00001C9B1A1D1C926F1C18785B462A004146AA
:103D1000B0474B46002B14D1119B013311933D004A
:103D2000A8E5571C5B4641462020B04723003A00D7
:103D30005C1C9D42F5D81500E2E701232A000B9D8B
:103D4000F6E73A00B1460B9E06E0571C5B4641463B
:103D50002020C8472C003A00651CA642F5D8170061
:103D60004E46D9E701330A001978002902D0511EC6
:103D7000002AF7D152469B1A8022D2003900114006
:103D80008946174202D0A34200D923000222110023
:103D9000394010913A4209D02A00250057469A46E8
:103DA00033004E46994621E022004CE62A00454663
:103DB000A04606E0541C5B4629002020B0473B008B
:103DC00022005F1C0B999942F4D84446A8463B0058
:103DD000250057469A4633004E46994606E01D0098
:103DE0000137541C5B464146C847220038780028FA
:103DF00004D0002EF4D06B1E002DF0D115005346D8
:103E00004E46109A002A03D1119B0133119331E5DC
:103E10000B9F2A0006E0551C5B4641462020B04718
:103E200023002A005C1C9F42F5D81500ECE72123F3
:103E30003B431C9A111D1C9112680593082304939F
:103E40000394083302930023019300925B462A00F7
:103E500041463000FFF75FF80500119B01331193D5
:103E600008E56C1C5B462A0041462520B047119BA3
:103E7000013311932500FDE46C1C5B462A0041468A
:103E8000B047119B013311932500F3E40A4B9A4686
:103E9000EEE4B2465D450DD35B465A1E5B46414695
:103EA0000020D047280013B0F0BCBB46B246A9465C
:103EB000A046F0BD2A00F1E7252D00100CB430B566
:103EC00085B00A0008AC08CC0394054D00940100AD
:103ED0002800FFF7BFFC05B030BC08BC02B0184793
:103EE0001D2D001000B585B00290039101210448FA
:103EF000009313004A4202A9FFF7ACFC05B000BDD5
:103F0000272D001001480421014B1847A00D002067
:103F1000413F0010014B9B6818470000A00D002096
:103F200010B5010018231B8814221088984710BD73
:103F300010B5010018231B8816221088984710BD61
:103F4000F0B5C64600B507000E00002501239846CF
:103F500000E00135B5420AD2AC003C192068FFF7F9
:103F6000DFFF20600028F4D100239846F1E74046A7
:103F700080BCB846F0BD0000124A936F9B0815D272
:103F80009066D166002905D0FFE7FFE7FFE7516F94
:103F9000106F704704B580210906C21751400028F0
:103FA00000D0C84306F0C0FF002104BDF0B5146E78
:103FB000556E576F166FFFF7E3FF14665566576728
:103FC0001667F0BD000000D0114A936F9B0813D212
:103FD00010665166002905D0FFE7FFE7FFE7516F44
:103FE000106F704704B5002801D00020C04306F0D0
:103FF0009BFF002104BDC046F0B5146E556E576F8F
:10400000166FFFF7E5FF1466556657671667F0BD34
:10401000000000D094464A4A926F9208624601D24C
:1040200028E0C046F0B5464E346E756E776F366F39
:1040300000F020F89446424A1466556657671667A2
:104040006246F0BD94463E4A926F9208624601D2A3
:1040500054E0C046F0B53A4E346E756E776F366FE9
:1040600000F04CF89446364A146655665767166752
:104070006246F0BD002B24DB11D000293EDA00B5EA
:10408000C943404200D1013100F038F8C9434042F1
:1040900000D10131DB43524200D1013300BD002A7F
:1040A000EBD1002801D1002905D00020C90FC90794
:1040B00001D1C043410800B506F026FF00220023CD
:1040C00000BD00B500290ADBDB43524200D10133B9
:1040D00000F014F8C943404200D1013100BDC9438A
:1040E000404200D10131DB43524200D1013300F0A4
:1040F00005F8DB43524200D1013300BD002923D132
:10410000002B18D1002A0CD0BC460D4F38667A66B9
:1041100000210023FFE7FFE7FFE77A6F386F67466C
:104120007047002801D00748010000B506F0ECFEFA
:104130000022002300BD02000B0000200021704778
:10414000000000D0FFFFFFFF002B00D0BFE0130CEA
:1041500028D1002AE7D080B4114F39667A66FFE78C
:10416000FFE730B4040C7B6F396F1B0423433B66BD
:104170007A66FFE7FFE7FFE7C04684B27B6F3D6FDB
:104180001B0423433B667A66FFE7FFE7C046002334
:104190002C042D0C7A6F386F00196941B0BC704740
:1041A000000000D0F0B594460025140E01D1120293
:1041B0000835140F01D112010435940F01D192007A
:1041C0000235D40F01D152000135D40B0134254FF3
:1041D0007C66254C3C660E0C93B2FFE7FFE7FFE7D9
:1041E0003C6F6643360C7703BE467343DF0B5B04BC
:1041F000C01AB941130C7343DB18C91ACE086643C1
:10420000360CB64493B273431F0F1B01C01AB94159
:10421000130C73431F0B1B05C01AB941860D8F0287
:104220003E436643360C092D24DB520A7243801A42
:104230007703460A6643360C16235B1BDE40DF40DD
:10424000BF1964466643821B70460435063301007D
:10425000D940A840C01900D30131A24206D20023A0
:10426000F0BD0000000000D0FFFFFFFF121B013077
:10427000F3D3F1E709277F1BFE406446A2B27243E5
:10428000801A00D20139220C7243130C1204821AD4
:1042900099410B007046043513370100F940A840DE
:1042A000801900D30131002B02D1A2420AD2F0BD05
:1042B000013000D30131121BFAD2013BF8D1A242E6
:1042C00000D2F0BD013000D30131121BF7E7F0B589
:1042D0001C0C00D080E00CB400251C0A04D11B0289
:1042E000160E3343120208351C0B04D11B01160FA6
:1042F0003343120104359C0B04D19B00960F3343CA
:1043000092000235DC0B02D192185B4101351C0092
:10431000971864410134464F7C66464C3C660E0C4F
:10432000FFE7FFE7FFE7C0463C6F6643360C7703C5
:10433000BE4697B27743C01B00D20139C01B00D2E2
:1043400001399FB27743C91BC91B170C77437E0401
:10435000FF0B801BB941CE086643360C0C2D33DBB6
:10436000B644120B1F053A431B0B97B27743C01B91
:1043700000D201399FB27743C91B170C77433E0423
:104380003F0C801BB941860D8F023E4366432927AF
:104390007F1BFE400C3D7746AF40BF1930BCA2B238
:1043A000ABB272437343801A9941220C7243130CCF
:1043B0001204801A994102000B000137001BA94129
:1043C000F9D2781E0021F0BD0C277F1BFE407746F6
:1043D0007F0BAF40FF19E0E700245D1C07D0144FAE
:1043E0007D663966FFE7FFE7FFE7FFE73C6F95B2C1
:1043F0009EB265436643401BB141150C1E0C6543DC
:10440000664336042F0C3E432D04401BB1419942B4
:1044100004D202000B0020000021F0BD01D1904227
:10442000F7D3801A994101349942F2D3F6E700009C
:10443000000000D0FFFFFFFF48404140484018B453
:10444000134B5B68019308BD18B4114B1B680193B3
:1044500008BD94460F4A926F920805D2624618B47E
:104460000B4BDB68019308BD0A4AF0B5146E556E1C
:10447000576F166F6246FFF7F2FF064A14665566DD
:1044800057671667F0BD18B4014B9B68019308BDD0
:104490004C250020000000D0FFB550404240504065
:1044A00059404B40594000E0FFB5154F4C00640D9A
:1044B00003D0BC4204D10C0314D80020090D090517
:1044C0005C00640D03D0BC4204D11C030AD8002256
:1044D0001B0D1B0501264B4009D44B4003D58B42D5
:1044E00000D18242FFBD9942FCD19042FFBD0B43F7
:1044F000DB1803431343F5D0C9434918FFBD00003F
:10450000FF07000000B5FFF7CFFF804100BDC046A8
:1045100000B5FFF7C9FF01D9002000BD012000BD93
:1045200000B5FFF7B9FF01D9002000BD012000BD93
:1045300000B5FFF7B1FF804100BD012040054A00F2
:10454000121804D85A00121801D800207047012010
:1045500070470020704700000021002805D17047F7
:10456000C1174840401AFAD0C90713B5064B1B685B
:1045700098470CBC441CA2401005120B0349091BB0
:1045800009051943114310BD4C2600201F040000EB
:1045900010B54C00620D8023D218DB00D21A5B05E7
:1045A0007E2A10DD9E3A13DACC1709034908194315
:1045B0005242D140640001341532202A05DAD0403D
:1045C0000843604310BD002010BD0846604310BD85
:1045D000C80FC018013810BD18B4024B5B6A0193B4
:1045E00008BD00004C25002010B50148FEF778FBFF
:1045F000D0BC001070B513231C78012C12D0012CF4
:1046000012DC214B214A93642148FFF789FC214B9E
:10461000186070BD20491D4A9800815001331F2B3E
:10462000F8D9ECE70023FAE71C48FFF781FC050006
:104630001B48FFF77DFC023803789B007F2B09DDC8
:1046400012488022290000F01BF9022C08D0022C0D
:10465000DADCD6E7134B144A14483221FEF7A8FAE5
:10466000134B1A88B5231B029A4209D1114B1A88A1
:10467000114B9A4204D1114B1A88114B9A42E6D041
:104680000020FEF72DFBC046C54600104C2500203B
:104690004C3300004C260020E94500105344000034
:1046A00053460000E8BC0010B0D600103CBD00101E
:1046B00054380000D8380000494600009C380000FB
:1046C0005946000007B56046002800D100BE0188A9
:1046D0000A0A0230DF2AFAD1C9B2820804D302885A
:1046E00040880004104300E00068024A50500390E4
:1046F00007BD00004C25002051434343C9188C4698
:10470000110C83B24B4310B4040C614392B280B2DB
:10471000504362431C041B0C001910BC5941130484
:10472000120CC0185141614470470000484041409C
:1047300048400E4B5B6818470C4B1B6818470C4AE7
:10474000936F9B0802D2094BDB681847F0B5146ED3
:10475000556E576F166FFFF7F6FF054A14665566DC
:1047600057671667F0BD014B9B681847502600201D
:10477000000000D0491A002808D108467047000000
:10478000C10FC90700D54042002817D0F44603B432
:104790000B4B1B68984706BC81409E3840428031D5
:1047A00007D20B0607D04900490AC0051043084349
:1047B00060470130F8E7490A8902F5E770470000D1
:1047C0004C260020014B5B6A184700005026002051
:1047D00010B50148FEF784FAA8B1001070B5132394
:1047E0001E781848FFF7A4FB0500012E11D0012EFA
:1047F00009DDAB1E1B789B007F2B1DDD124880223C
:10480000290000F03DF81148FFF78AFB104B1860B3
:1048100070BD0D485422290000F032F8002300E05A
:1048200001331F2BE3D8084A9C00A258002AF7D175
:104830000849054AA150F3E7074B084A08484221B6
:10484000FEF7B6F953460000502600204C33000016
:104850004C260020D147001094BD0010C4D6001093
:10486000C8BD001001480421014B1847B00D0020BD
:10487000413F0010014B1B6818470000B00D00209D
:10488000014B5B6818470000B00D002010B5030015
:10489000080011001B68984710BD0000F8B507001C
:1048A0000D001600437D002B02D0002400200CE0F8
:1048B00003681100280098472DE03B7D10E03B681D
:1048C000154802219847601C0134B44214DA002CC8
:1048D000F3DD2B19013B1B780D3B5A425341DBB2F0
:1048E0002A5D0A2AF0D1002BEED1A042E7DA3B681C
:1048F000211A28189847E2E7B04203DA3B68311AD8
:1049000028189847002E06DDAD19013D2B780D3B88
:104910005A4253413B75F8BDFCD6001070B50500F6
:104920000368002B16D00C4B1C6805E0290004C955
:104930002000FFF7B3FF2469002C09D02368002B67
:10494000F9D0064B1B68002BF0D0A342F3D1EDE762
:1049500000232B6070BDC046D4200020DC20002046
:1049600070B505000C000B68802B05D023685A1C1D
:104970002260E418257170BD0800FFF7CFFFF5E74E
:1049800010B5002B02DB0260436010BD024B034AEE
:1049900003483F21FEF70CF9F8AF001000D70010D4
:1049A00014B0001010B582B00400FDF735FC020011
:1049B0000B006846FFF7E4FF009A019B22606360EA
:1049C000200002B010BD000070B582B006001400D7
:1049D0001D00FA229200002306980021FFF78CFEAA
:1049E00002000B0012196B41002B09DB6846FFF730
:1049F000C7FF009A019B32607360300002B070BD47
:104A000001225242004BF1E7FFFFFF7F30B585B036
:104A100004000D0002A8FFF7C5FF029A039B009552
:104A20002000FFF7D1FF200005B030BD00B583B0F6
:104A3000FA2189006846FFF7E9FF009A019B0248C6
:104A400006F09AFA03B000BD380E002010B50248F7
:104A500006F052FA10BDC046380E0020F0B5CE4622
:104A6000474680B583B006000D0090461C00FFF756
:104A7000DDFF81466B1C05D0002C08D0194F1A4B66
:104A80001C6807E0300006F0EDF90500F4E7174F69
:104A9000F5E72469002C17D02368002BF9D0144BBC
:104AA0001B68002B01D0A342F3D12A003100200063
:104AB000B8474346002BECD06B46D91D0A230B7038
:104AC00001222000B847E4E74B46002B07D16B1EBC
:104AD0009D41E8B203B0C0BCB946B046F0BDFFF797
:104AE000B5FFF4E78D480010D42000209D48001049
:104AF000DC200020094A01E010331A001368002B63
:104B000008D08342F8D1002907D10369136000233C
:104B1000036102E0002900D010607047D42000201B
:104B200010B5064B1C6801E098472469002C03D09F
:104B30006368002BF8D1F8E710BDC046D4200020F0
:104B400070B5050006F08EF9040000230122010073
:104B50002800FFF783FFFFF7E3FF200070BD000090
:104B600070B5A2B004000E00FFF760FF050000233F
:104B700001930A483300220001A9FFF7B3F90400AA
:104B800001A8FFF7CBFEFFF7CBFF002D02D12000DD
:104B900022B070BDFFF75AFFF9E7C0466149001027
:104BA0000FB400B583B004A901C90191FFF7D8FF84
:104BB00003B008BC04B0184710B500F0AFF910BD41
:104BC00070470000014B00221A7070478D270020AB
:104BD0004B79FF2B0CD18B79002B0BD1CB79012B8F
:104BE0000AD1082A0AD98A78054B1A70092000E0F0
:104BF000002070470020FCE70020FAE70020F8E7DB
:104C00008D2700200120704770B504000D00034877
:104C1000FFF786F90300290020009847554200005D
:104C200010B5012926D1117953791B020B43124982
:104C300009788B4201D000201DE05378012B03D06E
:104C4000022B10D0002016E09178D3781B02194374
:104C5000DB0506D54B0A012098407F231940FFF75A
:104C6000D3FF0020F9E7642200210020FDF762FF56
:104C7000012000E0012010BD8D27002001230370DA
:104C80000048704718D7001010B50A784B781B02FF
:104C900013438A7812041A43CB781B0613439622D7
:104CA000D200934200D010BD00210800FFF7ACFFF6
:104CB000024B1860024B19607047C0463415002043
:104CC0003815002010B5002B02DB0260436010BDD8
:104CD000024B034A03483F21FDF76AFFF8AF00107B
:104CE0004CD7001014B0001010B582B00400FDF7CE
:104CF00093FA02000B006846FFF7E4FF009A019B5D
:104D000022606360200002B010BD000070B582B068
:104D1000060014001D00FA229200002306980021CC
:104D2000FFF7EAFC02000B0012196B41002B09DBB4
:104D30006846FFF7C7FF009A019B3260736030003E
:104D400002B070BD01225242004BF1E7FFFFFF7F2E
:104D500030B585B004000D0002A8FFF7C5FF029A28
:104D6000039B00952000FFF7D1FF200005B030BD68
:104D700010B582B004000498059912184B41002B1D
:104D800009DB6846FFF79EFF009A019B2260636083
:104D9000200002B010BD01225242014BF1E7C04693
:104DA000FFFFFF7F10B5024B1878FCF747F910BDE5
:104DB0008E2700200268EFF3108172B61368002B73
:104DC000FCD0BFF35F8F41607047000070B50F4BA0
:104DD0001B68002B16D00D4C2000FFF7EBFF0C4B8F
:104DE00000221A7021686368BFF35F8F0A6083F343
:104DF000108800240025074B1878FCF71FF92000C5
:104E0000290070BDFA24A4000025F4E72425002021
:104E10008F2700208E270020F0B587B004001600F1
:104E20001D000EAB1F7804A8FFF75EFF049A059BD8
:104E30000096019504A8FFF79BFF049A059B029733
:104E40000D9901910C9900912000FCF7D7FF07B054
:104E5000F0BDF0B5C64600B584B005008846160022
:104E60001F000AAB1C78FCF7B3FF02940197009671
:104E70002A004346FFF7D0FF04B080BCB846F0BD1F
:104E800010B582B01948002106F05EF8002822D142
:104E9000174B1B68002B26D0154C2000FFF78AFF0C
:104EA000144A137801214B40DBB2012111702168B3
:104EB0006268BFF35F8F0020086082F31088002BC8
:104EC00011D00D4A012300930023FA208000002115
:104ED000FFF7BFFF07E001200021404201F094F8F6
:104EE000024806F009F802B010BDC0465427002061
:104EF000242500208F270020CD4D001010B5054B34
:104F00001868002804D0044B1968002200F0A6FDA0
:104F100010BDC046341500203815002010B582B0F1
:104F2000D0231B061C68FCF753FFFDF761F8A04275
:104F30002CD1234B1B7801F035FD2248FCF7BFFB39
:104F40000120FCF739FB204C20702049FF2318403A
:104F5000FCF796F820780121FCF768F80520FCF7AB
:104F60007DF8041E18D01A4900220520FCF7B2F87B
:104F7000FBF7ACFF0100174B1800FCF7BDFB164810
:104F80000121FFF7B7FD200002B010BD134B144AFA
:104F90001448B221FDF70CFE134A012300930023AD
:104FA000FA2080000021FFF754FFC443E40F0948B2
:104FB00008220021FFF75EFC002CE4D0DFE7C046AA
:104FC00038520410542700208E270020814E0010F4
:104FD000A54D001024250020C00D0020B4B4001001
:104FE0003CD700105CBE0010CD4D001010B5002065
:104FF00001F002FA10BD000030B583B004000D00CE
:10500000FFF7F4FF002830D0002001F011FA00284B
:105010002ED0FA2189006846FFF79AFE009A019B7C
:10502000164805F0A9FF002825D0FFF7DFFF00286C
:1050300004D0002001F0FCF900280CD1012000214F
:10504000404200F0E1FF032464420C4805F054FFA5
:10505000200003B030BD2A002100002001F0F4F947
:10506000041EF2D103246442EFE703246442EFE715
:1050700003246442ECE703246442E9E75427002058
:10508000F0B5C64600B582B080460D00FA21890011
:105090006846FFF75DFE009A019B2C4805F06CFF07
:1050A000002803D102B080BCB846F0BDFFF79EFFD8
:1050B000002849D1264B0020002118605960234860
:1050C00005F01AFFEEE701200021404200F09CFFAE
:1050D000002001F0CDF9FFF789FF0028EFD0002074
:1050E00001F03EFA002820D0AC42E8DA2E1B002066
:1050F00001F036FA0200864200DC3200002AE2D0DB
:1051000043461919002001F00FFA06000120002182
:10511000404200F079FF002001F0AAF9A419FDF740
:105120007BF80B4B18605960DEE7FDF775F8084B0C
:105130001E685F68074A002392197B419942BED8D6
:10514000D2D19042D0D9BAE70024CDE7542700202D
:10515000A00F002020A1070000487047D0D7001002
:10516000004870477CD7001010B50400154B1B7821
:10517000002B0ED0002C11D1134B144A5A8001235E
:1051800001335B009BB21048C0229200134303809E
:1051900010BD0C48112100F02DF8EBE7052C0ED8BE
:1051A0000B4BA400E4580023122BE9D8E15C002942
:1051B000E6D00133044A58008152DBB2F4E7002004
:1051C000E6E7C0466C270020AC2000200904000060
:1051D00064D7001010B5024800F03AF810BDC04680
:1051E0004425002010B502490822FFF749FB10BDF5
:1051F0004425002010B5002901D000230AE0104BFF
:10520000104A11481F31FDF7D3FC00220DE0373260
:10521000C25401334A1E9A420ED90F2B0CD85A0899
:105220000A4CA45CDA07F0D4042214410F22224075
:10523000092AECDC3032EBE7C0180023037010BD04
:10524000F0BE0010E4D70010F8BE00104425002086
:1052500030B589B0040004AD0D2200212800FFF70D
:1052600009FB0D2200216846FFF704FB4B232B703E
:105270000D226946280005F037FE002304E05A1D80
:1052800069468A5CE2540133072BF8DD09B030BD72
:1052900002007F201040D209400080184001014BDD
:1052A000C0187047E820002010B5038B3F333F2221
:1052B0009343022915D0124C2268C260D318236090
:1052C0009C0610D10F4C6240634080246401A342CD
:1052D0000FD88906114380231B060B4342681360D5
:1052E00010BD5B00E7E7084B084A09485421FDF769
:1052F0005FFC084B054A06485621FDF759FCC0469D
:105300000425002000001050B4C0001054D8001034
:10531000E4C0001048C10010F8B505000E001400EC
:10532000FFF7B6FF7F232B40EF0985707A427A4161
:1053300042700022C2700683C476012F0DD0DA00BD
:1053400012498C4662448260826800211160002B01
:1053500009D143600E4BC360F8BDDA000D498C469D
:1053600062448260F0E7012F09D0013BDB000A4A6A
:105370009446634443602100FFF796FFECE7013B4E
:10538000DB00064A944663444360F4E7840010500F
:1053900000011050800010500C00105008001050F8
:1053A00070B584B006000D0014000C22002101A885
:1053B000FFF760FA6B461E7103236A46537102952C
:1053C000210001A805F0D0FD04B070BD70B50C003F
:1053D0001500FFF75DFF2A00210000F00DF970BDF8
:1053E00010B5002804D101210520FBF71FFE10BDD8
:1053F000034B044AD52104484900FDF7D9FBC046B8
:1054000090C1001044D80010E4C0001010B500286E
:1054100005D1002200218020FFF7D8FF10BD034BEB
:10542000034ADB2103484900FDF7C2FB90C100108D
:1054300034D80010E4C00010024B80225202DA641B
:105440007047C0460020115070B5041E26D100F0F0
:10545000ADF8164D0C23AB671549FF220520FBF76D
:1054600039FE144840220021FFF704FA00224021AF
:105470000020FFF751FF002240218020FFF74CFF62
:1054800005F082FD01232B6480239B05EB649023B0
:10549000094AEA502000FFF7CFFF70BD074B084ACA
:1054A00086210848FF31FDF783FBC04600001150FC
:1054B00055060020E820002010D0010090C1001007
:1054C00068D80010E4C000100B785B0602D14B785E
:1054D000052B00D070478A78014B1A60FAE7C04666
:1054E0000000115010B50A0000280DD18878097904
:1054F00053791B020B435B05590DD2789207920F2B
:10550000FFF70AFF012010BD034B044AFC210448A9
:10551000FF31FDF74DFBC04690C1001024D80010AC
:10552000E4C0001010B505F02FFD10BD10B504004B
:10553000080011001A00002C03D1FFF747FF0120DB
:1055400010BD034B034A04480449FDF731FBC04634
:1055500090C1001014D80010E4C000100A0200002E
:1055600010B508004B0605D1CB09012B0AD0022249
:10557000054B9A66FFF78CFE80221201002105F090
:105580002BFD10BD0122F3E70020115010B50800DB
:105590004B0600D110BDFFF77BFE0023C370002235
:1055A000014905F019FDF5E7FFF7FFFF10B580236E
:1055B0005B040C4A13600C4A13600C4B9A688023FE
:1055C0005B049343F9D10A4C9C2200212000FFF791
:1055D00051F98022520100210648FFF74BF90923B7
:1055E000636710BD00E0004000F0004000C00040D4
:1055F000000011500000105070B504000D0016009E
:10560000837E002B17D1A6820023E3820133A37689
:105610002561200005F0D8FC002804D0094A902319
:1056200080218902D150200005F056FC002805D0C9
:105630000123237770BD05F0BFFCE4E7200005F0EF
:10564000ABFCF7E70020115070B5050000240CE01A
:1056500062001219D200184B1B689B18002B2AD02D
:105660005B68280098470134E4B2144B1B78A342CE
:1056700010D3134A002A0BD0A342E9D8E31ADBB2B5
:10568000002B18D15A00D318DB000E4A9B18E7E70D
:105690002300F5E70C4C532200212000FFF7EAF825
:1056A000E01C1022FF21FFF7E5F820001330202234
:1056B000FF21FFF7DFF870BDA80F0020842700202E
:1056C0007D4C001010D90010D01200200268EFF3BA
:1056D000108172B61368002BFCD0BFF35F8F41605E
:1056E000704710B5FFF7B0FF00F0E4FD10BD70B5D6
:1056F00005000C001600C86800F0E6FDE368320003
:1057000001212800984770BDF0B5DE4657464E4649
:10571000C0B582B000900139C8B2FFF721FD002862
:1057200000D18EE043789A46022B00D08BE0C579F9
:105730006C1101224A4B1440240119781026B14300
:1057400021431970AD112A405201C9B22024A1434E
:105750000A431A70070009378278C3781B02134383
:10576000C418A74266D27B780B2B09D001239B4635
:105770007B78042B6ED1E31B9BB29946002538E061
:10578000FB789B463B78FF18F2E76B005B19DB0068
:10579000344A1668F618002E3DD1002054E02B0044
:1057A00032E0B268304B9A4242D1D34640E02C49B5
:1057B000CB18DD700132D2B2934509D9BB789B1862
:1057C000DBB22749C918C978FF29F0D000203BE097
:1057D00026482B00019E3200390001F06FF9B446D3
:1057E0006744234B1B78AB42BBD200202CE0013531
:1057F000EDB21F4B1B78AB42F3D31E4A002ACED02A
:10580000AB42C2D8EB1ADBB2002B25D15E00F618F2
:10581000F600194BF618B3684A46390000989847C5
:1058200001900828E3D98145E1D35B46012BB8D02C
:105830000022C1E7114B002B10D000E000BF012077
:1058400002E0002000E0002002B0E0BCBB46B2460F
:10585000A946F0BD0020F7E70020F5E70120F3E7B7
:10586000D0120020A80F00207D660010E312002057
:10587000842700207D4C001010D90010000000008B
:1058800070B505000C00CB7888780F2B50D89A00A3
:105890002E498A589746FFF75FFC02001223210029
:1058A000280000F0D3FC44E0294B002B42D000E05C
:1058B00000BF021E40D08178C3781B020B43210039
:1058C000280000F0C3FC34E0022B09D0214B002B50
:1058D00034D000E000BF0200002A05D1002028E0FB
:1058E000FFF73EFC0200F7E79178D3781B020B43E9
:1058F0002100280000F0AAFC1BE02379617909024D
:105900001943FFF731FC021E1AD00378210028004A
:1059100000F09CFC0DE0104B002B13D000E000BF0A
:10592000021E11D003782100280000F08FFC00E057
:10593000002070BD0020FCE70020FAE70020F8E717
:105940000020F6E70020F4E70020F2E784D80010FA
:10595000000000000000000000000000024B58782A
:10596000431E9841C0B27047D0120020024B1878F5
:105970004007C00F7047C046D0120020034B187874
:10598000FF38431E9841C0B27047C046FC0D00204E
:1059900070B50400FFF7F2FF061E01D0300070BDA5
:1059A000244853220021FEF765FF234D2800FBF712
:1059B00086FE224B1D60224D2800FBF7A7FE143DFA
:1059C000280001F0CFFB1F4B1D601F4B002B04D0A4
:1059D0001E48FFF753F91E4B186000250BE06A00C4
:1059E0005219D2001A4B1B689B18002BD6D01B688B
:1059F00098470135EDB2154B1B78AB4210D3124AD4
:105A0000002A0BD0AB42EAD8EB1ADBB2002BC5D18F
:105A10005A00D318DB000F4A9B18E8E72B00F5E784
:105A20000D4B1C702000FFF70FFD2000FFF7D8FC86
:105A30000126B3E7D0120020881200202413002092
:105A4000F40D0020281300207D4C00108427002036
:105A5000A80F002010D90010FC0D0020F0B585B073
:105A600007000E00150001AC0C2200212000FEF7FB
:105A700001FF08236370029703962900200005F0B8
:105A800073FA05B0F0BD000070B50C00094B1D782D
:105A90008B7870221A4201D0002070BD064B997895
:105AA000200000F0CFFF0028F7D021002800FFF7EA
:105AB00019FDF2E7FC0D0020D0120020F8B5CE460B
:105AC000474680B581460C0017001E00089B98468B
:105AD000002504E0099A13702378E4180135AF42D9
:105AE00014DD6378052B16D1E1788907890FB1425F
:105AF00013D121004846FFF7C7FF002807D0A3783D
:105B0000DA09012AE6D042461370E5E70120C0BC5D
:105B1000B946B046F8BD0020F9E70020F7E70000DD
:105B200010B57F200840C909400040183030044BB0
:105B3000C0180330034B196800F040FF10BDC04689
:105B4000D01200202413002010B57F200840C9097E
:105B5000400040183030044BC0180330034B196824
:105B600000F054FF10BDC046D012002024130020C6
:105B7000F8B5CE46474680B5194800787F250D40D8
:105B8000CE09184C6F00E419A4193034E478E40706
:105B900004D50020C0BCB946B046F8BD114CE4198C
:105BA000A4193027B946A1444C46E4780127BC46E5
:105BB00067463C4327004C46E770FFF7B7FC0028D8
:105BC000E8D1084B6D005B199B193033DA7801215D
:105BD0008A43DA70DA7803318A43DA70DAE7C0464A
:105BE000FC0D0020D012002070B50F4B18787F24D8
:105BF0000C40CD090D4B62009B185B193033DB78EC
:105C00009B0700D570BDFFF7ABFC084B64001B1968
:105C10005B193033DA7802210A43DA70DA7801212D
:105C20000A43DA70EEE7C046FC0D0020D0120020D7
:105C300070B50F4B18787F240C40CD090D4B6200D6
:105C40009B185B193033DB789B0700D470BDFFF7DE
:105C50009DFC084B64001B195B193033DA78022174
:105C60008A43DA70DA7801398A43DA70EEE7C0469F
:105C7000FC0D0020D01200207F220A40C909044BED
:105C800052009B185B183033D8788007C00F7047DC
:105C9000D0120020F0B5C64600B582B005000C0059
:105CA000002000F011FB227860231340602B00D10C
:105CB0007FE1402B18D02278D206D20E012A00D1E3
:105CC000C5E0022A00D10BE1002A00D078E1202BA8
:105CD00017D0002B00D079E16378092B00D977E148
:105CE0009B00C24AD3589F46C14B002B00D165E1AF
:105CF000180000F0E9FA22000121280000E000BFAE
:105D000058E123790F2B00D95CE1BA4AD318DB782C
:105D1000B94A002A05D0B94A127893420ED39B1A89
:105D2000DBB2002B00D04FE15900C918C900B44BB9
:105D3000C91822002800FFF7DAFC3BE15A00D3180B
:105D4000DB00B04A1168C9180029F2D1002031E106
:105D5000200000F0BFFAA1782800FFF757FBA54A02
:105D6000137802210B431370012023E1A14B5B78D0
:105D70006A460632137001232100280000F066FAFB
:105D8000012017E1A6789B4B5B78DBB2B34205D0CC
:105D9000984B5B78002B09D1002E13D1954B5E7088
:105DA0002100280000F03EFA012003E12800FFF75F
:105DB000B9FB904FBB7898462800FFF745FC434657
:105DC000BB70E9E731002800FFF79EFC0028E5D111
:105DD000F0E021002800FFF753FDEBE0A278E37824
:105DE0001B021343012B01D00020E3E0814A13780A
:105DF00008210B4313702100280000F013FA012042
:105E0000D8E0A278E3781B021343012B01D00020D5
:105E1000D0E0784A137808218B43137021002800C2
:105E200000F000FA0120C5E0724B1A78510992087F
:105E300001230B4002210A4013436A4606321380B5
:105E400002232100280000F001FA0120B2E02379AA
:105E50000F2B00D9BEE0674AD318DB78664A002AC8
:105E600005D0664A1278934225D39B1ADBB2002BE9
:105E700000D0B1E05900C918C900614BC91822000F
:105E80002800FFF734FC002800D093E0237860223C
:105E90001A4200D08EE063780A3B012B00D989E0DA
:105EA00000F012FA63780A2B0FD02100280000F0CE
:105EB000B9F901207EE05A00D318DB00514A11687D
:105EC000C9180029DBD1002074E06B469A1D00231D
:105ED000137001332100280000F0B8F9012069E0B7
:105EE00021797F200840CE0970220A4200D075E057
:105EF000404A400012189219D27C3F48002805D031
:105F00003E480078824212D3121AD2B2002A15D12A
:105F10005600B618F6003A4AB618002B10D0002EDC
:105F20005ED0220031002800FFF7E1FB42E0500084
:105F30008218D20033480668B618EEE70026ECE770
:105F40006378012B10D0032B0ED0002B4AD12800F0
:105F5000FFF792FE6B469A1D108002232100280055
:105F600000F074F9012025E0A078E27812020243E3
:105F700004D1012B19D02800FFF736FE002E33D0B4
:105F8000220031002800FFF7B2FB002000F09CF94E
:105F9000184B34229B5CDB07D80F002B0AD1210061
:105FA000280000F03FF9012004E02800FFF740FE40
:105FB000E4E7002002B080BCB846F0BD0020F9E75D
:105FC0000020F7E70020F5E70020F3E70020F1E7E5
:105FD0000020EFE70020EDE70020EBE70020E9E7F5
:105FE0000020E7E70020E5E70120E3E7C4D8001040
:105FF00000000000D01200207D4C001084270020FB
:1060000010D90010A80F002030B585B000F0CFFCEB
:10601000002808D105B030BD01AC2078FFF761FB46
:106020002279594B9A70594B1C6820001430FFF7A5
:106030004DFB01A9200001F038F86269A369BFF3A4
:106040005F8F0021116083F310880028E2D001AB3C
:106050005B78082BE7D89B004D4AD3589F4601AB8D
:106060001878FFF73EFB4B4B002BDCD000E000BF65
:10607000D9E7454B1A78012401210A431A703322CB
:10608000995CA1439954995C04208143995401324D
:10609000995CA1439954995C8143995401AB187858
:1060A00002A9FFF7F7FD0028BDD101AC207800213F
:1060B000FFF756FA20788021FFF752FAB3E701ABD9
:1060C00019797F220A40CC092F4B50001B181B194D
:1060D0003033D8780125A843D870D8780335A84341
:1060E000D870002A1CD0284B52009B181B19DB7C4F
:1060F000294A002A05D0294A1278934217D39B1ABD
:10610000DBB2002B00D085E75A00D318DB00244A0D
:106110009B181C6901A84279039B0078A04782E77D
:1061200001A84279039B007800F0E2F87BE75A006F
:10613000D218D2001B4B1B689B18002BE9D169E7D2
:10614000114B1B78DB0700D46DE7174B002B00D1F8
:1061500069E70D4B18780007C00F00E000BF62E749
:10616000094B1B78DB0700D45DE7104B002B00D1F7
:1061700059E700E000BF56E7029B002B00D152E731
:10618000039898474FE7C046D012002028130020FC
:10619000ECD80010000000007D4C00108427002087
:1061A00010D90010A80F002000000000000000001F
:1061B00010B50023CB56002B05DB802100230022E5
:1061C000FFF7D6FC10BD0021F8E70000F8B5050088
:1061D000124B9F89DE89B91B89B20B1C402900D95B
:1061E00040239CB20D4B1B785BB2002B08DB0021D7
:1061F000B74211D00A4A23002800FFF7B9FCF8BDC6
:10620000B74201D18021F3E7044B9968044822008A
:10621000FEF736FB8021EBE70022ECE7741200204A
:106220009012002070B506000D00074C08222000D7
:10623000FEF726FB0023A360E381A3812900300041
:10624000FFF7B6FF70BDC04674120020F0B5C64619
:1062500000B580460C0016001D00154B08221F00DB
:106260001800FEF70DFBBE600023FB81A379E179E6
:10627000090219430B1CA94200D92B1C99B20C4AE4
:106280009381A279E3791B02134309D0002901D03D
:10629000002E0AD04046FFF799FF80BCB846F0BDFB
:1062A00021004046FFF784FFF7E70020F5E7C046EE
:1062B0007412002010B5034814220021FEF7DAFA08
:1062C00010BDC04674120020014B18617047C046D3
:1062D0007412002010B50100044C08222000FEF7C3
:1062E000CFFA0023A360E381A38110BD74120020C4
:1062F00070B505001C00C909294B1B78DB098B42CE
:1063000011D0002C47D1274B002B02D02449FFF796
:10631000DBF8234B1B69002B03D0214A0321280003
:106320009847012070BD1E4B1B785BB2002B07DB2A
:106330001B4B9868002830D01B492200FEF7A0FABA
:10634000174AD389A1B25B189BB2D381916809190E
:106350009160D288934201D03F2C18D8104B1B6912
:10636000002B05D00E4A022128009847002804D0AF
:106370000B492800FFF71CFFD4E700212800FFF796
:10638000EFF880212800FFF7EBF80120CAE728008A
:10639000FFF71CFFC6E70020C4E70020C2E7C046A5
:1063A00074120020C95400109012002070B504002F
:1063B00005001035280000F062FE3F2801D80020BB
:1063C00070BDE1780020FFF7ABFB0028F8D0280073
:1063D00000F055FE3F2808D992239B00E218E1788F
:1063E00040230020FFF7C4FBEAE7E1780020FFF735
:1063F000ABFB0020E4E7000010B50400FFF7AEFAA5
:10640000002801D1002010BDFFF7B0FA002809D103
:10641000064BB222920062439B181B79DB0703D51F
:106420000130F0E70020EEE70020ECE7AC0F0020A1
:1064300010B5B2239B00434310330248181800F0F4
:10644000EEFD10BDAC0F002070B5B2239B00584389
:10645000064BC51892B21030C01800F047FE040079
:106460002800FFF7A3FF200070BDC046AC0F00203E
:1064700070B50500FFF772FA002804D10023002B45
:1064800009D1002070BDFFF771FA002801D1012366
:10649000F5E70023F3E7B224A4006C432034214B3A
:1064A000E4180434200000F0BAFD002801D10020D7
:1064B000E8E71C4BB22292006A439B1899780020AF
:1064C000FFF72EFB002801D10020DBE7B226B60043
:1064D0006E43A2239B009C466644124BF618402252
:1064E0003100200000F002FE041E0ED00D4BB2223F
:1064F00092006A439B189978030032000020FFF74E
:1065000037FB00280CD02000BCE7064BB2229200DB
:106510006A439B1899780020FFF716FB0020B1E72B
:106520000020AFE7AC0F002070B50500B224A40036
:1065300044432034094BE418043492B2200000F0A4
:106540000CFE0600200000F06AFD3F2801D8300054
:1065500070BD2800FFF78CFFF9E7C046AC0F0020A4
:1065600010B5B2239B0058432030034BC0180430B1
:1065700000F085FD10BDC046AC0F0020F0B5CE4642
:10658000474680B583B02A48B22292000021FEF728
:1065900071F90027002F04D003B0C0BCB946B04643
:1065A000F0BD234EB224A4007C433519FF236B7148
:1065B000002398461F4AEA8001222A81AB72EB72BF
:1065C00008232B73210038318919F83399462000AC
:1065D000103080194346009301334A4600F0E1FC35
:1065E00021003931FF318919200020308019043011
:1065F000012300934A4600F0D4FC8E239B00E3184D
:106600009946B1444846FBF75AF84346EB614B467E
:106610002B6290239B009C466444A4192000FBF746
:106620004EF82C6343466B630137FFB2B2E7C046B6
:10663000AC0F002000C2FFFF70B50025002D00D078
:1066400070BDB224A4006C430B4EA019052200219A
:10665000FEF710F920001030801900F083FD20347F
:10666000A4190434200000F07DFD0121200000F079
:1066700098FD0135EDB2E1E7AC0F0020F0B583B035
:1066800004004B79022B4ED18B79022B4FD1002382
:10669000002B01D0002547E02848B225AD005D431E
:1066A00040198078002802D00133DBB2F0E7234B99
:1066B000EE188B7833700F78CF19092503E03B78FB
:1066C0005D19ADB2FF187B78242B01D19542F6D924
:1066D000052B09D07B78042B02D17B790A2B10D0B3
:1066E0003000FFF763FE1FE039002000FFF7CCF910
:1066F00000281ED0BB7873703B785D19ADB2FF18CF
:10670000E8E739784D19ADB27918B31C0193F31C41
:106710000093022302222000FFF7D0F900280AD0BC
:106720000E35ADB2DCE70025280003B0F0BD002532
:10673000FAE70025F8E70025F6E7C046AC0F002091
:10674000F8B51400127860231340202B00D07FE0AE
:10675000444A0025002D00D07CE016782779637923
:106760001B023B439E4206D00135EDB2B2239B0093
:106770009C466244EEE76378222B31D009D8202B67
:1067800011D0212B03D1012923D0012061E0002069
:106790005FE0232B05D1012949D003294CD00120EA
:1067A00057E0002055E0012903D0032908D001203B
:1067B0004FE0063207232100FFF748FD012048E0A3
:1067C000294B002B48D0911D2800FEF75DFA0120CF
:1067D0003FE0063207232100FFF738FD012038E0B3
:1067E000012903D0032906D0012032E02100FFF760
:1067F00019FD01202DE0A178E3781B020B43012055
:10680000190001400E005C08044013714B425941CD
:10681000C9B22432100000F0C4FC144B002B1DD070
:1068200022003100280000E000BF012011E021001B
:10683000FFF7F8FC01200CE00D4B002B10D0A378E3
:10684000E17809021943280000E000BF012000E0C0
:106850000020F8BD0020FCE70120FAE70120F8E75E
:106860000120F6E7AC0F0020894C0010000000006A
:1068700000000000F0B5D64600B582B001900F00D0
:1068800000930024002C0ED0002C00D07CE0EB788C
:10689000BB4216D0AB78BB424DD00124200002B0E1
:1068A00080BCBA46F0BDB225AD006543394BED184A
:1068B000EB78BB42E8D0AB78BB42E5D00134E4B220
:1068C000E0E710239A46AA4492239B00E9186B46FE
:1068D0001A88504600F041FC2F4B002B1BD06B79DF
:1068E000FF2B18D0002600E00136009B9E4212D2FA
:1068F0006A79AB19922189008C4663441B789A42CD
:10690000F2D1504600F0A0FB0028EDD169792000BB
:1069100000E000BFE8E7214B002B04D0504600F018
:1069200093FB002803D02800FFF740FDB2E72000CA
:10693000FEF7E4FAF7E71A4B002B02D0200000E044
:1069400000BF2000FFF794FD002801D00124A5E737
:106950002800243000F063FB002817D1009B002B97
:1069600016D09E0601D0012498E7A9780198FFF778
:10697000D7F8041E01D1012490E7A9780023002252
:106980000198FFF7F5F889E7002487E7012485E7F8
:10699000012483E7AC0F002000000000FD4E001032
:1069A0000000000010B50020FEF7F2FF10BD10B58A
:1069B000FEF7E4FF002800D0012010BD70B50400F0
:1069C0000D000378DB07D80F002B1DD123785B0760
:1069D000DE0F002B19DB01214942280004F0BCFA2C
:1069E0002378DB07DA0F002B07D123785B0709D464
:1069F00023780422134323700126280004F07CFA34
:106A0000300002E01600F8E7002070BD70B5060007
:106A10000C0001214942200004F09EFA33785B0704
:106A2000DD0F002B04DB200004F066FA280070BDA7
:106A30003378DB0704D43378042293433370F2E7CE
:106A40000025F0E7027943791B0213435B055B0DD8
:106A5000C2789207920F022A0DD0032A17D0012A7A
:106A60001FD1022904D0144A9A421CD3012019E0F4
:106A70008022D200F8E7022903D0402B17D801204A
:106A800010E08022920093420FD101200AE00229F7
:106A900004D040229A420CD3012003E08022D2008D
:106AA000F8E7002070470020FCE70020FAE700200C
:106AB000F8E70020F6E7C046FF03000030B58A186B
:106AC00001E00C78091991420AD24C78052CF8D1D2
:106AD0008D787A342C4064000419ED096355F0E791
:106AE00030BD03008A1890B2814202D85A00904209
:106AF00003DB5B009BB2C01A80B2704770B5050023
:106B00000800AC889A420BD3D11A89B200291ED052
:106B10008C4210D2944209D8121B93B26B810AE0C6
:106B2000D11A89B26600891989B2EFE7A21893B227
:106B3000F4E71B1B9BB29C42FBD92968EA885204EC
:106B4000520C5343C918FDF79BFE012070BD002075
:106B5000FCE770B582B00500160093080CE00A78D7
:106B60004B781B0213438C7824041C43CB781B0600
:106B700023432B6004310300581E80B2002BEED15A
:106B8000033332001A401E4201D102B070BD00230F
:106B9000019301A8FDF774FE019B2B60F5E7F0B5AA
:106BA000DE4657464E464546E0B583B005008A4668
:106BB0000CA909788488E01A80B21C1B1419A4B2AD
:106BC000EF887F047E0C07007743BFB27443A4B202
:106BD000A3462C68A04673439844002908D0012995
:106BE0001AD003B0F0BCBB46B246A946A046F0BDE1
:106BF000904205D3724341465046FDF741FEF0E70F
:106C00003A0041465046FDF73BFE296838005044A3
:106C10005A46FDF735FEE4E7904206D3724392B23E
:106C200041465046FFF795FFDBE703233A009A43BE
:106C3000914641465046FFF78CFF42464A440323A3
:106C4000380018401F4230D004231B1A9BB2191C75
:106C50005B4500D95946CFB2FF230B405946CC1AA9
:106C6000A3B29B460023019301AB04E01078187097
:106C7000013308000132411EC9B20028F6D129684B
:106C800004E0087818700133170001317A1ED2B27F
:106C9000002FF6D1019B524613605B46002BA0D01B
:106CA0005A465046FFF755FF9BE72968F5E7F0B5D0
:106CB000C64600B582B01E0008AB1B8809AC277819
:106CC00084889E420FD3F51AADB2002D1FD0AC427E
:106CD00005D2B44210D8331B9BB2438125009542A4
:106CE0000FD315000DE0F51AADB2A8466500AC460D
:106CF00045466544ADB2E8E7A619B3B2EDE71B1B04
:106D00009BB29C42FBD900972A00FFF748FF28005E
:106D100002B080BCB846F0BDF0B583B004000D00F1
:106D200016001F000069002803D00121494204F029
:106D300013F923899BB262890197009232002900DE
:106D40002000FFF7B4FF0500618989B2A0882A00FE
:106D5000FFF7C7FE60812069002801D004F0CCF85D
:106D6000280003B0F0BD70B582B01600950809E0A8
:106D70000B6803701D0A45701D0C85701B0EC370D7
:106D8000043025006C1EA4B2002DF1D10323320083
:106D90001A401E4201D102B070BD0B68019301A9D7
:106DA000FDF76EFDF7E7F0B5DE4657464E46454621
:106DB000E0B583B005008A460CA90878AC88E11AD2
:106DC00089B21C1B1419A4B2EF887F047E0C0F003B
:106DD0007743BFB27443A4B2A3462C68A046734362
:106DE0009844002808D001281AD003B0F0BCBB4654
:106DF000B246A946A046F0BD914205D37243514622
:106E00004046FDF73DFDF0E73A0051464046FDF7AC
:106E100037FD2868390051445A46FDF731FDE4E753
:106E2000914206D3724392B251464046FFF79BFF10
:106E3000DBE703233A009A43914651464046FFF769
:106E400092FF42464A440323380018401F422ED086
:106E500004231B1A9BB2191C5B4500D95946CFB2BB
:106E6000FF230B405946CC1AA3B29B4653461B68DE
:106E7000019301AB04E0187810700133080001326F
:106E8000411EC9B20028F6D1286804E019780170C3
:106E90000133170001307A1ED2B2002FF6D15B46C3
:106EA000002BA2D05A465146FFF75DFF9DE72868A8
:106EB000F5E7F0B585B006000391151E029300D1E9
:106EC0006DE0C068002803D00121494204F044F875
:106ED0003489A4B2718989B2F379DB091AD1B388F4
:106EE0008C420FD3611A89B28B4211D95B1A9BB2C3
:106EF0002F1C9D4200D91F1CBFB2002F47D0B28863
:106F0000230035E0611A89B25A00891889B2EBE78B
:106F10000023EDE7B788AF420ED8029B002B21D1AA
:106F2000ED1BF3885B045B0C6B43039A94469C4413
:106F3000634603930C00E0E78C420DD3631A9BB2C7
:106F40005B197A0093420FDB7A1B92B23800FFF78D
:106F5000C8FD04002F00D0E7631A9BB27A009B188B
:106F60009BB2EDE70C00C8E72F00C6E79B1A9BB267
:106F70009A42FBD9029A00923A0003993000FFF737
:106F800012FFB0883A002100FFF7ABFD3081F068B6
:106F9000002801D003F0B0FF380005B0F0BD1700A5
:106FA000FAE7F0B583B00400019116001D0008ABAC
:106FB0001F7880231B029A422DD8C068002803D076
:106FC0000121494203F0C8FF2069002803D00121B4
:106FD000494203F0C1FF019B2360A6806D046B0C46
:106FE000E588ED0BED031D43E580FB01E2797F278A
:106FF00017401F43E771002363812381E068002865
:1070000001D003F079FF2069002806D003F074FF57
:10701000012003B0F0BD0020FBE70120F9E78188E3
:1070200003899BB2428992B2934207D39B1A9BB2C7
:10703000081C994200D9181C80B270479B1A9BB259
:107040004A009B189BB2F3E703894089181A434210
:107050005841C0B27047818803899BB2428992B27D
:10706000934206D39B1A9BB200208B424041C0B290
:1070700070479B1A9BB24A009B189BB2F4E7828828
:1070800003899BB2418989B28B4206D35B1A9BB2BA
:107090009A4208D9D01A80B270475B1A9BB251004D
:1070A0005B189BB2F4E70020F6E770B504000D0012
:1070B0000069002803D00121494203F04DFF2289D5
:1070C00092B263899BB229002000FFF717FD0500EB
:1070D000618989B2A0882A00FFF703FD60812069D9
:1070E000002801D003F008FF280070BD10B5002370
:1070F000FFF712FE10BDF8B504000E00C0680028AE
:1071000003D00121494203F027FF2589ADB22000B9
:10711000FFF7A1FF002802D0E779FF0916D0A28867
:107120002B0001E09B1A9BB29A42FBD92068E288AF
:107130005204520C5343C0183100FDF7A1FBA08844
:1071400001222900FFF7CDFC20810127E0680028FB
:1071500001D003F0D1FE3800F8BD10B50023FFF7D1
:10716000A8FE10BD10B50400C068002803D001219E
:10717000494203F0F1FE2069002803D00121494271
:1071800003F0EAFE002363812381E068002801D038
:1071900003F0B2FE2069002801D003F0ADFE01200B
:1071A00010BD70B504000D00C068002803D0012197
:1071B000494203F0D1FE2069002803D00121494251
:1071C00003F0CAFEED01E3797F2119402943E17103
:1071D000E068002801D003F08FFE2069002801D06C
:1071E00003F08AFE012070BDF0B5DE4657464E46DC
:1071F0004546E0B585B00700100098460EAB1B78F9
:1072000003930F9D109E3B680022DA663B6859602D
:107210003B680132DA660022002399460024C34607
:107220004146029190462BE03A79002A31D0012262
:107230002FE00399002901D000212EE001212CE04C
:107240003000A84703000443E4B2002B06D13A689B
:10725000526BD20602D4002DF2D1F6E7002B09D1F1
:107260003A6880215158894600291FD1002C2FD11E
:10727000C2451ED0002C33D101229446E04401982F
:10728000D8452DDA029A013A92464246002ACBD0DE
:1072900000229202C245CCD0002149020A43411C7F
:1072A00001910078396802430A61D4E7526D0124E4
:1072B0000EE0039A002ADDD10AE03000A84703005F
:1072C0000443E4B2002B06D13A68526B920502D413
:1072D000002DF2D1F6E7002BCCD13A68126EC9E747
:1072E0004246002C09D0002B11D14B46002B12D066
:1072F000DB0714D44B461B0715D5039B3B711000CD
:1073000005B0F0BCBB46B246A946A046F0BD01237D
:107310005B421A00F1E702235B421A00EDE7022309
:107320005B421A00E9E702235B421A00E5E7F0B589
:10733000DE4657464E464546E0B583B005009246C8
:10734000180001930CAB1A7893460D9E0E9F2B6884
:107350000022DA662B6859602B680132DA668146B2
:10736000002398460024C8453FDA019A541E2A6833
:10737000516F1029FBD0414600290BD0002080021C
:1073800044450ED0002149020843802149000143B1
:10739000116118E02979002901D10020EFE70120CF
:1073A000EDE75946002901D00021ECE70121EAE789
:1073B0003800B04703000443E4B2002C15D12A681A
:1073C000916F002909D12A6880215158546D621E9D
:1073D0009441E4B2002EEBD1EFE7126951460A70F6
:1073E00001229446E044E244BDE7002C04D0002B87
:1073F0000CD001235B4298465B462B71404603B09C
:10740000F0BCBB46B246A946A046F0BD02235B4293
:107410009846F1E7F0B5D6464F464646C0B505005A
:107420000C000520FBF7A2FA060060088019210075
:10743000FCF7CAFD070043009946814405214846F0
:10744000FCF7C2FD80463B1A9A46284B9C4224D842
:10745000700080192649FCF7B7FD441C4346023BE7
:10746000A34221D32B680022DA6629680B68043214
:10747000534002321A4080235B010B431A602B6891
:107480005246DA612B6842461A624B464F2B11D99D
:1074900050214846FCF798FD0DE070008019154911
:1074A000FCF792FD441CD9E7134B144A14485D21A4
:1074B000FBF77EFB01202A68A023D0502B681A001E
:1074C0007C32DB6F5C402404240C80235B0113437B
:1074D0001C602B680122DA6639003000FCF774FD6D
:1074E000E0BCBA46B146A846F0BDC0463F420F00D8
:1074F0008096980040787D0190C2001028D9001035
:10750000B0C2001010B5114B98421DD01022104B84
:107510001A60104B1A60104B9B6814009C43231E8A
:10752000F9D104710268D46602686624FF341460DD
:107530000268D3630268936302688833633CFF3C4C
:10754000D450FFF767FF10BD0822E0E7080E0020C7
:1075500000E0004000F0004000C0004030B585B0C1
:1075600008AC25780024029401940095FFF73CFEB6
:1075700005B030BD30B585B008AC25780024029444
:1075800001940095FFF7D3FE05B030BD10B504009F
:1075900010220021FDF76EF980235B022360F8239F
:1075A0005B0263608023DB02A360C0231B03A36034
:1075B000200010BD0523CB56002B01DB934211D1D7
:1075C000094B9C46604443425841084B8000C058D8
:1075D000097901238B40013B9340184043425841B5
:1075E000C0B270470020FCE70000D0AFEC130020D1
:1075F00070B50A79202A19D8174B9C46604443423B
:107600005841164B8000C45801239340013B4979EF
:1076100049B2002910DB08002025AA1A914218DC83
:107620008B401C4201D00120404270BD0C4B0D4AE2
:107630000D484021FBF7BCFA2020801A002805DB0A
:107640001A0082401442F0D00138F7E7012040428E
:10765000EBE701204042E8E70000D0AFEC13002048
:10766000FCC2001050D9001028C3001070B50500EE
:107670000C001600FFF79EFF002801D0002108E053
:107680001648FBF72DFB9A198B1912339B005A51A0
:10769000013123798B4211D9227863781B0213437D
:1076A000A27812041A43E3781B0613434A009B5A3C
:1076B000802292019342E6D31A00E5E701229A4024
:1076C0001300013B064A944665446A425541054908
:1076D000AD006A58B34013436B5070BD74C30010C3
:1076E0000000D0AFEC13002010B5054B9C46604461
:1076F00043425841800041180248F9F7B7FB10BDDA
:107700000000D0AF8B27002010B582B00A4B9C46FA
:107710006044434258418400E31C0848084A0092F0
:107720002200F9F77AFB844202DC001B02B010BD94
:1077300001204042FAE7C0460000D0AF8B2700206E
:1077400088C3001070B504000E00F9F737FB050080
:1077500031002000FFF74CFF441C631E9C41E4B243
:107760002800F9F737FB200070BD0000F8B50500D0
:107770000E00F9F723FB070031002800FFF738FF60
:10778000041E09DB020031002800FFF76FFF3800FC
:10779000F9F720FB2000F8BD0148FBF7A1FAC0462D
:1077A00074C3001070B504000B7901259D40013DA4
:1077B0009540F9F703FB0C4BE3185A4253410B4A2F
:1077C00099008A5829001140A94206D107499B0017
:1077D000AA435A50F9F7FEFA70BD054B054A064810
:1077E0008A21FBF7E5F9C0460000D0AFEC1300207A
:1077F000ACC300103CD9001028C30010F0B5D64629
:107800004F464646C0B507000E0090461D004B008F
:107810005A18D20082181100DC3109688A46CC322D
:10782000126891469B19DB00C833C3180433C02289
:1078300092011343802292021A6017E02800FCF79D
:1078400069FB42018023DB0413437400A419E400A4
:107850003C192200DC3213604346C34001221A4027
:107860000C4B1343D83423606B1E1D40002DE5D113
:1078700072009319DB00FB18DC3351461960921932
:10788000D200BF18CC374B463B60E0BCBA46B1468D
:10789000A846F0BD80E00000F0B5C64600B506ACD5
:1078A00025784C006618F60086193700DC373F68EB
:1078B000BC46CC363668B0466418E400C8340419B7
:1078C0000434C026B60134438026B6022660002D5B
:1078D00001D01F2614E0002612E05401A0256D05FA
:1078E00025434C006418E40004192700DC373D6090
:1078F000114D3543D8342560053B05321F24224005
:10790000052BEAD89B06520113434C006218D200A3
:1079100082181500DC352B60074B3343D8321360D7
:1079200063462B606418E4000019CC3043460360C2
:1079300080BCB846F0BDC04680E0000070B584B0A1
:1079400004000D00160002680121A9408A4302606C
:10795000002B34D0186869004919C90061180A0061
:10796000C8321060586804321060986804321060A1
:10797000DB68DC310B606A005319DB00D033E3189D
:10798000802149010B438021090619601960164BBB
:10799000AB40A3602B1D01210800984080239B0170
:1079A0002343186028000830814019601F233340AA
:1079B0005219D200A418D834236004B070BD6846B0
:1079C000FFF7E4FD00996B005B19DB00E3181A0078
:1079D000C8321160019904321160029904321160B9
:1079E000039ADC331A60C6E7010101010288802393
:1079F0005B019A4219D20223C356013BDBB20B2B27
:107A000015D80323C356013BDBB21E2B11D80379D3
:107A1000062B10D84379172B0FD883793B2B0ED820
:107A2000C3793B2B0DD8012000E0002070470020D7
:107A3000FCE70020FAE70020F8E70020F6E7002046
:107A4000F4E70020F2E70000024BDB685B0801204E
:107A50001840704700C0054010B50920FAF786FFAE
:107A6000002813D080231B020E4A13600E4A1360B5
:107A70000E4B9A6880231B029343F9D1013880236F
:107A80005B02984208D20A4B186010BD094B0A4AA3
:107A90000A481921FBF78CF8094B074A07482421AB
:107AA000FBF786F800E0004000F0004000C0004016
:107AB00000C00540FCC3001070D900100CC40010B9
:107AC00058C4001010B50400FFF790FF002829D01B
:107AD000154B0022DA60FFF7B7FF0028FBD1002228
:107AE000A35E1B030222A256120213430322A256D4
:107AF00013430D4A53600423E3561B0605216156C8
:107B000009040B430621615609020B430721615604
:107B10000B4393601023D3600F3BD360FFF794FFB8
:107B20000028FBD010BDC04600C0054070B5040061
:107B3000FFF78AFF00281CD00E4AD36992691D0EF8
:107B40000721294021711D0C1F210D4065711E0A5E
:107B50003F252E40A6715BB21D40E571130B1B053E
:107B60001B0D2380150A0F232B40A37052B2114026
:107B7000E17070BD00C00540014B18607047C04601
:107B80000C14002010B50A00024B0100180002F08E
:107B9000A5FA10BD7C150020014B18687047C0463F
:107BA0000C14002000B583B0684602F07DFF044845
:107BB000694602F07FFF002800D0014803B000BDF5
:107BC000580E002010B5FFF7E7FF040002F0AEFCEE
:107BD000054B9C4200D010BD23685B6B200098478A
:107BE0000020FFF7C9FFF6E7580E002010B5FFF799
:107BF000D3FF041E06D0200002F07CFC002808D031
:107C0000002010BDFFF7CEFF041E07D0FFF7B4FF22
:107C1000F1E7FFF7D7FF02204042F2E7022040429F
:107C2000EFE710B5040010220021FCF723FE8023AB
:107C30005B022360F8235B0263608023DB02A360A6
:107C4000C0231B03A360200010BD000070B504001A
:107C50000D00FFF7E6FF6A1D636809490B40ED015F
:107C60002B43120313436360E268D200D2088021E1
:107C700089050A43E260034A13406360200070BD37
:107C80007F00FEFFFFFFFF9F002805D0D0231B06CB
:107C9000802292045A617047D0231B0680229204EE
:107CA0009A61F8E710B50C2906D80368054A134015
:107CB000C9020B43036010BD034B044A0448C321AF
:107CC000FAF776FFFF87FFFF78C40010D0D90010C5
:107CD00098C4001000B583B0010000230193103355
:107CE0000193134B019301A8FFF7DCFF019B0C22CA
:107CF000190091430A0008210A4301920D4A1A40D3
:107D00000A4301920C4A1A400A4301920B4A1A4054
:107D10001143019109210A430192094A1A400A4379
:107D20000192084818400843019003B000BDC046C6
:107D300010801F0033F8FFFF33F8BFFF33F89FFFB9
:107D400033F81FFF31F81FFF10B53F2906D803682D
:107D5000054A1340C9030B43036010BD034B044A9B
:107D60000448B521FAF724FFFF7FE0FFF4C40010B8
:107D7000B8D9001098C4001010B5094BC458217927
:107D80001820F8F741FF21791D20F8F73DFF012267
:107D900000211D20F8F750FF0020FFF775FF10BDF0
:107DA0004C08000010B504000520FAF7DFFD000CB8
:107DB00060430349FCF708F90338FDD210BDC04603
:107DC0009A3B000010B50120FFF75EFF6420FFF72B
:107DD000E9FF10BD70B50500194BC458002C17D031
:107DE0000623E356002B08DB0522A256531C10D1B4
:107DF000062161562068FFF777FC072020560028EF
:107E00000CDA08202056002811DA0D4B0022EA5027
:107E100070BD0C492068FFF7C5FCE9E702F092F954
:107E20000720205602F072F9FF23E371E9E702F020
:107E300089F90820205602F069F9FF232372E4E74C
:107E40004C08000010DA0010F0B5DE4657464E46EA
:107E50004546E0B589B0050006AA714B11CB11C2A9
:107E600070497148FFF76EFC002800D1BAE0012389
:107E70006E4AAA58002A00D0BCE06D4C6B4AAC5048
:107E8000990006AA88582060FF222272E271063308
:107E900023710021FFF738FC40B2A071002800DAFE
:107EA000AEE06049624C2068FFF760FC41B261714E
:107EB00002A8FFF7CBFE8021890202915D4802688B
:107EC000302393435C4A1360036801208246984341
:107ED0001060059B594A1A40594802430592594A75
:107EE0001A401043C022120302430592564A1A4018
:107EF00056481043564A02430592F822D2011340D5
:107F0000544A1A4380239B0513430593039A524B0B
:107F10001A4094460392514B9B4605930498504B4C
:107F2000034080225202134304934E4B18400243F5
:107F30000A4304922168383180239B010B4380213E
:107F400049041960206806216156029B98464B003F
:107F50005B18DB00C318C826B14699444E46474615
:107F60003760CC26B0469844464667463760D026F0
:107F7000B4469C4466463260DC335A461A60534627
:107F800000931D22FFF788FC21791820F8F73CFEAA
:107F9000012200211820F8F74FFE01211820F8F7E0
:107FA00065FE2368062161564A005218D2009B18CC
:107FB000D8332D4A1A60002002F0B2F8E071002098
:107FC00002F0AEF840B220720723E356002B1DDB0F
:107FD00000281BDB002009B0F0BCBB46B246A94616
:107FE000A046F0BD0F492148FFF7ACFB002813D095
:107FF00000233DE71E4B1F4A1F486621FAF7D8FDB4
:108000002800FFF7E7FE06204042E4E72800FFF7DC
:10801000E1FE06204042DEE706204042DBE7C046A4
:1080200024DA001010DA0010000030504C08000074
:108030002815002078C0014078D00140E0FF0FFCF7
:1080400018001000E07F00FC007C00E018001C001D
:108050000003000418031C04FFFFFF9F18771C2473
:10806000FFFF0AFEFFFF00C001E0000000002050FB
:1080700008C5001000DA001018C50010F0B5DE4683
:1080800057464E464546E0B587B00F0015001E0026
:10809000002900D152E1C04BC458FFF76DFE002EFD
:1080A00000D195E1002F00D14EE1AB0700D058E19F
:1080B000B846BF0700D05AE1B30700D05DE1109B7E
:1080C0009B0700D05FE122680621615613680127F3
:1080D000380088408343136021680623E3569C469A
:1080E0000523E35603935A1D9246624650008218B8
:1080F000D2008A18CC321368A84A13401A00039B96
:10810000DB0113435246120313436044C0000918B5
:10811000CC310B602268062161564B005B18DB00F6
:10812000D033D21880235B011343802212061A60D9
:108130001A60062161568022520420681300FFF75E
:108140005DFB22680623E3560433390099408023FF
:108150009B011A43116021680622A256083238009A
:1081600090400B43186021680623E356EA00013A69
:1081700004339B005A502368062161564A00521866
:10818000D2009B18D833864A1A6021680623E3562A
:10819000109A521BD200013A04339B005A502368B4
:1081A000062161564A005218D2009B18D8337D4AE6
:1081B0001A602368062020560522A2561F2111406E
:1081C00042001218D2009B18D83319600722A25619
:1081D0003B009340A020C005734943509301A02168
:1081E000C9058C466344DB68DB01F7D4082161567E
:1081F00001238B4060466C4A83508B01A022D2053C
:1082000094466344DA6880235B0417001F401A42D7
:10821000F3D107202056FFF75DFD04908023DB0398
:1082200003430493226806216156604B9A4200D1B1
:10823000AFE00823C91804A8FFF786FD0723E3561B
:1082400021680622A256043292008A18A9088A469A
:108250009B01A021C9058C466344414619605A60C0
:1082600052469A60049ADA6008202056FFF732FDE1
:1082700005908023DB0303430593226806216156A2
:1082800004314A4B9A4200D00827C91905A8FFF7C4
:108290005BFD059B202219001143059110218B43A2
:1082A000134305930823E35672192068062161568B
:1082B0000831890041181098870850463F1A9B01E1
:1082C000A020C0058446634419605A609F60059AE7
:1082D000DA602268062020561168012383400B4390
:1082E00013600722A2569101A023DB059C4661443E
:1082F0000B69DB01F7D40822A2569101A023DB050C
:108300009C4661440B69DB01F7D42A000021300050
:10831000FCF7B0FA2368062161564A005218D200D1
:108320009B18D833224A1A60FFF74CFD002007B093
:10833000F0BCBB46B246A946A046F0BD002B00D01B
:10834000A9E605204042F2E7002D04D0109B9D4293
:1083500001D23700A9E6174B174A1848EB21FAF764
:1083600027FC174B144A1548F121FAF721FC154B4D
:10837000114A1248F221FAF71BFC134B0E4A0F4820
:10838000F321FAF715FC114B0B4A0C48F421FAF7CC
:108390000FFC3B004EE7C0464C0800007F00FEFF8C
:1083A00020600000406000004404000000002050F5
:1083B00003A0000078C50010ECD9001018C500100B
:1083C0009CC50010B0C50010C8C50010E0C5001065
:1083D000002F9FD0BA46BF0700D0E3E0AB0700D024
:1083E000E7E02268062161561368012738008840BB
:1083F0008343136023689B46062020560526A65714
:10840000731C9C4641000B18DB005B44CC331B689B
:1084100098466B4B42461A401300F60133436646BA
:10842000360333430918C9000A005A44CC3213609A
:108430002268062161564B005B18DB00D033D2184E
:1084400080235B011343802212061A601A60062102
:1084500061568022520420681300FFF7CFF922688A
:108460000623E35604333900994080239B011A43C5
:10847000116021680622A2560832380090400B4352
:10848000186021680623E356EA00013A04339B0092
:108490005A502368062161564A005218D2009B1890
:1084A000D833484A1A6022680623E35604339B00F7
:1084B000002199502368062161564A005218D200C3
:1084C0009B18D833404A1A6023680620205605229C
:1084D000A2561F21114042001218D2009B18D83317
:1084E0001960072020568740A022D205374BD7506D
:1084F0008301A022D20594466344DA6880235B049A
:1085000017001F401A42F3D107202056FFF7E2FB65
:1085100005908023DB0303430593226806216156FF
:108520002B4B9A4200D00827C91905A8FFF70CFC6D
:108530000723E35621680622A256043292008A18C5
:10854000AD089B01A021C9058C46634451461960C2
:108550005A609D60059ADA600622A25618320123FD
:10856000190091400A0021688A6020680625655735
:108570000168AB400B43036023689B681A42FBD041
:108580002168062020560B680122824093430B602D
:108590000621615620680023009301331822FFF75B
:1085A0007BF9B7E60B4B0C4A8F210C484900FAF7D0
:1085B000FFFA0B4B084A20210848FF31FAF7F8FA76
:1085C0007F00FEFF206000004060000044040000C7
:1085D00000002050B0C50010ECD9001018C50010E4
:1085E0009CC5001030B589B001291CD000240907B2
:1085F0008025ED052943D2020D4D2A400A4313433D
:10860000029323000833009302AB04220021FFF7FA
:1086100035FD002805D1002C07D005239B0002AAB8
:10862000985809B030BD1024E1E70123F6E7C046B1
:1086300000F8FF0F30B585B00D07C02424062C4389
:10864000D2020E4D2A402243089C224302920393F9
:10865000012907D000230093082202A9FFF70EFD8D
:1086600005B030BD06490824445008394250054A37
:1086700083508268044BC250ECE7C04600F8FF0FFD
:1086800058080000540800005C08000010B51720CE
:10869000F8F77EFBD024240680231B0463620022AB
:1086A00001211720F8F7C8FA1820F8F771FB80238A
:1086B0005B046362A3611920F8F76AFB80239B04C3
:1086C0006362636110BD70B5D024240680252D043B
:1086D000A5611420F9F721FD6561FA20F9F71DFD68
:1086E0001820F8F755FB80235B04A36270BD0000DF
:1086F00070B584B005000E0014000822002102A805
:10870000FCF7B8F8012E18D036078023DB05334379
:10871000E2020D490A401343042213435BBA029359
:108720000823009302AB00212800FFF7A7FC0028D4
:1087300001D1039840BA04B070BD044B044A8421AF
:108740000448FF31FAF734FA00F8FF0FF4C50010BF
:10875000A4D9001018C5001010B50423FFF742FF7C
:1087600010BD10B50223FFF73DFF10BD10B501236A
:10877000FFF738FF10BD000010B584B00C07C02112
:1087800009062143D202084C22400A4304210A432D
:1087900052BA02925BBA039300230093082202A903
:1087A000FFF76CFC04B010BD00F8FF0F10B582B0ED
:1087B00004240094FFF73EFF02B010BD10B582B054
:1087C00002240094FFF736FF02B010BD10B582B04E
:1087D00001240094FFF72EFF02B010BDF0B5CE4685
:1087E000474680B583B00C0091461D00012943D057
:1087F0000027EB1C03218B435E1EFF21C9008E4224
:1088000045D2060028360A998E4205D004D82A4A55
:1088100081180A9A914241D8002F46D0002124079E
:10882000A0468024E405A446444662461443A44678
:108830004A46D202214C2240644622432A43043154
:10884000890041180C1D4A60FF1804370097230067
:1088500004220021FFF712FC071E28D10A9B9E422A
:1088600004D02A0031001800FCF70AF8380003B0E1
:10887000C0BCB946B046F0BD402B01D81027B8E7C0
:108880000F4B104AE8211048FF31FAF791F90F4BCE
:108890000C4AF5210C484900FAF78AF90C4B094AB1
:1088A000EC210948FF31FAF783F90421B7E70948B9
:1088B0003900FCF775F9D9E72808000000F8FF0F28
:1088C00010C6001090D9001018C5001050C6001036
:1088D00078C60010DCC60010F0B5D646474680B515
:1088E00083B005000F0090469A46012933D05346C5
:1088F000DE1C03239E43721EFF23DB009A4232D20A
:10890000022F37D0280028300A9B984247D00A9B74
:10891000984204D82F4BEB180A9A934254D83F0739
:10892000C0231B063B434246D2022B490A40134355
:10893000524613436B620A99FBF7A2FF29002431C8
:10894000321D002300932800FFF798FB03B0C0BC42
:10895000BA46B046F0BD402BC9D9204B204A214829
:108960002149FAF725F9214B1D4A81211D4889002B
:10897000FAF71EF9FA24A4002300013C002B06DDBF
:10898000082200212800FFF7E7FE8006F4D5002C1E
:10899000B8DC1748FCF7D4F806204042D6E73F077A
:1089A000C0231B063B434246D2020B490A401343F5
:1089B00052461A436A6229002431321D0023009373
:1089C0002800FFF75BFBC1E70A4B054A05480A4947
:1089D000FAF7EEF82808000000F8FF0F10C60010A4
:1089E0007CD9001018C500100202000050C600100B
:1089F00020CC0010F8C600101E020000012805D08F
:108A0000022801D0002070470148FCE70148FAE73E
:108A10000040101800301018F8B507000C001600C0
:108A20001D000B884988C9430904090C8B422FD1CA
:108A30000B2B33D9817B227A914235D1237ABB73B8
:108A400062790F231340022B06D8627A7B7BD31AFC
:108A5000DBB2142B00D87A7320880C2828D06279D6
:108A60000F231340012B4CD0022B33D0002B73D19A
:108A70001B2823D9E379E3185A8911003A8A8A42DC
:108A800022D110331C1B041B34602B60002068E0D3
:108A90003748FCF755F80220404262E03548FCF7C1
:108AA0004FF8032040425CE03348FCF779F8C5E713
:108AB0003248FCF745F80420404252E03048FCF7C9
:108AC0003FF8052040424CE02E48FCF769F80620AC
:108AD000404246E010280ED9E379E3189A78D97815
:108AE000890004315B181C1B001BD407044334604D
:108AF0002B60022035E02448FCF722F80720404292
:108B00002FE010281CD9E379E318DA7892000432B8
:108B10009B181C1B001B1A7B882A23D15A7B6C2AAA
:108B200023D1DA7C002A11D11A7D102A0ED15A7D68
:108B3000182A0BD11838306018332B60012010E050
:108B40001248FBF7FDFF082040420AE01048FBF7FF
:108B5000F7FF0A20404204E00E48FBF7F1FF0B202C
:108B60004042F8BD09204042FBE709204042F8E7B7
:108B700044C700105CC7001078C70010A0C70010E1
:108B8000C0C70010E4C700100CC800102CC80010AB
:108B90004CC800105CC80010F8B5CE46474680B5FA
:108BA0000700B023C35AB42286589919026C914227
:108BB00007D804003C34E418A619002399469846C7
:108BC00006E001235B4283602DE0A0460235641974
:108BD000B44212D222786578AB1CE318B342F5D8C0
:108BE000302AF2D0DD2AF1D1A01C1149D93A02F085
:108BF00083F80028EAD1A146E8E74346002B00D0DD
:108C000004234A46002A01D0022213434C22BA5AB6
:108C1000D20601D5012213438421785AFF22024053
:108C20007A528822BB54C0BCB946B046F8BDC04693
:108C3000544D0410F8B58E1E033080080A0033002E
:108C400006E0148855882D042C4310C304320138E3
:108C50000028F6D1881E0B885BBA0B8043681A0E79
:108C6000190AFF273F0239400A431902FF252D0444
:108C700029400A431B061A4342608368190E1C0AE6
:108C80003C4021431C022C4021431B0619438160B8
:108C9000C468230E9C46230A3B4067463B43270299
:108CA0003D402B4324062343C360452A01D03000B6
:108CB000F8BD0829FBD13000FFF76EFFF7E7000091
:108CC000F8B5CE46474680B505008946002916D13D
:108CD000002426001E4F23003A0001212800FFF740
:108CE00075FD23003A0001212800FFF76FFD4B4678
:108CF000002B06D003239846032700240FE001240D
:108D0000E7E7012398460027F7E7012001F090FCF0
:108D100033000F4A01212800FFF758FD01343F2C92
:108D20000DDC0B4A01212800FFF720FD0028ECDBB9
:108D300043460340BB42E8D1FF28E6D003E00548A4
:108D40004946FBF72DFFC0BCB946B046F8BDC0464A
:108D50001F0001006CC8001010B501235940C9B2B2
:108D6000FFF7AEFF10BD000010B5012906D1012BA1
:108D70000BD0042B0CD1FFF7EFFC10BD084B094AB8
:108D8000922109484900F9F713FFFFF7EFFCF4E7D8
:108D9000064B044A942104484900F9F709FFC046EC
:108DA00090C8001084DA0010ACC80010F8C8001099
:108DB00010B5012907D1012B0CD0042B0ED1029B39
:108DC000FFF7F4FC10BD094B094A972109484900F7
:108DD000F9F7EEFE029BFFF7F9FCF3E7064B044AB6
:108DE000992104484900F9F7E3FEC04690C80010F5
:108DF00074DA0010ACC80010F8C8001030B583B0A9
:108E00000500CC0BE4038368A34211D063408022A9
:108E1000520493420ED2AB686340FF221204134205
:108E200010D1AB686340FF221202134213D1AC6031
:108E300003B030BD230E009301230B4A0121FFF73D
:108E4000B7FFE8E7230C00930123084A012128001B
:108E5000FFF7AEFFE5E7230A00930123044A01214F
:108E60002800FFF7A5FFE2E70C0001000B0001005E
:108E70000A00010070B505000C001600FFF7BEFFE8
:108E80006404640C80221202224333000121280072
:108E9000FFF76AFF0400C02149052800FFF7AEFF75
:108EA000200070BD70B504000800FFF7A7FD802307
:108EB0001B01C518012229002000FFF7DBFF01225A
:108EC00029002000FFF7D6FFC00701D5002070BDA4
:108ED0000248FBF735FE06204042F8E704C90010BF
:108EE00070B505000800FFF789FD04008123DB0051
:108EF000C11801222800FFF7BDFF03230340012B07
:108F000009D180231B01E11801222800FFF7B2FFDD
:108F1000C00704D470BD0448FBF712FEF1E7024815
:108F2000FBF70EFEF6E7C04620C90010F0B583B08F
:108F300005000C0016001F00FFF760FF6404640CBE
:108F40008022120222430097330001212800FFF7FC
:108F50002FFFC02149052800FFF750FF03B0F0BDE7
:108F6000F8B504000D001600FFF79CFF2800FFF77E
:108F700045FD05008123DB00C718002E26D02323E2
:108F8000012239002000FFF7D1FF01223900200023
:108F9000FFF770FF80231B01E91800230122200046
:108FA000FFF7C4FF012001F043FB002E10D0212366
:108FB000012239002000FFF7B9FF0122390020000B
:108FC000FFF758FF012001F033FBF8BD0323D7E77B
:108FD0000123EDE7F0B5DE4657464E464546E0B57F
:108FE00085B08146039114009B461300FF33FF2296
:108FF000934398465B46002B2FD140230293039B5B
:10900000002B4AD15B46002B2FD10E9B9C4664441B
:10901000484BE518C8239B001F00103FEA181100B9
:1090200012390978113A167836020E43FA225200A4
:10903000964234D2EB18133B1B78002B2FD15024CF
:10904000A64221DD381B033828183B49092201F0CC
:10905000CFFE00281AD00134F2E780252D013748D1
:109060002900FBF79DFD0295C9E7661E760A4D466D
:1090700028350E9B991901390222280001F088FA3F
:10908000013E7302E31AC7E701246442631C06D061
:109090003F1B033FE819FBF753FD002425E0284858
:1090A000FBF74EFD062040423DE0029E039BE11887
:1090B0004D046D0CAA1980231B029A421ED8484603
:1090C000FFF79CFE5B46002B1FD10E9B9A46A244E5
:1090D000802212022A43534600933300012148465E
:1090E000FFF7FAFB00281ED13C0044451AD2029B30
:1090F0001F194745D9D943461E1BD7E7114B124AC2
:10910000AA211248FF31F9F753FD28234B449A4610
:10911000610A0E9B9C466144029B5A0A504601F02C
:1091200037FAD5E7002005B0F0BCBB46B246A946E9
:10913000A046F0BDE0FCFFFF6CC9001034C9001070
:1091400078C90010A0C900105CDA0010ACC800108B
:1091500001600023836003730122427383730382DF
:1091600000228274C274014A835070474C08000088
:1091700010B5FEF72FFE10BD10B50400002909D070
:10918000837C002B00D110BD002383740121FFF7E5
:10919000E3FDF8E700F0C6FEA37C002BF3D100212D
:1091A0002000FFF7D9FD0123A374ECE7F0B585B0EB
:1091B000070003911600C37C002B05D1006800F066
:1091C000A9FE002800D189E000213800FFF7D4FF74
:1091D000FB7C002B0ED000240020FA239B009C4235
:1091E0002CDA082200213800FFF7B6FA431C25D1FB
:1091F0000134F2E7042200213800FFF7B2FA04003C
:1092000085B2394B1B88AB4204D00104090C86237C
:10921000034208D1002D0AD1334B1D80A406DAD4B5
:109220000120404236E03148FBF7BAFCF2E72B0060
:10923000042200213800FFF7C1FAEDE7431C50D0AB
:10924000C30538D5430A5B055B0D591EC022D20009
:10925000914221D280071FD43C0028340094002280
:1092600002213800FFF7BAFA002813D1398D0029FE
:1092700002D17B8D002B23D00123FB747A8D080053
:1092800050401B4B984223D13300039A21003800F1
:10929000FFF7C2FB05B0F0BD16481900FBF780FCD4
:1092A0000123154A01213800FFF790FA0023FB74CF
:1092B00001204042EEE70023FB7401204042E9E731
:1092C0000E48FBF73DFC0023FB7401204042E1E720
:1092D0000B48FBF765FC01204042DBE701204042E0
:1092E000D8E701204042D5E780270020E8C90010D8
:1092F000FFFF000014CA00100D00010034CA001066
:1093000050CA001010B582B0040007E0009801991F
:10931000FFF790FC0100200000F00AFE01AA694658
:109320002000FFF743FF0100030009330B2B0CD88B
:109330009B00094AD3589F46009AD10F019B5200C7
:109340005208206801F08DF9E8E70448FBF728FC93
:10935000E4E702B010BDC0462CDA00107CCA001051
:10936000F0B5D646474680B587B005008A460392D9
:109370001E00002901D0022966D100212800FFF734
:10938000FBFEAB7B002B27D16A7B2B7B9A4223D041
:10939000039B0C339AB23280D24372802A7B3271A3
:1093A000524672710022B2715246022A4AD00C22F1
:1093B000F271002232727272B272F2722A7B013240
:1093C0002A730096002202212800FFF785FA07B0D1
:1093D000C0BCBA46B046F0BD1D4B9B6A98461D4FB7
:1093E000474411E004980599FFF724FC0100280088
:1093F00000F09EFD16E04346E41A174B9C4219D834
:10940000FA20800001F000F9114B9C6AE21B134B1B
:109410009A4200D9270005AA04A92800FFF7C6FE32
:109420000128DFD0A97B0029E5D16A7B2B7B9A42FA
:10943000E1D0ADE72A7B6B7B0948FBF7B1FB01204C
:109440004042C4E70C32B3E705204042BFE7C046C4
:10945000004005406079FEFF40420F009F860100FA
:1094600098CA001070B505001E0018001C3080233B
:109470001B0198421ED82C8A0134A4B22C822404E9
:109480000C43059B1B031C436A6333041B0CAB6337
:10949000EC6300232B642800443032000499FBF76E
:1094A000EFF92B0028333200103200212800FFF79B
:1094B00057FF70BD05204042FBE70000F0B5CE46E7
:1094C000474680B585B00500884691461F000D9B34
:1094D00001930C9B00933B00FFF7C4FF234B9E6A54
:1094E00014E0029ABA4200D93A0003990C9801F0AC
:1094F00027FC34E002980399FFF79CFB0100280049
:1095000000F016FDFA20800001F07EF8174B9C6AEF
:10951000A41B174B9C421AD803AA02A92800FFF7E4
:1095200045FE041EDDD00128E4D0022806D0002824
:10953000E8DB10482100FBF733FBE3E7029AD10F89
:10954000039B52005208286801F08BF8DAE70A48BA
:109550003B004A464146FBF723FB012464422000BE
:1095600005B0C0BCB946B046F0BDC046004005409D
:109570003F420F00BCCA0010E8CA001030B583B0EB
:1095800014004D004A0802212940069D01950093D0
:109590002300FFF793FF03B030BD0000F0B5DE46B7
:1095A00057464E464546E0B583B005008A4690468C
:1095B00044239946814400262AE02B4F8023DB0078
:1095C0009B46B344C3452AD28024E400274908229D
:1095D0004846FBF755F94C23EF5202330222EA5278
:1095E0002C6500276F652800583031005144220057
:1095F000FBF746F923001B330722934301320197FF
:1096000049460091FF3202212800FFF757FF5E46CE
:1096100046450AD2002ED0D080277F01CEE7042312
:109620001F43BFB243469C1BD0E711491322484653
:10963000FBF726F98322002301934B460093132363
:10964000520000212800FFF739FF6B6C002B06D178
:1096500003B0F0BCBB46B246A946A046F0BD0548E3
:10966000FBF76EFAF4E7C046021000005C4D0410F0
:10967000684D041010CB0010F0B5D6464F46464654
:10968000C0B582B007008A46140099464423984624
:109690008044080001F0E6FB0600451C2A00514604
:1096A0004046FBF7EDF845442C70230A6B70230C01
:1096B000AB70240EEC70731D08224946019141469F
:1096C0000091FF3202213800FFF7F8FE02B0E0BC43
:1096D000BA46B146A846F0BDF0B5CE46474680B57D
:1096E00083B00500884616009946070044370800F5
:1096F00001F0B8FB441C38193200494601F020FB48
:10970000220041463800FBF7BBF8A31908220A994A
:1097100001910097FF3202212800FFF7CFFE03B02E
:10972000C0BCB946B046F0BD70B582B00400443448
:1097300044254255160A01354655160C0135465545
:10974000120E013542550193009404230A000221B0
:10975000FFF7B4FE02B070BDF0B5D6464F464646A0
:10976000C0B582B080468A4615001C00442343449D
:109770009946080001F076FB0600471C3A00514666
:109780004846FBF77DF84F443D702B0A7B702B0C4D
:10979000BB702D0EFD70731D4B441C70220A5A7055
:1097A000220C9A70240EDC703300093308220A99C7
:1097B000019149460091FF3202214046FFF77EFEAB
:1097C00002B0E0BCBA46B146A846F0BD70B582B062
:1097D00004000D00060044360C4914223000FBF74B
:1097E0004FF8832200230193009614335200002186
:1097F0002000FFF763FE041E02D0200002B070BDFF
:10980000062231002800FBF73BF8F6E7904D0410E4
:10981000F0B5C64600B586B005000E00B94B9B6A90
:109820004360FEF711FB041E12D1FEF72FFFFEF777
:109830004AFF092C4ADC142200212800FEF758FFB9
:10984000B14B984208D0012000F0F2FE0134F0E75D
:10985000AE48FBF775F93CE0AD4B00220021280033
:10986000FEF78AFF002834D1002200212800FEF7ED
:1098700073FF10231D2200212800FEF7A7FF0028F8
:1098800027D19923042200212800FEF79FFF0028FA
:109890001FD1BE23062200212800FEF78FFF071EDE
:1098A00017D108239B4A01212800FEF78FFF3C00B7
:1098B000092C6BDC974A01212800FEF757FF400670
:1098C00011D4012000F0B4FE0134F1E79248FBF717
:1098D00037F99248FBF734F906277F42380006B083
:1098E00080BCB846F0BD00238A4A01212800FEF75B
:1098F0006DFF002201212800FFF7D4FA0022022187
:109900002800FFF7CFFA002202212800FFF728FBEA
:109910000323042282492800FFF708FB00230422C6
:1099200080492800FFF702FB7F4B984600930023F5
:109930007E4A00212800FFF74DFBC0227C4B00939C
:10994000002392007B492800FFF744FB7A4B042256
:109950007A492800FFF7EAFA002201212800FFF7E0
:10996000FFFA01212800FFF7BBFA3C00FA239B0015
:109970009C422EDA674A01212800FEF7F7FE000616
:109980000AD4012000F054FE0134EFE76C48FBF7E5
:10999000D7F806277F42A1E7F0230422694928006F
:1099A000FFF7C4FA2023684A01212800FEF70EFFC2
:1099B0003C00FA239B009C4271DA08220021280017
:1099C000FEF7CAFE80060AD4012000F031FE013401
:1099D000EFE75E48FBF7B4F806277F427EE75C4C72
:1099E000220001212800FEF7C1FEC3B20222134368
:1099F000DBB2220001212800FEF7E8FE0823F02256
:109A000000212800FEF7E2FE0223424A012128003D
:109A1000FEF7DCFE4F4A01212800FEF7A7FEC3B285
:109A2000C00742D54C4C0F23220001212800FEF72D
:109A3000CDFE0023220001212800FEF7C7FE2200F0
:109A400001212800FEF792FE042200212800FEF7E3
:109A500088FE83B2C00731D400212800FFF78CFBB9
:109A6000DB2189024144F62292002800FFF796FD8F
:109A70003A49002300222800FFF7FEFD3849002361
:109A800001222800FFF7F8FD002E1DD035490023E4
:109A90000093330006222800FFF71EFE1EE732481F
:109AA000FBF74EF806277F4218E701221343DBB28B
:109AB000284A01212800FEF789FEB3E7042200218D
:109AC0002800FEF77BFEC7E7284B1A0054325B6D77
:109AD0000293928802AB9A8004A92800FFF776FED1
:109AE000041E06D1062202A904A801F005F90028E7
:109AF00005D104A9002000F04FFD04AEC6E7270001
:109B0000ECE6C04600400540ADBEEDFE7CCB00104B
:109B1000B30402000E00010098CB0010B4CB00107B
:109B2000104000184440001894DA0010BE6B030087
:109B30006C4A0410FCFC0700C0003FFFFCFF07005C
:109B4000D4CB0010242000180800010000CC001025
:109B50001E0001001F0001000F00010028CB0010B3
:109B600034CB001030CC001018CC0010544D041031
:109B700010B500230422A521FFF7D6FD10BD00007B
:109B800000B583B0054BC318002201920093242333
:109B90001A320221FFF792FC03B000BD2808000032
:109BA00010B582B0130002290CD801228A40002B84
:109BB00000D01300054900240094FFF7CDFD0020DC
:109BC00002B010BD01204042FAE7C04640CC001070
:109BD00010B5006800F09EF9013843425841C0B208
:109BE00010BD10B5002905D0FA2292000023FAF723
:109BF00029FA03E0FA218900FAF7E6F910BD00001E
:109C000010B5002B02DB0260436010BD024B034A1B
:109C100003483F21F8F7CCFFF8AF00109C4E04102A
:109C200014B0001010B582B000F0E4FC214B1B68AA
:109C3000002B19D02048FFF7CBFF002816D11E4B70
:109C40001E4A9B5C002B15D11B4B1D4A9B5C002BB5
:109C500019D1194B1B4A9B5C002B1BD11A4B1B685B
:109C6000002B22D000F00CFC02B010BD1248FFF710
:109C700049FBE4E710480023835400930022692144
:109C8000FFF77CFCE0E70C4813000022C254FFF70A
:109C90006FFFDEE7084C13000022E2542000FFF7BC
:109CA0006FFF0A4B0122E250D8E703480121FFF77A
:109CB00063FAD7E7741500207C15002079080000AE
:109CC0007B0800007A080000781500206C0800006E
:109CD00010B582B00400F8F79FFA02000B00684646
:109CE000FFF78EFF009A019B22606360200002B0A4
:109CF00010BD00B583B06846FFF7EAFF00980199F0
:109D0000FFF76FFF03B000BD10B50400FFF7F1FFD0
:109D1000010062880D4B1800FAF742FF616858296C
:109D200009D80B4B8A00D358002B04D009481900DE
:109D3000FAF736FF02E00848FAF732FFA168E26856
:109D40002E23E35C0548FAF72BFF10BD48CC00102A
:109D5000B44E04105CCC001060CC001064CC001039
:109D6000F0B585B0040000F045FC2A4BE35C002B05
:109D70000BD0294B1B68002B0DD000212000FFF7D2
:109D8000FBF90025280005B0F0BD244B244A2548E6
:109D90009C21F8F70DFF0021200000F05BFC012161
:109DA000200000F057FC86231B010022E254D0253E
:109DB0002D0680263604AE61142000F039FC6E6159
:109DC000322000F035FC00212000FFF721FD051EA8
:109DD000D8D1154BE1182000FFF7F8FC124BE15CDD
:109DE000124BE25C124BE35C1248265C1248275C83
:109DF0001248245C1248029401970096FAF7D0FEAC
:109E0000104B32221A60044B0F48186000F054FBCC
:109E1000B8E7C046780800007415002070CC001028
:109E20008C4E04108CCC0010E3080000E408000005
:109E3000E5080000E6080000E7080000E808000068
:109E4000D8CC001078150020259C001070B50400B7
:109E5000D0252D0680235B04AB6200220021182050
:109E6000F6F7EAFE802636046E62002200211720F3
:109E7000F6F7E2FEAE6121002000FFF769F900234A
:109E800086221201A3540B4AA3500B4AA3500B4A3B
:109E9000A3540B4AA3540B4AA35405320321A154E3
:109EA000094AA354094AA354094A1360094B0122E1
:109EB000E25470BD680800006C08000079080000DA
:109EC0007A0800007B08000081080000820800007A
:109ED000741500207808000010B5040000F076FB2F
:109EE0000B4B1B68002B10D00021200000F0B2FBB0
:109EF0000121200000F0AEFB2000FFF739F920001F
:109F0000FFF7A4FF00F06CFB10BD00F069FBFBE75E
:109F100074150020D0231B065B681B0E012018401F
:109F200070470000014B32221A60704778150020FC
:109F300070B504000D005F4BC358DB0708D46B6895
:109F4000452B09D02E2B24D89B005B4AD3589F4623
:109F50000800FFF7D9FEF2E7584AA258012AF1D1CA
:109F6000AB68082B05D0002B13D1544B0222E250D2
:109F70000FE0534BE3582900303187221201A058DB
:109F8000984706E00021200000F068FB4D4B0022BE
:109F9000E2504C4BE2584C4B9A4200D182E070BDEB
:109FA000AB68002BF5D1EB68082BF2D1073B474A91
:109FB000A354474AA354474800F07EFAE9E7AB6848
:109FC000002BE6D0032B03D03E4B0222E250E0E709
:109FD000EB68002BF8D13B4B0322E250D9E7AB688A
:109FE000002B13D1374BE2580F231340042B06D01C
:109FF000344AA15880239B000B43A350C9E70B337D
:10A000009A430E3B1A432F4BE250F1E7062BC0D088
:10A010002C4B0422E250BCE7AB68002BB9D1EB68B3
:10A02000022BB6D12C4B0122E2542A4800F044FA0C
:10A03000AFE7AB68002BACD16B88DB070ED52E23C6
:10A04000E95C002906D11F4AA1588023DB000B439D
:10A05000A3509EE7200000F0FEFA9AE72E23E95C69
:10A06000200000F0FBFA94E7AB68062B0CD0042B21
:10A0700003D0082B01D00A2B02D1EB680F2B0AD09A
:10A08000104B0422E25084E70E4AA15880231B01A2
:10A090000B43A3507DE70D4B0122E2540D4800F025
:10A0A0000BFA76E7074B0122E2500021200000F076
:10A0B000D2FA74E764080000D04D0410680800006C
:10A0C000740800006C080000010E00007A0800000F
:10A0D0007B080000259C001079080000F8B50700F7
:10A0E0000D00160000F072FA3800FFF739FE041E6A
:10A0F00009D1320029003800FFF752FD040000F0BA
:10A100006FFA2000F8BD00F06BFAFAE710B5010015
:10A11000024B1800F6F7AAFE10BDC0467E270020AD
:10A1200010B582B00100054C054B00930B230022B3
:10A130002000F6F772FE02B010BDC0467E27002058
:10A14000ACCD00108201114B9C466244C3021168E1
:10A150004B400F490B40802149010A431360012203
:10A1600082400C4B1A600C4B1A60A021C9050B4BA6
:10A17000CA508301A021C9058C466344DB68DB011A
:10A18000F7D48023DB00CA507047C046100000504F
:10A1900001780000043400501434005044040000DE
:10A1A00010B50C4B1B68834207D10B4B99420AD167
:10A1B00003685B6A0949984710BD094B094A0A4878
:10A1C0006421F8F7F5FC094B064A07486521F8F7C2
:10A1D000EFFCC04670150020200E0020100E00205D
:10A1E000CCCD001098500410ECCD001048CE0010DB
:10A1F00010B5002B02DB0260436010BD024B034A26
:10A2000003483F21F8F7D4FCF8AF00108050041049
:10A2100014B0001070B582B0060014001D00FA22C0
:10A220009200002306980021FAF766FA02000B005C
:10A2300012196B41002B09DB6846FFF7D9FF009A22
:10A24000019B32607360300002B070BD0122524247
:10A25000004BF1E7FFFFFF7F10B582B004000498C8
:10A26000059912184B41002B09DB6846FFF7C0FF28
:10A27000009A019B22606360200002B010BD0122A1
:10A280005242014BF1E7C046FFFFFF7F10B582B09D
:10A290000400F7F7C1FF02000B006846FFF7A8FFB4
:10A2A000009A019B22606360200002B010BD30B5AF
:10A2B00085B004000D0002A8FFF7E8FF029A039B97
:10A2C00000952000FFF7A6FF200005B030BD30B597
:10A2D00083B004000D0011006846FFF7E8FF009A04
:10A2E000019BAA60EB6023685B6929002000984706
:10A2F00003B030BD10B50400D0231B061A68134B01
:10A300001B689B7E9A4215D1114B1B68002B10D005
:10A31000104A1268002A02D00E49013A0A60984792
:10A320000C4B1B68002B0BD123689B690A4920004A
:10A33000984710BD094B0A4A0A485421F8F738FCDF
:10A34000054932222000FFF7C2FFF2E77015002016
:10A350007415002078150020200E002068CE001013
:10A36000B4500410ECCD001070B584B00400160099
:10A370001D0002A8FFF78AFF029A039B0096019531
:10A380002000FFF769FF200004B070BD10B5020087
:10A3900002211820F6F7ECFC10BD000010B5D02308
:10A3A0001B061A680C4B1B689B7E9A420ED10B4908
:10A3B000802040224004F6F771FC0120FFF7E6FF01
:10A3C00001210D20F6F732FE002010BD044B054A96
:10A3D00005483521F8F7ECFB70150020EDA30010BF
:10A3E00068CE0010C4500410ECCD001010B5D0237E
:10A3F0001B061B68002B04D0084BDB6A9B0702D4AA
:10A4000010BD074BF9E70020FFF7C0FF054B1868A8
:10A4100003685B6A04499847F2E7C046304101404F
:10A420000041014070150020100E002010B5D0230F
:10A430001B061A680A4B1B689B7E9A4209D1094980
:10A4400080204004F6F74AFC0020FFF79FFF002021
:10A4500010BD054B054A06483F21F8F7A9FBC04649
:10A4600070150020EDA3001068CE00106C50041091
:10A47000ECCD001010B50148F8F732FCA8CE001062
:10A4800010B5D0231B061A68074B1B689B7E9A42A7
:10A4900003D10120FFF77AFF10BD044B044A0548A1
:10A4A0004821F8F785FBC0467015002068CE0010E3
:10A4B00054500410ECCD001010B5084B1B688342BB
:10A4C00006D1074B186803685B6A0649984710BDB8
:10A4D000054B064A06484E21F8F76AFB7415002022
:10A4E00070150020100E0020C8CE00102C50041053
:10A4F000ECCD001010B504000848FFF7A7FC084B8E
:10A500001C6023681B6907490022200098472368C4
:10A51000DB69054920009847012010BD7C1500200B
:10A52000701500209DA30010100E002010B504002F
:10A530000F4B1B68834215D103689B690D499847EF
:10A5400023681B6A0C492000984723681B690B4944
:10A550000022200098470A48FFF7BEFC044B002267
:10A560001A6010BD074B084A08487421F8F720FB11
:10A5700070150020200E0020100E00202DA40010C9
:10A580007C150020CCCD001018500410ECCD00102C
:10A5900010B5F8F7BDFB000010B582B00C000A48FA
:10A5A000FAF7CEFA6846FAF71DFE06226B46991CAA
:10A5B0002000FAF765F923780122934323700222E1
:10A5C0001343237002B010BDDCCE001010B5034B56
:10A5D000186803685B68984710BDC0467015002076
:10A5E00010B5034B186803689B68984710BDC046B8
:10A5F0007015002010B5034B18680368DB68984796
:10A6000010BDC0467015002010B582B00200074B87
:10A610001C6800236846FFF7A7FE009A019B21688B
:10A62000096B2000884702B010BDC046701500209D
:10A6300010B582B00100064B1C686846FFF737FE74
:10A64000009A019B2168C96A2000884702B010BDAA
:10A6500070150020704710B5FFF70CFF10B5FFF71D
:10A6600009FF10B5FFF706FF02000B000449086858
:10A67000496850405940084343425841C0B270476E
:10A68000D8D3001010B5303000F056FC10BD0000DB
:10A6900010B5002B02DB0260436010BD024B034A81
:10A6A00003483F21F8F784FAF8AF00107051041006
:10A6B00014B0001010B504004423C05CF6F7BEFCD3
:10A6C0002000383000F000FC10BD10B50800452314
:10A6D0000022CA54FFF7EEFF0020002110BD10B584
:10A6E00001230B72FFF7E6FF10BD000010B5030059
:10A6F00030335B79002B09D030300423C356D0228D
:10A700001206127852B29A4200D110BD0148F8F7F1
:10A71000E7FAC046A8B1001010B582B00400F7F700
:10A720007BFD02000B006846FFF7B2FF009A019B19
:10A7300022606360200002B010BD0000D0B586B07A
:10A740000400FFF7D3FFA27ED0231B061B689A42AA
:10A750002FD02E4B2E4A2F48F821F8F729FA00293E
:10A7600027D1002836D124E0236C002B01DC06B071
:10A77000D0BD216C206AF7F7DFFB00232364F6E7E6
:10A78000236C002B3CDCA662E76245230122E254E5
:10A79000206A0023029301941F4B009332003B0078
:10A7A000F7F72CFB2064236C002BE0DC4523002210
:10A7B000E254210004A800F07BFA049E059F04A83F
:10A7C000FFF7AAFF049A059B30003900801A9941CF
:10A7D0000029C4DD30003900FFF746FF0028C3D14F
:10A7E0004523E35C002BCBD0A26AE36A300039003A
:10A7F000801A99410029BADCC2D10028C0D0B6E73E
:10A80000216C206AF7F798FBBDE7C04614CF001013
:10A81000885104103CCF0010CBA6001010B50400E6
:10A82000030030335B79012B04D02000303000F07E
:10A83000BBFB10BDFFF782FFF7E770B504000D000A
:10A840001600303000F078FB3000A84705002000EB
:10A85000FFF7E4FF280070BD10B5FFF7DFFF10BD64
:10A8600070B504004423C05C002812D0D0231B061E
:10A870001B68A27E9A420DD10021F6F7D7FB442532
:10A88000605D0749F6F72EFD605DF6F789FE00234F
:10A89000635570BD034B044A0448B121F8F788F9A9
:10A8A00009A90010B0CF0010045104103CCF0010D3
:10A8B00070B50400D0231B061B68827E9A4212D119
:10A8C000FFF7CEFF236C002B13DC2500303528006A
:10A8D00000F032FB280000F067FB48220021200036
:10A8E000F9F7C8FF70BD054B054A0648E721F8F7A0
:10A8F0005FF9216C206AF7F71FFBE6E7D8CF00105D
:10A90000185104103CCF001070B5EFF305832A3BBB
:10A91000052B19D8154A9B009C58002C13D0A27EF9
:10A92000D0231B061B689A4215D125003035002123
:10A93000280000F0F1FA002805D06B79012B11D026
:10A94000280000F031FB70BD094B0A4A1E210A485D
:10A95000FF31F8F72DF9094B064A902106484900C6
:10A96000F8F726F92000FFF7E9FEE9E710140020C8
:10A9700000D00010E85004103CCF001014CF00109D
:10A9800010B5383000F030FB10BD10B510001900C4
:10A99000EFF30583002B02D0F7F74AFC10BDF7F761
:10A9A00057FBFBE770B504000D00303000F0C4FA2F
:10A9B0002900200000F013F905002000FFF72EFF0A
:10A9C000280070BD70B504000D00303000F0B4FAFE
:10A9D0002900200000F0F5F805002000FFF71EFF19
:10A9E000280070BD70B504000D00303000F0A4FAEE
:10A9F0002900200000F0D7F805002000FFF70EFF27
:10AA0000280070BD70B504000D00303000F094FADD
:10AA10002900200000F0B9F805002000FFF7FEFE35
:10AA2000280070BD70B504000D00D0231B061B6804
:10AA3000827E9A421DD10020F6F7BEFD002824DB5D
:10AA40004423E05403001A3B052B18D8104A9B00FE
:10AA50009C501049FF231840F6F712FB4426A05DD6
:10AA60000121F6F7E3FAA05D2900F6F7FFFC0120CB
:10AA700070BD094B094A0A48A221F8F799F8094B19
:10AA8000064A0748A721F8F793F80020F0E7C046E8
:10AA90001014002009A90010B0CF0010D4500410E9
:10AAA0003CCF001000D00010FF2303700023436050
:10AAB0007047000070B504000D0048220021F9F72E
:10AAC000D9FE154B236003232383D0231B061B6869
:10AAD000A3766B68002B15D02362A67E206AF7F759
:10AAE00087FA864212D12000383001220121F6F780
:10AAF00079FD20003030F6F7EFFD29782000FFF7D0
:10AB000091FF70BDF7F764F92062E6E7034B044A52
:10AB10000448D821F8F74CF89C51041030D00010AC
:10AB2000445104103CCF001002000B000449086897
:10AB3000496850405940084343425841C0B27047A9
:10AB4000D8D3001010B5002B02DB0260436010BDAB
:10AB5000024B034A03483F21F8F72AF8F8AF0010E8
:10AB6000D451041014B0001010B582B00400F7F7EF
:10AB700053FB02000B006846FFF7E4FF009A019BBD
:10AB800022606360200002B010BD083000E01800B1
:10AB90000368002B03D08B42F9D1002002E0016052
:10ABA0000B6001207047083000E018000368002B9C
:10ABB00005D08B42F9D10B680360012000E0002032
:10ABC0007047043000E018000368002B03D08B426C
:10ABD000F9D1002002E001600B60012070470430D1
:10ABE00000E018000368002B05D08B42F9D10B68F8
:10ABF0000360012000E0002070470000F0B585B040
:10AC00000500806800282AD002A8FFF7ADFF029E49
:10AC1000039F08350023019306E0134B134A1448A1
:10AC20004221F7F7C5FF25002C68002C11D0A2683F
:10AC3000E36830003900801A99410029F3DBA668E7
:10AC4000E76830003900FFF76FFF0028E5D1019574
:10AC5000E9E7019A002A04D010680368136005B080
:10AC6000F0BD0198FBE7C04670D00010EC51041015
:10AC700094D00010F0B50D4B1E685F68836802E049
:10AC80009E68DF686346002B0DD01A6894469C6866
:10AC9000DD6831003A00091BAA41002AF0DCF1D13D
:10ACA0000029EDD1EEE706614761F0BDD8D3001071
:10ACB00070B506000D0002E04B6828009847280098
:10ACC000FFF79CFF011EF7D16C6800E02468002CA0
:10ACD00009D0237A002BF9D0002323726368210066
:10ACE00028009847F2E72800FFF7C4FF2A696B693C
:10ACF00032607360300070BD30B5032A1AD90B0082
:10AD000003439B0711D0551E002303E05A1C9D42AC
:10AD100013D01300C25CCC5CA242F7D0101B0DE034
:10AD2000043A04300431032A04D904680B689C42B5
:10AD3000F6D0E8E7551E002AE6D1002030BDC04617
:10AD4000F0B588420AD98B18984207D2531E002AC0
:10AD500003D0CA5CC254013BFBD2F0BD05000F2AF0
:10AD60000AD8561E002AF8D00023CC5C1A00EC54F6
:10AD700001339642F9D1F0E703273E000D430C0062
:10AD800003002E402F422DD11500103D2D09AC4659
:10AD90002F013F1825681D6065685D60A5689D608E
:10ADA000E5681034DD601D001033BD42F2D1654608
:10ADB0000F230C2401352D01491913404519144264
:10ADC00013D0043B9B0801339B008C59AC510436D3
:10ADD0009E42FAD103231A40AD198919561E002A42
:10ADE000C2D1BAE70500561EBEE71A00B9E7C04651
:10ADF00030B5002A26D003000B439B0724D1032A39
:10AE000022D9164D0BE0043A002A1BD0144C1C1911
:10AE10009C432C4216D104300431032A14D9036810
:10AE20000C68A342EFD004780D78A54213D101231A
:10AE300006E0C45CCD5CAC420DD101339A4201D036
:10AE4000002CF6D1002030BD04780D78AC4202D140
:10AE5000012AECD1F6E7601BF5E7C04680808080D0
:10AE6000FFFEFEFE10B583070AD00300032102E0B7
:10AE700001330B4205D01A78002AF9D1181A10BDF7
:10AE8000030019680C4A0D4C8A188A4322420FD1DC
:10AE90005968094A04338A188A43224208D15968FA
:10AEA000054A04338A188A432242F1D000E0013374
:10AEB0001A78002AFBD1E1E7FFFEFEFE8080808049
:10AEC000F8B5C0460000000001B40248844601BC49
:10AED000604700BF1F01002001B40248844601BC46
:10AEE000604700BF3908002001B40248844601BC15
:10AEF000604700BF9904002001B40248844601BCA9
:10AF0000604700BF6D03002001B40248844601BCC5
:10AF1000604700BF610C002001B40248844601BCB8
:10AF2000604700BF2102002001B40248844601BCF2
:10AF3000604700BF610C002001B40248844601BC98
:10AF4000604700BF6901002001B40248844601BC8B
:10AF5000604700BFD901002001B40248844601BC0B
:10AF6000604700BF5103002001B40248844601BC81
:10AF7000604700BFB50A002001B40248844601BC06
:10AF8000604700BF1D03002001B40248844601BC95
:10AF9000604700BF7105002001B40248844601BC2F
:10AFA000604700BFDD09002001B40248844601BCAF
:10AFB000604700BFB903002001B40248844601BCC9
:10AFC000604700BF7909002001B40248844601BCF3
:10AFD000604700BF0D08002001B40248844601BC50
:10AFE000604700BF8509002001B40248844601BCC7
:08AFF000604700BFC100002012
:10AFF80075735F73696E63655F626F6F74203C3D44
:10B0080020494E5436345F4D41580000433A2F557D
:10B01800736572732F676A6D6F6E7461676E6572A0
:10B028002F2E7069636F2D73646B2F73646B2F31D0
:10B038002E352E312F7372632F636F6D6D6F6E2FE8
:10B048007069636F5F626173652F696E636C7564A5
:10B05800652F7069636F2F74797065732E680000AF
:10B0680041717569736963616F2066696E616C69A6
:10B078007A616461210D00007263203D3D205049D2
:10B08800434F5F4F4B000000433A2F676A6D6F6E66
:10B098007461676E65722F656D6261726361746554
:10B0A80063682F70726F6A5F66696E616C2F456D99
:10B0B8006261726361746563682D70726F6A65742A
:10B0C8006F2D66696E616C2D676D6A6D6F6E746148
:10B0D800676E65722F6D61696E5F6379636C6F6D02
:10B0E800657465722E6300004779726F20436F6E36
:10B0F8006669672052656769737465723A203078AB
:10B10800253032580A00000054696D657374616D0A
:10B11800703B20546163686F20506F736974696F66
:10B128006E3B200D0000000054696D657374616DFD
:10B13800703B204D616720583B204D616720593B8B
:10B14800204D6167205A3B20416363656C20583B62
:10B1580020416363656C20593B20416363656C2023
:10B168005A3B204779726F20583B204779726F20ED
:10B17800593B204779726F205A3B200D0000000090
:10B1880025732C2025642C2025642C2025642C2054
:10B1980025642C2025642C2025642C2025640D0A88
:10B1A8000000000021287261775F6972715F6D612C
:10B1B800736B5B6765745F636F72655F6E756D282F
:10B1C800295D2026206770696F5F6D61736B2900A8
:10B1D800433A2F55736572732F676A6D6F6E74618A
:10B1E800676E65722F2E7069636F2D73646B2F7392
:10B1F800646B2F312E352E312F7372632F7270329C
:10B208005F636F6D6D6F6E2F6861726477617265D1
:10B218005F6770696F2F6770696F2E6300000000A9
:10B228007261775F6972715F6D61736B5B6765747B
:10B238005F636F72655F6E756D28295D20262067D4
:10B2480070696F5F6D61736B0000000068775F69FC
:10B25800735F636C61696D656428626974732C201F
:10B268006269745F696E646578290000433A2F55F6
:10B27800736572732F676A6D6F6E7461676E65723E
:10B288002F2E7069636F2D73646B2F73646B2F316E
:10B298002E352E312F7372632F7270325F636F6D8C
:10B2A8006D6F6E2F68617264776172655F636C6140
:10B2B800696D2F636C61696D2E6300004E6F20739A
:10B2C80070696E6C6F636B73206172652061766163
:10B2D800696C61626C65000030783163203D3D2007
:10B2E800282A696E7374293E3E31317500000000CA
:10B2F800433A2F55736572732F676A6D6F6E746169
:10B30800676E65722F2E7069636F2D73646B2F7370
:10B31800646B2F312E352E312F7372632F7270327A
:10B328005F636F6D6D6F6E2F6861726477617265B0
:10B338005F6972712F6972712E63000064656C74A5
:10B3480061203E3D202D3230343820262620646589
:10B358006C7461203C3D2032303436202626202172
:10B368002864656C746120262031290021286465D1
:10B378006C7461203E3E203131752900637572720C
:10B38800656E74203D3D205F5F756E68616E646C0C
:10B3980065645F757365725F697271207C7C206378
:10B3A800757272656E74203D3D2068616E646C65CF
:10B3B800720000006972715F68616E6465725F6334
:10B3C8006861696E5F667265655F736C6F745F68EC
:10B3D800656164203E3D20300000000076746162A3
:10B3E8006C655F68616E646C6572203D3D205F5FCF
:10B3F800756E68616E646C65645F757365725F69AC
:10B4080072710000212828282875696E747074727A
:10B418005F7429767461626C655F68616E646C65DF
:10B428007229202D20282875696E747074725F74D3
:10B43800296972715F68616E646C65725F636861C7
:10B44800696E5F736C6F747329202D203129257301
:10B45800697A656F6628737472756374206972718E
:10B468005F68616E646C65725F636861696E5F7363
:10B478006C6F742929000000216578636570746910
:10B488006F6E207C7C20657863657074696F6E20B0
:10B498003D3D206E756D202B20565441424C455F32
:10B4A80046495253545F49525100000066616C731B
:10B4B8006500000069735F7368617265645F697233
:10B4C800715F7261775F68616E646C657228736C16
:10B4D8006F745F68616E646C657229006578636576
:10B4E8007074696F6E000000666F756E640000000E
:10B4F8004E6F2075736572204952517320617265D1
:10B5080020617661696C61626C650000746F7461BA
:10B518006C000000433A2F55736572732F676A6D8C
:10B528006F6E7461676E65722F2E7069636F2D730D
:10B53800646B2F73646B2F312E352E312F7372632A
:10B548002F636F6D6D6F6E2F7069636F5F73796EA8
:10B55800632F6D757465782E630000006D74782D07
:10B568003E636F72652E7370696E5F6C6F636B00FC
:10B578006C6F636B5F69735F6F776E65725F696429
:10B588005F76616C6964286D74782D3E6F776E659F
:10B59800722900006D74782D3E656E7465725F6364
:10B5A8006F756E74000000006964202626206964A7
:10B5B800203C3D20706F6F6C2D3E686561702D3E9C
:10B5C8006D61785F6E6F646573000000433A2F55B4
:10B5D800736572732F676A6D6F6E7461676E6572DB
:10B5E8002F2E7069636F2D73646B2F73646B2F310B
:10B5F8002E352E312F7372632F636F6D6D6F6E2F23
:10B608007069636F5F74696D652F74696D652E630A
:10B61800000000006964202626206964203C3D2043
:10B62800686561702D3E6D61785F6E6F646573004B
:10B63800433A2F55736572732F676A6D6F6E746125
:10B64800676E65722F2E7069636F2D73646B2F732D
:10B65800646B2F312E352E312F7372632F636F6D0C
:10B668006D6F6E2F7069636F5F7574696C2F696E8B
:10B67800636C7564652F7069636F2F7574696C2FBF
:10B6880070686561702E6800706172656E745F69BC
:10B69800640000006368696C645F6964000000000E
:10B6A800706172656E745F696420213D206368690A
:10B6B8006C645F696400000069642026262021709C
:10B6C800685F636F6E7461696E735F6E6F6465281F
:10B6D800686561702C206964290000002168656133
:10B6E800702D3E667265655F7461696C5F696400A0
:10B6F80072742D3E616C61726D5F6964203D3D20FE
:10B70800696400002170685F636F6E7461696E73AD
:10B718005F6E6F646528706F6F6C2D3E6865617031
:10B728002C2072657573655F6964290072656D6F99
:10B738007665645F6964203D3D206E6578745F6955
:10B748006400000063616C6C6261636B0000000060
:10B75800706F6F6C2D3E616C61726D5F696E5F70AA
:10B76800726F6772657373203D3D206D616B655F15
:10B778007075626C69635F69642869645F6869678A
:10B78800682C206E6578745F696429006465666159
:10B79800756C745F616C61726D5F706F6F6C5F69FF
:10B7A8006E697469616C697A656428290000000013
:10B7B800616C61726D5F696420213D20706F6F6CF0
:10B7C8002D3E616C61726D5F696E5F70726F67723A
:10B7D8006573730072630000417474656D707465FD
:10B7E8006420746F20736C65657020696E7369647A
:10B7F80065206F6620616E20657863657074696F77
:10B808006E2068616E646C65723B2075736520629A
:10B818007573795F7761697420696620796F75201F
:10B828006D75737400000000486172647761726519
:10B8380020616C61726D20256420616C72656164A1
:10B848007920636C61696D656400000074696D65D9
:10B85800725F68772D3E696E7473202620317520DB
:10B868003C3C20616C61726D5F6E756D000000007C
:10B87800433A2F55736572732F676A6D6F6E7461E3
:10B88800676E65722F2E7069636F2D73646B2F73EB
:10B89800646B2F312E352E312F7372632F727032F5
:10B8A8005F636F6D6D6F6E2F68617264776172652B
:10B8B8005F74696D65722F74696D65722E6300001F
:10B8C80025732025642025732025643A25303264A9
:10B8D8003A253032642025640000000053756E64F8
:10B8E800617900004D6F6E6461790000547565736D
:10B8F800646179005765646E65736461790000005E
:10B908005468757273646179000000004672696456
:10B9180061790000536174757264617900000000F8
:10B928004A616E75617279004665627275617279F5
:10B93800000000004D617263680000004170726988
:10B948006C0000004D6179004A756E6500000000CA
:10B958004A756C79000000004175677573740000C2
:10B9680053657074656D6265720000004F63746F93
:10B97800626572004E6F76656D6265720000000048
:10B98800446563656D62657200000000726F6F74D4
:10B998005F696400433A2F55736572732F676A6D48
:10B9A8006F6E7461676E65722F2E7069636F2D7389
:10B9B800646B2F73646B2F312E352E312F737263A6
:10B9C8002F636F6D6D6F6E2F7069636F5F7574692C
:10B9D8006C2F70686561702E630000002170685FCD
:10B9E8006765745F6E6F646528686561702C207286
:10B9F8006F6F745F6964292D3E7369626C696E6745
:10BA0800000000002170685F6765745F6E6F646591
:10BA180028686561702C20726F6F745F6964292DC6
:10BA28003E706172656E74006E65775F7375625FF4
:10BA38007472656520213D20686561702D3E726FC6
:10BA48006F745F69640000007372635F667265718A
:10BA5800203E3D206672657100000000433A2F5574
:10BA6800736572732F676A6D6F6E7461676E657246
:10BA78002F2E7069636F2D73646B2F73646B2F3176
:10BA88002E352E312F7372632F7270325F636F6D94
:10BA98006D6F6E2F68617264776172655F636C6F3A
:10BAA800636B732F636C6F636B732E63000000000E
:10BAB80076636F5F66726571203E3D20285049436A
:10BAC8004F5F504C4C5F56434F5F4D494E5F465257
:10BAD80045515F4B485A202A204B485A2920262690
:10BAE8002076636F5F66726571203C3D202850495F
:10BAF800434F5F504C4C5F56434F5F4D41585F4634
:10BB08005245515F4B485A202A204B485A29000079
:10BB1800433A2F55736572732F676A6D6F6E746140
:10BB2800676E65722F2E7069636F2D73646B2F7348
:10BB3800646B2F312E352E312F7372632F72703252
:10BB48005F636F6D6D6F6E2F686172647761726588
:10BB58005F706C6C2F706C6C2E6300006662646999
:10BB680076203E3D2031362026262066626469769E
:10BB7800203C3D203332300028706F73745F646955
:10BB88007631203E3D203120262620706F73745F69
:10BB980064697631203C3D203729202626202870EC
:10BBA8006F73745F64697632203E3D20312026260B
:10BBB80020706F73745F64697632203C3D203729AA
:10BBC800000000007265665F66726571203C3D206A
:10BBD8002876636F5F66726571202F2031362900E1
:10BBE8002C2066756E6374696F6E3A200000000041
:10BBF800617373657274696F6E20222573222066E3
:10BC080061696C65643A2066696C65202225732237
:10BC18002C206C696E65202564257325730A000045
:10BC280031203D3D202875696E747074725F7429E7
:10BC38006C2D3E7370696E5F6C6F636B0000000063
:10BC4800433A2F55736572732F676A6D6F6E74610F
:10BC5800676E65722F2E7069636F2D73646B2F7317
:10BC6800646B2F312E352E312F7372632F72703221
:10BC78005F636F6D6D6F6E2F7069636F5F72756E46
:10BC880074696D652F72756E74696D652E63000039
:10BC98000A2A2A2A2050414E4943202A2A2A0A00E1
:10BCA8006E6F7420737570706F7274656400000035
:10BCB800666E692B00000000666E69006E616E009A
:10BCC800666E692D000000006D697373696E6720E8
:10BCD800646F75626C652066756E6374696F6E005B
:10BCE8002A282875696E74385F74202A29726F6D46
:10BCF8005F646174615F6C6F6F6B757028726F6DD4
:10BD08005F7461626C655F636F6465282753272CD5
:10BD18002027462729292D3229202A2034203E3D54
:10BD28002053465F5441424C455F56325F53495A4F
:10BD380045000000433A2F55736572732F676A6D8B
:10BD48006F6E7461676E65722F2E7069636F2D73E5
:10BD5800646B2F73646B2F312E352E312F73726302
:10BD68002F7270325F636F6D6D6F6E2F7069636FC6
:10BD78005F646F75626C652F646F75626C655F696F
:10BD88006E69745F726F6D2E630000002A28287533
:10BD9800696E74385F74202A29726F6D5F746162EE
:10BDA8006C652D3229202A2034203E3D2053465FE1
:10BDB8005441424C455F56325F53495A4500000092
:10BDC800433A2F55736572732F676A6D6F6E74618E
:10BDD800676E65722F2E7069636F2D73646B2F7396
:10BDE800646B2F312E352E312F7372632F727032A0
:10BDF8005F636F6D6D6F6E2F7069636F5F666C6FD9
:10BE080061742F666C6F61745F696E69745F726FBD
:10BE18006D2E63004465627567000000626F6F7481
:10BE2800325F77323571303830000000312E352ED0
:10BE3800310000007069636F5F7700004379636CBD
:10BE48006F6D65746572000046656220323320327A
:10BE580030323500433A2F55736572732F676A6D18
:10BE68006F6E7461676E65722F2E7069636F2D73C4
:10BE7800646B2F73646B2F312E352E312F737263E1
:10BE88002F7270325F636F6D6D6F6E2F7069636FA5
:10BE98005F737464696F5F7573622F737464696F1D
:10BEA8005F7573622E630000555342207374646992
:10BEB8006E202F207374646F757400005261737064
:10BEC8006265727279205069000000005069636FE2
:10BED80000000000426F6172642043444300000088
:10BEE80052657365740000006C656E203E2030005A
:10BEF800433A2F55736572732F676A6D6F6E74615D
:10BF0800676E65722F2E7069636F2D73646B2F7364
:10BF1800646B2F312E352E312F7372632F7270326E
:10BF28005F636F6D6D6F6E2F7069636F5F756E699C
:10BF38007175655F69642F756E697175655F696490
:10BF48002E630000666C6173685F6F666673202BF2
:10BF580020636F756E74203C3D205049434F5F4607
:10BF68004C4153485F53495A455F42595445530021
:10BF7800433A2F55736572732F676A6D6F6E7461DC
:10BF8800676E65722F2E7069636F2D73646B2F73E4
:10BF9800646B2F312E352E312F7372632F727032EE
:10BFA8005F636F6D6D6F6E2F686172647761726524
:10BFB8005F666C6173682F666C6173682E6300003E
:10BFC800636F6E6E6563745F696E7465726E616CC3
:10BFD8005F666C61736820262620666C6173685FF3
:10BFE800657869745F78697020262620666C6173AD
:10BFF800685F72616E67655F65726173652026268A
:10C0080020666C6173685F666C7573685F636163F3
:10C0180068650000636F6E6E6563745F696E746552
:10C02800726E616C5F666C61736820262620666C90
:10C038006173685F657869745F7869702026262067
:10C04800666C6173685F72616E67655F70726F6757
:10C0580072616D20262620666C6173685F666C7558
:10C0680073685F636163686500000000636F6E6EEC
:10C078006563745F696E7465726E616C5F666C612E
:10C08800736820262620666C6173685F657869741A
:10C098005F78697020262620666C6173685F666C1D
:10C0A8007573685F636163686500000028287569B7
:10C0B8006E747074725F7420296E6578745F62752F
:10C0C800666665725F707472202620306231313185
:10C0D8003131317529203D3D20300000433A2F553C
:10C0E800736572732F676A6D6F6E7461676E6572C0
:10C0F8002F2E7069636F2D73646B2F73646B2F31F0
:10C108002E352E312F6C69622F74696E79757362C2
:10C118002F7372632F706F727461626C652F726116
:10C128007370626572727970692F72703230343050
:10C138002F6463645F7270323034302E6300000005
:10C1480068775F646174615F6F6666736574286E93
:10C158006578745F6275666665725F7074722920AF
:10C168003C3D205553425F445052414D5F4D41582C
:10C1780000000000556E68616E646C656420495269
:10C188005120307825780A007268706F7274203DEB
:10C198003D20300021286275665F6374726C20262A
:10C1A800205553425F4255465F4354524C5F4655B3
:10C1B8004C4C2900433A2F55736572732F676A6D8B
:10C1C8006F6E7461676E65722F2E7069636F2D7361
:10C1D800646B2F73646B2F312E352E312F6C69628F
:10C1E8002F74696E797573622F7372632F706F7213
:10C1F8007461626C652F72617370626572727970B6
:10C20800692F7270323034302F7270323034305FB0
:10C218007573622E630000006275665F6374726CEA
:10C228002026205553425F4255465F4354524C5F87
:10C2380046554C4C0000000065702025642025738D
:10C248002077617320616C72656164792061766121
:10C25800696C61626C65000043616E277420636FCE
:10C268006E74696E75652078666572206F6E2069D8
:10C278006E61637469766520657020256420257376
:10C2880000000000696E00007364615F74785F6885
:10C298006F6C645F636F756E74203C3D206C636ED9
:10C2A80074202D2032000000433A2F5573657273B5
:10C2B8002F676A6D6F6E7461676E65722F2E706975
:10C2C800636F2D73646B2F73646B2F312E352E3192
:10C2D8002F7372632F7270325F636F6D6D6F6E2F85
:10C2E80068617264776172655F6932632F6932636E
:10C2F8002E63000070726F6772616D2D3E6C656E03
:10C30800677468203C3D2050494F5F494E53545252
:10C31800554354494F4E5F434F554E54000000005B
:10C32800433A2F55736572732F676A6D6F6E746128
:10C33800676E65722F2E7069636F2D73646B2F7330
:10C34800646B2F312E352E312F7372632F7270323A
:10C358005F636F6D6D6F6E2F686172647761726570
:10C368005F70696F2F70696F2E6300004E6F2070C9
:10C37800726F6772616D2073706163650000000001
:10C388004E6F2050494F207374617465206D61634E
:10C3980068696E65732061726520617661696C6198
:10C3A800626C650070726F6772616D5F6D61736B4F
:10C3B800203D3D20285F757365645F696E737472F4
:10C3C800756374696F6E5F73706163655B70696FC5
:10C3D8005F6765745F696E6465782870696F295D49
:10C3E80020262070726F6772616D5F6D61736B29B3
:10C3F800000000007274635F6672657120213D2041
:10C4080030000000433A2F55736572732F676A6DC9
:10C418006F6E7461676E65722F2E7069636F2D730E
:10C42800646B2F73646B2F312E352E312F7372632B
:10C438002F7270325F636F6D6D6F6E2F68617264FB
:10C44800776172655F7274632F7274632E63000084
:10C458007274635F66726571203C3D205254435F7D
:10C46800434C4B4449565F4D315F42495453000099
:10C47800636861696E5F746F203C3D204E554D5F67
:10C48800444D415F4348414E4E454C530000000027
:10C49800433A2F55736572732F676A6D6F6E7461B7
:10C4A800676E65722F2E7069636F2D73646B2F73BF
:10C4B800646B2F312E352E312F7372632F727032C9
:10C4C8005F636F6D6D6F6E2F6861726477617265FF
:10C4D8005F646D612F696E636C7564652F68617246
:10C4E80064776172652F646D612E6800647265718E
:10C4F800203C3D20445245515F464F524345000081
:10C508002173656C662D3E6275735F6461746100AA
:10C51800433A2F55736572732F676A6D6F6E746136
:10C52800676E65722F2E7069636F2D73646B2F733E
:10C53800646B2F312E352E312F7372632F72703248
:10C548005F636F6D6D6F6E2F7069636F5F6379776F
:10C5580034335F6472697665722F63797734335F39
:10C568006275735F70696F5F7370692E6300000096
:10C5780074785F6C656E6774682026262074785F0F
:10C588006C656E677468203C2072785F6C656E67B6
:10C5980074680000212874785F6C656E6774682081
:10C5A80026203329000000002128282875696E7488
:10C5B8007074725F7429747829202620332900004A
:10C5C8002128282875696E747074725F74297278CE
:10C5D8002920262033290000212872785F6C656E97
:10C5E800677468202620332900000000666E202129
:10C5F8003D204241434B504C414E455F46554E43CA
:10C6080054494F4E00000000666E20213D204241F3
:10C61800434B504C414E455F46554E4354494F4E4F
:10C62800207C7C20286C656E203C3D204359573483
:10C63800335F4255535F4D41585F424C4F434B5F08
:10C6480053495A4529000000616C69676E65645F4B
:10C658006C656E203E203020262620616C69676E4E
:10C6680065645F6C656E203C3D2030783766380025
:10C67800627566203D3D2073656C662D3E7370695A
:10C68800645F627566207C7C20627566203C20733E
:10C69800656C662D3E737069645F627566207C7C8C
:10C6A80020627566203E3D202873656C662D3E73BA
:10C6B8007069645F627566202B2073697A656F669E
:10C6C8002873656C662D3E737069645F62756629B0
:10C6D8002900000063797734335F726561645F62B3
:10C6E80079746573206572726F722025640000008A
:10C6F800737263203C2073656C662D3E73706964A9
:10C708005F627566207C7C20737263203E3D202822
:10C7180073656C662D3E737069645F627566202B65
:10C728002073697A656F662873656C662D3E737031
:10C7380069645F62756629290000000049676E6FA9
:10C7480072696E6720696E76616C696420706163D6
:10C758006B65740049676E6F72696E6720746F6FDE
:10C7680020736D616C6C207061636B6574000000F0
:10C77800574C414E3A206368616E67656420666C69
:10C788006F7720636F6E74726F6C3A202564202D6A
:10C798003E2025640A00000049676E6F72696E6763
:10C7A80020666C6F7720636F6E74726F6C20706197
:10C7B800636B65740000000049676E6F72696E678D
:10C7C80020746F6F20736D616C6C20636F6E747270
:10C7D8006F6C207061636B657400000049676E6F51
:10C7E80072696E67207061636B657420776974681D
:10C7F8002077726F6E6720696420256420213D20B0
:10C8080025640A0049676E6F72696E6720746F6FDE
:10C8180020736D616C6C2064617461207061636B5E
:10C828006574000049676E6F72696E6720746F6F78
:10C8380020736D616C6C206173796E632070616325
:10C848006B657400696E636F7272656374206F75CF
:10C8580069000000756E6B6E6F776E2068656164A5
:10C86800657200005B43595734335D206379773430
:10C87800335F6B736F5F736574282564293A20668C
:10C8880061696C65640A0000666E203D3D20424186
:10C89800434B504C414E455F46554E4354494F4ECD
:10C8A80000000000433A2F55736572732F676A6D55
:10C8B8006F6E7461676E65722F2E7069636F2D736A
:10C8C800646B2F73646B2F312E352E312F6C696298
:10C8D8002F63797734332D6472697665722F73729A
:10C8E800632F63797734335F6C6C2E63000000002C
:10C8F80073697A65203D3D20340000005B43595739
:10C9080034335D20636F7265206E6F7420696E200A
:10C9180072657365740000005B43595734335D20BA
:10C92800636F7265206E6F74207570006461746146
:10C9380020636F6D65732066726F6D20657874650E
:10C94800726E616C2073746F7261676520766961BD
:10C9580020627566666572206F662073697A652045
:10C9680025750A0056657273696F6E3A20000000DB
:10C978005B43595734335D20636F756C64206E6F69
:10C98800742066696E642076616C696420666972D9
:10C998006D776172650000002828646573745F61B3
:10C9A8006464722026204241434B504C414E455FFF
:10C9B800414444525F4D41534B29202B20737A291F
:10C9C800203C3D20284241434B504C414E455F415D
:10C9D8004444525F4D41534B202B20312900000025
:10C9E8005B43595734335D20427573206572726F0B
:10C9F8007220636F6E646974696F6E206465746514
:10CA08006374656420307825780A00005350492003
:10CA1800696E76616C6964206279746573207065EB
:10CA28006E64696E6720256C750A00004E6F207071
:10CA380061636B6574207A65726F2073697A65200B
:10CA480068656164657200005B43595734335D2043
:10CA58006572726F723A20686472206D69736D61D5
:10CA68007463682025303478205E20253034780AB5
:10CA780000000000676F7420756E657870656374D8
:10CA88006564207061636B65742025640A0000008A
:10CA98005B43595734335D205354414C4C2825751A
:10CAA8003B25752D2575293A2074696D656F757458
:10CAB8000A0000005B43595734335D20646F5F6997
:10CAC8006F63746C3A20676F7420756E6578706553
:10CAD80063746564207061636B65742025640A0063
:10CAE8005B43595734335D20646F5F696F63746CBF
:10CAF8002825752C2025752C202575293A20746940
:10CB08006D656F75740A00005B43595734335D20B7
:10CB1800434C4D206C6F6164206661696C656400EC
:10CB28006275733A7478676C6F6D00006170737426
:10CB380061000000616D7064755F62615F777369A1
:10CB48007A650000616D7064755F6D7064750000D2
:10CB5800616D7064755F72785F666163746F72008F
:10CB68006273736366673A6576656E745F6D736743
:10CB7800730000004661696C656420746F20696EFB
:10CB8800697469616C69736520637977343300006F
:10CB98004661696C656420746F20726561642074F5
:10CBA800657374207061747465726E005B435957C5
:10CBB80034335D204661696C656420746F2073743A
:10CBC8006172742043595734330000005B4359574E
:10CBD80034335D2074696D656F757420776169748D
:10CBE800696E6720666F7220414C5020746F206216
:10CBF80065207365740000005B43595734335D202A
:10CC08004854206E6F7420726561647900000000DA
:10CC18005B43595734335D204632206E6F7420725F
:10CC280065616479000000006375725F657468650A
:10CC380072616464720000006770696F6F757400D8
:10CC48005B252038645D204153594E4328253034F4
:10CC5800782C000025730000257500002C25752C04
:10CC680025752C2575290A0063797734335F697334
:10CC78005F696E697469616C697A65642873656C4B
:10CC880066290000433A2F55736572732F676A6DE2
:10CC98006F6E7461676E65722F2E7069636F2D7386
:10CCA800646B2F73646B2F312E352E312F6C6962B4
:10CCB8002F63797734332D6472697665722F7372B6
:10CCC800632F63797734335F6374726C2E6300006B
:10CCD8006379773433206C6F61646564206F6B2CE3
:10CCE800206D616320253032783A253032783A2534
:10CCF8003032783A253032783A253032783A253051
:10CD080032780A005345545F5353494400000000E9
:10CD18004A4F494E000000004155544800000000A9
:10CD28004445415554485F494E4400004153534FD0
:10CD3800430000004449534153534F43000000004F
:10CD48004449534153534F435F494E440000000048
:10CD58004C494E4B0000000050534B5F5355500058
:10CD6800455343414E5F524553554C540000000013
:10CD78004353415F434F4D504C4554455F494E44E2
:10CD8800000000004153534F435F5245515F4945EE
:10CD9800000000004153534F435F524553505F49D1
:10CDA800450000004E6F20444D41206368616E6E5F
:10CDB800656C732061726520617661696C61626C73
:10CDC80065000000636F6E74657874203D3D2063D4
:10CDD800797734335F6173796E635F636F6E7465FF
:10CDE80078740000433A2F55736572732F676A6D24
:10CDF8006F6E7461676E65722F2E7069636F2D7325
:10CE0800646B2F73646B2F312E352E312F73726341
:10CE18002F7270325F636F6D6D6F6E2F7069636F05
:10CE28005F63797734335F6472697665722F6379EB
:10CE38007734335F6472697665722E630000000090
:10CE4800776F726B6572203D3D2026736C65657047
:10CE58005F74696D656F75745F776F726B6572006B
:10CE68006765745F636F72655F6E756D2829203D15
:10CE78003D206173796E635F636F6E746578745F6C
:10CE8800636F72655F6E756D2863797734335F61A0
:10CE980073796E635F636F6E746578742900000040
:10CEA800637977343320686173206E6F2065746806
:10CEB80065726E657420696E74657266616365007B
:10CEC80066756E63203D3D2063797734335F706FFC
:10CED8006C6C00005761726E696E672E204E6F2071
:10CEE8006D616320696E206F74702E2047656E65D2
:10CEF800726174696E67206D61632066726F6D2060
:10CF0800626F6172642069640000000073656C667A
:10CF18002D3E636F72652E636F72655F6E756D204F
:10CF28003D3D206765745F636F72655F6E756D2840
:10CF380029000000433A2F55736572732F676A6D95
:10CF48006F6E7461676E65722F2E7069636F2D73D3
:10CF5800646B2F73646B2F312E352E312F737263F0
:10CF68002F7270325F636F6D6D6F6E2F7069636FB4
:10CF78005F6173796E635F636F6E746578742F6138
:10CF880073796E635F636F6E746578745F746872CB
:10CF9800656164736166655F6261636B67726F7513
:10CFA8006E642E63000000006765745F636F7265CE
:10CFB8005F6E756D2829203D3D2073656C662D3E9A
:10CFC800636F72652E636F72655F6E756D0000002A
:10CFD8006765745F636F72655F6E756D2829203DA4
:10CFE8003D2073656C665F626173652D3E636F7289
:10CFF800655F6E756D000000696E646578203C2081
:10D00800636F756E745F6F66286173796E635F63B3
:10D018006F6E74657874735F62795F757365725F3C
:10D02800697271290000000073656C662D3E636F9C
:10D0380072652E636F72655F6E756D203D3D206170
:10D048006C61726D5F706F6F6C5F636F72655F6E3E
:10D05800756D2873656C662D3E616C61726D5F70CD
:10D068006F6F6C29000000002169735F61745F7441
:10D0780068655F656E645F6F665F74696D65286576
:10D0880061726C696573742900000000433A2F557A
:10D09800736572732F676A6D6F6E7461676E657200
:10D0A8002F2E7069636F2D73646B2F73646B2F3130
:10D0B8002E352E312F7372632F7270325F636F6D4E
:10D0C8006D6F6E2F7069636F5F6173796E635F63F5
:10D0D8006F6E746578742F6173796E635F636F6EBA
:10D0E800746578745F626173652E6300757064613E
:10D0F80074655F75735F73696E63655F626F6F7484
:10D10800000000006D61696E000000001CD1001075
:10D11800180000000F000E0015000F0015000F008A
:10D128000F000E000E000F000F0015000F00150075
:10D138008F00C2A00080C2600240E6A0A6A04AA05C
:10D1480097004AA06770696F5F72656D6F76655F5B
:10D158007261775F6972715F68616E646C65725F36
:10D168006D61736B656400006770696F5F6164640B
:10D178005F7261775F6972715F68616E646C657216
:10D188005F776974685F6F726465725F7072696FE8
:10D19800726974795F6D61736B65640068775F634A
:10D1A8006C61696D5F636C65617200006972715FC3
:10D1B8006164645F7461696C5F746F5F66726565F2
:10D1C8005F6C697374000000696E736572745F62E6
:10D1D80072616E63685F616E645F6C696E6B00009C
:10D1E8006972715F72656D6F76655F68616E646C98
:10D1F800657200006D616B655F6272616E636800E5
:10D208007265736F6C76655F6272616E6368000049
:10D218006972715F6164645F7368617265645F6895
:10D22800616E646C657200006972715F7365745F2A
:10D238006578636C75736976655F68616E646C6543
:10D24800720000007265637572736976655F6D754B
:10D258007465785F65786974000000006D757465A1
:10D26800785F6578697400006D757465785F656EC0
:10D278007465725F626C6F636B5F756E74696C0066
:10D288007570646174655F75735F73696E63655FFC
:10D29800626F6F740000000072656375727369765F
:10D2A800655F6D757465785F7472795F656E7465B6
:10D2B800720000007265637572736976655F6D75DB
:10D2C8007465785F656E7465725F626C6F636B69B5
:10D2D8006E670000726570656174696E675F746976
:10D2E8006D65725F63616C6C6261636B0000000066
:10D2F800616C61726D5F706F6F6C5F63616E6365A7
:10D308006C5F616C61726D00616C61726D5F706FF2
:10D318006F6C5F6765745F64656661756C74000047
:10D328006765745F656E7472795F69645F68696761
:10D338006800000070685F667265655F6E6F64659F
:10D348000000000070685F6164645F6368696C6412
:10D358005F6E6F646500000070685F696E73657268
:10D36800745F6E6F6465000070685F6765745F6EF8
:10D378006F6465006164645F616C61726D5F756E96
:10D388006465725F6C6F636B0000000075706461A8
:10D3980074655F75735F73696E63655F626F6F74E1
:10D3A80000000000616C61726D5F706F6F6C5F618F
:10D3B8006C61726D5F63616C6C6261636B0000002D
:10D3C8006765745F656E7472790000000000000084
:10D3D800FFFFFFFFFFFFFF7F68617264776172657F
:10D3E8005F616C61726D5F7365745F7461726765AC
:10D3F80074000000E4B80010ECB80010F4B8001095
:10D40800FCB8001008B9001014B900101CB90010BD
:10D4180028B9001030B900103CB9001044B9001008
:10D428004CB9001050B9001058B9001060B900107C
:10D4380068B9001074B900107CB9001088B90010E0
:10D4480070685F72656D6F76655F616E645F667246
:10D4580065655F6E6F64650070685F72656D6F7695
:10D46800655F616E795F68656164000070685F611F
:10D4780064645F6368696C645F6E6F646500000074
:10D4880070685F6765745F6E6F646500636C6F6377
:10D498006B5F636F6E66696775726500706C6C5F51
:10D4A800696E69740000000072756E74696D655F5D
:10D4B800696E697400000000C2380010DA38001084
:10D4C800DA380010CE380010DA380010DA380010D8
:10D4D800DA380010DA380010DA380010DA380010BC
:10D4E800DA380010B6380010DA380010AA38001000
:10D4F800DA380010DA3800109E380010AA39001007
:10D50800D0390010F2390010D03900108A390010D3
:10D51800D0390010D0390010D0390010D03900109F
:10D52800D0390010D0390010D0390010C639001099
:10D53800D0390010D0390010D0390010D03900107F
:10D54800D0390010FE390010623E0010783E0010FD
:10D55800783E0010783E0010783E0010783E0010AB
:10D56800783E0010783E0010783E0010783E00109B
:10D57800783E0010783E0010783E0010783E00108B
:10D58800783E0010783E0010783E0010783E00107B
:10D59800783E0010783E0010783E0010783E00106B
:10D5A800783E0010783E0010783E0010783E00105B
:10D5B800783E0010783E0010783E0010783E00104B
:10D5C800783E0010783E0010A43C0010663C001025
:10D5D800A43C0010783E0010783E0010783E001001
:10D5E800783E0010783E0010783E0010783E00101B
:10D5F800783E0010783E0010783E0010783E00100B
:10D60800783E0010783E0010783E0010783E0010FA
:10D61800783E00104A3A0010783E0010783E00101C
:10D62800783E0010783E0010783E0010783E0010DA
:10D63800783E0010783E0010783E00104A3A0010FC
:10D64800F23C00104A3A0010A43C0010663C00105E
:10D65800A43C001000000000000000000000F03FA3
:10D6680000000000000024400000000000005940B5
:10D678000000000000408F40000000000088C34008
:10D6880000000000006AF8400000000080842E417D
:10D6980000000000D01263410000000084D79741C9
:10D6A8000000000065CDCD415F5F61656162695F23
:10D6B800646F75626C655F696E6974005F5F616550
:10D6C8006162695F666C6F61745F696E697400009E
:10D6D80006005250D3F075421CBE0010060052508E
:10D6E800E182887F24BE001006005250BBFF3CB682
:10D6F8003CBE00100D0A00007570646174655F75AA
:10D70800735F73696E63655F626F6F74000000001A
:10D71800C14B0010C54B0010D14B0010214C00101C
:10D72800054C0010000000000600525053B4F4A14C
:10D73800B0BE0010737464696F5F7573625F696E61
:10D74800697400007570646174655F75735F7369EF
:10D758006E63655F626F6F74000000000000000078
:10D76800C4BE0010D4BE00106C270020DCBE001020
:10D77800E8BE001009025400030100807D080B0078
:10D78800020202000009040000010202000405244C
:10D7980000200105240100010424020205240600DA
:10D7A800010705810308001009040100020A0000AE
:10D7B8000007050202400000070582024000000938
:10D7C80004020000FF00010512010002EF020140FF
:10D7D8008A2E0A0000010102030100007069636FCC
:10D7E8005F6765745F756E697175655F626F617299
:10D7F800645F69645F737472696E6700666C6173F5
:10D80800685F646F5F636D64000000006463645F59
:10D81800656470745F786665720000006463645FB5
:10D82800656470745F6F70656E0000006463645FA8
:10D838007365745F61646472657373006463645FC5
:10D84800696E745F656E61626C6500005F68775F22
:10D85800656E64706F696E745F616C6C6F630000F5
:10D868006463645F696E69740000000073796E63B5
:10D878005F65705F627566666572000030590010FA
:10D8880096580010C8580010FA5800103059001067
:10D898003059001016590010C8580010305900109F
:10D8A800305900103059001030590010305900100C
:10D8B8003059001030590010A8580010285E001088
:10D8C800025E0010D05F0010DC5D0010D05F001019
:10D8D800505D0010D25D0010D05F00106C5D00102C
:10D8E800845D001026600010186000105E60001053
:10D8F8002660001040610010606100107260001026
:10D90800BE600010786100107D6500103966001057
:10D918007D66001041670010756800100000000067
:10D928006932635F7365745F62617564726174659F
:10D938000000000070696F5F72656D6F76655F70DB
:10D94800726F6772616D00005F70696F5F66696E04
:10D95800645F6F66667365745F666F725F70726F1F
:10D968006772616D000000007274635F696E6974AC
:10D978000000000063797734335F77726974655FFC
:10D98800627974657300000063797734335F726578
:10D9980061645F6279746573000000007265616498
:10D9A8005F7265675F7533325F737761700000007F
:10D9B8006368616E6E656C5F636F6E6669675F73DF
:10D9C80065745F64726571006368616E6E656C5F33
:10D9D800636F6E6669675F7365745F636861696EBC
:10D9E8005F746F0063797734335F7370695F747243
:10D9F800616E73666572000063797734335F7370A4
:10DA0800695F696E6974000018DA001006FF00008B
:10DA18000160401080E042B00140841000002050B6
:10DA2800000030501C9300104A9300104A930010D5
:10DA38004A9300104A9300101C9300104A93001058
:10DA48004A930010529300104A9300100C93001050
:10DA58003893001063797734335F646F776E6C6F37
:10DA680061645F7265736F7572636500637977349B
:10DA7800335F77726974655F7265670063797734BD
:10DA8800335F726561645F726567000000000000C3
:10DA98006514000091130000911300009113000019
:10DAA80091130000911300009113000091130000DE
:10DAB80091130000911300009113000091130000CE
:10DAC80091130000911300009113000091130000BE
:10DAD80091130000911300009113000091130000AE
:10DAE800911300009113000091130000911300009E
:10DAF800911300009113000091130000911300008E
:10DB08009113000091130000911300000048004792
:10DB18006514000000000000000000000000000084
:10DB280000000000000000000000000000000000ED
:10DB380000000000000000000000000000000000DD
:10DB480000000000000000000000000000000000CD
:10DB580000000000000000000000000000000000BD
:10DB680000000000000000000000000000000000AD
:10DB78000000000000000000000000004442505077
:10DB8800186001000000000000000000C51B000034
:10DB9800C51B0000C51B0000C51B0000C51B0000FD
:10DBA800C51B0000C51B0000D9130000D5130000D9
:10DBB80015140000DD3D0000793900003B330000FA
:10DBC800D93D0000C9350000B13900001D3E0000F4
:10DBD8004FD50100D93A0000133400007F3400000B
:10DBE800893E00008B3E0000FB380000AD3D000080
:10DBF8004DD50100C51B0000C51B0000C51B00005A
:10DC0800C51B0000C51B0000C51B0000C51B00008C
:10DC1800C51B0000C51B0000C51B0000C51B00007C
:10DC2800C51B0000C51B0000C51B00009FDC0000D1
:10DC3800C51B0000C51B0000C51B0000C51B00005C
:10DC4800C51B0000C51B0000C51B0000C51B00004C
:10DC5800C51B0000C51B0000C51B0000C51B00003C
:10DC6800C51B0000C51B000047FC0000C51B0000C9
:10DC7800A3FD0000C51B0000C51B00009FFD0000A0
:10DC88002BFC0000C51B0000C51B0000C51B0000C5
:10DC9800772E01005B3301001B3501006F34010052
:10DCA800DF3301001F320100C51B0000C51B000047
:10DCB800C51B0000BD350100C51B0000C51B0000C9
:10DCC800C51B0000C51B0000C51B0000C51B0000CC
:10DCD800C51B0000C51B0000C51B0000C51B0000BC
:10DCE800C51B0000C51B0000C51B0000C51B0000AC
:10DCF800C51B0000C51B0000C51B0000C51B00009C
:10DD0800C51B0000C51B0000C51B0000C51B00008B
:10DD1800C51B0000C51B0000C51B0000C51B00007B
:10DD2800C51B0000C51B0000C51B0000C51B00006B
:10DD3800C51B0000C51B0000C51B0000C51B00005B
:10DD4800C51B0000C51B00007916000081160000E5
:10DD5800191F0000352E0000892E0000ED3F00003D
:10DD6800F93F000069510000D1B10000B9DC0000A2
:10DD7800B1FB0000C1350100691600008D160000D6
:10DD88009D1700009D180000E51B0000851C000081
:10DD9800F51C0000791D0000251F0000A12E0000C1
:10DDA800953F00000540000005490000474C000071
:10DDB8009D4D0000A54D0000A94D0000C51B0000A9
:10DDC800C54D0000FD4D0000054E00005B4E0000F3
:10DDD8005F4E00006D4E0000956C0000C51B0000F2
:10DDE80085510000C51B0000056D00003D94000032
:10DDF80081A2000059A30000C9A30000C5CA000001
:10DE0800E5CA0000E1CE0000C1DC0000D1DC000062
:10DE18002FE2000049E4000091E8000083FB0000C5
:10DE280089FB00001D170100010000000000000828
:10DE3800200000000002000004000000FF030000B2
:10DE48005000000001000000010000000A0708015E
:10DE580000000000080000000104000001000000AC
:10DE68000400040008000100000000000000000099
:10DE7800000000000000000000000000000000009A
:10DE8800000000000000000000000000000000008A
:10DE9800000000000000000000000000000000007A
:10DEA800000000000000000000000000000000006A
:10DEB800000000000000000000000000000000005A
:10DEC800000000000000000000000000000000004A
:10DED800000000000000000000000000000000003A
:10DEE800000000000000000000000000000000002A
:10DEF800000000000000000000000000000000001A
:10DF08000000000000000000000000000000000009
:10DF180000000000000000000000000000000000F9
:10DF280000000000000000000000000000000000E9
:10DF380000000000000000000000000000000000D9
:10DF480000000000000000000000000000000000C9
:10DF580000000000000000000000000000000000B9
:10DF680000000000000000000000000000000000A9
:10DF78000000000000000000000000000000000099
:10DF88000000000000000000000000000000000089
:10DF98000000000000000000000000000000000079
:10DFA8000000000000000000000000000000000069
:10DFB8000000000000000000000000000000000059
:10DFC8000000000000000000000000000000000049
:10DFD8000000000000000000000000000000000039
:10DFE8000000000000000000000000000000000029
:10DFF8000000000000000000000000000000000019
:10E008000000000000000000000000000000000008
:10E0180000000000000000000000000000000000F8
:10E0280000000000000000000000000000000000E8
:10E0380000000000000000000000000000000000D8
:10E0480000000000000000000000000000000000C8
:10E0580000000000000000000000000000000000B8
:10E0680000000000000000000000000000000000A8
:10E078000000000000000000000000000000000098
:10E088000000000000000000000000000000000088
:10E098000000000000000000000000000000000078
:10E0A8000000000000000000000000000000000068
:10E0B8000000000000000000000000000000000058
:10E0C8000000000000000000000000000000000048
:10E0D8000000000000000000000000000000000038
:10E0E8000000000000000000000000000000000028
:10E0F8000000000000000000000000000000000018
:10E108000000000000000000000000000000000007
:10E1180000000000000000000000000000000000F7
:10E1280000000000000000000000000000000000E7
:10E1380000000000000000000000000000000000D7
:10E1480000000000000000000000000000000000C7
:10E1580000000000000000000000000000000000B7
:10E1680000000000000000000000000000000000A7
:10E178000000000000000000000000000000000097
:10E188000000000000000000000000000000000087
:10E198000000000000000000000000000000000077
:10E1A8000000000000000000000000000000000067
:10E1B8000000000000000000000000000000000057
:10E1C8000000000000000000000000000000000047
:10E1D8000000000000000000000000000000000037
:10E1E8000000000000000000000000000000000027
:10E1F8000000000000000000000000000000000017
:10E208000000000000000000000000000000000006
:10E2180000000000000000000000000000000000F6
:10E2280000000000000000000000000000000000E6
:10E2380000000000000000000000000000000000D6
:10E2480000000000000000000000000000000000C6
:10E2580000000000000000000000000000000000B6
:10E2680000000000000000000000000000000000A6
:10E278000000000000000000000000000000000096
:10E2880000000000000000000000000000F459B287
:10E2980000000000FFF75E9F0000000000F463B17B
:10E2A80000000000FFF7419D00000000FFF76D9C93
:10E2B80000000000F3F7AE9800000000E9F7679E41
:10E2C80000000000E5F7989D00000000E4F7829F39
:10E2D80000000000D3F77C9B00000000CFF7EC990A
:10E2E80000000000C9F7D89E00000000C8F75A9F38
:10E2F80000000000C8F7B49C00000000C2F7549F5B
:10E3080000000000C0F7449C00000000C0F7329AEB
:10E3180000000000BFF78C9D00000000BFF7569F6B
:10E3280000000000C2F71E9D00000000E1F7C29C3B
:10E3380000000000BFF7049800000000BEF7A69E8A
:10E3480000000000BDF77C9F00000000BBF76D9C3B
:10E3580000000000A2F73E9D00000000B7F7E29A17
:10E3680000000000DDF7329B00000000B9F7889E2E
:10E3780000000000B2F7669B00000000B2F7F69AB2
:10E3880000000000B2F77C9900000000B1F7869AFF
:10E3980000000000DAF7669C00000000B0F76E9EEF
:10E3A80000000000C1F7FE9A00000000AEF73B9B9A
:10E3B80000000000A0F7F69D00000000A0F7169CE2
:10E3C80000000000ABF7F09E00000000A2F7E09C00
:10E3D80000000000A2F7DE9A00000000A0F7FB98FA
:10E3E800000000009FF7AE9F000000009EF7B6995E
:10E3F800000000009DF77C9D000000009BF7329D07
:10E40800000000009AF7F89F00000000A0F7E09EC7
:10E4180000000000A0F70F9F0000000099F7DE9AA7
:10E4280000000000A0F7939C00000000D7F7289F89
:10E4380000000000D7F71C9A00000000D7F7169CD0
:10E4480000000000D9F78A9C0000000093F7709A3A
:10E458000000000093F776990000000093F7CD9D27
:10E468000000000093F77D9B0000000093F7B89A26
:10E478000000000092F7649F0000000092F7029DE0
:10E488000000000092F7D29A0000000092F700996D
:10E498000000000092F714980000000092F7129B09
:10E4A800000000008FF7249900000000D7F7449B74
:10E4B80000000000D7F7129B00000000D6F7989ED6
:10E4C800000000008CF7539C000000008CF7939D1F
:10E4D800000000008BF74B9F000000008CF78E991E
:10E4E8000000000089F7749E000000000000000092
:10E4F8000000000000000000000000000000000014
:10E508000000000000000000000000000000000003
:10E5180000000000000000000000000000000000F3
:10E5280000000000000000000000000000000000E3
:10E5380000000000000000000000000000000000D3
:10E5480000000000000000000000000000000000C3
:10E5580000000000000000000000000000000000B3
:10E5680000000000000000000000000000000000A3
:10E578000000000000000000000000000000000093
:10E588000000000000000000000000000000000083
:10E598000000000000000000000000000000000073
:10E5A8000000000000000000000000000000000063
:10E5B8000000000000000000000000000000000053
:10E5C8000000000000000000000000000000000043
:10E5D8000000000000000000000000000000000033
:10E5E8000000000000000000000000000000000023
:10E5F8000000000000000000000000000000000013
:10E608000000000000000000000000000000000002
:10E6180000000000000000000000000000000000F2
:10E6280000000000000000000000000000000000E2
:10E6380000000000000000000000000000000000D2
:10E6480000000000000000000000000000000000C2
:10E6580000000000000000000000000000000000B2
:10E6680000000000000000000000000000000000A2
:10E678000000000000000000000000000000000092
:10E688000000000000000000000000000000000082
:10E698000000000000000000000000000000000072
:10E6A8000000000000000000000000000000000062
:10E6B8000000000000000000000000000000000052
:10E6C8000000000000000000000000000000000042
:10E6D8000000000000000000000000000000000032
:10E6E8000000000000000000000000000000000022
:10E6F8000000000000000000000000000000000012
:10E708000000000000000000000000000000000001
:10E7180000000000000000000000000000000000F1
:10E7280000000000000000000000000000000000E1
:10E7380000000000000000000000000000000000D1
:10E7480000000000000000000000000000000000C1
:10E7580000000000000000000000000000000000B1
:10E7680000000000000000000000000000000000A1
:10E778000000000000000000000000000000000091
:10E788000000000000000000000000000000000081
:10E798000000000000000000000000000000000071
:10E7A8000000000000000000000000000000000061
:10E7B8000000000000000000000000000000000051
:10E7C8000000000000000000000000000000000041
:10E7D8000000000000000000000000000000000031
:10E7E8000000000000000000000000000000000021
:10E7F8000000000000000000000000000000000011
:10E808000000000000000000000000000000000000
:10E8180000000000000000000000000000000000F0
:10E8280000000000000000000000000000000000E0
:10E8380000000000000000000000000000000000D0
:10E8480000000000000000000000000000000000C0
:10E8580000000000000000000000000000000000B0
:10E8680000000000000000000000000000000000A0
:10E878000000000000000000000000000000000090
:10E888000000000000000000000000000000000080
:10E898000000000000000000000000000000000070
:10E8A8000000000000000000000000000000000060
:10E8B8000000000000000000000000000000000050
:10E8C8000000000000000000000000000000000040
:10E8D8000000000000000000000000000000000030
:10E8E8000000000000000000000000000000000020
:10E8F8000000000000000000000000000000000010
:10E9080000000000000000000000000000000000FF
:10E9180000000000000000000000000000000000EF
:10E9280000000000000000000000000000000000DF
:10E9380000000000000000000000000000000000CF
:10E9480000000000000000000000000000000000BF
:10E9580000000000000000000000000000000000AF
:10E96800000000000000000000000000000000009F
:10E97800000000000000000000000000000000008F
:10E98800000000000000000000000000000000007F
:10E99800000000000000000000000000000000006F
:10E9A800000000000000000000000000000000005F
:10E9B800000000000000000000000000000000004F
:10E9C800000000000000000000000000000000003F
:10E9D800000000000000000000000000000000002F
:10E9E800000000000000000000000000000000001F
:10E9F800000000000000000000000000000000000F
:10EA080000000000000000000000000000000000FE
:10EA180000000000000000000000000000000000EE
:10EA280000000000000000000000000000000000DE
:10EA380000000000000000000000000000000000CE
:10EA480000000000000000000000000000000000BE
:10EA580000000000000000000000000000000000AE
:10EA6800000000000000000000000000000000009E
:10EA7800000000000000000000000000000000008E
:10EA8800000000000000000000000000D41B80000F
:10EA98000400000000080000B42280000400000008
:10EAA8000808000078238000040000001008000017
:10EAB800C4278000040000001808000030288000E7
:10EAC8000400000020080000D8178100040000009E
:10EAD8002808000000D08100040000003008000071
:10EAE8001C14820004000000380800002838820046
:10EAF80004000000400800006C6683000400000069
:10EB080048080000ACAD8300040000005008000075
:10EB18000808840004000000580800001C1A84003B
:10EB2800040000006008000098228400040000002F
:10EB3800680800002C8A84000400000070080000A7
:10EB4800D8BE84000400000078080000C0BF84001C
:10EB5800040000008008000010C3840004000000C6
:10EB68008808000078C984000400000090080000AC
:10EB78002C91840004000000980800000C4C8200CE
:10EB880004000000A0080000FCD984000400000074
:10EB9800A808000084E3840004000000B008000016
:10EBA80018EC840004000000B80800000C19850067
:10EBB80004000000C008000084C0860004000000B3
:10EBC800C80800004466850004000000D008000062
:10EBD80010A2820004000000D8080000003B850055
:10EBE80004000000E008000084B68500040000006E
:10EBF800E8080000E8B6850004000000F0080000FE
:10EC0800CCBA850004000000F8080000F8C88500A8
:10EC18000400000000090000B0BE820004000000EB
:10EC280008090000ACD485000400000010090000A9
:10EC3800E09B84000400000018090000B8FB850070
:10EC4800040000002009000038E3860004000000EA
:10EC5800280900006CEA8600040000003009000062
:10EC6800282586000400000038090000F0C086004E
:10EC780004000000400900003CC3860004000000B6
:10EC88004809000018F98600040000005009000037
:10EC980064FA86000400000058090000440987004F
:10ECA8000400000060090000101387000400000041
:10ECB8006809000010338700040000007009000094
:10ECC8005C3B87000400000078090000A0D986009A
:10ECD800040000008009000058DA860004000000E3
:10ECE80088090000B860870004000000900900004F
:10ECF80018E086000400000098090000ACE48200D7
:10ED080004000000A009000058EF82000400000081
:10ED1800A8090000E4F1820004000000B009000026
:10ED2800C0F2820004000000B8090000D4D18700B6
:10ED380004000000C0090000D4D4870004000000CB
:10ED4800C8090000BCD6870004000000D0090000F4
:10ED5800F4D9870004000000D8090000C0DA870051
:10ED680004000000E0090000DCDC8700040000006B
:10ED7800E8090000F8DC870004000000F009000042
:10ED880088DD870004000000F80900007CE28700A5
:10ED980004000000000A0000CCE387000400000023
:10EDA800080A0000F4E5870004000000100A0000CB
:10EDB8009026880004000000180A0000A40B8300B5
:10EDC80004000000200A00007C0E830004000000FC
:10EDD800280A00000819830004000000300A000017
:10EDE8005058880004000000380A000020598800A4
:10EDF80004000000400A0000D462880004000000FB
:10EE0800480A00008469880004000000500A0000D5
:10EE1800DC98880004000000580A000068468369EE
:10EE280041690BB503695A4651460EB44A464146F4
:10EE380006B4C36882684168FEB40368C269EFF328
:10EE480003810EB48269EFF3058106B403480168B3
:10EE58000029FED06846884714B000BD3C14000065
:10EE680062B6704772B6704704490840002803D05C
:10EE780003490A6802430A6070470000FFFF000068
:10EE880000E100E004490840002804D003490A686A
:10EE9800C04302400A607047FFFF000080E100E0C5
:10EEA80002490968902288587047000044140000FD
:10EEB800024909689C2288507047000044140000E9
:10EEC800DDBAADBB0000000000000000000000003B
:10EED800000000000000000000000000000000002A
:10EEE800024A11681060081C704700003C140000BA
:10EEF8005648574900220A500168564A0A40564F58
:10EF08000F403F4206D15046004202D040460042E0
:10EF180029D1FEE7FC2141580A680F2313400F2B23
:10EF2800F1D0012B01D00431F6E708314B4B1340E7
:10EF38004B4CA34206D100F0C1F8804600F0CAF855
:10EF48008146E9E7474CA342E6D10B1F1B68464CB4
:10EF580023401824E3409C4600F0B0F8824600F0B5
:10EF6800B9F88346D8E7414921224250374A4049F7
:10EF78008958FF23194219D051683E4B194215D0C0
:10EF88001168344B1940D36A10E0A3420ED0C04632
:10EF98000CE039498958194208D03849895819402C
:10EFA8009942FAD1364B11691942FCD049463F4281
:10EFB80004D19823CB581024E34001E0314BCB58BF
:10EFC8001C242340002B01D000F092F840462E4923
:10EFD800086048462D49086050462D49086060463B
:10EFE8002C4908602C490F602C4D2D490D602D4887
:10EFF8002D49002204C08142FCD8043DAD46009D45
:10F00800EC431023DD41AC4210D1240CA400274D61
:10F018002C606B461B1B2648264D2860002C05D00B
:10F028001D68056004330430043CF9DC81B0224BD0
:10F038001B490D68ED1A0D606C46E41AA546684632
:10F0480000090001854600F0D7FCFEE70000001823
:10F0580014060000FFFF0000000000F000FF0F0092
:10F06800002A0800000E0800000000FFE001000070
:10F078000406000000003800180600000C06000016
:10F0880000100000080400004414000048140000A8
:10F098004C14000050140000401400000000080048
:10F0A800945C0100BC5F01009C6601009C5C01004F
:10F0B8008C750200985C01000000010008680F22AE
:10F0C80004310240052AF9D1014A1040F7460000F0
:10F0D80000F0FFFF08680F2204310240052AF9D129
:10F0E80080221042F6D0014A1040F74600F0FFFF98
:10F0F800FEE7000000487047BC5F01000048704709
:10F10800FC5F0100004870476060010000487047DC
:10F118000860010003F04ABA01238B402DE9F74F3C
:10F12800B3F5001F28BF4FF40013042B38BF042386
:10F138000330019320F00304FFF7E0FF354B002272
:10F14800D3F800B015469446134627E0D1F800A03E
:10F15800A24522D301F10807019E07EB0A08C6F170
:10F168000009C4EB080609EA0606BE4215D3DDF815
:10F17800049009F1FF3919EA070FCDF8009002D081
:10F18800F71B072F09D9C4EB0A075F4505D242468A
:10F1980035466FB1BB4684460B4608464168002990
:10F1A800D4D13BB91C4A18461168013111602FE0CF
:10F1B80084460B46521B111B072909D918682A19BE
:10F1C800401A083918602951596851605A60224616
:10F1D8001968891A072903D85A68CCF8042004E06A
:10F1E8005A50A1F108021A605B180C4800221968ED
:10F1F8005A6002688A18026009480168083101608B
:10F208008918084A1068814288BF116003F1080014
:10F21800BDE8FE8FF4030000F003000014040000B2
:10F22800480400000460010038B5194B50F8082C58
:10F23800196805468A1A1A60164BA0F108041A685C
:10F24800083A1A60FFF75AFF02E0A34203D21846B1
:10F258004368002BF9D155F8082CA9188B4205D121
:10F2680019685B685218083245F8082C636003680F
:10F2780003F108028218A24207D155F8082C9B18FE
:10F28800083303606368436000E04460002038BDD1
:10F29800140400004804000010B500214022044670
:10F2A80005F04ADC104B2360104B6360104BA360E1
:10F2B800104BE360104B2361104B6361104BA3614B
:10F2C800104BE361104B2362104B6362104BA36237
:10F2D800104BE362104B2363104B6363104BA36323
:10F2E800104BE36310BD00BF00000000F8370100B9
:10F2F800F8370100915C0100945C0100BC5F0100DB
:10F30800BC5F01009C6601009C660100FCB602001F
:10F31800FCB602008C6A0300FC000000000100003B
:10F328000000000000000000F0B52D4D91B06846C7
:10F33800FFF7B2FF2978002937D10898099C241AC9
:10F3480006D0224605F0F8DB0898214609F06EDD64
:10F3580022462449244805F015DC244B00241C705F
:10F3680001232B70224D09F091DC2B68002B33D040
:10F378001A78002A30D09F895E890CE02B681D4AD4
:10F38800D98910680AF076DC0134014630B1184B8F
:10F39800186806F0B1DBA319BB42EFDB164B2968EE
:10F3A8001868012206F0ECDB16E0144E317899B9A2
:10F3B8000A980B9C241A06D0224605F0BDDB0A9851
:10F3C800214609F033DD08480D49224605F0DADB0D
:10F3D80000232B700123337009F058DC11B0F0BD05
:10F3E800FC0300009AFB88005539010014600100F5
:10F3F80044040000900400002C0400006C6001002C
:10F40800521E8900014B1868704700BF945C0100C8
:10F41800002070472DE9F04F9DB00AA8FFF73CFF88
:10F42800FFF7F0FF0446FFF7F3FF0A9B0B9A0F99CB
:10F43800D21A0E9B0D9DC3EB01091199109B6E4EBC
:10F44800CB1A0C99DFF80082C1EB050B93443268A4
:10F45800D8F8001002F50052521A4A44D2185A44F9
:10F46800141924180994DFF8E4A1644C644F226845
:10F47800DAF800506348AD183A680893C5EB020CF7
:10F48800CDF81CC005F07EDB089B09F57E71019361
:10F4980003F57E7307339B0A07310BF57E72890AE1
:10F4A800073202930823920A0091039359464B4668
:10F4B800554805F067DB336820683968DDF81CC0FB
:10F4C8000190039300F57E7003F57E730CF57E764C
:10F4D80001F57E7207300733800A9B0A0732073628
:10F4E800B60A920A0290049348486346009605F0CB
:10F4F80049DB099905F57E7201F57E7307339B0A8E
:10F508000732920A00932946099B414805F03ADBE5
:10F51800404B414F1968414805F034DB3968404B8E
:10F528000A6846469A4203D03E4805F02BDB25E0A0
:10F538001A910B4604E015683948131D854203D11A
:10F548001A461BAB9A42F6D333681AAD0093364875
:10F558002B461A9205F016DB3B681A9AE91A3348CB
:10F56800D31A0A46009305F00DDB33681A9A591B23
:10F578002F489B1A0A46009305F004DB2D4B1B68A5
:10F588004BB31A783AB35989DD891A8901FB05F614
:10F5980038354D4306F57E7307339B128DE82800F6
:10F5A80005F57E7307339B1202932348334605F013
:10F5B800E9DA2368DAF80020991B9B185B1B03F52E
:10F5C8007E7001F57E720730800A07320090920A39
:10F5D8001A4805F0D7DA1A4B1D6809F081DD044690
:10F5E80009F078DD294603462246164805F0CADAAE
:10F5F8001DB0BDE8F08F00BF0460010014040000D6
:10F60800F40300008839010097390100D639010058
:10F618001B3A0100F003000068600100563A01003F
:10F628004B415453713A0100953A0100CC3A01001C
:10F63800F13A010044040000173B0100443B01007B
:10F64800040400006C3B0100106001004804000045
:10F6580008B57146034805F095DA0120BDE8084071
:10F6680009F0249E9A3B0100004870471860010089
:10F678002DE9F34107460C4609F032DD10B909F0CF
:10F6880035DD3AE0002620460DF106016A46ADF860
:10F698000660009607F103080AF072D9009D28F069
:10F6A8000308454440F638039D4226D82DB3284622
:10F6B8003146FFF731FD0446F8B13146009A05F0AE
:10F6C8003BDA009BA781ED1AE218C8EB050802EBAC
:10F6D8000803A3606368013D62F3140363601B0CB5
:10F6E80065F34F13E380204609F0DEDC0123208018
:10F6F800A370BDF80630E38104E0044B00241A68C7
:10F7080001321A602046BDE8FC8100BF4C040000AD
:10F7180038B50446E389590621D4A278013AD2B211
:10F72800A270002A27D1E27862B1134B204653F821
:10F738002250E9890AF0D4D928462146BDE8384044
:10F7480006F0509ADA0516D40C4B2046A36021889F
:10F7580009F0D4DC2046BDE83840FFF765BD074B0B
:10F768002046A3602188A56B09F0C8DC2046FFF776
:10F778005BFD2C46CEE738BD50610100EFBEADDE23
:10F78800F8B51F4E01220D463068002102F0AAFF8D
:10F79800002108220746306802F0A4FF022D014626
:10F7A80010D107EA000414F4806406D0306821F40C
:10F7B8008061002202F096FF2C46FA041ED544F020
:10F7C80004041BE0052D10D107F40064D4F10104F2
:10F7D80038BF0024BB0511D5306841F48061002290
:10F7E80002F080FF44F0200408E035B9306829466B
:10F7F8000522BDE8F84002F075BF00242046F8BD98
:10F808000004000029B9034B11461868072202F0CA
:10F8180069BF7047000400002DE9FF470446FFF761
:10F8280023FF2368C462032B03D1474B18680FF0EA
:10F83800EFD92368A3F110020F2A04D804B0BDE859
:10F84800F04709F0CF9B032B0FD1404AE36C22F01D
:10F858000102934209D1626C06339361636C4FF0E5
:10F86800FF321A6004B0BDE8F087656CFFF7CAFD87
:10F87800374E636CF169C3EB000A3268354805F00E
:10F8880081D9A36C21680093636C22460193A36815
:10F8980031480293E36800270393E36C05F072D9BB
:10F8A800E36904F110010093236A2C480193636A09
:10F8B8004FEA9A0A0293A36AB94603930EC905F060
:10F8C80061D9A36B04F12C010093E36B24480193E5
:10F8D800236CB84602930EC905F054D9EB68214849
:10F8E800009395E80E0005F04DD9EB6905F110017C
:10F8F80000931D480EC905F045D918E07A59D30779
:10F908000FD5FF2A0DD9194B9A4204D902F1624347
:10F91800B3F5801F05D81648394605F033D909F1E3
:10F9280001090437B9F10F0F08F1010801D8D045D2
:10F93800E4D13368002043F4806386E8180004B0FB
:10F94800BDE8F04709F0B29C00040000D1C0800077
:10F9580070600100C63B0100DC3B0100113C010066
:10F96800443C0100733C0100913C0100F837010060
:10F97800AF3C0100036810B5022B044603D0084BC6
:10F9880018680BF0BDDE2046FFF746FF2368022B00
:10F9980005D0034B1868BDE810400BF0F19E10BD70
:10F9A80000040000014B1868704700BFB4600100F4
:10F9B8002DE9F04104464C200E46154698460AF0BB
:10F9C800D1D80746A0B100214C2205F0B5D84FF494
:10F9D800F0637B634FF47A73FB631C233B640C2353
:10F9E8007B640423C7F80C803E607D60BC60BB6408
:10F9F8003846BDE8F081704710B515F04BFF15F09B
:10FA080059FF15F0B3F816F005F8044615F06CF830
:10FA180020461BF0D9FCFFF787FC2046BDE81040C4
:10FA280009F0AE9A002301E0013340080028FBD119
:10FA3800C3F120007047C0177047431E23EA000037
:10FA4800FFF7F9BF4840FFF7F8BF22EA0002084075
:10FA58001043704708B5FFF7F8FFC0B208BD2DE99D
:10FA6800F843DDF8208006460D46144699460027DF
:10FA780007E0E95DE25D3046FFF7ECFF08F80700B4
:10FA880001374F45F5D1BDE8F8830379013BDBB277
:10FA9800A3EB511300EB83008068D0F1010038BF5D
:10FAA8000020704710F0010130B51AD0022301225E
:10FAB800591E01249DB214FA01F1202D02D09C4058
:10FAC800013C01E04FF0FF3400FB02F52C40A1425D
:10FAD80034BF891811460133212B0A46E8D108465C
:10FAE80030BD084630BD38B5054600F51770FEF341
:10FAF800BDF700240AE004F1760005EB80004368B6
:10FB080013B10430FFF304F70134A4B2B5F8583147
:10FB1800A342F0D838BD2DE9F041061D9AB004463D
:10FB28000431304604321D46FEF384F60746002DA4
:10FB380030D0204601210AAA202305F10408FFF34A
:10FB4800FDF647B920462946FFF368F60028D4BFDA
:10FB58000020012000E001200021FFF773FF31465B
:10FB6800054642463046FFF3FBF4012112AA202342
:10FB78002046FFF3E3F602AEE8B20AA912AA202350
:10FB88000096FFF76CFF63682046012132469B0010
:10FB980000F0AEDA1AB0BDE8F081F0B5071D9BB0F1
:10FBA80004460431384604321D46FFF3D9F40646AC
:10FBB80025B320230AAA01212046FFF3BFF63046C9
:10FBC8000021FFF73FFF2A1D064639463846FEF357
:10FBD80031F6012112AA20232046FFF3AFF602AD29
:10FBE800F0B20AA912AA20230095FFF738FF63682C
:10FBF800204601212A469B0000F07ADA1BB0F0BDAE
:10FC08002DE9F041B8B0154606468846FFF3C4F61C
:10FC18006A68044602329300502B4FD8D8F8043053
:10FC280003339B00902B49D824A9FFF379F50746A5
:10FC3800002844D06A6805F10801920026A804F05B
:10FC4800F7DED8F80420204669460332FFF368F54A
:10FC58000446002833D02846FFF3A2F66D686D01EC
:10FC6800451B00E0203515F11F0FFBDB2046414600
:10FC7800FFF306F63DB13846294600F079DA20460A
:10FC8800294600F075DA201D391DFFF39FF2204642
:10FC98003946FFF3C3F5002805DB204621463A46DE
:10FCA8000023FFF77AFF1DB12046694200F060DAB1
:10FCB80030462146FFF3E4F5012000E0002038B08B
:10FCC800BDE8F08108B528B1FFF36AF6D0F101006C
:10FCD80038BF002008BD2DE9F0410446ACB00D4600
:10FCE8001646FFF359F66B6862682B94B2EB430F24
:10FCF80001D3201D08E001210022DB00FFF3CAF434
:10FD08002B9000284ED00430291DFFF3DBF230463B
:10FD1800FFF7D8FF0121FFF795FE20230BAA012149
:10FD280080462046FFF30AF62B981BAD201A18BF11
:10FD380001200121FFF786FE2B9907462046FFF395
:10FD48009FF5012113AA20232046FFF3F7F5F8B207
:10FD580013A90BAA20230095FFF781FE01212A464B
:10FD680020232046FFF3EAF5324620462B99FFF779
:10FD780047FF0646B8B1012123AA20232046FFF3F6
:10FD8800DDF503AE5FFA88F023A92A462023009602
:10FD9800FFF765FE3246204601212023FFF3CEF50A
:10FDA800012600E006462B9B9C4202D02BA8FFF3BD
:10FDB800AFF530462CB0BDE8F0812DE9F74FD2F809
:10FDC80004A007795FFA8AF991F80480144600F1D3
:10FDD800080609F1FF390D4630460021BA005FFADE
:10FDE80089F9083404F0A8DE013F08F1FF3104EB7B
:10FDF800890B6FEA0909C9B24FEA8909FFB20835C8
:10FE08004FEA880805EB8105CDF80490002306EB3E
:10FE18008706C8F1000900211DE05FFA8AF84FEA59
:10FE280088085C46C8EB0608304600270DE03A46CD
:10FE3800076854F804C90023D2196F5843F1000326
:10FE4800E7FB0C2340F804291F464045EFD10198F1
:10FE580004393350043E4945DFD10020BDE8FE8F08
:10FE68002DE9F04FBDB088464699D0F80C900C1D8E
:10FE78008568039400684C6808F10401049109F14D
:10FE8800040105910790114628461A460023FFF7FA
:10FE980094FF98F8042099F804302E7908920021EC
:10FEA80009F108009A000835069306F1FF3A04F0B4
:10FEB80043DE039805EB8A0AA50040194FEAC40BF4
:10FEC8000A90CBEB0A0B5146A4460020AE462BE025
:10FED8000B68079A0A9F53430E460993254600204C
:10FEE80002910EE057F8043931680B930023421849
:10FEF8000B98099943F10003E1FB002346F8042914
:10FF0800184615F1FF35EDD20299A5004D1B07E003
:10FF18001E680023821943F1000345F80429184696
:10FF2800AB452B46F4D304391CF1FF3CD0D2059ADB
:10FF3800069B754602EB8306CBF80000CEEB0A0A57
:10FF48002246002303E05AF80310F150043B013A1B
:10FF5800971CF8D10021D9F80800FFF773FD05991F
:10FF6800039A07460498FFF3FBF202212B4640460A
:10FF78000CAAFFF3E3F40498089900EB810303E06B
:10FF880056F8042943F8042914F1FF34F8D2022161
:10FF98001CAA2B464046FFF3D1F42CACF8B21CA99E
:10FFA8000CAA2B460094FFF75AFD40460221224630
:10FFB8002B4600F09DD800203DB0BDE8F08F2DE91C
:10FFC800F04F04468BB0184609921F460891FFF37C
:10FFD800E3F47B6804F5AC7206929B0000220025CE
:10FFE8000590A4F8582107932E4668E004EB86098B
:08FFF800D9F80410002960D0C3
:020000041001E9
:100000000698FFF3D7F0804600285AD101214246D6
:10001000079B0598FFF342F305F1200A04EB8A0AD7
:10002000CAF85C01D9F8040004EB8503C3F85C014D
:10003000FFF7FCFCC0F11F00C0B204900999DAF888
:100040005C01FFF321F4C146DDF810A032E04FF06F
:10005000010B05F1200884F860B204EB8808D8F899
:100060005C1104F5177C60460A460B46CDF80CC0BF
:100070000097FFF7F9FE049ADDF80CC053B2C9EB04
:1000800003030BFA03FB04EB86035B681BEA030F15
:100090000AD0002384F86032D8F85C116046089AD0
:1000A0000B460097FFF7E0FE0AF1FF3A5FFA8AFA83
:1000B00009F101091AF0800FC9D00135EDB2A4F899
:1000C00058510136F6B294F84431B34292D8012027
:1000D0000BB0BDE8F08F2DE9F04F8346ADF52F7DD5
:1000E00018461C4689469246FFF35AF46768012574
:1000F0008046BE0000212422A1A804F021DD29466B
:10010000002233464046A195FFF3C8F2294600225B
:100110003346AB904046FFF3C1F2294600223346F6
:10012000AC904046FFF3BAF202217B198B40AD90B0
:10013000A1AA4046FFF3B2F2AA90AB9800F008D80B
:10014000267904F10805013EF6B255F8260010F0B4
:10015000010000F093804946AA9A2346AC98FFF329
:100160002DF72346AB99AA9AAD98FFF327F755F8D8
:100170002600FFF79BFC002105464FF41E7203A8E2
:1001800004F0DEDC05236A4221469AA88DF80C3083
:10019000FEF37CF4514603A8FEF3DEF3234603A8E6
:1001A000AC99AD9AFFF70FFF9DF8507107F1FF383A
:1001B0001FFA88F80FFA88F3002B4FDB03A800EB37
:1001C0008303596859A8FEF3BBF61F2846D803A934
:1001D00001EB8003D3F8DC11AD98FFF355F3C8F1C0
:1001E000000800252DE0AD9901238DF86C329AA806
:1001F0000A460B460094FFF737FEBB1E1BB203A84E
:10020000EA18C3185B1993F8043131460136994254
:10021000E9DB00EB8203596891B1002359A88DF8FE
:100220006C32FEF38DF61F2818D803A901EB80036A
:10023000AD990094D3F8DC219AA80B46FFF714FE81
:10024000013D45454FF00006D7D19AA85946AD9AD1
:10025000AB9B8DF86C620094FFF706FE03A8FFF7D6
:1002600046FCACA8FFF358F3ADA8FFF355F3ABA8D9
:10027000FFF352F3AAA8FFF34FF301200DF52F7DF2
:10028000BDE8F08F2DE9F04FB3B0039018461C463F
:100290008A469346FFF384F3D4F80490012509F1CC
:1002A0000107BF0080464FEA890600213A4605A8AB
:1002B00004F046DC29460022334640460595FFF30C
:1002C000EDF12946002233462E904046FFF3E6F139
:1002D0002946002233462F904046FFF3DFF129469E
:1002E0000022334630904046FFF3D8F102213B46CE
:1002F000319005AA4046FFF3D1F12D902E98FFF3DF
:1003000027F7267904F10805013EF6B255F82600D4
:10031000DAF8047010F0010000F08B8051462D9A3D
:1003200023462F98FFF34AF62E992D9A23463098AC
:10033000FFF344F655F82600FFF7B8FB7F01424271
:10034000214626A8FEF3A2F3013F01E0A6F1200713
:10035000BEB258463146FFF79CFB0028F6D109F1A2
:10036000FF393FB20BF1080AA9EB67175AF82700CB
:10037000FFF75CFB361A3BE0309901250A460B4635
:1003800026A88DF89C500094FFF76EFD294616AA0A
:1003900020233098FFF3D6F230994FF000080B4637
:1003A0002F9A26A88DF89C800094FFF75DFD1EAA69
:1003B000294620233098FFF3C5F206F01F0015FAF6
:1003C00000F0A9EB67175AF8273041461840FFF7AD
:1003D0003DFB0EAFC0B216A91EAA20230097FFF75F
:1003E00042FB309829463A462023FFF385F6013E2A
:1003F000B6B237B2002FBFDA00230399309A8DF8D6
:100400009C3026A82E9B0094FFF72EFD26A8FEF315
:1004100031F32FA8FFF380F230A8FFF37DF22EA86E
:10042000FFF37AF22DA8FFF377F231A8FFF374F20D
:10043000012033B0BDE8F08F2DE9F04FBFB003903D
:1004400018461D4689469246FFF3AAF26E680223BB
:100450000124B60000278DF8F7300A233C9321468B
:100460003A463346804637973B978DF8F640FFF380
:1004700015F121462D903A4633464046FFF30EF1E2
:1004800021462E903A4633464046FFF307F10221BB
:100490002F903A4633464046FFF300F12146309014
:1004A0003A4633464046FFF3F9F0214631903A464A
:1004B00033464046FFF3F2F0214632903A46334647
:1004C0004046FFF3EBF0214633903A463346404630
:1004D000FFF3E4F0214634900DF1F6022346339801
:1004E000FFF30AF621460DF1F70223463498FFF395
:1004F00003F621463A4633464046FFF3CFF0214605
:1005000035903A4633464046FFF3C8F021463690D0
:100510003A4633464046FFF3C1F0214638903A460A
:1005200033464046FFF3BAF0214639903A46334607
:100530004046FFF3B3F021463A903CAA2346309858
:10054000FFF3DAF530982B4602462946FFF729FBE0
:1005500003992A462D98FFF7C2FB2B4630992D9A16
:100560002E98FFF32BF52E992A462F98FFF7B7FB0D
:100570002E982F9A01462B46FFF7D1FA2E98FFF7B7
:10058000A5FB2146FFF762FA29468446349A2F9844
:100590002B46CDF808C0FFF704FB2E992F9A2B4667
:1005A0003198FFF76FFE4A462B4630992E98FFF39D
:1005B00005F52E9829460246FFF374F251462E9A0D
:1005C0002B463598FFF3FAF452462B462E982946CF
:1005D000FFF7E7FA484629462F9AFFF363F22E9871
:1005E0002F9A01462B46FFF3E9F42F983399319A5D
:1005F0002B46FFF794FA2E992F9A2B463698FFF345
:10060000DDF4202321461DAA3598FFF39BF120231A
:10061000214625AA3698FFF395F1DDF808C00DF1C3
:10062000540B5FFA8CF01DA925AA3346CDF800B013
:10063000FFF719FA334621465A464046FFF32EF09B
:100640002A46014637902E98FFF749FB2E98379A95
:1006500001462B46FFF3B2F44946379A2B462F98B2
:10066000FFF3ACF42E982F9A01462B46FFF757FA6A
:10067000524639982E992B46FFF751FA30992D9A08
:100680002B462E98FFF39AF42B462E99379A3898DA
:10069000FFF394F438992A462E98FFF720FB2E9802
:1006A000389A01462B46FFF389F44946389A2B467F
:1006B0002F98FFF383F42E982F9A01462B46FFF7CD
:1006C0002EFA52463A982E992B46FFF728FA339A7B
:1006D0002B462E982946FFF764FA2E982146FFF301
:1006E0004BF52E982B4602463999FFF7CBFD2E98F5
:1006F000FFF7ECFA214681462E98FFF3AFF2214630
:1007000040EA0900FFF7A2F9214681461DAA2023ED
:100710003998FFF317F15FFA89F92023214625AABA
:100720003A98FFF30FF148461DA925AA3346CDF8A4
:1007300000B0FFF798F921465A4633464046FEF38B
:10074000ADF720233B9021461DAA3798FFF3FAF01E
:100750002023214625AA3898FFF3F4F00DF1140A5E
:1007600048461DA925AA3346CDF800A0FFF77BF91E
:100770002023284621461DAAFFF3E4F006F1FF39A5
:100780003EAB994419F8843C03F00303032B03D0D8
:10079000444804F0FBD954E03A46404621463346EB
:1007A000FEF37CF73B4680462946339A2E98FFF7A6
:1007B000B6F92E980221FFF3DFF42B463B992E9ACF
:1007C0004046FFF75FFD21461DAA20230398FFF353
:1007D000B9F025AA202321464046FFF3B3F019F8CB
:1007E000840C19F8641C00F0010001F00101FFF70E
:1007F0002DF929462B46074642462E98FFF7D1F998
:1008000021461DAA20234046FFF39CF0214625AA3D
:1008100020232E98FFF396F00AEB0605F8B21DA9E7
:1008200025AA33460095FFF71EF921465246334666
:100830004898FFF361F4499821462A463346FFF36E
:100840005BF42DA8FFF368F02EA8FFF365F02FA846
:10085000FFF362F031A8FFF35FF030A8FFF35CF024
:1008600032A8FFF359F033A8FFF356F034A8FFF392
:1008700053F035A8FFF350F036A8FFF34DF037A83A
:10088000FFF34AF03BA8FFF347F038A8FFF344F02A
:1008900039A8FFF341F03AA8FFF33EF000203FB043
:1008A000BDE8F08FE93C010000487047883D010039
:1008B00000487047103D0100004870474C3D010062
:1008C00000487047C43D0100012801D1FFF7F0BF87
:1008D000022801D1FFF7F0BF032801D1FFF7F0BFD5
:1008E000042801D1FFF7E0BF00207047004870479F
:1008F000DC60010000487047305D0100014B43F8A7
:100900002010704750610100034B53F82000431A38
:10091000584240EB030070475061010042893C2976
:1009200028BF3C21034691422CBF084610469881BF
:100930007047000000F13402342A08B5034606D996
:1009400005482021054A04F061D9034808BD044A3E
:10095000434252F8230008BD306101007F3E010090
:100960000CA2880038B5049C1D467CB1FF2B0DD02D
:1009700002B95BB96B1C2070A170637025B1114680
:10098000E01C2A4604F058D803356419204638BDC7
:10099000C0F3804070470000044B00F44032134322
:1009A00003420CBF00200120704700BFD0915400CB
:1009B00038B50546FFF7F0FF38B10B4B2B4033B984
:1009C00015F4900418BF182402E0044600E0102437
:1009D000284605F0BDDF20B1034B2B40002B18BF8C
:1009E0001024204638BD00BFC4D104000048704721
:1009F000685D010000487047785201000020704790
:100A000008B5FFF7F3FF41780278012313FA01F1EB
:100A100013FA02F20A4381788B4042EA030008BDD0
:100A20002DE9F7434FF0000804460F461646994655
:100A30004546012303FA08F313EA090F2BD0636933
:100A40002046222B0ADDE3695A0607D540F6270126
:100A500000220EF0AFDA0146204600E000214FF4FC
:100A6000C4620EF047D9C0F8008063692046222B8B
:100A70000ADDE3695B0607D540F6270100220EF088
:100A800099DA0146204600E0002140F224620EF08F
:100A900031D903681D4308F10108B8F11F0FC8D10F
:100AA0009DF828304BB145B10123009320462B46D9
:100AB00039463246FFF7B4FF05432846BDE8FE83BA
:100AC000816838B540F63C039942044628D1C36892
:100AD0000B2B03D84FF0A871994001D40C2B1FD9D0
:100AE00049F218239A4205D049F640439A4217D159
:100AF0000C4D00E00C4D63692046222B0ADDE369B2
:100B0000590607D540F6270100220EF053DA0146B8
:100B1000204600E0002140F2DC620EF0EBD80560D8
:100B200038BD00BF99010100B601010038B5436925
:100B30000446222B0ADDC3695D0607D540F627016E
:100B400000220EF037DA0146204601E0204600215F
:100B50004FF4C0620EF0CED80568204605F07C0543
:100B6000AD08FFF747FF03E08378AB4207D00C30B6
:100B700010B10388002BF7D12046FFF73FFF038811
:100B80004FF47A70584338BD70B5044616460D468A
:100B90000AF0B0DD94F86023094B002818BF012348
:100BA000012A94F8682308BFD4F85C33012A0CBFEB
:100BB000D4F864236FF000422B60326070BD00BF38
:100BC0000100820E2DE9FF471D4643699046002231
:100BD000222B044689460292039209DDC3695F060F
:100BE00006D540F627010EF0E5D90146204601E082
:100BF000204600214FF4C4620EF07CD80560236AC1
:100C000020460C2B636916DD222B0ADDE3695E06A4
:100C100007D540F6270100220EF0CCD90146204628
:100C200000E000214FF4C5620EF064D807683F0C65
:100C3000BF05BF0D14E0222B0ADDE369590607D575
:100C400040F6270100220EF0B5D90146204600E00B
:100C500000214FF4C5620EF04DD807683F0AFFB27D
:100C60000123AB4000262046494642460096FFF746
:100C7000D7FE0546012212FA06F32B4207D0009256
:100C8000204649464246FFF7CBFE25EA00050136DD
:100C90001F2EEFD1204602A903AAFFF775FF029B82
:100CA000002625EA030A35460123AB4013EA0A0F62
:100CB00008D0204649464246EBB2FFF783FF864202
:100CC00038BF064601351F2DEED1B81C801904B07F
:100CD000BDE8F0872DE9F041069E044615461F4603
:100CE000FFF78EFE002870D010EA060800EA07071A
:100CF0002CD063692046222B0ADDE3695A0607D50A
:100D000040F6270100220EF055D90146204600E0AA
:100D1000002140F21C620DF0EDDF63690646222BD4
:100D200020460ADDE3695B0607D540F6270100226D
:100D30000EF040D90146204600E0002140F21C623E
:100D40000DF0D8DF036843EA08033360002F2BD08F
:100D500063692046222B0ADDE3695E0607D540F66B
:100D6000270100220EF026D90146204600E000218E
:100D70004FF4C3620DF0BEDF63690646222B2046A6
:100D80000ADDE369590607D540F6270100220EF077
:100D900011D90146204600E000214FF4C3620DF056
:100DA000A9DF03681F433760079B9A0305D4BDE89A
:100DB000F0810A2008F0C8DB01E040F2DD54D5F8EC
:100DC000E0319B0301D4013CF3D1BDE8F081F7B5DC
:100DD0001E4643690446222B0F4615460BDDC369A8
:100DE0005A0608D540F6270100220EF0E3D80097F6
:100DF0000146204602E00097204600214FF0FF33D5
:100E00004FF4CA620EF026DC6369222B0CDDE36925
:100E10005B0609D540F62701204600220EF0CAD80D
:100E200000960146204602E000962046002140F24E
:100E300054622B460EF00EDCFEBDF7B51E4643692C
:100E40000446222B0F4615460BDDC3695B0608D509
:100E500040F6270100220EF0ADD80097014620464B
:100E600002E00097204600214FF0FF334FF4CB62A1
:100E70000EF0F0DB6369222B0CDDE369590609D51E
:100E800040F62701204600220EF094D80096014635
:100E9000204602E000962046002140F25C622B468C
:100EA0000EF0D8DBFEBDF7B51E4643690446222B83
:100EB0000F4615460BDDC369590608D540F62701D4
:100EC00000220EF077D800970146204602E00097F6
:100ED000204600214FF0FF334FF4CC620EF0BADB16
:100EE0006369222B0CDDE3695A0609D540F6270118
:100EF000204600220EF05ED800960146204602E011
:100F000000962046002140F264622B460EF0A2DBE0
:100F1000FEBD436913B5222B04460DDDC3695B0694
:100F20000AD540F6270100220EF044D84FF4806322
:100F300001460093204604E04FF48063009320466E
:100F400000214FF4C0620EF085DB1CBD2DE9F04F8F
:100F5000013AD2B2082A85B004469A4615D8374BD2
:100F60009E5C374B9F5C374B13F80290364B9B5C73
:100F70000393364B13F802B0354B9B5C0293354B11
:100F800013F80280344B9D5C07E00025A8460295CB
:100F9000AB460395A9462F462E466369222B0DDDED
:100FA000E3695B060AD540F62701204600220EF0D1
:100FB00001D8CDF800900146204603E0CDF800901E
:100FC000204600214FF0FF334FF4CB620EF042DB9E
:100FD0006369222B0FDDE36958060CD540F6270123
:100FE000204600220DF0E6DF07EA0A03B34001467F
:100FF0000093204605E007EA0A03B3402046009329
:10100000002117FA06F340F25C620EF023DB039B2B
:1010100083B148FA0BF208EA0A0848FA0BFB2046AB
:10102000029C2946A2400BFA04F305B0BDE8F04F3C
:10103000FFF703BF05B0BDE8F08F00BF5C510100B2
:10104000655101006E51010077510100805101008E
:10105000EC530100F8510100015201002DE9F84361
:10106000044689460DF040DE0021064620460EF07B
:10107000EBDB80462046FFF7B9FC074620460EF022
:1010800055DA4946054642463B782046FFF79AFD29
:101090000B2302305843074B3146EB18B3FBF5F5F1
:1010A000454320460EF0D0DB0A23B5FBF3F5A8B28A
:1010B000BDE8F8833F420F0038B543690446222B50
:1010C0000ADDC3695D0607D540F6270100220DF051
:1010D00071DF0146204601E02046002140F2146203
:1010E0000DF008DE63690568222B20460ADDE369FE
:1010F000590607D540F6270100220DF05BDF0146B7
:10110000204600E0002140F214620DF0F3DD036898
:101110009D4214D063692046222B0ADDE3695A06FA
:1011200007D540F6270100220DF044DF0146204696
:1011300000E0002140F214620DF0DCDD0568284675
:1011400038BD38B51C461D68FFF7B6FF034623605F
:10115000401B38BD2DE9F743002504460F461646CF
:1011600098469DF828900195FFF7A6FF01906369C6
:101170002046222B0ADDE3695B0607D540F62701EE
:1011800000220DF017DF0146204600E000214FF459
:10119000C2620DF0AFDDB9F1010F006801D108B9ED
:1011A0000EE050B9B8EB451F09D920463946324602
:1011B00001ABFFF7C6FF2D18D9E7002000E00120A2
:1011C0000B9B6D011D60BDE8FE832DE9F04F0026ED
:1011D00085B08046894692460396012503AF404676
:1011E0004946524643F6982300950197FFF7B2FF10
:1011F000044688B98DE8810040234046494652465E
:10120000DDF80CB0FFF7A6FF039B38B99B445E44A2
:1012100043F697239E42E0D9284600E0204605B0D9
:10122000BDE8F08F2DE9F843994643690446222B27
:101230000E461546DDF82080099F0ADDC3695A066F
:1012400007D540F6270100220DF0B4DE0146204606
:1012500001E0204600214FF4C3620DF04BDD03682E
:101260002046C9F800306369222B0ADDE3695B067A
:1012700007D540F6270100220DF09CDE01462046EE
:1012800000E0002140F21C620DF034DD03682046CE
:10129000C8F80030D5F8E0313B60FFF7B1FB0746F6
:1012A000002872D0D5F8E031990304D420463146A5
:1012B0002A46FFF78AFF63692046222B0ADDE3698D
:1012C0005A0607D540F6270100220DF073DE0146CD
:1012D000204600E000214FF4C3620DF00BDD63698E
:1012E0000646222B20460ADDE3695B0607D540F659
:1012F000270100220DF05EDE0146204600E00021BD
:101300004FF4C3620DF0F6DC0368FF433B403360EB
:1013100063692046222B0ADDE3695E0607D540F6A5
:10132000270100220DF046DE0146204600E00021A4
:1013300040F21C620DF0DEDC63690646222B20467B
:101340000ADDE369590607D540F6270100220DF0B2
:1013500031DE0146204600E0002140F21C620DF023
:10136000C9DC036840F2DD541F40376002E00A2008
:1013700008F0EAD8D5F8E0319A0301D5013CF6D15E
:101380006420BDE8F84308F0DF98BDE8F88337B57E
:10139000044601AB4FF400616A460EF063DA6369FC
:1013A0002046222B0ADDE3695D0607D540F62701BA
:1013B00000220DF0FFDD0146204600E000214FF441
:1013C000CE620DF097DC056815F0005316D0636906
:1013D0002046222B0ADDE369590607D540F627018E
:1013E00000220DF0E7DD0146204600E000214FF429
:1013F000CE620DF07FDC0560012500E01D46204631
:101400009DE806000EF04CD928463EBD70B5044656
:101410000E460DF069DC0021054620460EF014DA78
:10142000314602462046FFF781FB29460646204604
:101430000EF00ADA304670BD014B1860704700BFED
:1014400094610100F8B5484F04463A68002A40F01C
:1014500089804369222B09DDC3695B0606D540F606
:1014600027010DF0A7DD0146204601E020460021BE
:1014700040F214620DF03EDC63690568222B2046C1
:101480000ADDE3695E0607D540F6270100220DF06C
:1014900091DD0146204600E0002140F214620DF08B
:1014A00029DC03689D4214D063692046222B0ADDA3
:1014B000E369590607D540F6270100220DF07ADDD1
:1014C0000146204600E0002140F214620DF012DCDB
:1014D000056842F2107008F037D863692046222B65
:1014E0000ADDE3695A0607D540F6270100220DF010
:1014F00061DD0146204600E0002140F214620DF05B
:10150000F9DB63690668222B20460ADDE3695B0686
:1015100007D540F6270100220DF04CDD014620469C
:1015200000E0002140F214620DF0E4DB03689E420B
:1015300014D063692046222B0ADDE3695E0607D5D5
:1015400040F6270100220DF035DD0146204600E07F
:10155000002140F214620DF0CDDB0668751B642695
:1015600075433D603868F8BD946101002DE9F74F7F
:101570000446884691461F460DF0E8DF8346002862
:1015800040F0D98020460DF0AFDB59468246204618
:101590000EF05AD9636905462D2B0CD1D0F8F430E2
:1015A000B9F1000F02D023F0007301E043F00073A3
:1015B000C5F8F430B8E02046FFF718FAC3780126E2
:1015C0009E4000F0B180B9F1000F5ED06369204603
:1015D000222B0ADDE369590607D540F627015A4652
:1015E0000DF0E8DC0146204600E000214FF4C36224
:1015F0000DF080DB036841463B6043EA06070123A8
:10160000009320463B462A46FFF70AFA63690743E0
:10161000222B20460ADDE3695A0607D540F627014A
:1016200000220DF0C7DC0146204600E000214FF407
:10163000C3620DF05FDB414607602A462046FFF794
:10164000C4FD4FF47A7007F07FDF40F2DD5702E00F
:101650000A2007F079DF63692046222B0ADDE3695F
:101660005B0607D540F6270100220DF0A3DC0146FA
:10167000204600E0002140F20C620DF03BDB0368E5
:10168000334242D1013FE3D13FE03A689AB96369FE
:101690002046222B09DDE3695F0606D540F62701C7
:1016A0000DF088DC0146204600E000214FF4C362C3
:1016B0000DF020DB026822EA060701230093204692
:1016C0003B4641462A46FFF7ABF963690743374279
:1016D0000CBF00260126222B20460ADDE3695906AD
:1016E00007D540F6270100220DF064DC01462046B4
:1016F00000E000214FF4C3620DF0FCDA41460760C0
:101700002A462046FFF761FD00E0012640F22D1732
:1017100002E00A2007F018DF2B6903F48053B3EBD3
:10172000063F01D0013FF4D12046514603B0BDE849
:10173000F04F0EF0899803B0BDE8F08FF0B589B096
:1017400004460D4606AA07AB4FF400610EF08AD896
:1017500029462046FFF75AFE4FF47A760022B0FB66
:10176000F6F6134602212046FFF79DFB00220746AE
:10177000134600F00F0503212046FFF794FB4FF6B8
:1017800080733B40DF094FF4000320F07F42009359
:1017900003A804A9334603F09DDE05A80399049A23
:1017A0001823774303F0DADE05B92D60059A4FF46C
:1017B000006300934FF4805303A804A9BA1893FB65
:1017C000F5F303F087DE02A80399049A0C2303F0D3
:1017D000C5DE20460699079A0DF062DF029809B02F
:1017E000F0BD10B504460DF0E7DE01462046BDE829
:1017F0001040FFF7A3BF70B504461646FFF7F1FF90
:1018000063690546222B20460ADDE3695B0607D59E
:1018100040F6270100220DF0CDDB0146204600E016
:1018200000214FF4CC620DF065DA04230360D6F892
:1018300064364FF47A70DBB2B5FBF3F5684370BDE4
:1018400070B504460E460DF04FDA002105462046DD
:101850000DF0FADF314602462046FFF7CCFF29465D
:10186000064620460DF0F0DF304670BDFFF7E8BFBA
:1018700037B50446FFF7B5FF4FF400616A4601AB88
:10188000054620460DF0EEDF0022134620460421D7
:10189000FFF709FB00F47F40030A00B91B60B5FBAA
:1018A000F3F520469DE806000DF0FADE28463EBD21
:1018B00070B504460E460DF017DA002105462046A5
:1018C0000DF0C2DF314602462046FFF77EFC20467F
:1018D000FFF78CF863690646222B20460ADDE36990
:1018E0005A0607D540F6270100220DF063DB0146BA
:1018F000204600E0002140F20C620DF0FBD9F378A5
:10190000012111FA03F3026829461A420CBF00268E
:10191000012620460DF098DF304670BD70472DE956
:10192000FF47836E002204460D460292039263B184
:10193000D0F8CC1000EB8101D1F8D400216E8842A0
:1019400005D1606E9847814602E0994600E09146D5
:1019500020460DF0C9D90021824620460DF074DFE3
:1019600002A9804603AA2046FFF70EF9029F00262F
:101970000396F7B13B462046294642460096FFF7BC
:101980004FF863693843222B029020460ADDE36951
:10199000590607D540F6270132460DF00BDB01460C
:1019A000204600E000214FF4C3620DF0A3D9029B52
:1019B0000360039EFEB10027334620462946424677
:1019C0000097FFF72DF863693043222B03902046E0
:1019D0000ADDE3695A0607D540F627013A460DF0BD
:1019E000E9DA0146204600E0002140F21C620DF0D9
:1019F00081D9039B0360294642462046FFF7E5FB59
:101A0000204651460DF020DFE36E5BB1D4F8CC20C8
:101A100004EB8202D2F8D410226E914202D1606EA1
:101A200049469847BDE8FF8710B500220C4608F0EC
:101A3000B1D8A0B90A4B1B688BB11A787AB1DA8990
:101A400094420CD8184604F0E1D820B1054B1A682E
:101A500001321A6010BD044B1A6801321A6010BDC1
:101A600044040000986101009C610100037E2BB1D9
:101A70004069D0F1010038BF002070470120704755
:101A8000014B03EBC0007047A0610100014B03EB69
:101A9000C0007047C061010070B50C46164609F0E1
:101AA000B3DD80B100252846FFF7F0FF03681BB9BE
:101AB00080E85000184670BD0135EDB2042DF2D11A
:101AC0004FF0FF3070BD4FF0FF3070BD6FF016006B
:101AD000704770477047000003682DE9F041C0F877
:101AE000203143680022C0F824318368C0F82831CF
:101AF000C368C0F82C310369C0F830314369C0F8BD
:101B000034318369C0F83831C369C0F83C3100F51D
:101B10009073534E1C69DF699559D3F814C07D1931
:101B20004FEAB41787EAF42787EA7467ED199F69CB
:101B300027EA040704EA0C047C402C198D1811F8DC
:101B400002C0EF78043247EA0C6795F801C0AD781F
:101B500047EA0C4747EA05256419DD61DD68402A3C
:101B60002544DD6093E8A01087EA0C0808EA050820
:101B70000CEA070C88EA0C074FEAB50C8CEA753CB6
:101B80008CEAB5553D442C4443F8044DC1D100F1D5
:101B9000E00306F13C0500F120071A6955F8044FEF
:101BA000D9695E6961184FEAB21484EAF22484EAC2
:101BB000726409199C69D3F85CC024EA02043240BB
:101BC00062409E6B5C6A66444FEA744C8A188CEAE9
:101BD000F44C996D8CEA942434194FEAF11686EA94
:101BE000B14686EAD10161185218D961D9688918BD
:101BF000D96093E8520084EA060C0CEA010C2640F6
:101C00008CEA06044FEAB10686EA713686EAB151DB
:101C10006118891843F8041DBB42BED103684268AD
:101C20005918436A0160D31843608268836AD318E5
:101C30008360C268C36AD318C3600269036BD31898
:101C400003614269436BD31843618269836BD31884
:101C50008361C269C36BD318C361BDE8F08100BF63
:101C6000C0540100F0B5034696100F46002510E061
:101C700057F8044B01354FEA146C83F800C04FEA63
:101C8000144C83F801C04FEA142C83F802C0DC70B6
:101C90000433B542ECDB26EAE67312F0030200EBF4
:101CA00083000AD051F823401821002334FA01F5AB
:101CB000C554013308399342F8DBF0BD0048704742
:101CC00064540100D0F8B43170B5D318934204467F
:101CD0000E461546C0F8B43104D2D0F8B031013305
:101CE000C0F8B031D4F8AC21AB183F2B0AD8A218F9
:101CF00002F5B67031462A4602F09EDED4F8AC31C9
:101D00005D1925E0E2B1A0183146C2F1400200F5AC
:101D1000B67002F091DED4F8B831201D04F5B6712A
:101D20009847D4F8AC31C3F14002403BB6185D1976
:101D300006E03146D4F8B831201D98474036403D82
:101D40003F2DF6DC04F5B67031462A4602F074DE0B
:101D5000C4F8AC5170BD0000012910B5044640F82C
:101D6000041B05D10A4B0B49C4F8B831142204E016
:101D7000094B0A49C4F8B831202202F05DDE002088
:101D8000C4F8AC01C4F8B001C4F8B40110BD00BF80
:101D90000D430000C055010045400000A054010063
:101DA000F8B5044600F5AA760D4600F58A77214677
:101DB0003046142202F040DE3069664972684118EC
:101DC0003068331F01EBF061F06820EA020CB06864
:101DD00010408CEA0000091846F8041C687895F851
:101DE00000C0000440EA0C6095F803C04FEAB2025C
:101DF00040EA0C0095F802C0043540EA0C20411876
:101E00009F42306146F8041C72601E46D4D304F52C
:101E1000827530694F497268411853F80409F768B0
:101E200001EBF061B06827EA02071040784009181A
:101E3000376BF0694FEAB2027840B76C7260784055
:101E4000376D78404FEAF0703061081846F8040C9E
:101E5000043EAB42DDD804F1B4061A4615693E498A
:101E60005068691853F80459D76801EBF561956813
:101E700045407D404919176BD5694FEAB0007D4058
:101E8000976C50607D40176D7D404FEAF575156188
:101E90004D1942F8045C043AB342DFD804F1640CF3
:101EA0001A4615692D49101D691853F80459C1C8FF
:101EB00001EBF56186EA07050540374085EA07062C
:101EC0008919D569166B4FEAB0007540966C506061
:101ED0007540166D75404FEAF57515614D1942F85C
:101EE000045C043A6345DCD804F114061D691C49FE
:101EF000586869181D68DF6801EBF5619D681A462E
:101F000045407D4049191F6BDD694FEAB0007D40B7
:101F10009F6C58607D401F6D7D404FEAF5754919F3
:101F20001D6143F8041C043B9E42DFD3236859180B
:101F3000216013686168CB1863605368A168CB188F
:101F4000A360E1689368CB18E3602169D368CB187C
:101F50002361F8BD9979825AA1EBD96EDCBC1B8F45
:101F6000D6C162CA30B5034685B00C4615466846F0
:101F7000194607F0B3DE20466946102DB4BF2A4645
:101F8000102202F059DD05B030BD07F0039F08B5FF
:101F900007F0ECDE002008BD38B504460D46FFF71B
:101FA0008DFE0346E4B10022226062600122AA4055
:101FB00001680A420AD100F114014069024204D1C9
:101FC00003F128019B6A1A420DD00B4604F1100060
:101FD00063602560A0609B6829469847002038BD53
:101FE0006FF0010038BD6FF0160038BD08B54368CA
:101FF00013B1DB688068984708BD08B5436813B122
:102000001B698068984708BD013806289ABF024BB3
:1020100018560020704700BFD4550100F8B504469B
:1020200000680E461546FFF7EFFF00284AD0D4F8A7
:10203000AC218021A31883F86C11531CA842B8BFAF
:102040000546382BC4F8AC3111D9A01800F5B6708C
:102050000021C2F13F02013002F072DDD4F8B83144
:10206000201D04F5B67198470023C4F8AC31D4F8AC
:10207000AC210021A01800F5B670C2F1380202F0C0
:102080005FDDD4F8B021D4F8B431D20042EA537203
:10209000DB00C4F8B021C4F8B431082204F5D270D2
:1020A00004F5D871271DFFF7DDFD384604F5B6713C
:1020B000D4F8B8319847304639462A46BDE8F8404A
:1020C000FFF7D0BDF8BD07280AD84FF0C2438340C0
:1020D00004D44FF0F053834004D401E04020704713
:1020E00000207047802070472DE9F0470C46B0B0C3
:1020F00090469A460746002846D00846FFF784FFD8
:1021000081462046FFF7DFFF5045064607F1800570
:1021100013DA21462846FFF73FFF4146524628463C
:10212000FFF764FF284620A94A46FFF766FF4E45A1
:10213000B4BFB246CA460DF18008002309E018F882
:10214000032082F0360182F05C020DF80310FA548D
:1021500001335345F3DB2AEAEA7A07E036230DF828
:102160000A305C2307F80A300AF1010AB245F5DBB0
:1021700021462846FFF710FF044638B9284669462D
:102180003246FFF733FF01E06FF00104204630B024
:10219000BDE8F08710B18030FFF728BF70472DE908
:1021A000F843DDF8208004461546994661B10E4695
:1021B000002707E032881AB120467168FFF7EAFF6E
:1021C00001370836AF42F5DBB9F1000F09D0B8F19D
:1021D000000F06D0204649464246BDE8F843FFF7C7
:1021E000D9BFBDE8F8832DE9F0478A4690B0904604
:1021F000064600282BD0D0F8807000F180043846C5
:10220000FFF761FF81463846FFF7FEFE05462A4686
:1022100020466946FFF7F1FE39462046FFF7BCFE2F
:10222000204631464A46FFF7E1FE204669462A46E7
:10223000FFF7DCFE204669462A46FFF7DEFE5046E1
:1022400069464545B4BF2A46424602F0F5DB10B068
:10225000BDE8F087F0B51446ADF5337D07460E4670
:102260001D4602A8234639463246FFF73DFF044685
:1022700060B9BA9B02A800932946B89AB99BFFF7A8
:102280008EFF02A8BB99BC9AFFF7ADFF20460DF563
:10229000337DF0BD2DE9F04F93B01E9F81468B46F4
:1022A00092461C461F9D002F68D0002D68D02BB190
:1022B000184602F0F1DC00F1010800E098464846BB
:1022C000FFF7A2FE064600285CD0431EEB1893FBE6
:1022D000F0F3FF2B079355DC4FF6FF73984551DC65
:1022E0001D9A9A424EDC2B4BADF83420002C08BFCF
:1022F0001C461C9B01220E9312AB03F8012D109378
:10230000032300930023ADF82400ADF83C20019393
:102310000293A842D4BF04900495594648465246B9
:102320000BAB0C940A97ADF82C800397FFF792FF44
:10233000044600282AD14FF0020819E0AD1B002DF9
:102340000A9723DD04230093002301930293BF190E
:1023500048465946524609AB8DF847800397B54227
:10236000D4BF04950496FFF775FF08F1010860B922
:10237000079A08F1FF339342E0DD07E03C4605E0B1
:102380002C4603E06FF0160400E00446204613B02C
:10239000BDE8F08F05EA89000B4B10B51A681C46A2
:1023A000904204D15A68914201D1184610BD636928
:1023B000054A984206D19069143281420CBF1046FA
:1023C000002010BD002010BD6C5D010073B50446F7
:1023D0000CF0F6DE14237422204640F60C410CF07B
:1023E0004FDE2046012104220DF030D82046022184
:1023F00004220DF02BD801250021204640F61C6256
:102400004FF0FF3300950CF0A7DE1123009300215D
:10241000204640F618624FF0FF330CF09DDE41F28B
:10242000021300930021204640F644424FF0FF3350
:102430000CF092DEF32320464FF45E614FF0FF3242
:102440000CF01EDE0023204640F6F8514FF0FF321C
:102450000CF016DE0023204640F6E4514FF0FF3228
:102460000CF00EDE0823204640F6EC514FF0FF3210
:102470000CF006DE0023204640F6E8514FF0FF3214
:102480000CF0FEDDDB2320464FF45D614FF0FF32A0
:102490000CF0F6DD0C220023204640F654410CF0EF
:1024A000EFDD284B00210093204640F6BC524FF050
:1024B000FF330CF051DE244B29460093204640F6B2
:1024C000BC524FF0FF330CF047DE204B022100934B
:1024D000204640F6BC524FF0FF330CF03DDE2A465A
:1024E0002B46204640F624610CF0CADD40F6FF730F
:1024F00000930021164E204640F6B4524FF0FF33B1
:102500000CF02ADE0021204640F6B8524FF0FF338F
:1025100000960CF021DE4BF69823009329462046C6
:1025200040F6B8524FF0FF330CF016DE20464FF461
:102530005C614FF0FF32334602B0BDE870400CF0F2
:102540009F9D00BF101112131415161718191A1B8E
:102550001032547613B50C4602B949B1084913B18B
:102560000B681C4003E00B681C4324EA0304224070
:1025700000920021702223460CF0BADB1CBD00BF84
:10258000A404000013B5144642690A2A0FDD29B1DC
:10259000012905D002290AD1842202E0782200E034
:1025A0007C220093002123460CF0A2DB01E04FF0D7
:1025B000FF301CBD2DE9F04104460CF07BDF00210B
:1025C0000A460B4607462046FFF7C4FF00210A468D
:1025D0000B4606462046FFF7D5FF0022054602219E
:1025E00020461346FFF7CEFFD4F8788015E0D8F8E0
:1025F000083083B198F80420002AD8F80C200CBFCA
:102600002846384600EA020012D03240904202D0FA
:10261000D8F800109847D8F81080B8F1000FE6D12C
:10262000204641462A462B46BDE8F041FFF7AABFA7
:102630000028EDD1EFE74FF48030704738B5002522
:102640001D70D1F8CC304FF4006113602A46044667
:102650000DF0ECD8054638B1D0F8E031DA0103D4FA
:10266000204601210DF0BCDC284638BD73B5044678
:102670000DF02AD818B920460DF0D2D860B3204604
:1026800021466A460DF10703FFF7D8FF0646C0B1A1
:1026900040F22D1502E00A2006F056DFD6F8D431BC
:1026A000180706D4013DF6D103E00A2006F04CDFFE
:1026B00001E040F22D15D6F8D431590701D5013D7E
:1026C000F3D1204600210DF08BDC9DF807301BB9BB
:1026D000204600990DF0B8D87CBD10B5044607F02F
:1026E000CDD82046FFF7C2FF012010BDF0B585B060
:1026F00004460D4617460DF093D8002800F094804C
:10270000A66E6EB1D4F8CC3004EB8303D3F8D4209A
:10271000236E9A4203D1606EB047064600E0002661
:102720002046214602AA0DF10F03FFF787FF00287C
:1027300063D0082F61D8DFE807F005141C27354067
:102740004A550D000095204600214FF49C724FF031
:10275000FF334EE00021009120464FF49C720B465F
:1027600047E04FF0FF330093204600214FF49A7268
:102770003FE0002120464FF4EC720B4600910CF034
:10278000B7DA00F0010539E025B120230093204697
:10279000002103E002230093204629464FF4E8720B
:1027A000222326E0002120464FF49A720B46009126
:1027B0000CF09EDAC0F3C02520E0002120464FF443
:1027C000E0720B4600910CF093DAC5B216E00021DE
:1027D00020464FF49A720B4600910CF089DAC0F350
:1027E00040250BE0EDB20095204600214FF4E07249
:1027F000FF230CF07DDA054600E001259DF80F303F
:102800001BB9204602990DF01FD8E36E6BB1D4F8C6
:10281000CC2004EB8202D2F8D410226E914204D173
:10282000606E3146984700E00546284605B0F0BD89
:1028300000487047C05D01000020704710B50C468D
:1028400041B18B6823B9C06F09680EF029DBA06025
:10285000A06810BDC06F10BD1FB5084A03460092A6
:10286000074A08460192074A0749126802921A6805
:10287000064B02F0D5DB05B000BD00BF14560100C9
:102880004039010090600100E55501000856010043
:1028900008B1D0F888007047642910DC632921DA78
:1028A0004A291FD005DC07291FDB08291ADD3C292E
:1028B00012E0502916D018DB5C39032911E0C32936
:1028C00004DCC2290EDAA83902290AE0B1F5847FB6
:1028D00008D003DCB1F5807F07D103E0A1F5897151
:1028E000012902D86FF016007047002070470020C1
:1028F0007047C88810F0080018BF6FF016007047C6
:102900004A6810B593424C8829DBE30603D5036877
:102910001B7E002B26D1210703D503681B7E002BCD
:1029200023D0A20602D5437E002B21D0630722D4F8
:1029300014F0030322D002994CF05EDE00281FD071
:10294000E10702D58379002B1DD114F002041DD0BC
:102950008379002B0CBF6FF00500002010BD6FF0D5
:10296000010010BD6FF0040010BD6FF0030010BD3A
:102970006FF00A0010BD6FF0160010BD184610BDB4
:102980006FF01D0010BD6FF0060010BD204610BD99
:1029900037B50546900723D58C6A0CB3A168226928
:1029A00063680905C3F30043117A44BF43F002038F
:1029B000DBB211B1D2F8080101E0D2F804017F22A4
:1029C0008DE80C000022383004F13C01134675F00C
:1029D00081DB2846214603B0BDE830407CF0E69F0D
:1029E00003B030BD2DE9F04F87B000230F4610AC87
:1029F0001599049305938046934694E87002DDF898
:102A000050A04CF0F9DDB7F90630002B1ADA1BF0B4
:102A1000010FB9883A890CD04900CDF80090019691
:102A2000CDF80890CDF80CA0D8F81000013133464D
:102A300005E08DE86006D8F810004900234607F04D
:102A4000B3FD0FE0032D0BD9042204A8214601F0A9
:102A5000F3DF072D04D905A8211D042201F0ECDFC6
:102A60006FF0160007B0BDE8F08F000038B50C46D7
:102A700005460846484902F0D3DA4849204602F0A4
:102A8000CFDA4749204602F0CBDA4649204602F029
:102A9000C7DA4549204602F0C3DA4449204602F02D
:102AA000BFDA2046424902F0BBDAD5F8340137F0EC
:102AB00043DA20B9D5F8380139F0DEDA18B120460A
:102AC0003C4902F0ADDAD5F8340137F035DA18B107
:102AD0002046394902F0A4DAD5F8380139F0CCDAC9
:102AE00018B12046354902F09BDAD5F830013AF0AA
:102AF00001DC18B12046324902F092DAD5F83001F3
:102B000005F0ACF918B120462E4902F089DA2046CA
:102B10002D4902F085DAD5F84C0165F04FDF18B188
:102B200020462A4902F07CDA2B6893F83B301BB12F
:102B30002046274902F074DA2649204602F070DA6E
:102B40002549204602F06CDA2B6A186909F020FC4E
:102B5000820707D52149204602F062DA2046204943
:102B600002F05EDA20461F4902F05ADA20461E497A
:102B700002F056DA20461D4902F052DA20461C497E
:102B800002F04EDA20461B4902F04ADA1A49204682
:102B9000BDE8384002F0449A1D560100215601005C
:102BA000265601002B560100345601003D56010007
:102BB00041560100465601004D560100575601008E
:102BC000615601006A5601007356010082560100E9
:102BD000875601008E56010095560100A15601004E
:102BE000AA560100B7560100BC560100C6560100A6
:102BF000CB560100D0560100D856010030B585B043
:102C0000054668460C4602F0F5D928466946FFF7A6
:102C10002DFF204605B030BD2DE9F04F03F0010334
:102C2000A9B004461493D4F87C3410691B680E468E
:102C3000C358D0F858131B7891460F93D4F88034BA
:102C4000B2681B681991C35808901B7809921593B4
:102C5000138860680B9303F00C039B08022B08BFDA
:102C60000B9913930B9A0CBFC1F3C0130023DBB273
:102C70001A9302F44073A3F540756B4243EB0503CE
:102C800031461C93379F03F08DDA369B04300E904B
:102C900083B11B7A0B2B07D1236893F8AD304BB16E
:102CA00036988379072B05D836990E9A91F90F300B
:102CB000D2180E92D4F8B031002B2DDA369B03B324
:102CC0001B7A022B1FD194F8B022F2B90898036D39
:102CD00013F008031CD136998A792168D1F8B8100D
:102CE0008A4217D2032A15D90B2A13D8B269900049
:102CF00010D4339A012A0FD10E9B012008330E9372
:102D000004E0369A04E0002304E000200C9005E083
:102D10000C9203E00C9301E000210C91B568B3899B
:102D2000AA1F7633A5F176001D92B381002170228F
:102D3000B060189001F004DFB38BD90402D4B269FB
:102D4000520502D51B051B0D20E0D9F80420A04B2D
:102D50001340BBB10B9901F0FC03882B12D1099AE7
:102D60001379D8070ED43398F289411E02F0070276
:102D70003298583209EB42028842D38806D1591C56
:102D8000D18003E01399012906D111E0139801289D
:102D90000ED00021079102E0102207920023329802
:102DA0001B019BB200F00F0209991343CB8201E093
:102DB00000220792099BA068DA8AB38B23F47E6312
:102DC00023F01F0343EA1213B38314F003DA01075D
:102DD00003D5B38B43F40053B3833498042808D14C
:102DE0002046089935F82A2C14F080DEADF89800BA
:102DF00019E03299339801F00F02B4F85A33411EAA
:102E0000329842EA0312884292B202D10133A4F806
:102E10005A333499520147F6E073134001F0070228
:102E20001343ADF8983099F8D7303BB90B9A02F0BC
:102E3000FC03802B02D0089883791BB9079941F0D5
:102E400020010791634B3B40002B40F0828007F04C
:102E50004072B2F1807F00F08180139A012A30D94C
:102E6000B369DA062DD4002B2BDB96F91F30002B2B
:102E700027DB226A574BD2F8488008EA030323B9BC
:102E800008F04073B3F1807F03D109980379DF071D
:102E900066D4D2F844804F4B08EA030323B908F004
:102EA0004073B3F1807F04D109990B7913F00103CA
:102EB00059D0099A1379D80703D4D9F808301907DB
:102EC00005D599F8407007F07F07B84649E002231E
:102ED0008DF8863027AB0093D4F85C011FAB4946D0
:102EE00026AA7CF053DD0B98DDF87C8000F0FC0313
:102EF000482B209F01D0C82B0BD1414608980022B7
:102F00002AF0F4DE99F84070804607F07F0700232E
:102F100008E0B369329943F00063B361D1F1010372
:102F200038BF0023BDF89C20D20703D5B26942F414
:102F30000052B261226892F8E120BAB1D4F8F806E2
:102F40004946BDF8982005937CF0D4DA059B129091
:102F50000DE00022B8461292134608E0B84603E09E
:102F60004746002300E04746129300E01292226891
:102F7000D4F8840492F84F2090F80CB012F00302B9
:102F800000F09C818278012A09D9216A91F94D10BB
:102F9000A1F1010EDEF1000141EB0E0100E0002184
:102FA000012A5FFA81FA17D9226A92F94D2001327B
:102FB00012D1D9F8042012F080420ED00E30022136
:102FC000059302F0E7DC021C18BF0122059B04E018
:102FD00040000100FF0000C0002218F0407FD0B286
:102FE0005FFA88F207D01F2A02D9202A07D0553A63
:102FF000072A04D91CE0A0498A56002A18DAB8F139
:10300000000F15DB28F4801828F4407818F040727F
:1030100009D0BAF1000F03D1B2F1807F03D110B112
:1030200048F4801804E0BBF1010F08BF48F4807831
:1030300017F0407FFAB207D01F2A02D9202A07D002
:10304000553A072A04D91BE08B498A56002A17DA19
:10305000002F15DB27F4801727F4407717F0407214
:1030600009D0BAF1000F03D1B2F1807F03D110B1C2
:1030700047F4801704E0BBF1010F08BF47F48077E5
:10308000B4F8582402F46052B2F5C05F2CD118F4A1
:10309000E0221FD118F0407F17D0D9F80420120386
:1030A00013D5226892F83B2092B1089882797AB1C0
:1030B000D0F80821528E02F46052B2F5C05F0CBF06
:1030C0004FF400324FF4803204E04FF4803201E0DC
:1030D0004FF4003218F0407F13D05FFA88F12029B6
:1030E00008BF4FF400320CE05FFA88F2F9B2202AF0
:1030F00008BF4FF08078202908BF4FF080774FF449
:10310000803227F4E02A17F0407F28F4E02848EACC
:10311000020818BF4AEA020A226A08BF4AF4803A43
:10312000516C564A0A40002A53D101F04071B1F166
:10313000807F4ED018F0407F94F81C2204D0012AE2
:1031400002D148F4000802E00AB928F400081AF095
:10315000407F94F81C2205D0012A03D14AF4000ACA
:1031600000F009BE002A40F006862AF4000A00F0AA
:1031700002BED9F80410C8032BD5D9F808100906E7
:1031800027D5013225D118F0407F0FD05FFA88F2A1
:10319000A2F15701012909D9632A07D0642A05D071
:1031A000652A03D0662A18BF48F480081AF0407FC9
:1031B0000FD05FFA8AF2A2F15701012909D9632AD7
:1031C00007D0642A05D0652A03D0662A18BF4AF4BE
:1031D000800A2046494605931AF060DC18F04072D8
:1031E000059B45D01599022908D108F4E02BABF5D1
:1031F0000032D2F1000B4BEB020B01E04FF0000B61
:103200005FFA88F21F2A04D8072A94BF00210121FF
:103210000AE0202A06D0A2F15501072994BF002117
:10322000012100E00021C9B239B199F8FE1021B1A5
:1032300099F8FF10003118BF012118F4000F119107
:103240001ED01F2A04D8072A8CBF0022012209E0C1
:10325000202A05D0553A072A8CBF0022012200E01F
:103260000122D2B2002A0CBF024604220D9208E0CD
:103270000D929346119204E058168900FF0000C099
:103280000D901AF0407226D01AF4000F25D05FFA84
:103290008AF21F2A04D8072A8CBF0022012209E0E3
:1032A000202A05D0553A072A8CBF0022012200E0CF
:1032B0000122D2B2002A18BF04200EE028F4E02830
:1032C00027F4E02A48F480384AF4803A10920D92AC
:1032D0009346119202E0109200E0109093B1089A88
:1032E0003398D2F8301102EBC103C2B2C3F83821CF
:1032F0000131089A01F03F01C3F83481C2F830115E
:10330000C9F820A218F0407703D15FFA88F31B9325
:1033100003E0404674F058DE1B901398022800D05A
:1033200088B9B4F868340E99994202DCB3695B013C
:103330000CD5099A1198137903F00103002B08BFEB
:103340000120179004E01199179101E0119A17924A
:10335000236A597D41B10F9B33B12FB9884A5FFA77
:1033600088F3D356002B07DB236893F84F30980778
:1033700027D037B3159820B3339A012A0ED90F9B63
:10338000002B0CBF4FF0300A4FF0160AB3694AF415
:10339000803A23F00063B361D04612E089B10F9800
:1033A00078B167B908F07F03022B0AD0042B08D04C
:1033B0000B2B06D0162B18BF4FF0010B01E04FF07E
:1033C000010B18F040710F911AD108F07F03162BF2
:1033D00016D86C4A9A4013D5149A62B15FFA88F3F2
:1033E000022B0BD0D9F8103093F92C3113F1FF33A5
:1033F00018BF012300E0149B0D9301E00F980D907E
:103400001AF0407116911BD10AF07F03162B17D8C2
:103410005C4A9A4014D5149A6AB15FFA8AF3022B77
:103420000CD0D9F8103093F92C2112F1FF3218BFCB
:103430000122109204E0169B109301E01698109060
:103440001399D9F80430022908BFC9F8588113F438
:1034500080334AD094F80D32002B46D094F81132C4
:10346000002B42D0159A032A30D00F9B4BB908F09D
:103470007F03022B2CD0042B2CD00B2B2DD0162B02
:103480002ED00998037913F001032BD10B9901F089
:10349000FC02882A29D1349A032A26D8B3691C98B9
:1034A00043F48053B361079B099900280CBF18228D
:1034B0001E2243F4A04307938B5A23F060031B049E
:1034C0001B0C43F020038B52012207E000230CE089
:1034D0000F9808E00F990A9108E00F9A0A9205E008
:1034E0000F9B02E000200A9000E00A931D992046FD
:1034F00000910E9A41460B9B20F08CD922AF2046BA
:1035000051460E9A0B9B009720F084D90622A5F114
:103510004000394601F090DA169A62B90AF07F034A
:10352000162B08D8174A9A4005D50E9B05F83C3C47
:103530001B0A05F83B3CB3690F995A0512D591B1A6
:10354000369A22B1127A042A01D00B2A1CD143F4F4
:103550000063B361179894F8DA32002B18BF01208A
:10356000179011E081B9064A5FFA88F3D356002B11
:103570000ADA15F8063C03F00F03149307E000BFC6
:10358000581689000002102815F8062C14920B9B7F
:10359000A42B14D009980379DB0710D40A9981B9B8
:1035A000B36920465F05414602D517F021DD03E0EF
:1035B0000D9A359B20F008D9099A508014E00A9B97
:1035C00053B1414620460D9A40F62A131FF0DCDE27
:1035D000099980B2023048800B9AA42A04D1099834
:1035E000438825F83A3C19E009990B79D90701D4A9
:1035F0000A9A2AB1002305F83A3C05F8393C0DE057
:10360000B36920465A05514602D517F0F1DC03E0B4
:10361000109A359B20F0D8D825F83A0CB26993055A
:1036200009D5B38C25F8343CF38C25F8323C079B44
:1036300043F400530793329818B9079941F00801F1
:10364000079109980379DF0712D4D00410D494F8B5
:1036500010320BB151060BD4520505D41A9919B189
:10366000199A92F828301BB9079B43F0010307937E
:10367000924B34981399185C022915901CD1349AF6
:10368000032A19D894F80D32B3B11B9B042B13D91C
:10369000D4F8340136F062DA70B91998159900EB54
:1036A00041039B8B13B1B3695B0505D5119A1AB918
:1036B000079B43F480530793236A186966F018DC6C
:1036C00000F46050B0F5C05F03D1079840F48070FB
:1036D00007900C9919B1079A42F400420792079B90
:1036E00025F8763C369810B394F8B03213BB08999D
:1036F0000A6D12F0080221D1037A0B2B06D1236840
:1037000093F8AD30D3B18379072B14D8369A9379D7
:103710002268D2F8B82093420FD2B26997000FD432
:103720003698027B02F0070242EA031203E0369960
:10373000079107E00022079204E00023079301E0CD
:103740000020079010994B1EDBB2012B04D8079A7A
:1037500042F400539BB20793A5F17200099902222B
:1037600001F06AD9002305F8703C05F86F3C05F8B4
:103770004A3C05F8493C369B002B2FD094F8B032D8
:10378000002B2BD10898036D180727D436990B7A94
:103790000B2B06D1236893F8AD30FBB18B79072B47
:1037A0001CD8369B9A792368D3F8B8309A4215D240
:1037B000B369990012D41C9818B9099901F118023B
:1037C00002E0099B03F11E021A9800B102320023A5
:1037D000009320461899369B2EF078DC0999062232
:1037E0000431A5F15000139101F026D9BDF89830AD
:1037F00025F82A3CD4F84401089960F0E7DC35F854
:10380000303C80B243EA002325F8303C002305F821
:10381000283C05F8273C05F8263C05F8253C05F82A
:10382000243C05F8233C05F8223C05F8213C05F82A
:10383000203C05F81F3C179A1AB9BBF1000F01D1C3
:10384000E1E09B460022414608982AF04FDA002228
:103850000690514608982AF049DA069B089013F022
:103860004073189306D10699154BC8B21B56002B0E
:1038700003DA14E0069874F0A7DB023818BF0120C1
:1038800070B1D9F8103093F92C31012B0AD0079A76
:1038900042F480439BB2079301230C9304E01898F1
:1038A0000C9001E000210C91089B13F0407209D1AB
:1038B000D8B2034B1B56002B07DA1DE06CE18800E1
:1038C00058168900089874F07FDB023818BF012071
:1038D00078B1D9F8103093F92C31012B0BD007981F
:1038E00001216FEA40436FEA53439BB20793119162
:1038F00003E0119001E00022119235F8763CBBF113
:10390000000F02D043F4006301E043F0060325F802
:10391000763CBBF1000F0CBF4FF0140C4FF00E0CB7
:10392000A5F11E0362460093204606990B9BCDF835
:1039300014C01FF06FDFDDF814C024AF62460B9B8C
:103940002046089900971FF065DF39460622A5F149
:10395000480001F071D80C980D990E9AA5F1180342
:103960000B9300900191029200275946069A434614
:10397000204603971FF06CDF25F8160C119B10985A
:103980000E9900930190029120465946089A534699
:1039900003971FF05DDF25F8420CA5F11400BBF181
:1039A000000F09D06FF03B0305F8183C05F8177CB1
:1039B000099A02F10A010EE06FF04B0305F8183C7A
:1039C00005F817BC1399062201F036D8099BA5F11A
:1039D0000E0003F10A01062201F02ED81498189A5D
:1039E00081B252B906989F4AC3B2D356002B04DA6B
:1039F00015F81E3C03F00F0301E015F81E3C1B02F6
:103A0000194314911FE059460622A5F11E0001F04A
:103A100097D859461022A5F1180001F091D8A5F1C8
:103A200048005946062201F08BD805F842BC05F83B
:103A300041BCCDF820B0CDF818B0CDF82CB0CDF801
:103A400044B0CDF830B0B3695A050FD50F9969B1BC
:103A500028AB002223F8022D0093D4F83401494604
:103A600042460E9B36F096D805F8430C079B25F886
:103A7000743C149825F8640C1699B1F1807F0BD032
:103A800031B90AF07F03162B02D8774A9A4001D445
:103A9000012002E0169800E00220069A80B202F0AF
:103AA0004073B3F1807F0BD033B902F07F02162A46
:103AB00002D86D49914000D401239B009BB200E0E5
:103AC00008230899184301F04073B3F1807F0BD0AD
:103AD00033B901F07F02162A02D86349914000D41D
:103AE00001231B019FB200E02027236A07431869C6
:103AF00066F0FED9C0B247EA002725F8627C0F9A2B
:103B0000B2F1807F0CD032B908F07F03162B02D8B7
:103B1000554A9A4001D4012300E00F9B9BB200E07C
:103B200002230D98ADF89A30421ED2B2012A09D86C
:103B300043F01003ADF89A302368D3F888309A69BF
:103B400001329A6141462046BDF89A707EF080DCD1
:103B5000B3690743B9B21B01ADF89A100ED52368BB
:103B600093F8E13053B1236A186967F099DB236A4F
:103B70000DF19A011869129A67F0ACDBBDF89A3022
:103B8000414625F86E3CB4F85824204627F09AD9CF
:103B900025F86C0C51462046B4F8582427F092D9E9
:103BA00025F86A0C179911B9BBF1000F0FD00699CF
:103BB000B4F85824204627F085D925F8680C0899D0
:103BC0002046B4F8582427F07DD925F8660C0F9AC2
:103BD0004AB10D9B042B06D1204641460E9A1FF098
:103BE00077DC25F8380C169848B11099042906D1CD
:103BF000204651460E9A1FF06BDC25F8360CD9F89A
:103C00000430580640F1AE801A9A002A00F0AA80CB
:103C10001998159900EB41039B8B002B7BD0B3695E
:103C2000590500F19F80329A002A40F09B800E9B3C
:103C3000204641460D9A1FF0A7DB0B9B0990ABB1C4
:103C400006990C9A204617F041D808990746119A10
:103C5000204617F03BD80B99B1F802B0BB4435F8B9
:103C6000427C1BE058168900000210280A9ABAB953
:103C700041460D9A0A9B20461FF0A6DD099B51463E
:103C800000EB030B109A0E9B20461FF07DDB514684
:103C90000746109A20460A9B1FF096DDC71902E0DE
:103CA000DDF824B00B9F1FFA8BF225F8702C25F855
:103CB0004A7C1998159900EB41039B8B0998C3180E
:103CC0009B1A9BB21A0419D4204641460D9A16F04D
:103CD000FFDFFF2805D9B4F85A24904238BF0246C6
:103CE00001E04FF48072349992B204EB4103B3F8CF
:103CF0005C34934202D0204618F076D8236893F8BB
:103D00004430002B2ED0349A032A2BD8D4F86001EB
:103D100015995A4623E0236893F8443013B3349B33
:103D2000032B1FD81A480B99C75C204639B10C9A4F
:103D3000069916F0CBDF0B9B5A8882180CE041469F
:103D40000D9A0E9B1FF020DB0D9A0546414620463A
:103D50000B9B1FF039DD4219D4F8600139464B4600
:103D600050F0F0D8B369BDF8980043F08403B36114
:103D700029B0BDE8F08FD4F8842428F4800892F9A3
:103D800013202AF4800A012A7FF4F3A9FFF7FBB974
:103D90006CE1880070B50B6912B15478032C01D81E
:103DA000002212E04D6845F480744C605679012E73
:103DB0008DBF24F4806445F4A0654D604C60547858
:103DC000052C2FD9062C03D1012283F8A42370BD22
:103DD000147A14F0040F4C6814BF44F0806424F08B
:103DE00080644C60147A04F00804D4F1010438BFF4
:103DF000002483F8A4438B6823F004038B60547879
:103E0000062C0FD9127AD2060CD5026843F00403AF
:103E10008B6092F80C21D00704D592075CBF23F089
:103E200004038B6070BD00002DE9F04FB5B09A46D9
:103E30003F9B05460B2B894616463E9F409C40F211
:103E4000E6800C3B04931AF07DDE0021C822059029
:103E5000204600F075DE31460622204600F0ECDDFB
:103E6000FA7ABB7A494643EA022303F00302012AA5
:103E7000A4F86230E38808BF84F83420BAF1000F58
:103E800014BF4FF4807200221343E38028465BF096
:103E90009BDF60857A7A3B7A07F10C0B43EA0223B9
:103EA00007AFE385002128220DF14408384600F0D1
:103EB00047DE2DAE00212822404600F041DE4FF0C3
:103EC000FF3300210C223046ADF8CE3000F038DE52
:103ED0000DF1CE032F93049BBAF1000F0CBF4FF0EE
:103EE000600A4FF0700A8DE84800284600215246CB
:103EF0005B462D97CDF8B8801CF0D6DA002840F04C
:103F00008680059B4246DEB2284604F138033946D6
:103F10001FF0D0DBBDF8CE304FF6FF72934217D0C2
:103F20005A1E92B2DE2A75D843F480520E2B8CBFF3
:103F30004FF440430023D5F8580143EA020152F000
:103F400043D858B9D5F864319B889B0506D461E005
:103F5000731E9BB2DE2BADF8CE605BD8BDF8CE30C1
:103F60009E4203D1E28842F00202E280EB1893F80D
:103F70003C20494684F86120284652B25BF0C8DEF6
:103F8000BDF8CE30A08543F480520E2B8CBF4FF489
:103F9000404300231343638600210C2230A800F025
:103FA000CFDD1F4B0DF16C0830931E4B00212822F2
:103FB0004046319325AF329500F0C2DDBDF8CE30DA
:103FC0000021202238468DF872301B9400F0B8DDB5
:103FD000049BD5F8940602930021524630ABCDF8ED
:103FE000B080CDF894908DF8A4608DE8800857F0EB
:103FF00011D988B9608E431EDBB2DE2B0AD802F0DD
:1040000059DA00280CBF00206FF0130004E04FF0D5
:10401000FF3001E06FF0130035B0BDE8F08F00BF56
:10402000112A8200812B82002DE9F04FA5B00446B1
:10403000D2F808A18B4615460021282205A89846EB
:1040400000F07EDD0FA80021282200F079DDD4F8F1
:104050006C3313B104F55B7008E0236893F82F30DC
:1040600073B9236A5B7D052B04D1694805A973F0F8
:10407000EFDF05E0042B03D1204605A91FF066DD24
:1040800005AF3B460FAE204629460AF138020DF136
:104090006409009628F090DA00212422484600F0B6
:1040A0004FDD0021082222A81A971B9600F048DD58
:1040B00094F84135CDF88C90DA0702D52A6DD707F0
:1040C00008D49E0708D52B6D03F00603023B18BFEA
:1040D000012302E0002300E00123226892F84F2030
:1040E00012F003020BD0D5F8EC2012F4805205D167
:1040F0009DF8BC10002908BF1A4600E0002224AB3E
:1041000003F8082D1FFA8BF6009332460023D4F8EB
:104110009406294657F056D82E9A00F10C091368D8
:104120000746994571D8404600210C2200F008DD71
:10413000BAF82E30A8F80830AB7923B1012388F8FB
:104140000A30002306E0D5F8EC2012F4803204D0C7
:1041500088F80A3088F80B3004E0022388F80A3027
:1041600088F80B202A6D40F23713134043B195F8BD
:1041700058302BB1B8F80A3043F01003A8F80A30D1
:10418000236893F830306BB9236A1B68022B09D17E
:10419000BAF86230980605D5B8F80A3043F0200323
:1041A000A8F80A30236A5B7D43B194F872342BB1CE
:1041B000B8F80A3043F48063A8F80A30236893F80B
:1041C000A9305BB1D5F8EC30590407D4AB792BB1E9
:1041D000B8F80A3043F48073A8F80A3022AB009391
:1041E00008F10C030193D4F89406002329463246C3
:1041F000029756F055DFBBF1800F03D1D5F8903010
:104200001C9A5A612E9BC3F8009025B0BDE8F08F30
:10421000D40D89002DE9F04F4E688FB01746C6F3D4
:10422000C0420C46D1F808A002920546002104A81D
:104230002822994600F084DC2369C6F3004B26F05F
:104240008646039326F4EA162AF083036660A36089
:10425000002F00F0BF803B7897F8018043EA0828E0
:10426000A4F80081BB7884F8023146F4803363609F
:104270002B6893F84120B2B193F842309BB146F4D9
:10428000A026D4F82431666093F85D307BB91AF427
:10429000007F03D094F82430D90608D5284621465B
:1042A00036F04EDC03E02846214636F03BDC0622A1
:1042B000284621462DF05EDFA26812F0006222D16E
:1042C00008F00C039B10012B94F8FE0094F8FF10EB
:1042D00006D0032B09D043B9012284F8FE2001E067
:1042E00084F8FE3084F8FF3003E084F8FE2084F880
:1042F000FF2094F8FE30834207D194F8FF60761ACD
:1043000018BF012602E0002600E0012618F4407FD5
:1043100003D0636843F08043636018F0010F03D05B
:10432000A36843F08003A36018F0200F03D0A368B4
:1043300043F00103A36018F0400F03D0A36843F0DB
:104340000203A360A3680AF0030A03F003039A457B
:1043500018BF012618F0100F03D1636843F48013CF
:10436000636018F4804F03D0636843F000736360A8
:10437000C8F34008B9F1000F38D005F53E7003309E
:104380004946162200F058DBB8F1000F03D099F827
:104390000180C8F3800899F801301A0703D56368D3
:1043A00043F08073636099F8023013F008030ED075
:1043B000039A41F61001D2F8083140F608425B8EAC
:1043C00003F44043B3F5404F14BF0B461346A5F822
:1043D000DC320BE02846214606222DF0CBDE2846B3
:1043E000214636F09FDB3E46B84619E01022F91C04
:1043F0000DF1250000F020DBD5F8843404A899786D
:1044000073F0E4DED5F86812284624F095DEFF2329
:104410000190002204A800930146134673F05ADE6F
:10442000BBF1000F11D0636813F4803310D009AAD8
:104430000023E11812F8010F91F85110884206D1BB
:104440000133102BF5D1002302E05B4600E001238D
:10445000626802F48031C2F30042934500D163B137
:1044600004F1510029B10DF12501102200F0E4DA28
:1044700002E0102200F064DB0126B8F1000F03D047
:10448000636843F400236360029B434500D146B157
:10449000D5F8843493F87B301BB9284621467BF04D
:1044A00085DA0FB0BDE8F08F00F506612DE9F04127
:1044B000093104464AF0D6DF94F872380546002BDD
:1044C00074D0002872D06A21206948F0CFDC460001
:1044D00006F114084146206948F0C8DC002207466E
:1044E0004146206949F004DB380406D4304831499C
:1044F0003A46BDE8F04100F0499BD4F8848401239A
:1045000088F86D3198F828313BB1A068D8F830119F
:1045100011F044DE002388F82831204629460CF0AB
:10452000C2F998F81D3153B1012388F82831A068E9
:10453000D8F83011D8F82421002311F009DE2069C1
:1045400006F1160148F092DCB4F8703883422DD1A0
:104550000022134679B22846D5F810615BF094DC4E
:1045600028465BF0D7DBAB798BB9D5F81421D5F8A9
:104570000831128A5A852B7C4BB1D5F8EC3099045E
:1045800005D473791BB92846012144F0E5DA0023EC
:10459000B37194F80C22D6F8F0309A4206D028462F
:1045A00084F80C32BDE8F04124F04A9ABDE8F0816D
:1045B0001B5A8900F14D89002DE9FF4104460D4643
:1045C00016461F460A994BF017D820462946324610
:1045D0003B46FEF761F9B0F10008C0F2A180236804
:1045E0005B7E4BB9206956F02BDC28B1A06811F036
:1045F000DBDD4FF0FF3893E03EB1032F05D903A870
:104600003146042200F018DA01E000230393342D30
:1046100018D008DC022D11DB032D13DDA5F11B03DF
:10462000012B0BD80EE0D62D0CD001DCA32D04E01D
:10463000FB2D07D040F20B139D4203D0002E65D016
:10464000002F63DD3E2D02D0402D62D135E023687E
:104650001B7E002B60D0D4F88424039992F81C317F
:104660008BB1CBB282F84631D4F884241172D4F8DD
:104670008424206992F8AC10012200920192002259
:1046800049F0C0DB3FE0204649B27DF095DEB0F155
:10469000000845DBD4F88434039A20461A722CF0C3
:1046A00095DF20467DF028DF2046D4F8B0141EF0B8
:1046B00051DA204624F038DA32E0039B5A1C042AEF
:1046C0002CD8013301D103230393D4F88434039904
:1046D00093F81C2172B1C9B283F8AD10D4F88434B8
:1046E000002293F84531206900920122019249F09D
:1046F00089DB04E0236AC9B2186965F07BDAD4F873
:104700008434039ADA714FF0000809E06FF0010871
:1047100006E06FF0160803E0984601E06FF01C0811
:10472000404604B0BDE8F0812DE9F341089C0746FE
:104730000E46154698460094FFF73EFF10F12F0FE6
:104740000CD010F1170F0BD1384631462A4643469C
:10475000089402B0BDE8F04118F0B09B6FF016006D
:1047600002B0BDE8F08113B504462CF011D8204604
:104770001CF0B8DBD4F88434012293F8AD10206922
:1047800093F846310092019249F03CDB206902B077
:10479000BDE8104056F0669B37B5036804465B7E63
:1047A000002B40F01A81006956F04ADB002840F0E7
:1047B0001481236893F8203033B9206947F072DE02
:1047C0002368012283F82020206905F012FE236867
:1047D00093F8693113B120464BF042DCD4F88434AD
:1047E000032293F8513000928022002B14BF13460D
:1047F00000232046042126F04FDA2368DB6EE3B95C
:10480000206948F0CFDF093017D12268D36E13F04A
:10481000020512D143F00203D366D4F86432595929
:1048200041B18B7933B94B7923B10B7C13B120465D
:104830004AF05EDC0435202DEFD12368DB6E1BB11E
:10484000204619F087D9C6E0206948F0F7DC2069D6
:1048500090F934114D1C03D1012148F0EDDC01E049
:1048600048F042DC01236376204627F0ABDD236865
:104870002046596B0323009321B14FF4807200212D
:10488000134602E04FF480720B4626F005DAA0686A
:1048900011F006DD236801221A7694F8CF3173B146
:1048A00020462CF093DED4F854332046598E2BF05A
:1048B000BFD9002384F8CF31204624F035D9D4F86D
:1048C00044260321204624F033D9204616F0E8DBA5
:1048D000B4F83415204629F095D9206948F04EDF08
:1048E00003232022009320461346012126F0D4D929
:1048F000236893F82F301BB1D4F818053BF0AADFDA
:1049000020461DF08BD820467AF0D0DD01254FF4EB
:104910007A72D4F8E8110123A06811F019DCD4F8F8
:104920009C0184F82A5280F001DE20467DF0E4DD0F
:10493000D4F88434204693F9121017F0F1DD2046A4
:104940002DF034DD20462DF01DDD204629462DF0CA
:10495000BFDDE36884F86056D3F82421294642F08D
:104960004002C3F82421236A0022186965F048D95F
:10497000236884F88C5693F8693113B120464BF0C4
:10498000AFDB6A21206948F071DA003018BF0120DE
:1049900084F873087E21206948F068DA421E92B2DA
:1049A0004FF6FD739A4206D8430001304000A4F848
:1049B0005038A4F85208B4F8501821B12046B4F881
:1049C00070272DF065DFB4F8521849B12046B4F8CD
:1049D00054282DF05DDF002003E06FF0080000E0B8
:1049E00008463EBD2DE9F04FB5B0DDF8FC800D93D3
:1049F000B8F80A700D46ADF858701146BFB291462E
:104A0000129704461AF09ED8B9F81670C0B21A97D9
:104A1000B9F8047010900D9948461B9773F056DC56
:104A2000419F4FF0000A87F800A008F10C07159786
:104A3000409F0F900C3F1897109FDDF860B00C97C7
:104A4000159ECDF844A0CDF824A0CDF864A0CDF8F3
:104A500028A0CDF838A0CDF82CA0CDF850A0CDF8E6
:104A60004CA0CDF820A0CDF81CA02F464FE0337805
:104A7000951C2D2B21D007D8012B13D043D3032B0A
:104A800012D02A2B40D114E03D2B1DD005D8089917
:104A9000322B08BF3146089136E04A2B1BD0DD2B64
:104AA00032D11FE007962FE0B2784FF0010A0C9246
:104AB0002AE0B31C1393149226E0204631462A467E
:104AC00058F03ADA0A901FE0204631462A4658F05C
:104AD00009DA0E9018E0204631462A4657F09CD954
:104AE000199011E0032A0FD9B01C04229149FFF359
:104AF0008FF7119B002808BF2B461193099B08BF15
:104B00003346099300E00B967619C5EB0B0BBBF10E
:104B1000010F03DD7278531C5B45A8DB3D46099FFE
:104B20003FB10A9F2FB920460999119A58F0B8D978
:104B30000A90002D7AD1129FBE0740F1DA830B9BB9
:104B4000002B00F0D6832046991C5A784AF00EDDDF
:104B50003190002800F0CD83037C002B40F0C98306
:104B6000037A002B00F0C583D0F80831588E01F08D
:104B70006FDC0C9F874240F0BC83319F2046394652
:104B800017F054DD002847D0384649460D9A434671
:104B90001DF09ADF00283FD040993E9BD7F8046172
:104BA00003F110020191204649460123CDF800800F
:104BB0000296FFF739F9002830D1B6F830B0BBF1D2
:104BC000000F2ED1216AD4F8843450315A469B7894
:104BD00006F1380073F052D94099384600910D9A89
:104BE0004946434643F034D9CDF800B0CDF804B07F
:104BF0003B7C2046D3F1010338BF002302937D2282
:104C0000394607F1DC03CDF80CB0CDF810B01EF03A
:104C10008DD901220B9206E00B9504E000230B9343
:104C200001E000210B914FB33D4601E000270B97B7
:104C30001A9F3E9917F4404F0CBF4FF0000B4FF0F6
:104C4000010B01F10A07204629463A465B467AF0F5
:104C50004DDB064600BB2B7C002B40F04D832046ED
:104C600029463A465B467AF043DC0646002800F0C7
:104C70004383204631467AF0ABDA0DE094F88E3269
:104C8000002B00F039833E9F204607F10A0131AA2C
:104C90007AF0D6DA064610B17368D80720D4089F98
:104CA00027B17878B91C27F07BDD58B9079F67B129
:104CB000B91C787827F074DD10F1000B18BF4FF0A5
:104CC000010B04E04FF0010B01E0DDF81CB066B110
:104CD000BBF1000F07D1736843F00103736004E078
:104CE0004FF0000B01E04FF0010BCDB1AB79DBB918
:104CF0002B7A0BB3D5F808315B8E079303F460531E
:104D0000A3F5C052534243EB02030798089301F006
:104D10009FDB0C9FC11B484240EB010009900EE055
:104D20000895079509950AE00027089707970997BE
:104D300005E000BFFE370100089307930993B4F81C
:104D40008E32002B7FD0236A5B7DC3B10C9FD4F8D9
:104D50007C040E2F8CBF4FF44042002247F4805158
:104D6000129F114307F02003D3F1010338BF002342
:104D70000193139A149BCDF800B071F0CDDE236837
:104D800093F84F309B0712D00C9FD4F880040E2F5D
:104D90008CBF4FF44043002347F48051089F1943D0
:104DA0000E9A0A9BCDF800B0019772F0D9DB94F807
:104DB0008E32002B47D000210C222EA8FFF3C0F624
:104DC000944B1CAF2E93944B3846002128222F93EE
:104DD0003094FFF3B5F6BDF858100DF1980CDDF8DE
:104DE00030E0ADF87610604600212022CDF818C0E2
:104DF0001C968DF874E08DF878B0FFF3A1F62D972E
:104E00000D9F236827973E9F93F84F302897109F58
:104E100003F003038DF8A8700F9FDDF818C02B97DF
:104E2000159F8DF8B0300197189FD4F89406002193
:104E300090222EABCDF89890CDF8A480CDF800C08C
:104E4000029756F0E7D994F88C32002B00F0568286
:104E5000099F002F00F05282236893F84F20970794
:104E600000F08A800E9F002F00F086800A9F002F9E
:104E700000F0828093F8A93033B1D4F87801294644
:104E800053F0F2DC002877D10E9F20467A783978EB
:104E900024F0ACDC079F034617F4404F0CBF002200
:104EA00001220A3254F822201192D5F8082162B169
:104EB000D28812F0200208D00A9F3A7812F002023B
:104EC00003D00E9F7A78C2F380020992BAF1000FE4
:104ED0000BD1109FDAB2BA4207D01846069301F000
:104EE000B7DAB842069B40F00982D5F80821002ABB
:104EF0002DD01846069301F0ABDA0746079801F06B
:104F0000A7DA8742069B22D1D5F80821528E9A4211
:104F100032D0002E30D02A7A002A2DD02046119986
:104F20002A4625F055DEFF28074600F0E781DDF828
:104F300024E0204629463A465FFA8EF315F088DED3
:104F4000D0B1204629463A462DF0C6D914E0BAF130
:104F5000000F11D01846069301F07ADA0C9F069BD9
:104F6000B84200F0CB8103F46053B3F5805F03D007
:104F7000B3F5C05F40F0C281419F01233B702368BD
:104F8000D5F818A193F84F30980716D0AEB10A9F04
:104F900037B1199F2046009731460A9A0E9B0AE0C6
:104FA0002B7C53B97368D90307D50A9F2046009715
:104FB00031463A463B4617F075D92B7C002B00F062
:104FC000BF803E9F0D9B204629464A468DE88001C2
:104FD00015F02ADF236893F83B3043B10D9F20463C
:104FE000294632464B468DE880015EF013DA9AF886
:104FF00009301BB1284600212BF028D99AF80D3032
:10500000DBB1D4F830371A680AB11F7A37B12846B5
:10501000002110E0F1CF8100F5CF810004F020D90C
:10502000D4F830371A69821AB2F57A7F05D901228D
:105030001A72284639462BF001DCD4F830371B6849
:10504000002B48D01B9F0123C7F3C0120F992046A5
:105050001EF08EDB98F8023098F801101B0443EA2A
:10506000012398F80010B8F808700B4398F8031063
:10507000024643EA0163329398F8063098F8051027
:105080001B0443EA012398F8041034A80B4398F852
:105090000710002F08BF642743EA016340F8043D6E
:1050A00032A900F0E7D93846329A339980F05ADABB
:1050B000D4F83037BF021A68BA1A90420BD95A682E
:1050C000BA1A904207D23F1A5F60D4F844012946C9
:1050D00001225FF0CFDC236A5B7D2BB1129F20465B
:1050E000C7F380212CF076DAD4F85801079950F0F4
:1050F000B7DD80B1D4F85801079950F0A7D9236AD9
:10510000186964F0F5DE079FB84204D100212046FB
:105110000A4625F079DE4A460D9BD4F8440129461B
:10512000CDF800805FF06ED8D5F8EC309A0458D5F1
:10513000D4F84C0129464246409B63F0F7DF50E02B
:10514000BBF1000F03D1129FC7F3401300E001230E
:10515000DBB23EB1726813B142F0040201E022F00A
:1051600004027260226A527D4AB10193D4F87C0431
:105170002946139A149BCDF800B071F025DD236801
:1051800093F84F309B070AD0089FD4F88004294633
:105190000E9A0A9BCDF800B0019772F039DA0B9F96
:1051A000FFB9D4F868329D420CD0284649460D9A82
:1051B00043461DF089DC28B1284649460D9A4346EE
:1051C0002CF0BEDA94F88E325BB9D4F868329D4286
:1051D00007D1284615F090DE18B1204641461BF055
:1051E0002BD800210C222EA8FFF3AAF4454B1CAFAC
:1051F0002E93454B0021282238462F933094FFF3FD
:105200009FF4BDF85810DDF830E01C9626AE202241
:10521000ADF87610304600218DF874E08DF878B046
:10522000FFF38EF42D970D9F236827973E9F93F8E9
:105230004F302897109F03F003038DF8A8700F9F3D
:105240008DF8B0302B97159F80220197189F2EABB9
:10525000D4F894062946CDF89890CDF8A48000960D
:10526000029755F0D7DF9AF80230013BDBB2012BF1
:1052700013D8AB798BB92A7C7AB1D5F8182192F87A
:105280006C20022A09D14FF0FF32019220462946B4
:1052900005F1DC02009329F07DDD0F9F17F0407FC0
:1052A00001D1384602E00F9872F08EDE00F07F00E8
:1052B00002280AD0042808D00B2806D0A0F1160C2A
:1052C000DCF1000040EB0C0000E001200190B9F897
:1052D0000400B9F80610800B029001200022039010
:1052E00099F91C302046090A009204950BF00DFB39
:1052F00004E000270B97C1E40026D0E435B0BDE8F8
:10530000F08F00BFF1CF8100F5CF81002DE9F04F84
:1053100091F91530A1B0002504468A461E951F95C7
:1053200073B11BF0D7DD58B12368BAF81C20D3F84D
:105330008830D3F8C8118A18C3F8C82100F0A3BC7C
:10534000BAF80230606803F00703052B0B900A934C
:1053500000F2A48463690A9953F82100002800F040
:105360009D849AF81820022A089200F08984714BD3
:105370000221DB6B9847814638B920460A9914F020
:10538000BDDE8146002800F089842046494611AAE6
:1053900023F0FEDF236893F89C30012B06D0BAF887
:1053A0000220BDF848309A4240F07384B9F80E30BC
:1053B000614E03F007030993604DF35C4946EB5CD3
:1053C00011AA0C93189B0D9318881EAB0E90009396
:1053D00020461FAB18F094D9236893F84F309B07F1
:1053E00017D011A81BF0A4DC38B12368D3F888309B
:1053F000D3F8A4220132C3F8A42211A81BF0AADC1E
:1054000038B12368D3F88830D3F8AC220132C3F81E
:10541000AC22D9F818305D056CD511AD204629466F
:105420002CF040DE08BB5346D4F834011E994A469E
:10543000009534F05DDB236893F8E130002B59D000
:105440001E99002956D0BDF85000BAF802200090ED
:10545000BDF84E30D4F8F8067AF086D8D4F85C015E
:105460001E990C9A7AF0D2DB44E01F99A1B1089AF8
:10547000072A11D1D1F8EC3098030DD4D4F84C019F
:1054800063F0C0DC28B9D4F84C011F9963F01CDD2F
:1054900010B11F984AF0F2DA11AB0093D4F834013E
:1054A00053461E994A4634F085DA2368054693F838
:1054B000E13093B11E9981B1BDF85000BAF80220D5
:1054C0000090BDF84E30D4F8F8067AF04DD8D4F8F4
:1054D0005C011E990C9A7AF099DB1F98002800F065
:1054E000D2838379002B40F0CE830AF108016FF05C
:1054F000B9DBC8E3204611A9D9F834701BF040DCB1
:10550000BAF81C60FF0E07F001070F90BAF81A8076
:10551000E6B12368D3F88830DA68013A9219DA6084
:105520001E9B9BB167B1D3F82C22013A9219C3F8A4
:105530002C220BE010A78800BAD588006CE1880007
:10554000D3F83822013A9219C3F83822B8F1000F83
:1055500006D02368D3F88830DA68013A4244DA602A
:105560000E98494600F48063D3F1010338BF00234D
:105570000B98079300F016DED9F818509AF91930F5
:10558000C5F3C06B002B00F0868023681E98D3F80B
:105590008830D3F8A8210132C3F8A821D3F8C82154
:1055A000013A9219C3F8C82128B103691BB1DB681D
:1055B000DA6B0132DA63012E05DDD4F88C54013D3B
:1055C000AD19C4F88C54079900294DD02368D3F83D
:1055D0008830D3F8D8210132C3F8D82128B1036923
:1055E0001BB1DB685A6B01325A630123099900220F
:1055F00008F065F8D4F88C347BB12368D3F8883090
:10560000D3F8B4210132C3F8B4211E9B2BB11B691E
:105610001BB1DB68DA6A0132DA62D4F88C34012B10
:1056200014D923681E98D3F88830D3F8B8210132F2
:10563000C3F8B82128B103691BB1DB681A6B0132CA
:105640001A6309990C22012308F039F81E9B5BB1FB
:105650002FB1D3F828220132C3F8282204E0D3F86E
:1056600034220132C3F834221E9B13B12268926A9D
:105670009A621F9B002B00F015829A79002A40F055
:105680001482197C002900F01482D3F8103101250E
:105690009A7190460FE215F4825543D023681E9804
:1056A000D3F88830D3F8A8210132C3F8A82128B153
:1056B00003691BB1DB68DA6B0132DA63079A0AB35C
:1056C0002368D3F88830D3F8D8210132C3F8D82121
:1056D00028B103691BB1DB685A6B01325A6301239D
:1056E0000999002207F0EBFF1E9B5BB12FB1D3F8A5
:1056F00028220132C3F8282204E0D3F834220132F0
:10570000C3F834221E9A002A00F0D8811F9B002B78
:1057100000F0DA819D79002D40F0DC8123689B6ADE
:105720009362D8E1089B032B09D0042B0CD123688A
:10573000D3F88830D3F810220132C3F81022A846DB
:105740002F460126AB46DDE10898052829D12368BC
:105750005A6BD3F88C103AB1B9F80E20954802F084
:105760000702825C9448825C143201EBC2014A68F1
:10577000D3F8883001324A60D3F8A0221E98013253
:10578000C3F8A02209990422012307F098FFB4F876
:105790003455002D00F0A381204623F0DFDA0025E8
:1057A0009DE10899012916D11F9B93B19B7983B183
:1057B0001E9B73B11A7DD20704D493F824309B0743
:1057C00040F16582204649465246079B3CF09ADCF0
:1057D0004BE0089E4DE0089A062AB0D0072A51D126
:1057E0001F99002900F05382D1F8EC309F0040F15E
:1057F0004E829E030DD4D4F84C0163F003DB28B92C
:10580000D4F84C011F9963F05FDB10B11F984AF088
:1058100035D91E99002900F03A821F9B9B795BB114
:1058200091F824309D0707D58B68580604D50122CE
:10583000204613463CF0B4DBD9F81830590544BF74
:1058400043F48073C9F81830D9F8183023F40043B2
:10585000C9F818301F9BD3F8EC309A0340F1178237
:1058600020461E994A4625F0BBDB0646002800F07C
:105870003A81002520460AF114011BF021DBA846DD
:105880002F465FE7BAF8063033B12368D3F8883083
:105890009A6B01329A6352E71B9B1B78DB0741D559
:1058A0007EB12368D3F88830D3F8A8210132C3F839
:1058B000A8211E9B2BB11B691BB1DB68DA6B01327F
:1058C000DA63079B002B00F0138123681E98D3F83E
:1058D0008830D3F8D8210132C3F8D82128B1036920
:1058E0001BB1DB685A6B01325A630999002201230C
:1058F00007F0E5FE002E00F0FD8023681E9DD3F822
:105900008830D3F8AC210132C3F8AC21002D00F06F
:10591000CD812D69002D00F0C981EB689A6B0132B1
:105920009A63C2E11F9B002B48D09A79002A45D187
:105930001B7C002B42D00D98037CDD073ED53EB189
:105940002368D3F88830D3F8A8210132C3F8A821FE
:105950000799002900F0CC8023681E98D3F888307E
:10596000D3F8D8210132C3F8D82128B103691BB17B
:10597000DB685A6B01325A6309990022012307F050
:105980009EFE002E00F0B68023681E9DD3F888305E
:10599000D3F8AC210132C3F8AC21002D00F0868190
:1059A0002B69002B00F07C81DB689A6B01329A63D3
:1059B00076E100BFBAD588006CE188000F9AB4F890
:1059C0006A341AB1984503DAB4F86C349E4261DB4C
:1059D00022680798D2F88830D3F8C851AD19C3F8B7
:1059E000C851002800F08980D3F8B0110131C3F804
:1059F000B011D4F8843493F81D1109B3D4F86812A7
:105A00008979E9B992F8642122B193F86D210AB13C
:105A100083F86D11D4F88414204601F582710BF0DF
:105A200048F9D4F88434012283F82821D4F8843446
:105A3000A068D3F83011D3F82421002310F088DBBC
:105A40001E9860B12FB1D0F830320133C0F8303237
:105A500030E1D0F83C320133C0F83C322AE1012376
:105A60000999082207F02BFE1E9B2BB11B691BB165
:105A7000DB689A6A01329A62002502238DE82800C9
:105A800020461F9914221B9B0295039504951DF037
:105A90004DDA33E023680025D3F88830DA69013223
:105AA000DA614CE60125984605E001254FF0000833
:105AB00001E0012588462F462E4623E001271546A2
:105AC00090463E4693461DE001271D4698463E46B9
:105AD0009B4617E000250127A8463E4632E6A84629
:105AE0002F4601260EE0054680460746834609E01C
:105AF000079DDBE03546B046D9E0079D4FF0010831
:105B00002F464646B4F8343543B1D4F838352BB176
:105B10000899052902D0204623F00ED9BBF1000FC9
:105B20004ED01E9B002B4BD011A81BF001D99DF825
:105B30004E30834603F00303023BDBB2012B04D853
:105B4000204611A92CF0B6DA00E0FF200A9A032AB9
:105B50000AD85B498B5C04EB4303B3F83622130984
:105B600003F00F03120B03E0B4F86E34B4F87024A2
:105B7000009200220392BDF84C200190C2F3003243
:105B80000492D4F85C011E995246CDF808B07AF020
:105B9000BFD8236893F8E13093B11E9981B1BDF865
:105BA0005000BAF802200090BDF84E30D4F8F80644
:105BB00079F0DADCD4F85C011E990C9A7AF026D8D8
:105BC00020460A9901222CF0E7D81E9860B15EB1F8
:105BD000E368D3F88021D9F830309A4204D91DB156
:105BE0000999D21A07F079FD1F9DB5B10AF1140188
:105BF00020462CF03DDB014628462CF0EFDB0E9AC8
:105C000002F0FC03082B01D0882B06D1079B23B19F
:105C10001F980AF108016FF025D81E99C9B10B7DB4
:105C2000D80716D41F9BA3B19A7992B91A7C82B176
:105C30001A7A72B1D3F8EC2092040AD4D3F8103156
:105C40005B7933B9204652463B46CDF8008043F09D
:105C500075D97EB10AF1140120462CF009DB4946C2
:105C60000246D4F8880463F01DDE0B9849460122F1
:105C700003F0B2DF079828B10025C4F88C5402E085
:105C8000002500E0079D284621B0BDE8F08F0126E1
:105C9000EFE50B984946012203F09EDF0125F2E76C
:105CA000D5F868310133C5F868310025A8460127C9
:105CB0003E4627E7D0F84C310133C0F84C31CEE6F0
:105CC0006CE188002DE9F04F002BB5B007930CBFB5
:105CD00004230A230993079B15690DF12C0918BFAA
:105CE0002023044615AF88469346002128224846C3
:105CF0000693D5F80C610DF1B80AFEF321F70021E7
:105D000028223846FEF31CF700210C225046FEF3F1
:105D100017F7336B20468DE808042946069AF36A84
:105D2000CDF8B8902F9714F0F3DD002840F0F880FC
:105D3000B8F80630D80715D5216A4B7D93B10A6DA6
:105D40000CA854310B92FEF377F6D5F8EC30990499
:105D500005D5D4F84C0129464A4663F08BD9002377
:105D6000159308E015AB00932046294608F1380248
:105D70000BAB26F021DCF36A83B128A8002118229E
:105D8000FEF3DEF6F36A2D942893336B2993674B69
:105D90002B93674B2A93674B2C9328AB1FAF0021A3
:105DA000242238460893FEF3CBF60BAB00210822E1
:105DB000219331A815AB2293CDF87CB0CDF880802B
:105DC000FEF3BEF62368294693F84F2034AB12F059
:105DD000030218BFDBF80420D4F8940618BFC2F3FE
:105DE000004203F80C2D0093069A089B329755F059
:105DF000E9D9099B069900EB030A33AB02932046CD
:105E0000424605F1E2038DE8000523F03FD807463E
:105E100030B920463946B5F82E2140F015DB80E038
:105E2000204629464246DDF8CC901CF05BDBA9F801
:105E30000000738CA9F80230339B04333393079B23
:105E400013B9AAF1040A13E006F124094846FFF346
:105E5000E3F410B93398494602E0339805F1F801AC
:105E60000622FEF3E9F5339BAAF10A0A06333393BF
:105E700031AB0093339BD4F8940601932946069ADC
:105E8000089BCDF808A055F00BD9814628B1606871
:105E90003946012203F0A0DE42E0339B00900190DE
:105EA000029003932046294657224B46CDF810A076
:105EB0001DF03CD8706B18B103F06ADEC6F8349060
:105EC000079B23B1339B0AF1060A063B3393339BAE
:105ED0000AF1040A043B3393079B504686F83C3092
:105EE00003F044DE706308B9B06305E033995246AD
:105EF000FEF3A2F5C6F838A0B8F862300095C3F3F7
:105F00004013019300230293039339462046D4F8AB
:105F1000BC255B4626F09AD9002808BF002700E080
:105F20000027384635B0BDE8F08F00BFCDCE8100E8
:105F3000DDCE8100FDCE81002DE9F04F95B0064603
:105F400006910792209C219DD0F800909B46002B43
:105F500000F0B380ECB91E9A012A1CD11F9A931E3F
:105F6000012B18D8032A16D1002D40F0AB80C36E48
:105F70005A1C05D01C3350F82350002D40F0A2804D
:105F800048460021B6F82E2140F0D6DD4FF000083B
:105F900094E0002500E025464FF0B00806270DF1FB
:105FA000200A002124225046FEF3CAF51E9B1F9AA8
:105FB0000893229B099211A800210822CDF828B04D
:105FC0000B930594ADF83040FEF3BAF5CDF848A038
:105FD00044B1089B032B0FD14C2C0DDB4D2C01DD64
:105FE0007E2C09D111AB0093D9F894063146B0222A
:105FF000002355F0E7D83F18079B41468DE88800FD
:1060000013AB02934846069A06F1E20322F03EDF04
:106010008046002852D075B10023009301932A4690
:10602000139B4846314658F00DDC95F90E30139A13
:10603000FF1AD21813921E9BDDF84CA09AB2AAF850
:1060400000201F9BAAF80230059BAAF804300AF131
:10605000060313933CB1032A17D14C2C15DB4D2CAE
:1060600001DD7E2C11D111AA8DE80C00063F0297AC
:10607000D9F894063146B022002355F011D824B93E
:10608000BDF830300BB1AAF80430B37913B1F3681E
:10609000DA6801E0D9F8BC259DF88C3041460193BF
:1060A0000023039348465B460096029526F0CED81F
:1060B000002808BF4FF0000800E09846404615B0A1
:1060C000BDE8F08F95F90E7044F2B008063766E728
:1060D0002DE9F0470446A4B090469A460D460029A3
:1060E0006DD0D1F86433002B69D004AF0EAE3346C7
:1060F0003A460DF1600923F01BD9002124224846BD
:10610000FEF31EF5236A00216533082221A81893A7
:10611000CDF864808DF868A01B971C96FEF310F5EF
:106120002368CDF8889093F84F3013F0030307D01D
:10613000D5F8EC3003F48053D3F1010338BF0023CA
:1061400024AF07F80C3D294640220023D4F89406DA
:10615000009755F037D82D9B0190009323AB029305
:106160008046402120462C9A05F1E20322F08EDE83
:10617000064620B3239BD4F8940601932946402277
:1061800000230097CDF8088054F08ADF28B16068BA
:106190003146012203F020DD11E0D5F8EC3013F494
:1061A000005306D0D4F84C012946324663F0D8D9C2
:1061B00005E020463146D4F8BC2528F0DDDD24B0CA
:1061C000BDE8F0872DE9F04390F8A03787B004468A
:1061D0002BB1002380F8A0374FF0010800E098466B
:1061E00023681A7E32B9B8F1000F00F03B822046D6
:1061F000022135E2206954F023DE18B1A0680FF0C7
:10620000D3DF27E220461BF05DDB236A20461F69AF
:10621000D4F86832D3F814219D79167C1CF0FCD98F
:10622000031C18BF0123384671B22A4663F094DC80
:1062300094F88C36ABB12369D3F88830D3F8245165
:1062400015F040050DD120462BF0C0D9236A84F803
:106250008C56186929462A4663F0D2DC204622F083
:1062600063DC236820469A6A01329A621CF0D4D912
:1062700018B9D4F8843483F8290120460AF0B7FD10
:10628000236A186965F05AD80146204659F028DD7E
:10629000236A186965F00CD90146204659F0D8DC0C
:1062A000236893F93D307BB1D4F8240103A900227F
:1062B00078F098DB01E00023C361D4F8240103A93E
:1062C00078F0A6DB0028F6D194F8D4314BB1204603
:1062D00016F03EDB28B194F8E43113B1013B84F8A9
:1062E000E431204626F082D8204617F01DDC2046F7
:1062F00026F0D6D894F8D43113B1204624F068DAC9
:106300002368DA6E002A40F0A58193F8693113B151
:1063100020464BF023D9204647F030DB236893F822
:106320002F20CAB193F83030B3B120461CF09CD86E
:1063300090B1D4F864120023CA582AB1907918B1E8
:10634000507908B112791AB10433202BF4D103E04B
:10635000D4F818053AF07EDAD4F828351B68A3B1D2
:1063600020462AF0CFDCD4F828355A681B68B2FBE7
:10637000F3F103FB112313B9204615F089D8D4F8A3
:1063800028355A6801325A600AE023689A6A1E2347
:10639000B2FBF3F103FB112313B920462AF0B2DC60
:1063A00094F88C3243B194F8F034013BDBB2022B09
:1063B00002D8204615F048DE0025D4F864325F5933
:1063C0001FB3BB790BBB3B7AFBB1D7F818319B7A73
:1063D000DBB1384625F090DEB8B13B7CABB1D7F8E5
:1063E00018319B7A8BB13B7A7BB107F1DC063046E2
:1063F000FFF312F2034640B94FF0FF3200900192D2
:1064000020463946324628F0C5DC0435202DD4D14B
:10641000204616F003DB236A5B7DB3B123689A6ADA
:106420003C23B2FBF3F503FB152575B9D4F86432B0
:10643000585938B183792BB9037A1BB1037C0BB956
:1064400017F028DC0435202DF0D120462AF038DC66
:1064500020B9D4F8180539F0A9DF38B1236A202112
:106460001869002264F03ADD002604E0236A202146
:1064700018690122F6E7D4F864329D59FDB1D5F8C8
:10648000A83013B1013BC5F8A830D5F8AC701FB1E6
:10649000013FC5F8AC7012E0AB7983B12B6D990761
:1064A0000DD595F8A43053B102F0DADED5F8B0106E
:1064B00040F052DE18B1C5F8A87085F8A470043613
:1064C000202ED8D1B4F850371BB1013BA4F8503777
:1064D00002E0204622F076DD002635460BE0D4F8B7
:1064E000C4329B195B6A23B1D4F8C82252F8250044
:1064F000984701353836236893F8B4209542EEDB8F
:1065000093F83B5045B193F83C502DB194F8FC55AD
:1065100015B1E368D3F880510026D4F8643253F8FB
:106520000690B9F1000F40D099F80630002B3CD10D
:1065300099F80830002B38D099F85633DA0704D58B
:106540002046494699F8542305E0980705D599F85F
:1065500055232046494624F0A7DB94F8FC3523B3A5
:1065600099F804300BB3D9F818314A461978204607
:1065700029F02CDE236893F83B20B2B193F83C302D
:106580009BB194F88E3283B9D9F80831D4F8500110
:10659000DF8D93F86030BF0201335F4399F84410F8
:1065A0002B463A465CF066DFED190436202EB4D156
:1065B000236893F83B206AB193F83C3053B194F8C8
:1065C0008E223AB994F8FC3523B1D4F85001012158
:1065D0005CF07ADF002384F8FC352268D4F8843438
:1065E000926AB3F89E30B2FBF3F103FB112313B9A7
:1065F000204609F095FAD4F8683223B1D3F818216F
:106600000AB112781AB1D4F86402002202E01B7AAF
:10661000CBB9F8E7835893B19D79D3F8EC1015B155
:10662000890405D40BE011F4005F08D0C90306D437
:10663000197A21B1D3F818310BB11B781BB1043290
:10664000202AE7D103E0A06802210FF027DE2046D0
:1066500019F0ECDFB8F1000F04D02046022100222F
:106660002BF050DF07B0BDE8F08300002DE9F04FBC
:1066700092F82A301446B2F81CB08DB006460D468A
:10668000D0F804A00F6952692BB1936894F8228066
:1066900003F11A0903E09268984602F11809A36809
:1066A000072B0DD93046494613F0E8DC40B1B9F864
:1066B00006304FEA132949EA03291FFA89F901E054
:1066C000B4F8089095F8243003F01203022B0DD192
:1066D00048F68E03994509D12068D7F80811103083
:1066E0000622FEF395F1002840F0C88394F82C3080
:1066F000EBB9A38B1B051AD53368D3F88830D3F8D0
:106700004C230132C3F84C23D5F824220132C5F8BA
:10671000242205EB4802B2F8A410B4F87E2091427E
:1067200005D1D3F8BC210132C3F8BC21A6E3BB7963
:10673000CBF3802B002B32D1D7F818311A7B92B1D2
:1067400094F82C207AB9BBF1000F0CD195F8CA103F
:10675000626A51FA02F2D00705D43846A18B02933F
:1067600017F05CDB029B3268526BC2B11B7FB3B186
:1067700094F82A309BB194F8283083B10021384630
:1067800029F008DAD7F8EC30990408D5A28B12F476
:10679000005204D1D6F84C01394662F003D9238C5B
:1067A0005A0700F16B83A38B03F4804363633BB907
:1067B0003A6D40F237131340EBB197F85830D3B12C
:1067C0000023A3633046234651462A46CDF8008075
:1067D0007AF042DB636B40B9002B00F04F83D5F8B1
:1067E00064310133C5F8643148E323B1D5F8603131
:1067F0000133C5F8603194F82C3043B908F15003E7
:10680000B4F87E0005EB43039A88988000E00022EC
:1068100094F82C3043B3636994F82A209B680AB13A
:106820001A3300E01833B9F5006F40F06E81A268AA
:10683000072A40F26A811A7A1209042A40F0658117
:106840009A6912BA002A00F060815B7C012B40F04B
:106850005C8102F07043B3F1604F00F05681D2B218
:10686000FF2A40F00B8350E1B4F87E0008F11809CC
:1068700010F00F0340F0A38005EB8909D9F804104C
:1068800079B11A465046029303F0A6D9029B05EB54
:106890008802C2F8843008F14A02C9F8043045F889
:1068A0002230BBF1000F00F03081E368626903938E
:1068B00005EB88035A66A16B31B105F51C700530F4
:1068C00014311022FEF3B8F063699A685868510DCC
:1068D000C0F3140E9889DB8849058E44C3F34A132C
:1068E0003168013302EB000C7344C969CCEB03033C
:1068F000CEEB020E896803EB0E021018884234DAE0
:106900005046FBF791F808F1180905EB8909C9F819
:106910000400002800F0B2826269806891685368C0
:1069200021F07F4E2EF4600E9289C3F31403C3EB63
:106930000E03C91A9A18FEF37FF061698B684A68E2
:1069400023F07F4323F46003C2F314029A1AD9F8A8
:1069500004309868801898609889821A9A8188898A
:1069600000229881504603F037D9D6F8E015039BF2
:1069700005EB880259186FF005035B1A3168A148CE
:10698000C96989685B18C2F8843061680822FEF31F
:106990003FF06B6810B943F0080301E023F00803EF
:1069A0006B60994861680822FEF332F0AB6810B959
:1069B00043F0200301E023F02003AB60A5E005EBEA
:1069C0008901496800293ED0504020F00F0020B9CD
:1069D00002F00F02013293420FD00022504603F022
:1069E000FBD808F1180205EB82020023536008F17E
:1069F000200205EB8202536021E0A16B49B105F54D
:106A00001C70053014311022FEF302F0002840F013
:106A1000358208F1200905EB8909A368D9F804201B
:106A200008F1180C93421DD905EB8C075046796884
:106A3000002203F0D1D800237B60C9F8043008F1AC
:106A40004A0845F828303368D3F888301A6E013286
:106A50001A662B69002B00F01182DB685A6D013237
:106A60005A650BE28DE8080405EB8C0CDCF8041089
:106A7000304609F104026368CDF808C013F036DF30
:106A800050466169002203F0A7D8DDF808C0BBF1C9
:106A9000000F3AD1DCF8042008F14A036261CCF817
:106AA00004B045F823B09368928903F11801C9F83E
:106AB00004B06160A2F11801A16094F8291023606C
:106AC000E26021B103F11E011E3A6160A26094F8F8
:106AD0002A203AB1626884F8228002326260A26899
:106AE000023AA2601A785B7842EA0323A383636BBD
:106AF0005BB1A36B4BB193F90E2061688A18626099
:106B000093F90E30A268D31AA360A36B63B11B7A0A
:106B1000042B04D1304621467AF02ADA04E00B2B0C
:106B200002D120461AF0ACDBBBF1000F40F0C4816B
:106B3000626993695B0613D5BB792BB9D4F88010D1
:106B4000384618316EF08ED863699B69180640F19B
:106B50009581D6F830012946224601F0B5F9ABE11E
:106B600023689888D988ADF81000ADF812101889FC
:106B70005989ADF81400ADF818109889D989ADF885
:106B80001A00ADF81C10188A598AADF82000ADF82B
:106B90002210988A94F82910ADF8240041B1198B7D
:106BA000588B9B8BADF82810ADF82A00ADF82C302F
:106BB000A38B13F4807F03F4007304D104A96167ED
:106BC00023B108AB05E008A961670BB906AB00E08B
:106BD0000AAB6168236793683046C3EB010813F082
:106BE0004DDA6369998988B1072940F247819A682B
:106BF000A8F106084244C8EB01089A60A3F80C808B
:106C0000E26615E02C1D8900033801000D2940F2D1
:106C100035819A68A8F10E084244C8EB01089A60D1
:106C2000A3F80C802389E266190A41EA03239381C1
:106C3000A36B6BB11B7A012B0AD0032B08D0304613
:106C400051462A46234679F0C7DE002800F0168117
:106C5000A36B33B11B7A022B03D1304621467AF065
:106C600087D997F85C339BB1E36E9B891A0A42EA95
:106C70000323934A1BB293420AD13046616906222C
:106C8000002315F0BBDD18B13046394649F006D96E
:106C9000626FE36E118819805088588091889980BE
:106CA000216F0888D880488818818988598161694E
:106CB00094F822E0C8890EF0070E20F007004EEA93
:106CC0000000C8811178C9070BD53168D1F8881048
:106CD000D1F8D0010130C1F8D001F968886D0130D8
:106CE000886597F8591061B195F82410C80608D442
:106CF0009989080A40EA0121714809B2814240F0AD
:106D0000BD80D6F89811795C79B195F82410C90640
:106D10000BD49B89190A41EA03236A491BB28B42AF
:106D200003D026398B4240F0A980BB79EBB992F8A9
:106D3000008018F0010818D1D7F81831384693F8B8
:106D40007420013283F87420D4F8801018316DF06B
:106D500089DF61695046FFF325F20121034642466F
:106D60003846CDF800806DF0FDDFD6F8D0361B68D0
:106D7000FB58002B35D01B68002B32D0D4F86C8028
:106D8000B8F80C301A0A42EA03234D4A1BB2934268
:106D900027D197F8A73313B197F8F6330BB35046C2
:106DA0006169424612232BF0C1DB00283BD0B8F8C2
:106DB000103050461A0A42EA0323616908F11202B0
:106DC0009BB22BF0B3DB00282DD0636BD6F8D00636
:106DD000003318BF0123394642467DF077D9002899
:106DE0004CD17B69002B2FD0D4F86C80B8F80C30D4
:106DF0001A0A42EA0323324A1BB2934224D1504674
:106E00006169424612232BF091DB60B1B8F8103073
:106E100050461A0A42EA0323616908F112029BB242
:106E20002BF084DB30B93368D3F888305A6E0132E6
:106E30005A6623E0626B7869003218BF012241462E
:106E40002B4643F0B3DAC8B9D5F89431DB070BD53C
:106E500094F8293043B9E36E9B891A0A42EA032366
:106E6000174A1BB2934209D1636994F82920009311
:106E700030462946636F26F045DC1DE033685A6BC7
:106E8000AAB161691048CA89D3F88C3002F00702B0
:106E9000825C0E48855C50460C3503EBC5056B687B
:106EA000AE6801336B60FFF37DF18019A860504636
:106EB0006169002202F090DE0DB0BDE8F08F00BFE6
:106EC0008E88FFFFB488FFFFBAD588006CE1880088
:106ED0002DE9F04F4FF0000AAFB0CDF8B0A0CDF8DB
:106EE000B4A0D68A984610939B890446212B0F465E
:106EF0001546CDF864A08DF84EA0CDF850A08DF8C1
:106F000057A08DF854A08DF88CA08DF858A0119240
:106F10002B92CDF888A001D803684AE0D8F80890F1
:106F20001046494671F0D2D909F106030890C8F815
:106F30002C000B93B9F806301946ADF8483001F033
:106F40000C02184601F0F00301F44071A1F5407EF7
:106F500092081B09DEF1000141EB0E01022A08BF75
:106F60004FEAD30AADF84A205FFA8AF2ADF84C3006
:106F70008DF855108DF85620B5F804E00EF0030E8C
:106F8000BEF1020F04D100B2002801DADB0800E0F4
:106F90000023D8B28DF85700002914BF28232223DC
:106FA00002B1023300B1043310988089984206D2AE
:106FB0002368D3F888305A6E01325A667EE399F816
:106FC0000A3003F001038DF8583009F11E030C93C9
:106FD00011B109F124030C9300238DF859304AB103
:106FE0000C9B5A781B7843EA0222DB0907928DF842
:106FF000593000E0079241463846FFF3D3F010992C
:1070000009908B68384606338B608B89063B8B81F1
:107010009DF859301BB1FEF365F501463846042250
:1070200002F084DD16F4404F9DF855200CBF4FF060
:10703000000B4FF0010B00232D9302BBBDF848302D
:107040000B9913F4407F09D101F1100620460A3153
:107050005A462DAB78F00CDA2C9005E0D80501D516
:107060000E1D01E001F10A062D9B23B92046314691
:1070700048F0F8D92D902D9B003318BF01238DF8CF
:107080005C302D9B13F1000A9DF8583018BF4FF06B
:10709000010A43B90B992046043148F009DA061C6D
:1070A00018BF012600E00026D4F804321BB923687B
:1070B00093F82C306BB3236893F83E20002A08BF66
:1070C0004FF0000A7EBBBDF84820D20506D49DF8DB
:1070D00058201AB1BAF1000F40F0F6829DF8552001
:1070E00012B19DF858203ABB93F82C30002B00F0D9
:1070F000C982BAF1000F04D12046294658F064DE57
:10710000C0E22D9B9B79002B40F0BC824FF0010A1E
:1071100014E09DF858301BB9002E00F0B38202E055
:10712000002E00F0D1829DF855302BB9BAF1000F36
:1071300000F0A8829A4601E04FF0000A9DF8563010
:107140000BB39DF859304BB194F80E32002B00F080
:107150009982109B9A6942F040029A6107999E4A6F
:1071600001F00703D25C9D498DF84E308A5C079987
:10717000149201F0100212118DF854200C9A8DF81F
:107180008C3002320C92109BD989988911F40052EC
:1071900018BFB3F850200C999B688218CB1A0E9236
:1071A0004146D21A38460D920693FEF3FBF7069B32
:1071B0000B9AC31A0F93937DD17D43EA0123ADF857
:1071C000AA30BAF1000F2FD12CAB00930E9B2046B2
:1071D00001932DA92B4618F0ABDE002840F0528217
:1071E00074E22D99002900F04D820B9A20460A3254
:1071F0005B4678F07BD82C90002840F06D820B9A8B
:107200002D9920460A325B4678F072D901462C90BF
:1072100030B92368D3F88830DA6E0132DA6631E2A9
:10722000204677F0D5DF57E2BDF8483013F4407FB1
:1072300004D12D9B1B7C002B3AD106E09DF85530E4
:107240001BB92D9B1B7C002B32D020462D990A3276
:107250005B4678F04DD92C9018B913E22C9B1B6932
:107260002D931EB123689A6A2C9B9A622D9BD3F8AA
:1072700010210792BAF1000F21D19DF85520F2B9E3
:107280009DF858201AB1BDF84820D00510D499793E
:10729000BDF8482011B1D1050AD510E01B7C02F4DD
:1072A0004072002B14BF4FF4007300239A4206D0A3
:1072B0002368D3F888309A6D01329A65E2E120465E
:1072C000294658F081DD002388F8230083462D9855
:1072D00088F822308379ABB9BBF1000F12D0594640
:1072E00095F91D20334658F0CFDD2946D4F8C42641
:1072F000204658F00DDD3246014688F822002D98D0
:1073000058F010DE2C9B93F8922112B9D3F8F42098
:1073100052B3BBF1000F27D0D3F8F010D3F8EC2014
:1073200042F821B0D4F88424517911F00100D3F847
:10733000F01018BF95F91F0003EB8101C1F89C0103
:107340005279521012F00101D3F8F02018BF95F9CC
:10735000201003EB8202C2F8BC11D3F8F0200132F6
:1073600002F00702C3F8F0209DF855202D9B0AB1CA
:10737000DB6D3CE09A792C99002A31D04B6B259338
:107380004B685A061BD59DF85620C2B1BDF8AA20FD
:10739000100714D191F8D7208AB10A7DD2070ED4F4
:1073A000BDF84820D0040AD59A0308D5149A91F85C
:1073B000C9301341DB0702D520463AF00FD9BDF89A
:1073C000483013F4805F2C9B5A6814BF42F400329B
:1073D00022F400325A600BE0BAD588006CE18800D4
:1073E0004A6B25921A7C1AB9DB6DD80700D5259314
:1073F0002D988379A3B9037C93B19DF858307BB95C
:10740000BAF1000F0CD1079B83F806A094F80C2268
:10741000D3F8F0309A4203D084F80C3221F010DB1C
:107420009DF85830FBB12D998B79002B40F02A81C3
:107430000B7C43B10B98E23110300622FDF3E8F2E9
:10744000002800F01F810B980430FEF3D9F150B9E9
:107450002D9890F8453033B90B99043148F076D91E
:10746000002840F00F81BDF8AA30089AA8F81C3017
:107470000B9BC8F82C201B7C2C9913F0010F099E44
:107480004FF0000707D0D1F854310133C1F854311F
:10749000F1E9622306E0D1F850310133C1F85031EF
:1074A000F1E96023921943EB0703C1E900239DF83A
:1074B00058309BB999F8003099F801201A4399F88F
:1074C000023013430AD0D8F82C10D4F85C016A8A31
:1074D00078F0C6DB2C9B0899C3F85C1199F903304E
:1074E000002B07DA2368D3F88830D3F8A8220132BA
:1074F000C3F8A82299F8033013F0300F07D023689F
:10750000D3F88830D3F8B0220132C3F8B0229DF806
:107510005830002B71D1D8F82C00236810F0407F30
:10752000D3F8886001D1C0B201E070F04DDD1628BB
:107530003AD00CD80B2825D004D8022816D004281D
:107540005BD119E00C2823D0122856D126E0302830
:107550003CD004D818282DD024284ED130E0602803
:1075600040D06C2844D0482847D135E0D6F838328E
:107570000133C6F8383240E0D6F83C320133C6F861
:107580003C323AE0D6F840320133C6F8403234E0BB
:10759000D6F844320133C6F844322EE0D6F84832E9
:1075A0000133C6F8483228E0D6F84C320133C6F829
:1075B0004C3222E0D6F850320133C6F850321CE08B
:1075C000D6F854320133C6F8543216E0D6F85832A1
:1075D0000133C6F8583210E0D6F85C320133C6F8F1
:1075E0005C320AE0D6F860320133C6F8603204E05B
:1075F000D6F864320133C6F864329DF858301BB1B6
:107600002D980BA91AF01ED99DF858302BBBD8F82D
:107610002C0010F0407F01D070F0D6DC00F07F002D
:10762000022809D0042807D00B2805D0A0F11601A4
:10763000484240EB010000E001200022E98895F972
:107640001C3000920190A888090A800B02902D98A6
:1076500003920490204609F058F92C994B685A037C
:107660000BD59DF8583043B9BAF1000F05D1D4F8C5
:1076700038010BAA33F038DE33E020460BAAFEF7C0
:10768000F5FF2EE023685A6BC2B19DF85820AAB9C5
:1076900010991548CA89D3F88C3002F00702825C31
:1076A0001248845C38460C3403EBC4046368A56854
:1076B00001336360FEF376F54019A06038461099F7
:1076C000002202F089DA0CE0B24637E5BDF8483016
:1076D00013F4407F3FF485AD2D9B002B7FF4C1ADAB
:1076E000BCE52FB0BDE8F08FBAD588006CE188000A
:1076F0000B68C968DB691A6889B14B78012B0ED118
:10770000B2F8BE3023F040031B041B0CA2F8BE30BD
:107710008978890644BF43F04003A2F8BE300020B8
:107720007047F8B591E88800DC6903680D461A686F
:1077300092F8626126B1D3F8600806F073FF06463E
:10774000F86DF9F725F958B156B1E86858B14378A2
:10775000012B04D00C23A3804FF0FF30F8BDA061B3
:107760000023A3800020F8BD38B503684C681A6870
:1077700092F8625125B1D3F8600806F053FF054630
:10778000E06DF9F705F950B145B9D4F8A00300F060
:107790002000002814BF0320002038BD032038BD7E
:1077A0002DE9F84391E808020568DC692B680E466C
:1077B00093F86271D4F8008027B1D5F8600806F01C
:1077C00031FF0746D9F85C00F9F7E2F888B187B1D4
:1077D000F06888B14278012A05D00C2323844FF049
:1077E000FF30BDE8F8836062D5F86008414607F0D5
:1077F000D9FC002323840020BDE8F8832DE9F04F55
:107800001C4692F801909B68D1F85CC089B00027B3
:1078100023F4C063B9F1010F80460E461546CDF83A
:1078200010C005970697A36040F23C81D278AB78F0
:1078300043EA0223012B40F03581A9F10203DBB2B8
:10784000032B0ED81CF0400F00F02C8104222DF0E9
:10785000F5DC002800F02681402363630423A36342
:1078600029E12F1D384696490322FDF3D1F08246C7
:10787000002840F0178140463146EA792DF0DEDCE1
:10788000002800F00F8104F1380B38465946FFF309
:107890001DF0A9F10603DBB2012B11D8049B5F0692
:1078A00040F100814046314604222DF0C7DC00281B
:1078B00000F0F880402363630423A3635746FAE093
:1078C0006A7A2B7A43EA0223012B40F0EB8005F120
:1078D0000A0738467A490322FDF39AF0002840F05F
:1078E000E180404631466A7B2DF0A8DC002800F09C
:1078F000D98038465946FEF3E9F7A9F10C03DBB20B
:10790000012B06D8049B580640F1CC8040236363CA
:10791000CEE0EA7BAB7B43EA0223012B40F0C08040
:1079200005F1100066490322FDF372F0002840F0D3
:10793000B780EB7C012B01D0052B02D1049A5106B4
:1079400017D4062B02D1049A120612D4D8F80020BC
:1079500092F862212AB1082B03D1049A12F4802FE5
:1079600005E0022B40F09C80049A12F0800F00F09A
:1079700097805A1FD2B2012A01D9082B0BD1336D3F
:107980005B0504D4049B13F4922F00F08F80A3684E
:1079900043F48063A360336D5F0503D5A368580586
:1079A00040F1848005F1100004A90022FEF31AF7CB
:1079B000002877D0049BA9F11202D2B2012A636396
:1079C0008CBF2A7D0022B3F5802F01D151066BD5E3
:1079D000D8F87C06316D0DF11F0304F05FFA002822
:1079E00064D09DF81F301BB1A36843F40073A360FB
:1079F000A9F11407FFB2002F4AD095F801A0A9F110
:107A00001609C7EB0A0A05EB0A0393F803C003F152
:107A1000020B9B785FFA89F943EA0C2C4FEA19199B
:107A2000002723E00BEB0713023305931023ADF877
:107A30001C3004F114030093636B3046019306A9D4
:107A400005AA07ABCDF80CC057F09ED90137202806
:107A5000DDF80CC00AD1059A62B1069B53B1012131
:107A600000914046214638F033D903E0674501D004
:107A70004F45D7D15544EA78AB7853EA022317D063
:107A8000059BBBB1069F002F0CBF3527002712E0D6
:107A9000404621463A463B46009738F019D90AE05D
:107AA0002B2708E00C2706E02D2704E01F2702E023
:107AB000002700E03527384609B0BDE8F08F00BF49
:107AC00022380100F8B591E8280007685B681E6855
:107AD0003B6893F862415CB1D7F8600806F0A2FDFC
:107AE00031460446D7F8600806F0A0FD064600E0DF
:107AF0002646E86DF8F74CFF30B124B1002E14BFD4
:107B000003200020F8BD2046F8BD2DE9F34191E89F
:107B1000480007685B680C46D3F800803B6893F820
:107B200062315BB1D7F8600806F07CFD414605463E
:107B3000D7F8600806F07AFD074601E01F461D46AB
:107B4000F06DF8F725FFA0B19DB197B1012200219A
:107B500001A8FCF3F5F701A80521FEF3C9F3012202
:107B6000A369F42001A9FDF30FF52368A2695B68FE
:107B70001A620020BDE8FC8173B503680C461A68E0
:107B80004D6892F8626126B1D3F8600806F04AFDAC
:107B90000646E86DF8F7FCFEB8B11EB9D5F8A0337B
:107BA000980612D50122002101A8FCF3C9F701A80B
:107BB0000521FEF39DF30122A369F42001A9FDF341
:107BC000E3F42368A2695B685A6100207CBD73B549
:107BD00003680C461A684D6892F8626126B1D3F8C2
:107BE000600806F01FFD0646E86DF8F7D1FE98B173
:107BF0001EB9D5F8A0339B060ED50122002101A89D
:107C0000FCF39EF701A80521FEF372F3F42001A90D
:107C10000122A369FDF3B8F400207CBD2DE9F347F0
:107C20001746027A04460E46D0F80090D1F800803C
:107C30000AB1002B6AD0E3199D7A002D67D098F81D
:107C4000023194F8272003F01C039B08934238BFAD
:107C500013463371304630F093DD98F802314FF41B
:107C6000005203F0030312FA03F3F36098F80231B1
:107C7000204603F003030D3386F83D31414607F1FA
:107C8000360A2FF00BD856F82A5045B94FF44170F8
:107C900001F06CDF0546002839D046F82A00284656
:107CA00000214FF44172FCF34BF702232B700023A9
:107CB000AF7085F8ED30D9F80030C5F8F48093F84E
:107CC00069318BB1484649F041DC38B1E37C9842D8
:107CD00028BF184684F80434E07405E094F80434AE
:107CE00013B1E37484F80404A27CE37C009294F85A
:107CF0002F2048460192D5F8F4103A4632F036DF8C
:107D0000D4F850321A6D01321A6500E01D4628463B
:107D1000BDE8FC872DE9F041D0F8E82200250746B0
:107D20000E46A8462B46D2F8B0100432002918BFE0
:107D300098460133182B0D44F5D128F0070830463A
:107D4000184908F10708FDF36BF105BB22E0D7F8ED
:107D5000E83204F12C0253F82220642353433046C6
:107D6000B3FBF5F31049FDF35BF1104B2340002BFF
:107D700003DA013B63F007030133072B05D14445C8
:107D800003D030460A49FDF34BF1013400E00024F2
:107D90004445DCDD30460749FDF342F10020BDE8F3
:107DA000F08100BF225701002C570100070000801E
:107DB000375701001A2D890037B500230193079B1F
:107DC0000546032B144604D901A806990422FCF3A6
:107DD00033F60E2C2B6806D11B68002093F8D120B7
:107DE000089B1A6001E06FF016003EBDF8B5C2694D
:107DF000002307460D461E46D1580433602B0E441F
:107E0000FAD128461149FDF30BF1C6B10024FB69F4
:107E1000284653F82420642353430D49B3FBF6F35B
:107E2000FDF3FEF004F00703072B05D1172C03D058
:107E300028460849FDF3F4F00134182CE7D1284610
:107E40000549FDF3EDF00020F8BD00BF5C570100CF
:107E50002C570100375701001A2D89000020704768
:107E600010B51C4603699B794BB9880501D5101DD7
:107E700003E0C90510D502F10A00214608E0CB0550
:107E800002D502F10A0002E0880505D5101DA11DEA
:107E90000622FCF3BDF580B9204602990622FCF3C8
:107EA000B7F568B1204603990622FCF3B1F5002826
:107EB0000CBF4FF0FF30002010BD4FF0FF3010BD61
:107EC0004FF0FF3010BD00002DE9F04F5D4B07462D
:107ED0001868EFB06A9015469A886C69ADF8AC21C5
:107EE00053F8060FA2686C909B880491ADF8B431EA
:107EF0007B68A98BD3F814B06B6805919B1A9BB271
:107F0000D218A260A289D5F81090D31AA3810026B6
:107F1000B84664E0642E64D0A368E28903F10E07DA
:107F200012F4005218BFB4F85020BF07A0899989F5
:107F300005D04746FB6E1A6C01321A645BE01218DA
:107F4000DFF808A10F0A92B247EA01270392A18A3B
:107F5000DAF800200E3752F82120BFB21AB13A4A9F
:107F6000F91C0A4000E03A460399914205D0474681
:107F7000FB6EDA6B0132DA633DE06AAA00926CAA0A
:107F80000192049805992A68FFF76AFF002832D108
:107F9000E3899B0407D5B4F8503023B1A389FF1AB5
:107FA000A4F8507000E0A7812246D8F80000594696
:107FB00019F0BCDEE38995F8222023F0070302F0D4
:107FC00007021343E38106AB43F82640A28ADAF89E
:107FD0000030013653F82240039BC3EB0909002C03
:107FE00098D14746B9F1000F01D105AB0FE0FB6E08
:107FF0005A6C01325A6458466969002201F0ECDD7E
:108000001DE053F8042F0021918209F10109B145C7
:10801000F7D124B158462146002201F0DDDD0024CD
:108020000BE006AB53F8243095F82920009338680C
:1080300004999B6825F066DB0134B442F1D16FB03E
:10804000BDE8F08F2B380100FCFF0100E8030000C1
:108050002DE9F04FB1B0DDF8F480079300230F92C3
:108060002F9308F138023A9B0B92D1F808215B88D4
:108070000C92079A0E931388814603F0FC03A3F138
:1080800020077B4243EB07030C463C9E856908931F
:108090002BB13A9B4FF0300B04330A9303E0089A5C
:1080A0004FF0100B0A920021282210A8FCF348F58B
:1080B0001AA800212822FCF343F5D5F86C332BB124
:1080C00010A805F55B712822FCF3B6F40C9B0DF1AA
:1080D000400A03F138070DF1680C3A46534628462A
:1080E0002146CDF800C0CDF818C024F065DAD5F8E7
:1080F000843439469B7824AF00220B986FF0BEDEA3
:10810000384600212422FCF31BF508F14D03DDF86D
:1081100018C02593CDF898A0B8F868300DF1B40ACE
:10812000504600210822CDF89CC028932496FCF3E9
:1081300007F57368CDF800A0C3F300438DF8B430A1
:1081400021465A460023D5F894062E9753F03AD884
:1081500004F1DC0300F1060A079A0D938DE8080488
:108160002FAB0A32029307465946284604F1E20330
:10817000099220F08BDE844618B91122A8F86820F5
:10818000E9E02F9B0022012119705A702A6A1268B7
:10819000022A04D194F92C210AB921221A70216DE6
:1081A00040F237120A4032B194F858201AB11A88B6
:1081B00042F010021A8095F8722432B12A6A527D78
:1081C0001AB11A8842F480621A80B8F868202146F1
:1081D0005A80B8F820209A802F9B2DAA06338DE86C
:1081E0008C002F93D5F894065A460023CDF818C07A
:1081F00052F056DFDDF818C0002840F09980009456
:1082000098F81820E368029003900192DA682846F3
:108210003346614624F01AD8B8F8683023B13046A6
:10822000022176F0A5DB83E02F9B063B2F93B368FA
:1082300098050CD596F8243003F00303032B06D1E0
:10824000D5F87C06214632465DF0C6DA83E0B8F800
:1082500020303146A6F8CC30284676F0B9DF0C9AAB
:10826000022192F860300E9A3046934238BF13468E
:10827000A6F8FA3076F004DED4F8EC30190309D50C
:10828000284621461AF038DD012803D12846214628
:1082900046F0F2DE2B689B6AF362089B53B10D989F
:1082A0000A990622FCF3B4F320B148460999E26822
:1082B00036F0A6DF0999E268484636F0C5DC2A6840
:1082C000D4F8EC1092F84F2011F4005318BF022399
:1082D00012F0030205D0CA045ABF7268C2F300420A
:1082E00000227F218DE806000B9806F13C01002258
:1082F0006FF0F0DE2846314677F058DB606920B138
:1083000006F11401012201F0D9FFD4F8EC309B04EE
:1083100004D5D5F84C01214660F064DB2B6893F856
:10832000693133B128462146012202F0BDFF00E049
:10833000BA463B9B3A9A01932F9B00920293484680
:1083400021460F9A079BCDF80CA00496CDF8148017
:1083500036F054D905E048462146079A434635F0A1
:1083600029D931B0BDE8F08F2DE9F04F8569E3B030
:10837000924698469DF8B421D5F864310C46079290
:108380001BB19B79002B40F06A812B6893F82F304A
:10839000ABB1236D990712D594F8A4307BB100F0EE
:1083A0005FDFD4F8B0103EF0D7DE002800F06C811B
:1083B0000023C4F8A830C4F8AC3084F8A430A37902
:1083C0001BB12379002B00F04A81BAF800B01BF4EE
:1083D000804B65D00AF10A03284621461A460693C7
:1083E00076F080DF0746002800F03981D0F8D030E1
:1083F000002B00F0348198F803909DF8B8314FEAD3
:1084000099190BB3D5F89C3253F82960E6B133695A
:10841000D3B1337AC3B1414603225BA8FCF30CF31A
:108420005BA806F1140132690330FCF305F33169EE
:108430005BA8033108AA02F0AFDA6C9A08F10400D5
:10844000111F08AA02F0CADA09F11C0954F82930F0
:1084500093B11A696C984146143308F0F5DCC0B941
:108460000123009001930290039004902146284636
:108470001722069B1AF05ADDD7F8D00001F088DBEE
:108480000023C7F8D03003230F2606934FF00109CD
:10849000D2E06C9A08F10408083A6C920F2601E0C9
:1084A0005E465F46B8F80230B8F8009006932B6835
:1084B00093F8623173B1B9F1030F0BD16C9A079B3A
:1084C00000920193D5F8600821465246434674F065
:1084D00057D8C4E0069A032A00F2C180BBF1000F0E
:1084E00067D1012A40F0CC80B5F8AA0122F014D956
:1084F0000AF10A0B031C214618BF012328465A46DD
:1085000076F0F4DE014610B1284676F0F1DE28461A
:1085100021465A4676F0E8DF0746002800F0B28090
:108520004368DA0408D52A6892F83020002A40F01F
:10853000A98023F4805343602846394625F0B2DDF4
:10854000B9F1000F03D0B9F1010F2BD112E0B4F94A
:10855000543094F94420384601211BB916B976F0FD
:10856000B9DC01E076F01EDA97F8243013F001034D
:108570001DD118E0B4F95430012B18D038464946C3
:1085800094F9442076F00EDA00238DE80802029375
:10859000039304932846214617225B461AF0C6DC53
:1085A0000D2649E00023012200930192EFE7002EFF
:1085B00042D100210C225FA8FCF3C2F2344B0DF52E
:1085C000927B5F93334B002128225846609361953C
:1085D000FCF3B6F2069BADF8346153AE3046002191
:1085E00020224A93CDF824914B97FCF3A9F26C9A80
:1085F00008F106030193931F00960293D5F89406A1
:108600002146B0225FABCDF868B152F003DEBDF871
:1086100034618EB987B197F82430D8070CD5284635
:10862000214604220AF10A0300960196CDF808902B
:10863000039604961AF07ADC069A2046531C01939E
:10864000002303930493079B0AF10A01059304F1A5
:10865000DC023B46CDF800900296FDF76DFC284603
:1086600021460AF10A0276F03DDE68B1A3795BB1DA
:1086700090F82430D90707D52B689B6A836203E002
:108680000E26D9E70126D7E763B0BDE8F08F00BF1B
:1086900011148400151484002DE9F04F9A46836E5E
:1086A000ADF5077D81468669CB58D1F80C01919CC8
:1086B0000D460D92DDF8408212930C90002C00F0D4
:1086C000AA82002131A86C22FCF33AF29DF84832CC
:1086D0000D998DF8DC30B4F8CC303391CDF8D0A0C2
:1086E000CDF8C4903295CDF8D480369423B9206962
:1086F00047F04AD8A4F8CC00B4F8CC20D5F808311B
:108700000021ADF8E4204CA828221093FCF318F2C5
:108710000D98BAF800200388ADF82C2003F0FC0374
:10872000A3F12000434243EB0003D9B28DF8473058
:1087300093B20A934B010E9394F824300F9103F0F7
:108740000303032B03D1A368990500F13F82D6F8F8
:1087500064311BB19B79002B40F05782336893F84A
:108760002F30ABB12B6D9A0712D595F8A4307BB1A1
:1087700000F076DDD5F8B0103EF0EEDC002800F019
:108780004A820023C5F8A830C5F8AC3085F8A4307B
:108790000F9820B1B8F1090F40F2378209E0B8F123
:1087A000030F40F23282A8F104010AF1040B09918F
:1087B00004E0A8F10A020AF10A0B09920027676394
:1087C000A763304621463A4676F0B4D9099BCDF8E6
:1087D000F4B0012B3E93CDF8ECB040F316829BF839
:1087E0000130099802339842C0F20F8239460C22B8
:1087F00083A8FCF3A5F1704B394683936F4B282275
:1088000084936AAB184608938596FCF399F156AAAF
:108810000DF5E87C6B9260AA6C9260463946202286
:10882000CDF81CC06A94ADF8C871FCF389F1089BBF
:1088300009997B933368DDF81CC093F84F3002919F
:1088400003F00303CDF800C0CDF804B08DF8E83193
:108850000E9AD6F89406294683AB52F0DBDCBDF8BD
:10886000C8210E9208B11746BFE1BDF82C30D4F8EC
:10887000E000A4F8F83038B141780231FDF322F776
:10888000D0F1010038BF00200B900B98EB6D8DF8F4
:10889000E60023B12A6D40F23713134013B92B6D54
:1088A0005B060BD5D4F8E03043B9AB79002B00F070
:1088B0008F81D5F8EC30980440F18A81304656A972
:1088C00060AA4CAB1AF0F6DE002840F0858196F8DD
:1088D0001C259DF844319A4240F07E8194F8243062
:1088E00099070BD594F8D73023B1304621460122A1
:1088F00039F0C0D92046FE2176F03AD895F94430B7
:10890000002BC0F2718194F82430DA0740F16C81B9
:10891000336893F8A9304BB1D6F870012AF04EDDD8
:10892000022803D10A99CB0540F154816D2215A884
:108930000021FCF305F10023DDF830E11A4612E0D6
:1089400086A8C11811F8E41C01F07F016C2909D830
:108950001B48405C30B115AF40B2795432EA200276
:1089600028BF012201337345EAD16168336A21F0DF
:1089700007016160587D12F1000C18BF4FF0010C27
:1089800018B112B941F0010161605B7D33B10A9900
:10899000480503D4636843F0020363600A9A12F047
:1089A0002002139203D0636843F004036360109BBA
:1089B000986B002314E000BFB1118400CD13840034
:1089C000581689001099CA1892F83C20110606D54D
:1089D00002F07F0215A98A5C002A00F0FD800133B5
:1089E0008342EFD1336893F84F309A072AD06D99BC
:1089F00041B34A7830460232CDF81CC054F09CDABC
:108A0000002207460092304621463A460023FBF7F3
:108A100001FCDDF81CC0AFB151A810220130F91CD7
:108A2000FCF30AF051AA0023F11891F8011312F88F
:108A3000010F0840884240F0CF800133102BF3D162
:108A40004FF0020C129B9C45C0F0C680EA6D22B12B
:108A5000296D40F237130B4013B92B6D5B060BD514
:108A6000636B23B1A16B40F237130B4023B92B6D1D
:108A700013F0410F00F0B8800A98C00618D5296D90
:108A800040F237130B409BB9490601D50B9979B1D8
:108A900030460D9E0023012200930192029303931E
:108AA00004932946172206F10A031AF03FDA9BE0E5
:108AB000E2B12A6D40F237131340BBB1D30715D58D
:108AC00094F8D630012B11D1636B7BB105F1DC0337
:108AD000009305F1E203019302273046294622461E
:108AE00004F11403029726F097D87EE0336893F8D8
:108AF00030304BB9336A1B68022B05D195F92C3104
:108B000013B91398002869D0336A1B68022B05D16A
:108B100099F8003013B10A99480561D5304619F02B
:108B20007BDDD9F8283098425CD2304629461AF0CD
:108B3000E3D8D5F88430984254D2D5F8EC30990473
:108B400008D5D6F84C0121465A46099B60F016DA42
:108B5000002849D10E9A4CA9ADF82C213FA8282213
:108B6000FBF36AF70C99486B08B101F011D80F9A22
:108B70001AB1AAF1060A08F106089DF847000C9BF5
:108B800083F83C00404600F0F1DF0C99486308B9D7
:108B9000886306E042465146FBF34EF70C9AC2F852
:108BA000388001238DF8F03104F1140100230622EE
:108BB0007DA8ADF8F231FBF33FF731AB00933046BF
:108BC00029467CAA234635F051DD24E01E270CE01F
:108BD0000D270AE0162708E0122706E0132704E015
:108BE000192702E0112700E00C2731AB0393484618
:108BF00029467CAA0D9BADF82C71CDF800A0CDF8CC
:108C000004800294FFF724FA05E0484629460D9AAD
:108C100031AB34F0CFDC0DF5077DBDE8F08F00BF40
:108C2000D1F80C0130B5446B4CB1816B39B190F87F
:108C30003C50002D0CBF04250A25A94203D2002177
:108C40001160196030BD251D1560196090F83C0059
:108C500018B106390A34196014601A68043A1A60A7
:108C600030BD0000024B00F00F0053F820007047A9
:108C7000746501002DE9F04FCB88D0F810218BB03E
:108C80009B0605460E460468D0F80C710892D0F891
:108C900004A11DD5036D9A0712D558070BD501F114
:108CA0006F0004217CF0BADC90B906F18300042146
:108CB0007CF0B4DC60B994F8413513F0020F05E0A4
:108CC000DA0705D594F8413513F0010F40F02B83F6
:108CD00020462946728E16233CF0D6D8002840F054
:108CE0004083738E204613F4404F0CBF00220122B4
:108CF0000A3254F822902A46494621F069DFFF28BB
:108D0000804600F02E8394F8903243F0040384F8F8
:108D10009032236893F83B303BB1204629464246C7
:108D20005AF000D9002840F01C83236A186961F0CA
:108D3000DFD840454DD0236A186961F0D9D8FDF3DA
:108D400087F383464046FDF383F3834509D1236AC5
:108D5000186961F0CDD808F4605300F4605098426F
:108D600037DC7B68022B0AD1BAF8BE30DB0706D5A8
:108D7000BB68182B03D0089A536B042B29D1D4F865
:108D8000580141464CF062DB204628F01FDC7B682E
:108D9000022B08D1B5F954302BB9D4F8D4062946A2
:108DA000324651F0B5DA2046414626F041DF2368CD
:108DB00093F83B304BB1D5F83C335968D4F8C03503
:108DC000994202D0204623F0ABD820461FF0ACDEFB
:108DD0000FE0D4F8580141464CF042DF48B1D4F8D6
:108DE000580141464CF032DB002120460A4622F071
:108DF0000BD8236893F83B3093B1D5F83C335A68CD
:108E0000D4F8C0359A420BD0204628F0DFDBD5F8E5
:108E10003C332046596823F083D820461FF084DE77
:108E200009F15003C822504631460993FBF304F67A
:108E3000D9F80030AAF83280022B07D199F81580B2
:108E4000D8F1010838BF4FF0000801E04FF00008EA
:108E5000F38813F020030DD0236893F84F3013F0FC
:108E6000030307D0D5F8EC3003F48053D3F10103AA
:108E700038BF0023DBB20AF1380B0793FF22B8F1A9
:108E8000000F18BF00238DE80C00584659460022F9
:108E900043466FF01FD9D4F884345846099901220B
:108EA0009B786EF0EBDF00282ED1B9F80820D9F8B6
:108EB0000090B8F1000F05D120464146069220F0FF
:108EC0003BD9069ABAF8323003F46053B3F5205F09
:108ED00008D0B3F5C05F07D0B3F5805F14BF0A2395
:108EE000142302E0A02300E02823FF210191029037
:108EF000CDF800800393D4F8843458461B7909993F
:108F000004934B466FF0AAD8D5F8EC3098040CD5F2
:108F10002946204620F010D9FF230093019059469E
:108F20005846002202236FF0D5D82046594623F038
:108F3000D9DA96F9342020460032294618BF01229A
:108F400046F0F2DC96F93430E3B9D5F80831012265
:108F500083F86020D4F8440129465BF097D928466D
:108F600031463BF023DA28460E213DF05BD82946F6
:108F7000204646F051DE204629467A68BB6845F017
:108F800007D8CCE1D5F8EC30990405D5D4F84C01DC
:108F9000294652465FF0BADC20462946324676F032
:108FA000A3DA804638B9204629463A460BB0BDE8D8
:108FB000F04F3BF09D9F079AF2B1DAF86830BAF8AB
:108FC0006C900C33A9F10C0919464A4620460693C9
:108FD00053F0CCDF069B844619464A462046CDF81E
:108FE00018C053F099DFDDF818C000220346009244
:108FF0002046414662460AE04368DA0309D5F38811
:109000009B0606D4079B2046009341461A46FBF771
:1090100001F9D8F80430D5F8EC2043F48053C8F8AF
:10902000043012F400524FF07F0308F13C0100932A
:1090300005D0079A584601920223002203E0079BBD
:109040005846019313466FF045D82046414676F0C6
:10905000ADDC204629463AF0C1DD236893F8623141
:109060005BB1EB6D580308D5BAF8BE20D4F86008A0
:109070004146C2F3801206F095F898F8243013F0B8
:109080000C0F40F04681B5F954A02368C5F800A143
:1090900093F86231002B7DD0EB6D190605D5D4F81D
:1090A0006008294673F054DB10B9EB6D5A033CD5C8
:1090B00000232946C5F80031D4F8600873F032DA8D
:1090C00029468246D4F8600873F040DA88B14FF43C
:1090D000802920462946324608238DE800063DF0C7
:1090E00019D830B10323C5F80031C5F85C909A4611
:1090F0001BE0D4F86008294673F02ADBA0B14FF0DA
:10910000800B4FF000092046294632460223CDF855
:1091100000B0CDF804903CF0FDDF28B1C5F8009117
:10912000C5F85CB0CA4600E08246D5F80031032B92
:109130000BD1D4F8DC0629463246EB6D6CF002D830
:1091400018B10023C5F800319A46D5F80031032B39
:1091500020D1D4F8600805F065FA50B1D4F8600861
:10916000414605F063FA20B1D4F86008294605F0BD
:109170001FF9D4F8600829464246334673F092DA64
:1091800030B1284608210BB0BDE8F04F3CF04A9FB3
:10919000C5F800A1D7F80490B9F1020F1DD1BAF1BA
:1091A000000F1AD1D4F8D4062946324651F0C8D857
:1091B00098B1D5F80801FCF32FF370B9D4F8D006B4
:1091C00029463246C5F800917BF00EDAD4F8D40671
:1091D0002946324651F016DBCA460C21404675F04E
:1091E0004FDE7B68022B23D1089A536B093B012B7E
:1091F0001ED893464FF00009134616E00A2000FBE4
:109200000930D5F80811623006220693FBF300F40A
:10921000069B30B94FF49672ABF86820012283F8B0
:10922000502009F101090BF10A0BDA6C9145E5D3E5
:109230007B68022B33D12B7A002B30D0BAF1020F8E
:109240002DD1B6F8BE30DB0729D5089A536B042B15
:1092500025D0BB68182B22D0284622F04DDF18B14C
:109260002846002127F058D8284618213CF0DADE9D
:10927000D8F80C30D4F8D406D5F808211BB11969F8
:10928000002908BF00230093B6F862302946C3F3D3
:1092900040130193434651F013DA064629E028466D
:1092A00008213CF0BFDE4FF001090023CDF800A0FB
:1092B000CDF80490029303930493B6F862303246DB
:1092C000C3F3401305932846434608F11401FCF705
:1092D00033FE2368064693F869311BB120464946A0
:1092E00048F0D2D8A06839684FF4967200230CF089
:1092F0002FDF46B1D4F888041B49B5F82E21334638
:1093000060F0F8DA0BE0A06839684FF49B723346DE
:1093100003E00022A068396813460CF019DFBB7F18
:109320000133BB771DE0F388708E23F46663F3800E
:10933000FDF38EF040F480501FFA80F8708EFDF33C
:1093400087F0B6F8BE300E288CBF4FF440400020A6
:1093500048EA000823F00A03A6F83280A6F8BE30D7
:10936000B6E40BB0BDE8F08FA59084002DE9F04F76
:109370009A461388D0F80C61A3B003F0FC0309935C
:10938000B36894460B3BBAF80220012B04468B4687
:10939000DDF8B0900568D0F80471ADF828201FFA08
:1093A00082F80BD80CF1100039460622CDF818C00F
:1093B000FBF32EF3DDF818C0034660B1099A20468E
:1093C000B2F1100318BF012300930023019306217B
:1093D0000CF10A0248E0306C20B1069300F0D8DBB3
:1093E000069B7364484600F0C1DB306428B1C6F8C0
:1093F000449051464A46FBF31FF32B6893F84430E0
:109400003BB1D5F86001BAF802104AF037DCAAF88F
:109410000200B8F10B0F10D17368012B13D0B368A1
:109420000C2B10D000230093214628465A463B4679
:109430003BF0C6D820460C2177E0B8F1000F16D0DB
:10944000B8F11E0F13D07368204613F1FF3318BF15
:109450000123009397F934303A46D3F1010338BF22
:10946000002301930121434639F0AEDBC1E02B68B4
:109470004FF000089B6AA9F10602CBF82C300AF1E4
:109480000603079308920393049243462846214615
:109490005822CDF80080CDF80480CDF8088019F06E
:1094A00045DD41460C221FA8FBF34AF3524B4146CF
:1094B0001F93524B282220930DAB184606932195FB
:1094C000FBF33EF3BDF828200DF15C094146ADF8F1
:1094D000382048462022CDF834B0FBF331F3069B08
:1094E000089A1E93079B02920193CDF80090D5F83D
:1094F00094062146099A1FAB51F08CDE8046002865
:1095000077D1BDF83890B9F11E0F11D1129B2846C2
:10951000F36421463AF062DBF26CA86831681E32CF
:1095200043460CF015DE204619213CF07BDD60E05F
:10953000D4F8EC309B0406D5D5F84C015946079A6F
:10954000089B5FF07BDDBAF80420A4F8F62095F8BC
:109550007338A5F8582383B192042869C421920C6A
:1095600044F0C6DA05F50660093039460622FBF3F9
:1095700063F297F83230A5F870387368204613F11B
:10958000FF3318BF0123009397F934303A46D3F1E3
:10959000010338BF0023019300214B4639F014DB4F
:1095A000204659463AF026DAD5F868329C4220D057
:1095B000E36DF3B9236DD8071BD5E36E591C18D0A2
:1095C0001C3354F82320A2B1117A012901D00329B8
:1095D0000FD15089D3798DE8030002F11401029173
:1095E000002104910591039728462146126954F001
:1095F000C3DD23B0BDE8F08FD554840061618400E1
:109600002DE9F04FA5B092460C939DF8B820D0F804
:109610000C310D920993BAF80220D0F8043101F10F
:109620000A07BAF8049004460B9105680892384678
:1096300019460622BAF800B01FFA89F80A93FBF31C
:10964000E7F100282ED1284621463A4675F04ADE39
:109650000646002826D0099A9368082B01D00A2BC9
:1096600020D1726842F4805272602A6892F86221B6
:1096700072B1BBF1030F0BD10C9B0D9A00930192B9
:10968000D5F8600821460B9A534672F079DF92E0D4
:10969000082B02D1089B022B03E00A2B07D1089A62
:1096A000042A04D0002300932046062180E0B8F16C
:1096B000000F06D0CDF800B0204601213A464346BF
:1096C00077E041460C2221A8FBF33AF23B4B41469E
:1096D00021933B4B282222930FAB184607932395E7
:1096E000FBF32EF2089AADF84C900DF1640910923C
:1096F000414620224846CDF83CB01196FBF320F2BB
:10970000079B0C9A20930AF106030193931F02937F
:10971000CDF80090D5F894062146B02221AB51F047
:1097200079DD002847D1BDF84C30002B3AD1BBF190
:10973000010F37D1089A022A34D10A2120463CF081
:1097400071DCF368129A06F114011BB11869002844
:1097500008BF002303930D9B01204FF0030C4FF033
:10976000000E8DE8015004920593204633460A9A74
:10977000FCF7E2FB2146064628463AF02FDA46B1CE
:10978000D5F888040F49B4F82E21334660F0B2D8DA
:1097900011E0099AA868116833464FF49B720CF0E7
:1097A000D7DC08E0191CCDF800B0204618BF012115
:1097B0003A463DF025D825B0BDE8F08F6D618400B4
:1097C00071618400A59084002DE9F0418768064608
:1097D0007D68B86851F805800C46FAF3D1F2C8F8F4
:1097E0000400002830D0635900215868E422FBF3BC
:1097F000A7F1F86854F80580FAF3C2F2C8F8080037
:1098000010B3635900219868E822FBF399F163597A
:109810002949D3F8088033683246C8F80030986880
:1098200000230CF03FDDC8F8680068B16359234994
:10983000D3F8088033682246986800230CF032DDA4
:10984000C8F8C00000282FD163599B68FBB1996EFE
:1098500039B1336898680CF00DDD635900229B68BC
:109860009A6663599B68D3F8C01041B13368986811
:109870000CF000DD635900229B68C3F8C0206359D7
:10988000F8689968FAF3A2F2635900229A60635962
:10989000596861B1B868FAF399F2635900225A60C5
:1098A0006FF01A00BDE8F0810020BDE8F0816FF094
:1098B0001A00BDE8F08100BF55BE84009DBC840045
:1098C0002DE9F04F9FB006468B461446D0F8009025
:1098D0000493002B00F0DE828368049A5B681146D3
:1098E000D35848465D689B681CAA05931BAB36F0AD
:1098F00043D860B15CB9059C202204F148001B9953
:10990000FBF39AF02022E2804FF0870C0DE0062C4A
:1099100000F2C382DFE814F00700C1026F00C10249
:109920006C01C102E4014FF0710C049C634648468F
:10993000716804F11402CDF80CC07DF03DDBDDF858
:109940000CC08046002800F0AC82BBF1030F06D1AA
:10995000D5F8D030B3F5802F08BF4FF0000BD8F802
:109960000840ACF112039BB21B0204F1120A2382DD
:1099700000215F225046CDF80CC0FBF3E1F04BF024
:1099800088039BB21A0AE27423752B8B05F11C071E
:109990001A0AA37562754846394620221FF048DD31
:1099A00004F11F0039462022FBF346F0DDF80CC01D
:1099B000ACF1710C1FFA8CF3BBB11A02A4F86F2042
:1099C000023BDD2284F8712084F87230874903223B
:1099D00004F17300FBF330F0042384F8763004F1D3
:1099E00077001C991022FBF327F00B235F462B60B6
:1099F0004FF0000B5AE2BBF1030F07D1D5F8D0703E
:109A0000B7F5802F14BF0327002700E05F46D5F885
:109A1000D000802802D0B0F5802F04D147F49E57A3
:109A200047F0080703E0042802D147F4E477BFB207
:109A3000D9F8003093F8624154B1F6F7A9FF40B16C
:109A4000D9F8600804F0EEFD18B1B5F8D40000E0D4
:109A50002046AC88D5F8D0300419A4B2802BADF8DC
:109A6000764002D0B3F5802F25D117F4805323D050
:109A7000B6F8108018F0010808D130463FF03EDDFE
:109A800030463FF05FDD013000F00B8233687168D3
:109A9000D3F87C065BF062DDB6F87C30BDF876204A
:109AA0002633C31812F007029BB205D0C2F1080298
:109AB0009B189BB200E0002371341B19049C48469C
:109AC000716804F114029BB27DF076DA80460028BA
:109AD00000F0E781846800215F2204F1120A2274F9
:109AE00061745046FBF32CF03B0AE37427752B8B13
:109AF00005F11C011A0AA375627504F11F002022EA
:109B0000FAF39AF7AA8804F17100A968FAF394F7B6
:109B1000BDF876301A0A42EA0323A4F86F30D9F868
:109B2000003093F86231B3B1D5F8D000F6F730FFCA
:109B300088B1D9F8600804F075FD60B1AB68002BFE
:109B400000F0B381A888D5F8D81050445F30B5F83C
:109B5000D420FAF371F7D5F8D030802B02D0B3F5CA
:109B6000802F33D1F80431D521460DF176023046ED
:109B70003FF074DCBDF876301A0A42EA0323A4F8F9
:109B80006F30049A936899050FD533682246D3F84D
:109B90007C0671680DF176035BF02CDDBDF8763044
:109BA0001A0A42EA0323A4F86F30A37B30460093DD
:109BB000294652465B463FF0ABDA013006D1D9F870
:109BC00004004146002200F007D866E194F86F20B7
:109BD00094F8703043EA0223228AD3189BB21A0AFF
:109BE00042EA032323820C2316E100BF3738010029
:109BF00096F87A704BF4607B3F0107F030074BEA30
:109C00000707B6F87CC0BFB20023BA0754BF0CF1F7
:109C1000710C0CF1790C049C1FFA8CFCADF87630B9
:109C200048466346716804F11402CDF80CC07DF01B
:109C3000C3D9DDF80CC08046002800F0328184686A
:109C40005F234FF0000B04F1120AACF112022374EF
:109C5000594684F811B05046FAF372F73B0AE374A0
:109C60002775B6F87C3006F1BE011A0AA375627535
:109C700004F11F002022FAF3DFF6102206F18E0114
:109C800004F13F00FAF3D8F6082206F1FE0104F1D0
:109C90004F00FAF3D1F6B6F87C2006F15A0104F130
:109CA0007100ADF87620FAF3C7F6BDF8763030468D
:109CB0001A0A42EA0323A4F86F30A37B29460093D3
:109CC000524607F003033FF023DA013040F096805C
:109CD0004146D9F804005A46FFF37EF7D846E0E043
:109CE000D5F8D030802B03D0B3F5802F40F0D5804D
:109CF0003368AC88D3F87C067168ADF876405BF0C9
:109D00002DDCB6F87C30BDF8762026337134C318CC
:109D100012F00702A4B29BB203D0C2F108029B1852
:109D20009BB2E318049C4846716804F114029BB28C
:109D30007DF042D98046002800F0B38084684FF05F
:109D4000000C5F224BF49C5704F1120A84F811C0F6
:109D50006146BFB222745046CDF80CC0FAF3F0F65B
:109D60003B0AE37427752B8B05F11C011A0AA375B6
:109D7000627504F11F002022FAF35EF60DF1780BF4
:109D8000A968AA8804F17100FAF356F63BF8023D7F
:109D900021461A0A42EA0323A4F86F305A46304695
:109DA0003FF05CDBBDF876301A0A42EA0323A4F8E0
:109DB0006F3033687168D3F87C0622465B465BF0EF
:109DC00019DCBDF8763030461A0A42EA0323A4F8BB
:109DD0006F30A37B2946009352463B463FF098D90B
:109DE0000130DDF80CC009D141466246D9F80400C3
:109DF000FFF3F2F6DDF80CC0E04652E094F86F2075
:109E000094F8703043EA0223228AD3189BB21A0ACC
:109E100042EA032323820D232B604FF0010B45E020
:109E2000B3F5802F14BFFE23022300E00223504627
:109E300005F15C01082200F8053BFAF3FDF517F087
:109E4000030104D1D5F8D000FDF38EF10146BBF13A
:109E5000000F0CD0204605F18C0207ABFDF394F106
:109E6000F0B10AF14D0007A91022FAF3E5F5736885
:109E70004146DA68484624F093DF059CD9F808008B
:109E8000D4F8C0104FF47A7200230CF061D94FF06F
:109E9000010806E0DDF8108003E04FF0000800E064
:109EA000804640461FB0BDE8F08F9B460323E37316
:109EB000D5F8D030802BB3D1B8E700BF2DE9F04FF3
:109EC000054689B00E46D0F800A01F46002B00F0D2
:109ED000878183685B68FB585C68D3F80880D4F896
:109EE000D000F6F765FD002800F07C81B8F1000F86
:109EF00000F07A81BB68580507D4BB6B03F00203FE
:109F0000002B14BF0123022300E00323D4F8D00068
:109F10000793802805D0B0F5802F02D0042840F0A8
:109F20006581337D96F8139043EA092919F00303FC
:109F3000069302D1FDF318F1069004F15C0B0120A9
:109F4000082306F117015A46FCF3F0F5834500F0AB
:109F50004F8123680C2B00F0B7800D2B00F0188187
:109F60000B2B40F0458109F4DC73B3F5847F40F09E
:109F70003F8104F13C032022184606F11F0104939F
:109F8000FAF35AF5BA68049B12F4806F09D12A6873
:109F9000126892F86221C2B1D4F8D020B2F5802FB5
:109FA00013D108F148020092B8F8062069680192BE
:109FB00004F18C020292A28A07F114000392E231AA
:109FC00004F11C02FCF346F522E0696807F1140C69
:109FD0006046E23106220493CDF814C0FAF318F576
:109FE000049BDDF814C0002800F0028108F148024B
:109FF0000092B8F806206968019204F18C0202927E
:10A00000A28A60460392E23104F11C02FCF322F7BB
:10A0100019F4807F10D0338A1A0A42EA03239BB2D4
:10A020005C2B40F2BF803046069904F18C02FCF3B1
:10A0300077F7002800F0DC80338A1A0A42EA03230B
:10A040009BB25E2B40F2AE8096F86F1096F87020AF
:10A0500042EA012202F15F018B42C0F0A380C2B14B
:10A06000E188B4F8DC30CB189A4212D106F17100C5
:10A07000E16806F11209FAF3CBF488B1E388D4F869
:10A08000E010994409F15F00B4F8DC20FAF3C0F461
:10A0900030B1686807F1140111227DF025D9A7E0DD
:10A0A000002384F8CD302B68D8F8C01098680CF0E5
:10A0B00075D858460821FDF35DF02846079902221D
:10A0C0003B46FFF7FDFB93E009F4D873B3F5807FBF
:10A0D00040F08E8019F4807F08D03046069904F154
:10A0E0008C02FCF31DF7002800F08280002384F826
:10A0F000CD302B68D8F8C01098680CF04FD8228A61
:10A1000007F11406238B50468DE84400696804F17A
:10A11000AC027DF089D8D4F8D030802B02D0B3F5D2
:10A12000802F02D11023236018E0042B16D10D23B9
:10A1300023602B8AD90707D428463FF0DFD9284669
:10A140003FF000DA013053D058460821FDF312F0F9
:10A150002846079904223B46FFF7B2FBD4F8D030DB
:10A16000802B04D0B3F5802F01D0042B08D16B686D
:10A170005046DB687921009332460623FAF7D4FA79
:10A18000D4F8D030802B27D0B3F5802F30D123E006
:10A1900019F4807F15D0338A1A0A42EA03239BB24E
:10A1A0005C2B07D8DAF80030D3F888305A6E0132C9
:10A1B0005A661DE03046069904F18C02FCF3B0F6B5
:10A1C000B0B1002384F8CD302B68D8F8C01098685F
:10A1D0000BF0E4DF1023236028463EF0F3DF07E0B6
:10A1E000184606E0E92004E0404602E0002000E0D6
:10A1F000012009B0BDE8F08F2DE9FF470D9C064610
:10A2000017469A468946002952D0002C52D08368BE
:10A2100000685B68E3585D68D3F80880294606F05B
:10A220001DFF09232B60484639463022FBF382F09C
:10A23000736848B1626BDB6DB2F5802F0CBF03F41D
:10A24000802303F0800302E0DB6D03F00403C5F814
:10A25000D0300C9B3068029321462A464B468DE84D
:10A26000800406F018FF30B37369012B02D1B8F8EF
:10A27000060000B3002385F8CD303368D8F8C0104D
:10A2800098680BF08BDF0A232B60A3685B0507D46B
:10A29000A16B01F00201002914BF0121022100E09D
:10A2A0000321304600222346FFF70AFB012002E08B
:10A2B000084600E0204604B0BDE8F0872DE9F043F1
:10A2C00090E86000D6F808318E465B8E174603F49E
:10A2D00040437246A3F5404EDEF1000389B00446C8
:10A2E0003146284643EB0E0375F000D8804600281F
:10A2F0007CD047B1E368002B78D120464146FFF778
:10A3000063FA002872D1A3685B6858F803309F682D
:10A31000238AD90702D420463FF04CD82B68C4F8D2
:10A320000C8093F86231ABB198F8D630032B0BD187
:10A33000D8F83430B3F5802F0CD12846414607F1C8
:10A34000480270F01BDC0FE023B9D8F83430B3F5C5
:10A35000802F09D0238A9A0708D507F1480004F115
:10A360001A012022FAF368F32023FB80FB88202BBC
:10A3700035D12B684FF00009D3F8E800CDF81890DC
:10A38000CDF81C900590FFF3F1F3074600282DD07F
:10A3900005AB8DE8080228465021D8F810203B462E
:10A3A000F9F742FED5F81805314606AA07ABFEF7C5
:10A3B00037FC07F10C030093059B20460C3B0193EF
:10A3C000E36801210293069A079B40F0D9D92B68D4
:10A3D0003846D3F8E8300593FFF3DAF306E0706906
:10A3E00006F11901327E43463FF054DA09B0BDE868
:10A3F000F0834FF0FF30704770B50446D0F8880006
:10A4000000220A21D4F8D8300D0A33F81230CEB227
:10A41000CB189BB2013B46EA032605F0030503F483
:10A4200040731D436FEA42636FEA5343A0F840351F
:10A43000A0F82065A0F82C55A0F84035D4F8D83005
:10A4400033F8125001324919062A89B2DAD120466E
:10A4500098215A8843F04CDBD4F8D83020469A2112
:10A460009A8843F045DBD4F8D8302046DA881B8838
:10A470009C2143EA022292B243F03ADBD4F8D8306E
:10A4800020465A891B899E2143EA022292B243F058
:10A490002FDB2046BDE8704040F0EE9CF8B5036825
:10A4A0008E210446D3F8845442F0E0DC2368400057
:10A4B0001B6886B293F8643106F1500106F19407E7
:10A4C00089B2BFB213B1002385F86D31D5F82031C0
:10A4D000012B1CD002D3022B30D122E095F8E820CA
:10A4E000012010FA02F295F8583192B2FF2B03D0F6
:10A4F00010FA03F31A4392B2204643F0F9DA95F8C2
:10A50000E83001229A402046394692B214E02046B3
:10A51000B5F82A2143F0ECDA20463946B5F82C216B
:10A520000AE095F8E83001229A40204692B243F0C2
:10A53000DFDA20463946002243F0DADA95F81C21AA
:10A5400042B94C364FF6FE7120463140BDE8F84026
:10A5500043F0CE9AF8BD0000D0F8941010B5083141
:10A56000044641F0F3D803492046BDE8104041F0CD
:10A57000D59800BF6C4F010038B5437C04468B4230
:10A580000D4606D039B142F005DB38B94FF0FF3047
:10A5900038BD002038BD4FF0FF3038BD002084F8B2
:10A5A0007600657438BD00002DE9F0438BB0129F32
:10A5B00098460023032F04460D46139EDDF8509065
:10A5C000089309930CD9042208A84146FAF334F2FF
:10A5D000072F05D909A808F104010422FAF32CF287
:10A5E0005A2D089900F0B38032D8212D00F0D08088
:10A5F00016D80E2D00F0A78008D8052D5BD00C2DA5
:10A6000000F09D80042D40F09B817CE0142DC0F073
:10A610009781172D40F2A081202D40F09181C5E057
:10A620003F2D00F0F88009D8272D00F0CE803E2D78
:10A6300000F0EC80262D40F08381D4E0522D00F014
:10A640002A81542D00F02A81442D40F07981E7E0E1
:10A650006A2D00F0618116D8642D00F0408109D880
:10A660005D2D00F08680632D00F01B815C2D40F095
:10A6700067817BE0682D00F0398100F23A81662D18
:10A6800040F05E812FE1792D00F0528109D8712DC3
:10A6900000F04681782D00F04E81702D40F0508101
:10A6A0005AE17C2DC0F04C817D2D40F255818C2DDE
:10A6B00040F0468163E0E06F98E8A000C66916F0BC
:10A6C00004060ED0002335FA03F2D607D9B203D41C
:10A6D00001330F2BF7D119462A463B4604F0DADC4A
:10A6E0002CE129463246022304F0CADE29462A46D6
:10A6F0000223E06F04F000DFE06F29463A460223B0
:10A7000004F0E0DE2DE1B9F10B0F40F31C810021D4
:10A710000A460223E06F04F0B3DE00210A46074632
:10A720000223E06F04F0CEDE002105460A46E06F0A
:10A73000022304F0E1DE37607560B060FEE0E06F98
:10A7400004F0B8DE3FE0D4F88000884902E0D4F895
:10A7500080008749FBF390F020B100210A46FAF30C
:10A7600027F630E04FF0FF333360E9E094F81C3116
:10A77000E3E0003118BF012184F81C11DEE0099AE2
:10A780004A4500F3E0802046334640F069D845E072
:10A79000072F40F2D8800029C0F2D880022300930E
:10A7A000E06F0122099B04F01DDFC7E0032F40F298
:10A7B000CA800029C0F2CA80022300930022E06F01
:10A7C000134604F00FDF3060B8E00B2F40F2BB807F
:10A7D0000029C0F2BB80099B002BACBF6FF01606AE
:10A7E0006FF00106BDE0072F40F2AD800029C0F2F6
:10A7F000AD80099A002AC0F2A98000250095E06F7B
:10A800002B4604F0FBDE30602E46AAE0E06F3146B6
:10A8100004F034DE02E0E06F05F006D80646A0E062
:10A82000236898680BF046DD0746E06F04F09ADE77
:10A8300010B3E06F04F0B2DE054618B9E06F0121F5
:10A8400005F004D83368E06F00937368083601930D
:10A850000023029603934168D4F88820A368FAF392
:10A86000A1F0002814BF4FF0FF3600266DB9E06F4D
:10A87000294604F0EBDF08E0E06F04F067DE002813
:10A8800014BF6FF01D066FF01606236839469868EE
:10A890000BF018DD65E0D4F860314EE0D4F8643197
:10A8A0004BE03146102204A8FAF3C6F0059D0C35A2
:10A8B0002846FFF35BF1044600284AD031462A4679
:10A8C000FAF3BAF0238820461B0B012B04D0FFF3C8
:10A8D0005FF14FF0FF3644E0FFF35AF13CE02368AC
:10A8E00093F8183629E04FF4B06326E0B4F81E312F
:10A8F00023E089B201292FD80323A4F81E11204692
:10A90000009319B120220221134602E002212022E5
:10A91000002342F083D811E0204640F08BD952E763
:10A920004B1C022B1BD8204649B242F0DDDB75E7F9
:10A93000C4F8381102E0D4F838313360002610E052
:10A940006FF01D060DE06FF00D060AE06FF00106D6
:10A9500007E06FF01A0604E06FF0160601E06FF0F2
:10A960001C0630460BB0BDE8F08300BFFA6C8900CE
:10A97000026D8900F0B587B004460668D0F88850AB
:10A9800000210C2202A8FAF3DBF0002320464FF04E
:10A99000FF31704A059342F031D823681B6893F861
:10A9A000693113B1204640F08BD8204643F014D8CB
:10A9B0004FF40037204640F039DC0097042330691B
:10A9C000242105AA41F0AADA00210A46E06F04F02A
:10A9D00081D96149204640F0A1DE2046FFF70CFDF9
:10A9E00002A9204640F05EDB20468021082243F089
:10A9F0007FD80A2220465C2143F07AD82046D4F83A
:10AA0000201140F0EDD9554A2046554941F0F6DF76
:10AA10004FF00043C5F888314FF00073C5F88C3112
:10AA20004FF48043C5F828314FF480336B62012125
:10AA3000204641F0D9DFE06F04F0F0D8A4F812010D
:10AA4000A5F8A80616212046B4F8482043F050D8AF
:10AA50002046C021B4F86C2043F04AD82046C221D9
:10AA6000B4F86E2043F044D82046182104F1A40223
:10AA70000223009741F09EDA022320461C2104F1B4
:10AA8000A602009741F096DA96F858361BB10023DB
:10AA900086F8583606E000973069242105AA042379
:10AAA00041F088DA20464421B4F8A82043F020D8A9
:10AAB00020464621B4F8AA2043F01AD8B5F88836C3
:10AAC0001B051B0DA5F888360123A5F89C3600252B
:10AAD000B5636319586910B1224B5B689847043518
:10AAE000182DF6D11F4D6069AB6D98476B6F60698B
:10AAF00098472046002142F0BDDC23681B6893F88C
:10AB0000693113B1204640F00DD8A36F2046598B10
:10AB10004FF48072CC3142F0EBDF637C0322009271
:10AB20001022002B14BF134600232046042141F0BD
:10AB300075DF2046AE2142F099D94FF4D86340002A
:10AB4000C4F82401C4F82831304640F091DC07B045
:10AB5000F0BD00BF04040004943E01000000024068
:10AB60000000064010A7880070B5036804461B6803
:10AB700093F86931002B00F08180836F598B363157
:10AB800042F074D9236D0646D80777D5636D190650
:10AB900074D4E36F9A69920002D5DA69D00704D5BC
:10ABA000DB69D90701D45A0768D5E36E9B0065D5E8
:10ABB000D4F888304FF49675B3F8B42692B242F0C8
:10ABC0000302A3F8B426D4F88820B2F8B83623F0EC
:10ABD000C0031B041B0CA2F8B836236DD80719D587
:10ABE000636D190616D4E36FDB695A0712D5E36E5D
:10ABF0009B000FD5D4F888300121A3F8F016D4F8C3
:10AC00008830B3F8F22692B2130A03F00F0302F071
:10AC10003F0213E0D4F888300022A3F8F026D4F8DD
:10AC200088300121B3F8F226A3F8F016D4F8883062
:10AC3000C2F30512B3F8F236C3F30313042A02D1A8
:10AC40000BB1042E02D04FF4FB750AE06420FEF332
:10AC50007BF4013DC1D1F6E7013D08D00A20FEF3A7
:10AC600073F4D4F88830B3F8B626D007F4D4B3F828
:10AC7000B82692B242F0C002A3F8B82670BD38B52B
:10AC80008B7905460C463BB190F88E22002A21D1E3
:10AC900090F88F22002A20D10122627193B12B6893
:10ACA00093F8623173B1E36D58030BD5D5F86008A2
:10ACB00003F0B8FC30B1637923B1D5F860082146C0
:10ACC00003F076FBA07950B128462146BDE8384014
:10ACD00044F0A29F4FF0FF3038BD4FF0FF3038BD39
:10ACE00043690BB90223436183690BB91423836160
:10ACF000C36913B94FF41673C361836813B94FF472
:10AD00007A73836003690BB9034B0361C3680BB9A2
:10AD1000024BC360704700BF00350C00804F12002B
:10AD20002DE9FF4703680446D3F80090D9F81030A6
:10AD30009B6FB3F81AA099F81930002B5AD040F243
:10AD4000A47600253146D9F8100042F08FD8B11C06
:10AD50000746D9F8100042F089D86B08023504AADA
:10AD6000EDB202EB830347EA00400436062D43F8B8
:10AD70000C0CE7D10AF1A40A5146D9F81000019F42
:10AD8000039E029D42F072D851468046D9F81000C9
:10AD900042F06CD84BF6FF7202405146D9F81000D1
:10ADA00042F0A6DE236A9F4202D2DB43D81900E0BC
:10ADB000F81A636A9E4202D2DB43991900E0F11A45
:10ADC000A36A9D4202D2DB435A1900E0EA1AA36843
:10ADD000276298426662A56203D3032384F8383061
:10ADE0000AE02369994207D2E3689A4204D2C8F381
:10ADF000803002E0F52000E0012004B0BDE8F087DB
:10AE0000F7B5099D0023032D06461746089C0093BD
:10AE100001930BD9042268462146F9F30DF6072D5C
:10AE200004D901A8211D0422F9F306F61C2F07D12D
:10AE3000D6F88030002093F838200A9B1A6001E091
:10AE40006FF01600FEBD2DE9F041044616461F4680
:10AE50000D46002900F09D8030F0C4D8D4F8A03110
:10AE6000804693F8661093F86C20002940F08880A3
:10AE7000002A40F08580998842F20E72013989B229
:10AE800091422DD8206940F2EA3140F0D3DD90B1F3
:10AE900020694FF47B7140F0CDDDD4F8A0319A8861
:10AEA00041F64B539A4204D9206940F2ED3140F00B
:10AEB000C1DDC5B200E00546206940F2EB3140F04B
:10AEC000B9DD012330B13B70D4F8A031002283F802
:10AED0006E2033E03870D4F8A02182F86E302DE077
:10AEE0005A8D910706D5206940F2EE3140F0A2DD7F
:10AEF000C5B223E012F0010214D0B3F87B10002990
:10AF000073D0B3F87920002A6FD00A20414391FB17
:10AF1000F2F2062A69DDB3F87130012B67D0022BFB
:10AF20000DD166E032703A70D4F8A021012382F886
:10AF30006C30D4F8A02182F86E3000E03DB90023D7
:10AF40003370D4F8A031012283F86C201BE0D4F8D0
:10AF5000A03193F86D20022A07D9012283F86620D8
:10AF6000D4F8A03183F8675002E0002333703B70BF
:10AF7000D4F8A03193F86D20013283F86D2002E0FF
:10AF80000AB100233370D4F8A031C3F86880BDE85B
:10AF9000F081D0F8A03193F866202AB9DB6E13F067
:10AFA000FF1F13D1BDE8F081022213462FF03EDCD3
:10AFB00001232046294602222FF038DCD4F8A031A4
:10AFC00083F86650D4F8A03183F86750D4F8A021F4
:10AFD000002382F86C30D4F8A02182F86E30D4F8C7
:10AFE000A02182F86D30BDE8F0810625AFE702258B
:10AFF000ADE70825ABE770B5036886B00C4605469B
:10B00000002103A80A221E68F9F39AF5BDF80C3056
:10B0100043F01003ADF80C3094F8AC30A3B1D4F881
:10B020008830D3F82031D8070ED5204642F0B8D961
:10B03000022200922046BDF80C300021102241F07F
:10B04000EDDC204641F064D9012185F83910336ADE
:10B05000186901F0C4FA06B070BDF0B5036887B096
:10B060000C460746002103A80A221D68F9F368F57B
:10B07000BDF80C3023F01003ADF80C302B699B6F3A
:10B080005E8B94F8AC30002B3CD0D4F88830D3F8E9
:10B090002031DB0736D5204642F082D90222BDF8A6
:10B0A0000C30009220460021102241F0B7DC236DC5
:10B0B000D80724D5636D190621D4E36F9A699200ED
:10B0C00002D5DA69D00704D5DB69D90701D45A075C
:10B0D00015D5E36E9B0012D5D4F88830B3F8B826A6
:10B0E00092B242F04002A3F8B826D4F88820B2F811
:10B0F000B83623F080031B041B0CA2F8B836204698
:10B1000041F006D9002487F8394006F13601286954
:10B11000224642F0EDDC06F108012869224642F0A1
:10B12000E7DC06F1F80122462869A43642F0E0DCAB
:10B130003146286941F09ADE4BF6FF7202403146F3
:10B14000286942F0D5DC2B6A97F83910186901F0AC
:10B1500046FA6B7E43B1286940F2A47122460C2363
:10B1600042F0DAD8204601E06FF00A0007B0F0BDE7
:10B170007FB551F8383B00221868D0F86832009249
:10B180000192029201220391049219469822DC3323
:10B1900017F0CCDE07B000BD38B50446FFF7A0FDC0
:10B1A00094F83830032B04D02046FFF7B9FD05464C
:10B1B00000E0002594F83830013B032B73D8DFE81A
:10B1C00003F00213304C01202146FFF7D1FF012D7F
:10B1D00008D1E36A626901339342E36263D30223D5
:10B1E00084F83830002351E002202146FFF7C0FFE9
:10B1F000012D4FF000030BD1226BA16901328A426D
:10B200002263E3624FD3032284F83820236338BDDE
:10B21000E26A616901328A42E262236343D3012216
:10B2200032E003202146FFF7A3FF94F83930012BC9
:10B2300007D120466168FFF710FF00232362636295
:10B24000A362636BE2690133934263632BD30023F0
:10B250006363042384F8383038BD04202146FFF7A7
:10B2600087FF94F839301BB920466168FFF7C3FEA9
:10B27000012D4FF000030BD1E26A616901328A426D
:10B280002363E2620FD3032284F83820E36238BDDF
:10B29000226BA16901328A42E362226303D3012255
:10B2A00084F83820236338BDF7B50368044693F863
:10B2B0003C20002A40F0AC8093F86931002B00F06C
:10B2C000A78044F06BDF022840F3A280204644F0C0
:10B2D00003DF002800F09C80206940F059DA2368E1
:10B2E0000646DA6ED4F86872002A40F091801B7E20
:10B2F000002B00F08D8094F8D4312BB120461FF044
:10B3000067DA002840F08480D4F8A0315A6B527874
:10B31000D1070CD4DD795DB1D4F86832D3F814319B
:10B320001B695B42AB42CCBF0825002500E000252D
:10B3300006F00403002B18BF0825BB7916F0100691
:10B3400018BF4FF4007623BBD7F8083193F9343097
:10B35000FBB13B7AEBB13B7C23B107F1DC00FAF3A4
:10B360005BF2B0B994F88D32012B12D194F88E3281
:10B3700023B1D4F8180535F019D850B9FB6DA3B135
:10B380003A6D40F2371313407BB197F86030D3B178
:10B390000BE094F88D325BB1D4F88C221D4B134036
:10B3A000B3F5807F10D13B7C73B13543ADB20BE078
:10B3B00094F88E323BB1D4F8180534F0F7DF00284A
:10B3C00008BF002500E01D46022120464FF402720E
:10B3D0002B4600911FF060DC354219D00023D4F8D1
:10B3E0006422D15889B18A797AB90A7A6AB10A7C19
:10B3F0005AB1D4F8440158F0E9DE0146D4F84401CA
:10B4000003B0BDE8F04059F0A9990433202BE6D1F0
:10B4100003B0F0BD00FFFF002DE9F84305680446C6
:10B42000D5F8A031D0F83480D3F810902B699B6FF9
:10B430005E8BFDF315F7A36CA064C31AB3F5617FAF
:10B4400001D2BDE8F883204645F0BAD984F830002F
:10B45000204644F033DF84F83100204645F088D898
:10B4600094F8453084F85A005BB194F8403084F881
:10B47000303094F8413084F8313094F8423084F818
:10B480005A3098F801305B0721D5E76B284694F9CC
:10B49000311094F9302094F95A30B8475FFA89F99D
:10B4A0004845074613D02846394645F0A7D82869AD
:10B4B000026D12F480020AD14EB1012F06F1A401EF
:10B4C00001D1602301E06022134642F013DA2846DE
:10B4D0000122D5F86812FFF7E7FE98F801309807C7
:10B4E00015D5A66B94F95A30284694F9311094F981
:10B4F0003020B04794F832300646834207D02846C1
:10B50000044932461FF0F8D808B984F83260BDE823
:10B51000F88300BF6FB0890073B504680546204604
:10B5200044F0DADDD4F8A031064693F85E2001320B
:10B5300083F85E20236893F86931002B4AD00028F5
:10B5400048D0236A1B68022B44D1012803D120462E
:10B55000294645F0B5DB6B6B5B78DB0703D52846E6
:10B56000FFF75AFF36E0204645F05CD8D4F8A0310A
:10B57000DA7A72B1D4F86812D1F814110969494223
:10B58000914206DD721E012A1ED95E7320460121FA
:10B590000EE09A7A7AB1D4F86812D1F814110969D8
:10B5A0004942914207DA042E0ED05E7320460421F0
:10B5B00045F024D808E0597B31B1204645F01ED82B
:10B5C000D4F8A03100225A732046D4F86812012220
:10B5D000FFF76AFE236893F86921002A51D0226A96
:10B5E0001268022A4DD101228DF806208DF807201D
:10B5F0004EB3042E27D093F8412022B393F8422073
:10B600000AB3D4F864210AB19279E2B993F83E30D2
:10B61000CBB1D4F8A03142F20E729988013989B2C7
:10B62000914203D9598D11F0030105D0013E012E3D
:10B6300009D82046012100E020460DF107020DF156
:10B640000603FFF700FC9DF807109DF80630A1F1F6
:10B6500001025142A3F1010041EB0201434243EBDD
:10B66000000302228DF80630204613468DF807109D
:10B670002FF0DCD820469DF80610022201232FF07F
:10B68000D5D8236893F8693123B1236A284619680D
:10B6900045F00CDFD5F88000FFF77EFD00207CBD73
:10B6A0002DE9F04705689A462B68044693F8440054
:10B6B0008EB00F461646002838D00DF10C094FF019
:10B6C0000008002124224846F9F33AF241460822B4
:10B6D0000CA8CDF81080CDF80C80F9F331F2424679
:10B6E0004346D5F8C0063946CDF8349051F0FADC1F
:10B6F000D4F8444180460FE08DE8400101330493C3
:10B70000D5F8C00639464FF6FF720CAB059451F0E0
:10B71000C9DC50B924684644049B002CECD1039A40
:10B7200001209B18CAF8003000E000200EB0BDE8F0
:10B73000F08702680146D2F86C31D2F8D80603F5DA
:10B74000C67203F5CE7305F077B800000048704765
:10B75000C4580100024B542202FB0030704700BF66
:10B76000BC650100004870476466010038B58B78FD
:10B770001C1DA24230D30A78012A30D1142B34BFC9
:10B780001A4614224B78022B04D0032B1ED0012B17
:10B7900028D101E0002315E0002307E0CC1825792B
:10B7A00090F8234001332C4380F82340013093422A
:10B7B000F4DB0FE0CC18257990F8234001332C40BE
:10B7C00080F8234001309342F4DB03E0243004315D
:10B7D000F9F332F1002038BD6FF00D0038BD6FF085
:10B7E000240038BD002038BD38B5044610468A789C
:10B7F000151DAB420FD30B78012B0FD1142A28BF94
:10B80000142214238270C37004F124010430F9F36C
:10B8100013F1002038BD6FF00D0038BD6FF024002B
:10B8200038BD982970B504460D46164611D8243007
:10B8300012B1FAF35DF501E0F9F3D6F72C2D0BD137
:10B840000121321CA06818BF01221DF071D900200F
:10B8500070BD4FF0FF3070BD002070BD70B5054663
:10B860000C464EF067D8064680B190F861309BB91F
:10B87000836923B9E420FEF37FF1B06130B1F3694D
:10B8800053B9E820FEF378F1F06128B92846214643
:10B89000BDE870404DF04E9E70BD00002DE9F04FA8
:10B8A0009A469BB00D46D1F80C31D1F804610028BE
:10B8B00000F0318189794468002940F02C81297C8D
:10B8C000002900F028819AF8011002291FD19B68F5
:10B8D000182B1CD102F10A00D5F808110622F9F341
:10B8E00097F0A0B90AF1080031460622F9F390F06A
:10B8F00068B920462946D5F8082173F0F3DC30B149
:10B9000020462946324673F0EDDC074620B9002375
:10B9100000932846062138E0BAF80E308BBB002190
:10B920000C2217A8F9F30CF17C4B0DF114091793B5
:10B930007B4B002128220DF13C08484618931994AE
:10B94000F9F3FEF00023002120224046ADF8243018
:10B95000F9F3F6F00AF110030193249BCDF800806F
:10B96000103B0293D4F8BC062946D02217ABCDF881
:10B97000589051F0D3DB002840F0CD80BDF8243042
:10B980002BB102220092284601213246C1E0D5F8AF
:10B99000103193F8F430F3B9D5F818311B7AD3B9D4
:10B9A00094F890322846590744BF23F0040384F8E2
:10B9B0009032012124F0B0DCD5F81031012283F857
:10B9C000F4204FF4FA70FDF3BFF594F8903243F091
:10B9D000040384F89032B6F83280236AD3F804B0B6
:10B9E00008F44043A3F54042D2F1000A4AEB020AB0
:10B9F000003318BF01230A3354F8239008F460532E
:10BA0000B3F5005F03D14046FAF3A2F5804608F48F
:10BA10006053B3F5C05F27D1236893F84F309B077D
:10BA200014D0D4F85801D9F8041049F00FDB0007FE
:10BA30000CD499F8E530990708D5D9F80030022BD5
:10BA400012D1D5F868339B789A070DD54046FAF3A2
:10BA5000FFF440F480539BB20E288CBF4FF4404853
:10BA60004FF0000848EA0308236A18695EF040DADC
:10BA700040451CD04146D4F8580149F0E7DC204647
:10BA800025F0A4DD2046414624F0D2D8236893F85F
:10BA90003B304BB1D5F83C335968D4F8C0359942A6
:10BAA00002D0204620F03CDA20461DF03DD820464A
:10BAB00006F1380120F016DDD34524D0236A204654
:10BAC00039465A682B4673F03DDA2368206A93F8AA
:10BAD0004F30503013F0030307F13C0108D03B69AD
:10BAE000D3F8EC3003F48053D3F1010338BF0023C3
:10BAF0007F228DE80C00002213466CF0EBDA204622
:10BB0000394673F053DF0223002100932846324662
:10BB10000B463AF075DE1BB0BDE8F08FA9B8850082
:10BB20000DBA85000B89F0B5C48F03F0F006041937
:10BB3000360934F81650428FB0F83CE0013634F83C
:10BB40001670CC688218864487B052190EEBC50E69
:10BB50002CB14E69C4EB060C8E69664400E02646A3
:10BB60007D1BADB2CDF800E00195C0680290086879
:10BB70000494039005964868194600234FF084DF2B
:10BB800007B0F0BDF0B50C460989C58E01F0F0068E
:10BB9000878E4519360935F81630C7194FF00C0E47
:10BBA0000EFB037787B0428E0136009735F81650AA
:10BBB0008218ED1AADB201958068D2180290206803
:10BBC00000230390A0690490E069059060684FF03D
:10BBD00041DE07B0F0BDF0B50C460989C58E01F015
:10BBE000F006878E4519360935F81630C7194FF01B
:10BBF0000C0E0EFB037785B0428E0136009735F8A8
:10BC000016508218ED1AADB201958068D2180290D4
:10BC100020680023039060684FF0F6DE05B0F0BDA9
:10BC20002DE9F341B0F81280878AC68A847980446E
:10BC3000C7198619F4B9254605F00F0336F8131015
:10BC4000013336F813208A420ED00C4B521A1819C1
:10BC500080884FF00C0E009092B208EB0100E35880
:10BC60000EFB01714FF0CEDF013508340D2DE3D10D
:10BC7000002001E06FF01600BDE8FC81685901006A
:10BC80000378FF2B01D018467047437813B18078B2
:10BC9000FF3070474FF6FF70704791E80C0009893C
:10BCA0005268B02902D11268032A08D090F84206DF
:10BCB00030B1D3F86433587810B1023070470020A7
:10BCC000704706207047036873B50446D0F82454C3
:10BCD000D4F81C1498680AF061DA26E0EE690BBB10
:10BCE000D4F8243405F10E029D4208BFC4F8246440
:10BCF0002068214673F0F6DA024640B101210223A2
:10BD00008DE80A0020682146002372F053DF236883
:10BD10002946586851F088DC94F82034013B84F8B7
:10BD2000203401E0013BAB6135461DB1AB695A1CC3
:10BD3000D4D116E02368D4F824249868D4F81C14CD
:10BD40003AB90AF097DAC4F81C5484F8205402B0C7
:10BD500070BD42F210722B4602B0BDE870400AF08E
:10BD6000F799FEE77FB5D0F824040E4615461C4629
:10BD700098B104AB43F8040D00200093014632460D
:10BD80002B4651F09FDC40B94EF660235C4342F2F3
:10BD90001073B4FBF3F4039B9C6104B070BD00000E
:10BDA0002DE9F0410546D0F80080D0F81441FDF3AC
:10BDB00057F2D8F82030064618695EF099D8D5F8C1
:10BDC00008315B8E834259D113F4404F09D1D8F822
:10BDD000003093F8693123B1404640F00FD8002875
:10BDE0004CD0A36C002B53D0E16C721A9A424FDBFB
:10BDF00094F850301BB122695BB2934248DB94F84F
:10BE00004430FBB12769EFB1FF1AD8F8C4366FF0A0
:10BE1000C7029742B8BF174613B19F42B8BF1F462B
:10BE2000B4F90E30002B03DA1A483246F8F3AEF6B6
:10BE3000002213462846394654F026D8D5F8083152
:10BE4000228A5A8594F8453013B3676907B3FF1AFD
:10BE5000B4F93A3027EAE777002B04DA0E48E16CB0
:10BE60003246F8F393F628463946002254F05AD861
:10BE7000D5F80831A48A9C85BDE8F081D5F8083151
:10BE8000DA8DE36CD318E3649B1B002BC8BFE66418
:10BE9000BDE8F081AEC58900DFC5890010B500207E
:10BEA00012F04004187002D012F0800F15D011F477
:10BEB000007005D012F0800F02D00120187010BD64
:10BEC000490501D5130605D530B9D4F1010038BFB5
:10BED000002010BD002010BD012010BD2DE9F04F45
:10BEE000836B0D46596C044640F2395087B0924638
:10BEF000002281428DF8172003D040F28B508142FE
:10BF000008D1B4F8522002F44042A2F540414A421E
:10BF100042EB01021869039268F072D828B3D4F892
:10BF2000E4235AB1D4F8F803012169F07FDE28B97F
:10BF3000A36BD4F8E413986869F0A8DC94F8943003
:10BF400083B9D4F8F803B4F85210012269F038DE4E
:10BF5000C4F8E40330B1BAF1000F03D120465EF01B
:10BF60004FDD46E10023C4F8E433B4F85210A36B6C
:10BF700001F46051B1F5005F986805D0A1F5C05299
:10BF8000514241EB020100E0022169F071DC0646FA
:10BF9000002800F02E8135B120462946B4F8522001
:10BFA00033465EF007DDB4F852904846FAF350F29B
:10BFB00009F46057A36BB7F5005F986805D0A7F543
:10BFC000C053594241EB030100E0022169F050DC0B
:10BFD000A36B054610B99868314617E0B7F5005FC6
:10BFE000986806D0A7F5C058D8F1000141EB0801C8
:10BFF00000E0022169F03CDC804650B9A36B314679
:10C00000986869F043DCA36B2946986869F03EDCC8
:10C01000EFE0D4F8E403B8B169F044DCB7F5005FB1
:10C0200006D0A7F5C05CDCF1000343EB0C0300E095
:10C030000223984208D0A36BD4F8E413986869F0FF
:10C0400025DC0023C4F8E433D4F8E433FBB9A36B54
:10C05000B7F5005F986806D0A7F5C05EDEF1000175
:10C0600041EB0E0100E0022169F002DCC4F8E403B8
:10C0700068B9A36B3146986869F008DCA36B294660
:10C08000986869F003DCA36B41469868BEE7D4F872
:10C09000E40369F02DDB20465EF04CD8284694F985
:10C0A0007B1069F017DD00230DF117020093204685
:10C0B000434649465FF09CDC4046314669F054DB1C
:10C0C000404694F9651369F0ADDC4146284669F0B5
:10C0D0004BDB94F85810632902D8284669F0B6DC87
:10C0E000284669F0DDDB284669F014DC94F86733F4
:10C0F00007469B0098426FF07F012846B8BFDFB229
:10C1000069F01EDCFFB25FFA80F9A36B84F87E70E1
:10C1100084F87F908346186967F072DFB8B1D4F86D
:10C12000F803B4F8521069F02DDE01280FD1B4F8ED
:10C13000521000224B46D4F8F80369F0D5DDD4F84C
:10C14000F803B4F8521000223B4669F0BDDD00232D
:10C1500084F891B084F8963084F88030BAF1000FFA
:10C1600003D02846514669F019DB94F882302846FE
:10C170000BB1039B23B194F97E1069F0C7DA03E099
:10C1800094F97F1069F04EDCD4F8E403294669F095
:10C19000D1DAA36B186967F033DF98B1D4F8F803EC
:10C1A000B4F8521069F0EEDD012803460AD1D4F844
:10C1B000E403A16B00908868B4F85220D4F8F81317
:10C1C00069F054DDA36B3146986869F05FDBA36BBF
:10C1D0002946986869F05ADBA36B4146986869F074
:10C1E00055DBBAF1000F04D1D4F8543A0BB1204614
:10C1F000984707B0BDE8F08F10B590F86330002B7A
:10C200003CD0DB07C9B22CD5836E8B4223D190F88A
:10C21000253A3BB10023846BE4180133082B84F8E2
:10C220002021F8D1836BD3F828411B1983F82021F2
:10C23000836BD3F82841072C01D0013400E000249F
:10C24000C3F8284190F8253A2BB190F8263A13B15B
:10C25000002380F8253A90F8633023F0010380F83A
:10C26000633090F8633013F0020F07D023F002031D
:10C2700080F86330836B186967F0BADE002010BD68
:10C28000F8B590F863300446002B3AD1012902D06A
:10C29000022939D100E08266A36B80F863101A6A24
:10C2A00094F8D900626618BB94F86C20002A2DD14E
:10C2B00018698E2167F072DE400087B2062502E021
:10C2C0000A20FDF341F1A36B07F1740618693146AA
:10C2D00067F064DE08B1013DF2D1A36B0122186959
:10C2E000314667F067DE204601F012F8024600E0B2
:10C2F000A122B4F85210204652B2BDE8F840FFF730
:10C300007BBF6FF01800F8BD6FF00200F8BD10B5EC
:10C3100004465DF0EDDD0221C2B22046BDE81040CA
:10C32000FFF7AEBF30B5026CCB8892F829463CB916
:10C33000846B64690A2C03D94C8A14F4807F14D06E
:10C34000846B6569272D03D10C8A14F4006F0CD11E
:10C350008C88DBB214F0030F01D09D2B05D0232D68
:10C3600007D14D8A15F0200F03D001238B770023CE
:10C370000AE090F92C031B18E00444BF92F91E2632
:10C380009B180022CB778A770B7700234B7730BD41
:10C39000C369043B082B06D8DFE803F0180509073A
:10C3A00009050B050D000020704717207047042079
:10C3B00070470720704790F83E03012808D00328F3
:10C3C00014BF4FF483704FF48B7070470120704797
:10C3D0004FF48B707047836B13B51A6A04460132B1
:10C3E0001A6290F86020002A00F0AC80B0F8C822F1
:10C3F0002AB1D0F8F013A1F83622A1F83A22B4F805
:10C40000CC222AB1D4F8F013A1F82822A1F82422D2
:10C41000B4F8CA222AB1D4F8F013A1F82222A1F864
:10C420002622216F40F606220A402AB993F82C31C1
:10C4300013B120465DF0F8DDA36B1A6A1B6EB2FBE8
:10C44000F3F103FB1123A3B920465FF085DC236FD2
:10C4500040F60202A16B1A400032086918BF01229F
:10C46000B4F85210C3F3800367F0D2DD20465FF0CA
:10C4700081DC226F40F60E231340B3B9A36BD4F8CE
:10C480008C21196AD2F89020D3F818318A1A9A426E
:10C490000BD394F8522020460121FFF7F1FEA26B46
:10C4A000D4F88C31126AC3F8902094F8633043B109
:10C4B000A36B1A6A636ED31A052B02D9002384F882
:10C4C0006330D4F8F4202AB1A36B196A1B6E8A1A60
:10C4D0009A420CD3226F40F6020313403BB9204628
:10C4E0005DF016DE18B1A36B1B6AC4F8F430226F3E
:10C4F00040F60F2313402BBB20465EF0B5DA2046F2
:10C500005EF054DAD4F88C31D3F8882012B1013AB5
:10C51000C3F88820D4F8B43A0BB120469847A36BEF
:10C52000186967F023DD68B1A36B01A918690DF1E3
:10C53000070267F01FDD20469DF80710BDF80420B4
:10C540005DF0D4DD00201CBD03460021986B40182F
:10C550000131082980F82021F8D19A6B0021C2F816
:10C560002811D16E032907D1D3F8C410C90703D508
:10C57000126A0832C3F8B8200022991802324FF626
:10C58000A470202AA1F8040AF7D10020012283F820
:10C59000240A83F8EC2A7047836B10B59A69044625
:10C5A00092001BD590F8ED2A012A17D1B0F852203D
:10C5B00012F4404F12D1186967F004DD636CB3F8D0
:10C5C000B42692B242F00302A3F8B426636CB3F827
:10C5D000B82692B242F0C002A3F8B82610BD80F887
:10C5E000ED1A704730B5056C044687B028464FF405
:10C5F000007141F21C1260F047DB002800F09D80C2
:10C6000007230393202305938023029300230190A3
:10C61000049340F8043B0133802BFAD1204601A952
:10C6200065F0E8DE4FF43073204601A9049365F00D
:10C63000E1DE206C41F22F1160F04CDB204601213D
:10C6400064F086DC20463E4936225DF0F7D9D5F805
:10C65000C434204640F6F4114FF480426BB11346C7
:10C660005DF0B4D9B5F85824B5F856342046D3183F
:10C6700040F20C5140F2FF129BB25DF0A7D91E228E
:10C68000304920465DF0DAD9204661F011D82046C5
:10C6900063F014DA99210122002320465DF068D965
:10C6A00096210222002320465DF062D9A2210122B8
:10C6B000002320465DF05CD9A521402200232046BE
:10C6C0005DF056D9A6210122002320465DF050D905
:10C6D000A1210122002320465DF04AD93022002307
:10C6E000204602215DF044D96F2120464FF40052CC
:10C6F00000235DF03DD94FF48052134620466F2150
:10C700005DF036D904221346204640F2D7415DF051
:10C710005DD940F2D7414FF470624FF480732046E8
:10C720005DF054D9204662F0DBDB204640F27551C3
:10C730004FF4007200235DF049D907B030BD00BF4F
:10C74000BE5A01002A5B0100F0B5072387B0066CD2
:10C75000029320230493012304460D46019330469F
:10C7600005AB4FF4007141F27332009360F08CDA44
:10C77000002849D0D6F8B865074601460023B342E1
:10C780002CBF9E46B64605EBCE0292F803C015F8C4
:10C790003EE001334EEA4C5E92F802C052784EEA17
:10C7A0004C3E4EEA4212802B059241F8042BE6D112
:10C7B0008DE809006946C0232046039365F01ADE20
:10C7C0000023B3422CBF1A46324605EBC202107951
:10C7D0005179400240EA4140D179013340EA0102F7
:10C7E000802B059247F8042BEBD14FF410732046B1
:10C7F0006946039365F0FEDD236C41F29F31C3F877
:10C80000BC55206C60F066DA07B0F0BDF0B5076C7F
:10C8100089B0002304460D4638464FF400714FF4AA
:10C82000965205930693079360F02EDA0646002889
:10C8300034D04DB9204605A906AA07AB5EF028DB27
:10C8400003953746002510E097F83336002BF8D0D3
:10C85000B4F9283A0693B4F92A3A0793B4F92C3A72
:10C8600005934FF430730393EBE705A928460EC9EF
:10C8700064F0B0DE0135802D47F8040BF5D10723B5
:10C88000029320462023694604930096019565F0A3
:10C89000B1DD206C41F2DF2160F01CDA09B0F0BD9F
:10C8A0002DE9F047571A7E1C1FFA86F94FEA8903D3
:10C8B0004FF6FC7186B004461940006C41F6DE323A
:10C8C00060F0E2D90546002871D010234FF0600ACD
:10C8D000DFF8E0808DE8080404AA02232046002146
:10C8E000CDF808805EF0CCD8BDF81020BDF812302D
:10C8F00092059B059B0D920D43EA8222C2460023BE
:10C9000008E055F8231001F07F61114345F823102A
:10C9100001339BB2BB42F4DD20234FF4A0788DE8B5
:10C920000801DFF894802A46334620460721CDF8D7
:10C9300008805EF0B3D8206C41F6F23160F0CAD9BD
:10C940004FEA49094FF6FE71206C09EA010141F6F0
:10C95000F53260F099D9054648B310234FF0620CC8
:10C960008DE808102046012300210DF11602CDF8B4
:10C9700008A05EF085D8002305E0BDF8162025F854
:10C98000132001339BB2BB42F7DD10234FF4E07E4E
:10C990008DE80840204607212A463346CDF8088016
:10C9A0005EF07CD8206C41F6024160F093D906B06D
:10C9B000BDE8F087CD2187006149870010B50446A6
:10C9C00060F098D92046012200234FF430615CF0DA
:10C9D000FDDF2046042200234FF430615CF0F6DFD7
:10C9E0002046082200234FF430615CF0EFDFF02294
:10C9F000204613464FF430615CF0E8DF4FF470627C
:10CA0000204613464FF430615CF0E0DF20460023FF
:10CA10004FF430614FF480525CF0D8DF204606229C
:10CA2000042340F607315CF0D1DF2046382208238A
:10CA300040F607315CF0CADF2046002340F607319C
:10CA40004FF4E0725CF0C2DF20463022102340F643
:10CA50000B315CF0BBDF40222046134640F60B3121
:10CA60005CF0B4DF204640F60B314FF4F0624FF437
:10CA700080635CF0ABDF204640F60B314FF4F042B0
:10CA80004FF400535CF0A2DF94F8FC392046012BF0
:10CA900014BF4FF480534FF4105340F60C314FF64F
:10CAA000FF725CF093DF204640F60C314FF6FF72C8
:10CAB0004FF480535CF08ADF204640F60D314FF68C
:10CAC000FF724FF450435CF081DF204640F60E3198
:10CAD0004FF6FF724FF478435CF078DF2046102366
:10CAE00040F60F314FF6FF725CF070DF20464FF4D6
:10CAF00031614FF6FF724FF478435CF067DF2046F8
:10CB000040F611314FF6FF724FF47D435CF05EDF6B
:10CB100020460F22002340F612315CF057DF2046FA
:10CB2000F022002340F612315CF050DF2046002353
:10CB300040F612314FF470625CF048DF20460F225D
:10CB4000002340F613315CF041DF2046F022002341
:10CB500040F613315CF03ADF2046002340F61331F3
:10CB60004FF470625CF032DF20460F22002340F663
:10CB700014315CF02BDF2046F022002340F6143104
:10CB80005CF024DF204640F614314FF4706200233D
:10CB90005CF01CDF20460F2240F6153100235CF0CC
:10CBA00015DF2046F022002340F615315CF00EDF41
:10CBB0002046002340F615314FF470625CF006DF2A
:10CBC00020460322012340F616315CF0FFDE2046AA
:10CBD0000C22002340F616315CF0F8DE20463022AD
:10CBE000102340F616315CF0F1DE2046C0224023CF
:10CBF00040F616315CF0EADE2046002340F616319E
:10CC00004FF440725CF0E2DE204640F616314FF4FD
:10CC100040624FF480635CF0D9DE2046032200239B
:10CC200040F617315CF0D2DE20460C2240F6173178
:10CC30004FF6FC735CF0CADE2046302240F6173116
:10CC40004FF6F0735CF0C2DE2046C022002340F6AF
:10CC500017315CF0BBDE204640F617314FF44072CE
:10CC60004FF47F435CF0B2DE204640F617314FF4BC
:10CC700040624FF47C435CF0A9DE20460122002391
:10CC800040F606315CF0A2DE1F222046134640F635
:10CC900005315CF09BDE4FF6FF722046134640F6EE
:10CCA00004315CF093DE4FF6FF722046134640F6E7
:10CCB00008315CF08BDE204640F609314FF6FF72FA
:10CCC00047F6FF735CF082DE2046082340F60A3107
:10CCD0004FF6FF725CF07ADE20463F2340F60231C9
:10CCE0004FF6FF725CF072DE2046FF2340F6033100
:10CCF0004FF6FF725CF06ADE0F222046134640F6C4
:10CD000001315CF063DEF0222046134640F601312B
:10CD10005CF05CDE0122204613464FF430615CF08B
:10CD200055DEA36B2046D96EBDE810405FF0029A35
:10CD30002DE9F043044689B00F469046006C4FF44D
:10CD4000806141F2366299465FF09EDF0646002818
:10CD50004ED001221346204640F29C41C4F8D070C8
:10CD60005CF034DE20469DF840105FF041DB282265
:10CD70002046394661F09CDFB0F5807F054603D937
:10CD8000206C41F2526131E0204640F2D66103222C
:10CD900000235CF01BDE08221346204640F2DA61D5
:10CDA0005CF014DE282342468DE8280020463346F6
:10CDB000394665F061D91523039605930026202393
:10CDC000204603A907930495069665F013DB9DF8AA
:10CDD00044302046019329464FF6FF723346CDF882
:10CDE000009062F0F1DF206C41F266615FF072DF6B
:10CDF00009B0BDE8F08300002DE9F04F00218FB0AD
:10CE0000076C90F85250ADF83210ADF8341004466B
:10CE1000002109A80C22F7F393F60023ADF8363071
:10CE200097F8153613B197F8161601E097F814160F
:10CE3000D4F8DC002A465FF0BDDC8046002800F014
:10CE40006081204601215FF0D3DAB8F8005045B187
:10CE50002DB24FF47A726A432046012163F098DEC6
:10CE60000125B8F8023063B10135EDB21BB24FF4C1
:10CE70007A725A432046294663F08ADE012D0AD190
:10CE800000E0DDB10223009301210023019302930E
:10CE900020460A4608E00223012100930193002363
:10CEA000029320460A460B4663F014DF2046052114
:10CEB0004FF486720DF1320361F01CDE00252E4620
:10CEC000A94638F8051029B304200B238DE8090082
:10CED00009B20DAA4FF4FA73204661F07BDBBDF86E
:10CEE0003420BDF832301C3AD21AB7F9181613B2F2
:10CEF00099420FDC0EA9062303FB061338F8051030
:10CF0000013623F8141C23F8122C23F8100CB6B2A7
:10CF10004FF001090235042DD3D1022306931023CB
:10CF200008930DF13603049300250123204604A93C
:10CF30000593079562F094DE10238DE82800724B6C
:10CF400002210293204601230DF1360201355DF0E6
:10CF5000A5DD402DF0D10025204629462A462B4646
:10CF600000950195029563F0B5DEB9F1000F40F030
:10CF7000B180C2E00EAB4FF0060909FB053939F864
:10CF8000148C0135EDB20FFA88FA4FF47A7202FB75
:10CF90000AF22046294663F0FBDDB7F91A2639F973
:10CFA000123C9A4201DD002006E0B7F91C269A42A5
:10CFB00001DD012000E002205FF0F4DB294602469B
:10CFC000204663F039DEBAF1000FB8BFCAF1000A9B
:10CFD0004FEA8A0A4FF0000940F271239A450ADDB0
:10CFE00009F101095FFA89F9AAF59C6AB9F1200FE4
:10CFF000AAF1020AF0D10FFA88F3002BD8BFC9F1C9
:10D0000000095FFA89F94FFA89F34FEA48086FF48B
:10D010001C7202FB0388002BB8BF5B42022B59DD58
:10D020004FF0000A002150465FF058DC0FFA88FBF1
:10D030008BEAEB73A3EBEB73984244D1012150468A
:10D040005FF04CDC0221804650465FF047DCBBF1CC
:10D05000000F82464FFA89F30ADA002BDBBF5FFA32
:10D0600089FB0BF1400909F1FF3B0BF13F0B09E094
:10D07000002BDBBF5FFA89FB0BF1400909F1010BC3
:10D080000BF1410B4FFA89F3204604A9079362F094
:10D09000E7DDBDF836302046984404A9ADF8368067
:10D0A00065F0A8D94FFA8BF3204604A9079362F0E4
:10D0B000D7DDBDF8363020469A4404A9ADF836A035
:10D0C00065F098D906E00AF1010A5FFA8AFABAF126
:10D0D000060FA7D1B542FFF44DAF4FF00003012E6C
:10D0E00000930193029320464FF0050101D132468F
:10D0F00001E00122134663F0EDDD204600215FF0E0
:10D1000077D90FB0BDE8F08F614987002DE9F7436B
:10D11000904608220F461E4640F607011346044675
:10D12000056CBDF828905CF051DC012213462046C6
:10D1300040F607015CF04ADC4FF4005213462046EB
:10D1400040F646015CF042DC204640F639013A46A2
:10D150005CF06EDC94F86D33204640F635010BB17F
:10D16000802200E020225CF063DC20464FF4046162
:10D1700000225CF05DDC204640F634017F2233461D
:10D180005CF024DC20464FF401614FF480434FF4FF
:10D1900040425CF01BDC94F86D33204640F63601CB
:10D1A00013B14FF4807200E040225CF041DC204675
:10D1B00040F646010F2208235CF008DC94F86D630A
:10D1C000204640F64601F02256B190235CF0FEDB8B
:10D1D000204640F646014FF470624FF4106308E0B9
:10D1E00033465CF0F3DB204640F646014FF47062B4
:10D1F00033465CF0EBDB204640F633017F224346AA
:10D200005CF0E4DB4FEA0923204640F633014FF49B
:10D21000FE4203F47F435CF0D9DB012620463B4904
:10D220006422002300960196FFF782FD4FF480529E
:10D230001346204640F6A5115CF0C8DB3246334663
:10D2400040F6881120465CF0C1DB4FF49670FCF389
:10D250007BF13246204640F637015CF0E9DB44F6CC
:10D26000216602E00A20FCF36FF1204640F6370108
:10D270005CF0CCDB30B1013EF4D103E00A20FCF3DA
:10D2800063F101E044F62166204640F637015CF088
:10D29000BDDB08B1013EF1D140F6370120465CF01C
:10D2A000B5DBC10705D594F8153343F0010384F8C5
:10D2B00015330023204640F6A5114FF480525CF050
:10D2C00085DB20465FF09CD92046002340F2A66112
:10D2D00041F6FF725CF07ADBD4F88C312046B3F96A
:10D2E0008C20B5F9043C40F609019A42B4BFB5F868
:10D2F000065CB5F848554FF68072ED0105EA020369
:10D3000003B0BDE8F0435CF0619B00BFA0252600A0
:10D31000F0B54F4B91B0044602AA03F120061868FD
:10D320005968154603C50833B3422A46F7D1186831
:10D330009B882860AB80012384F8263AA36B8E215A
:10D34000186966F02BDE400086B2972502E00A20BD
:10D35000FCF3FAF0A36B06F17401186966F01EDEA7
:10D3600008B1013DF3D1A36B4FF44271186966F027
:10D3700015DEA36B074640F20A31186966F00EDE2F
:10D38000A36B05464FF44371186966F007DEA36B83
:10D39000064640F20E31186966F000DEBE1936040A
:10D3A0002D1876190AD194F8253A4FF67862ADF81F
:10D3B0003820002B31D084F8266A2EE04FF4867393
:10D3C000ADF83C3006F580760023760A00930FAB6B
:10D3D000360201930DAA0EAB20460CA90C965DF007
:10D3E000BDDFBDF938201B4B9B1A002BB8BF5B4239
:10D3F000702B94F8EC2A02D85AB1282B09D94FF691
:10D400007863ADF8383094F8253A13B1002384F8E6
:10D41000263A12B1002384F8EC3A236CBDF9381097
:10D4200093F83536891008467BB14AB212F1560F8F
:10D430000BDA12F1690F08DB6FF056039B1A10AA82
:10D4400002EB430313F8380C401840B211B0F0BDA2
:10D450001839010078FEFFFF436C2DE9F041D3F845
:10D460002031044603F001030D4683F001061BB989
:10D47000836B186966F0B4DD2046276C5EF0C2DF6E
:10D4800040F27F41A7F802042046276C5CF0BEDA28
:10D49000C005C00D4010A7F80404226F41F6062312
:10D4A00013402BB944F62062102D08BFFA2200E089
:10D4B000FA22A36BB821186966F07CDDA36B41F6F4
:10D4C0000627186966F098DD2046FFF765F8236F98
:10D4D0001F407FB9A36B20461B6A0121C4F8D430DA
:10D4E000D4F88C815FF00CD9D4F88C31A8F88C007A
:10D4F000C3F88870082D01D0E80606D503210A225A
:10D50000204660F0B1D9082D01D0A90604D52046E7
:10D5100064F0D0DC082D01D06A0604D5204662F004
:10D5200071DE082D01D0EB0506D5236C93F8173674
:10D5300013B12046FFF760FC204660F0BBDD2046BB
:10D54000FFF72AF8082D01D028060BD5256C95F891
:10D55000643523B1204666F0F1DBC5F8540520465A
:10D5600065F074D820465CF053DB1EB9A36B1869D4
:10D5700066F036DD20460021FFF748F9236C93F86A
:10D58000333673B120460121FFF740F9204640F2BF
:10D5900037614FF440424FF40043BDE8F0415CF086
:10D5A000159ABDE8F081816BD0F8D4300A6A10B5C5
:10D5B0009A42044601D3D31A01E0DB439B18D4F806
:10D5C0002823934200D302BB8A6E93421FD3D4F820
:10D5D0008C31D3F88830D3B9012120465FF090D840
:10D5E000D4F88C21B2F88C3019B28842CCBFC3EB8E
:10D5F0000000C0EB030094F8661300B2884208DA1A
:10D60000A36B9B6EC2F8883001E0012010BD0020A2
:10D6100010BD012010BD01207047000001290BD171
:10D62000012B09D8013B064902EB830251F8223055
:10D630005A1C03D0C0187047002070470020704764
:10D64000745B0100142303FB010070478369DA68EF
:10D650008A4218BFD960704738B50446256900680A
:10D6600035B105F5077115F031DC2846FCF390F271
:10D67000E06C0025256108B1FCF38AF2E56438BD51
:10D68000F8B5846905460668E06A08B1FCF380F2E3
:10D69000E969B068002708F081DD00212846FFF71E
:10D6A000D5FF284684F83D70FFF7D6FF304623F0BB
:10D6B000F9D827826762A762E7622783F8BD10B5B1
:10D6C00050B1D0F8400238B1072905D83C2404FBFA
:10D6D00001018858C3188B5010BD2DE9F0410C464C
:10D6E00016460546002831D0D0F84032002B2DD008
:10D6F0003C2202FB013318221F6A3346FFF7DFFF8B
:10D70000284621461C220123FFF7D9FFBE422846A6
:10D71000214601D2242214E0B6EB470F01D2282281
:10D720000FE0B6EB870F01D22C220AE0B6EBC70F51
:10D7300001D2302205E0B6EB071F01D2342200E00F
:10D7400038220123BDE8F041FFF7B9BFBDE8F08101
:10D7500073B504680325204601214FF4806200233D
:10D7600000951DF099DA002120460A460123009514
:10D770004DF084DB0026D4F864329D599DB1AB791D
:10D780008BB9D5F818315A6C22F001025A641A7814
:10D79000012A01D15B7F33B12846002122F0BCDD94
:10D7A000284667F0B1DA0436202EE4D1204602B0D4
:10D7B000BDE8704023F07698F8B5D0F8B05504462F
:10D7C000AE69F368002B30D0012B30D02846012100
:10D7D000FFF73CFFA068E96908F0E0DC28B12846C3
:10D7E0000021FFF733FF012700E00746338A83B1AA
:10D7F000236A18695CF07CDB338A834209D02046B7
:10D8000023F0E4DE2046318A22F012DA20461BF0B3
:10D810008BD9D4F8B005FFF79BFF204624F0CED972
:10D820002846FFF72DFF3846F8BD0120F8BD00203F
:10D83000F8BDFFF7C1BF002070472DE9F843DDF8C0
:10D8400020800446D8F800700E46154699460FB958
:10D850001FE01F463B68A3B1BCB12046F9683246C1
:10D86000F7F3D6F028B9284679684A46F7F3D0F09E
:10D8700018B17B69002BECD10BE0C8F80070BDE853
:10D88000F8836FF00100BDE8F8836FF00100BDE898
:10D89000F883C8F800706FF01D00BDE8F8831FB56D
:10D8A0000C46416B81B104A840F8041D0090194654
:10D8B0001046BDF81C30069AFFF7BFFF30B92CB1F7
:10D8C000039B1B68236001E04FF0FF3080B204B07F
:10D8D00010BD10B50C4699B10B6863B10846F5F35D
:10D8E000CFF7E068FCF354F16068FCF351F10023DA
:10D8F0002360E36063602046BDE81040FCF348B15C
:10D9000010BD2DE9F84F476B04460D4616469B4661
:10D91000DDF828A0BDF82C90002F33D0B1B9AAB9FA
:10D9200030E07DB976B1BAF1000F0BD03046F9681E
:10D930005A46F7F36DF028B9504679684A46F7F32E
:10D9400067F050B17B691BB9BDE8F88FB84601E0BC
:10D95000B8461F46AF42E4D1A7B1636B39469F4238
:10D960007B6908BF6363C8F8143023685868FFF701
:10D97000B0FF94F83030013B84F83030636B0BB962
:10D9800084F83030BDE8F88F10B5044605E04B69E7
:10D99000636323685868FFF79CFF616B0029F6D129
:10D9A00084F8301010BD2DE9FF471E460023039375
:10D9B00090F830300446102B88461746DDF830903A
:10D9C000BDF8345009D9416B39B14A680B7C0092DB
:10D9D0000A890192CA68FFF794FF636B0393B8F159
:10D9E000000F65D0002F63D0B9F1000F60D003ABFA
:10D9F0000093384631464A462B46FFF71EFF8246C3
:10DA000028B9039B41461868F5F31EF755E01E3010
:10DA100053D11820FCF3B0F0824600284BD0206987
:10DA2000F5F3C0F6CAF80000B0B13046FCF3A4F03C
:10DA3000CAF80C0018B95046F5F322F70CE0284656
:10DA4000FCF39AF0CAF8040050B95046F5F318F701
:10DA5000DAF80C00FCF39CF05046FCF399F02AE055
:10DA6000636B2BB9012384F83030C4F834A007E08D
:10DA700094F83030013384F83030039BC3F814A09D
:10DA8000DAF80C0039463246CDF80CA0F6F3D4F79C
:10DA9000039B49461E7458682A46F6F3CDF7039B4C
:10DAA00041461D811868F5F3C1F64FF0000A04E005
:10DAB0006FF0010A01E06FF01A0A504604B0BDE8A9
:10DAC000F087F8B51E4614460D460CE0FEF7D8F870
:10DAD000B04215D07A78931C9C420ED9ED186FF0A5
:10DAE00001039B1AE41854B128462146FF22F7F39C
:10DAF00021F407460028E9D102E0002700E027468C
:10DB00003846F8BD08B511461A464FF4AE73FFF714
:10DB1000D8FF58B14378A3F12102D2B2202A04D809
:10DB2000029A013B1370033008BD002008BD2DE9A7
:10DB3000F0470468A0B0D0F80480064602200F68C1
:10DB40008946F4F761FA002501212A4620238246FE
:10DB5000606A1F95F1F3A2F501212A4620231D904A
:10DB6000606AF1F39BF501212A4620231E90606A2A
:10DB7000F1F394F501212A4620231A90606AF1F30B
:10DB80008DF5202301212A461B90606AF1F386F56A
:10DB9000143729461C9052460FA808F1E205F6F307
:10DBA000CFF7062238462946F6F332F7002817A8A1
:10DBB00007DD39460622F6F33FF70DF162002946EC
:10DBC00006E029460622F6F337F70DF162003946E2
:10DBD0000622F6F331F717AA01920C22002307ADB3
:10DBE0000FA9029220275246022000930395049722
:10DBF000F4F730FB1B98F2F3ABF22A4601213B46C7
:10DC00001A98F2F379F2A3691C9861691B9AF1F7EB
:10DC1000C8FF1A981C9A0146F1F7F6FF1A981B9A4A
:10DC20000146A3690836F1F77AFF304698F8185094
:10DC3000F7F332F080B201901FA9204608F11902D3
:10DC40002B460096FFF72BFE08B91F9BA3B11A992C
:10DC5000D9F8D4201F98F5F349F71DA91EAAD9F8C1
:10DC6000D400F5F32BF61AA8F1F356F61BA8F1F33E
:10DC700053F61CA8F1F350F620B0BDE8F08770B55C
:10DC8000456892B004460026286801A92022119612
:10DC90001BF0CEDB2023012101AAD4F8C000F2F34F
:10DCA0002BF2286809A920221BF0C2DB686A012137
:10DCB00032462023F1F3F2F4119000B3012109AAB6
:10DCC0002023F2F319F26B69D4F8B800D4F8C0102D
:10DCD000119AF1F724FFD4F8DC201199D4F8D4007C
:10DCE000F5F304F7D4F8DC000146F5F3B9F6D4F8FF
:10DCF000DC0004F1C40104F1C802F5F3DFF511A85A
:10DD0000F1F30AF60021202209A8F6F319F701A879
:10DD100000212022F6F314F712B070BDF0B5C1B0A7
:10DD200007AD0C461746114628460222F6F384F644
:10DD300001210DF11E022023D4F8BC00F1F302F6FC
:10DD400001210DF13E022023D4F8CC00F1F3FAF5C5
:10DD500001210DF15E022023D4F8D000F1F3F2F599
:10DD600001210DF17E022023D4F8B800F1F3EAF589
:10DD700001210DF19E022023D4F8C400F1F3E2F555
:10DD800001210DF1BE022023D4F8C800F1F3DAF529
:10DD900000238DE82800C2222025029238AE04F12B
:10DDA00018012A46022003960495F4F753FAB81C8A
:10DDB00031462A46F6F32CF6D0F1010038BF002098
:10DDC00041B0F0BD30B590F88C318DB004460D688F
:10DDD000002B3FD0D0F8D40008A909AAF5F36EF5BE
:10DDE000202301216A460998F1F3ACF5D4F870318B
:10DDF000E31893F893219DF81F305340D80724D59A
:10DE000001210022EB69686AF1F348F4EB690A909A
:10DE100001210022686AF1F341F401210B900A9A72
:10DE20002869F5F3A9F600230B980A99099AF1F7E6
:10DE3000B8FE08990B9AD4F8D400F5F3D9F50AA8DE
:10DE4000F1F36AF50BA8F1F367F52046FFF717FF2A
:10DE5000002501E04FF0FF35E43404F1A000F1F3B8
:10DE60005BF504F19C00F1F357F504F1A400F1F324
:10DE700053F504F1AC00F5F303F504F1B000002113
:10DE80002022F6F35DF628460DB030BD2DE9FF41A6
:10DE90000546006832F8066F0C46D0F80080FFF7A0
:10DEA0003DFF002833D06968A4F864608F7904F1DD
:10DEB00038068FB9D8F8D0063246202376F0ACDC8D
:10DEC0002368696814338DE888003246D8F8D00694
:10DED000202376F0B5DB17E01023009323684FF47E
:10DEE00080271433019308462022314604F10803A9
:10DEF000029750F095DE48B92168686814313A46B7
:10DF0000D5F88C30FDF72EFF012000E0002004B092
:10DF1000BDE8F0812DE9FF41D688B1F864300546AF
:10DF20000068B3420C46D0F800803BD84FF6FF7330
:10DF30009E4237D00632FFF7F1FE002833D06968E1
:10DF4000A4F864608F7904F138068FB9D8F8D00648
:10DF50003246202376F060DC2368696814338DE84C
:10DF600088003246D8F8D006202376F069DB17E027
:10DF70001023009323684FF480271433019308463D
:10DF80002022314604F10803029750F049DE48B9D7
:10DF90002168686814313A46D5F88C30FDF7E2FE06
:10DFA000012000E0002004B0BDE8F08173B500233B
:10DFB00004460B99006801931646089D41F01CDB4E
:10DFC000079B032B04D901A806990422F6F334F524
:10DFD0000C3E032E1CD8DFE806F00A0F0204A36AE9
:10DFE00008E0019B5A1E272A15D8A3620EE0E36AB7
:10DFF000C3F340032B6009E00198E36A18B923F0EA
:10E000000203E36209E043F00203E362002004E05C
:10E010006FF0160001E06FF001007CBDF8B5876875
:10E0200005464FF4E0700E46FBF3A6F504460028C3
:10E0300078D000214FF4E072F6F382F52660656037
:10E040000023F451686AA4F8AC3001210022202397
:10E05000F1F324F3C4F8BC00002866D0686A0121FB
:10E0600000222023F1F31AF3C4F8B80000285CD092
:10E07000686A012100222023F1F310F3C4F8CC00D8
:10E08000002852D0686A012100222023F1F306F310
:10E09000C4F8D000002848D0686A0121002220235B
:10E0A000F1F3FCF2C4F8C00000283ED02869F5F373
:10E0B00079F3C4F8D400002837D02869F5F372F357
:10E0C000C4F8D800002830D02869F5F36BF3C4F801
:10E0D000DC0050B31323A4F866302B681749986806
:10E0E0003246002308F0DED82B68A06614499868F1
:10E0F0003246002308F0D6D82B68C4F8B000114986
:10E1000098683246002308F0CDD82B68C4F8B400D4
:10E110000D4998683246002308F0C4D8C4F8E000DE
:10E12000002408E06FF01A0401E04FF0FF342846A5
:10E1300031466DF0D5DC2046F8BD00BF85D18700A3
:10E1400079D187000DD187005DDF8700F8B547687A
:10E150000646CD590C46DDB1436B0BB1FFF714FCFD
:10E16000D5F89C1049B13368986808F017D833681F
:10E17000D5F89C10986808F07DD8D4F8243413B1F1
:10E1800020464FF02FDA2846FBF302F50023E35137
:10E19000F8BD00002DE9F041D0F89830D0F890108B
:10E1A000013344688B4225688EB00246C0F898302F
:10E1B00009D1D0F894307BB1D2F89C104FF47A7228
:10E1C000A8685A4304E007D2D2F89C10A868214AF4
:10E1D000002307F0BDDF39E0D5F8D006214675F001
:10E1E00037DF237A002B31D0D4F80801F7F314F38A
:10E1F000074658BB227E04F1DC080EAE04F119017B
:10E2000006A846F8242DF6F317F421464246284680
:10E2100071F068D804F1E2030193022302460293ED
:10E22000214643462846CDF8008020F0F5DC3946EB
:10E23000204639F0C9D92146284640F059DF284602
:10E240001A21324624230097F6F76EFA0EB0BDE885
:10E25000F08100BF80EE36002DE9F04F0D68ADB0C3
:10E2600004460121A86922AA2023D5F800B0F1F3C1
:10E2700069F34FF0080AD4F8683194F86C11E21889
:10E2800004F1E40682F8E31006F18C020C210DF192
:10E290006809019206F190003246CDF80090F9F33A
:10E2A00043F2D4F8701140480591F6F3F5F422AA30
:10E2B00003464FF02008009206AF05993A4A4846B7
:10E2C000CDF804800297CDF80C80F9F307F2012114
:10E2D0003A464346D4F88801F1F30EF758466EF0FB
:10E2E00017DAD4F88801A969F1F39CF2002836DA2C
:10E2F000D4F88431CDF808B000932C4BD4F88811B1
:10E3000001932869D4F89021D4F88031F5F3E8F22C
:10E3100028BB94F88C3113BB2869D4F89011F5F31D
:10E32000C7F4E0B1012384F88C314946D4F8702158
:10E3300006F1B000F6F380F3D4F890012AA92BAAD5
:10E34000F5F3BCF22A992B9AD4F8D400F5F350F3E4
:10E35000D4F8682128683146013A1BF069D894F84E
:10E360006C310133DBB284F86C31AA6A934207D86E
:10E370000AF1FF3A5FFA8AFABAF1000F7FF47BAF35
:10E380000021502206A8F6F3DBF3002120221AA870
:10E39000F6F3D6F394F86C01AB6A984234BF0020D0
:10E3A00001202DB0BDE8F08F62E6890075EA870094
:10E3B0002DE9F04F4368CFB0CB58044603F108096C
:10E3C00048468846F6F368F407460220F3F71CFE39
:10E3D00000234EA941F8043DBBB208F1190207938E
:10E3E0000692079A8346019298F818302046069ABA
:10E3F000CDF80090FFF753FA18B94D9B002B40F071
:10E400000A81012100222023606AF1F347F10121F2
:10E41000002220234290606AF1F340F101210022A2
:10E4200020234390606AF1F339F101210022202377
:10E430004490606AF1F332F10121002220234590DB
:10E44000606AF1F32BF10121002220234690606ADB
:10E45000F1F324F101210022E3694790606AF1F3AE
:10E460001DF10521024649902069F5F385F3E36922
:10E4700001210022606AF1F311F104210246489063
:10E480002069F5F379F32069F5F38CF14A9020695E
:10E49000F5F388F14B902069F5F384F108AD002184
:10E4A00080224C902846F6F34BF33A4628464946DC
:10E4B000F6F3C2F2012100223023606AF1F3EEF09C
:10E4C0000121002230234090606AF1F3E7F000263A
:10E4D00033460DF1E00A419098F81820019502208A
:10E4E00028AD069902970096CDF80CA0CDF810B093
:10E4F000F3F7B0FE302231462846F6F321F34748C1
:10E50000F6F3CAF3454B30270093019051460220A1
:10E510005A46334602950397F3F7BCFE01213B466A
:10E520002A464098F1F3E8F54098A2690146F1F7D0
:10E530006BFB429B48990093439B499A01934098F7
:10E54000A369F1F779FF4299439A4B98F5F350F29A
:10E5500031463A462846F6F3F3F23148F6F39CF397
:10E560002F4B0190009351465A46334602200295A4
:10E570000397F3F78FFE3B4601212A464198F1F3BA
:10E58000BBF54198A2690146F1F73EFB449B4899CF
:10E590000093459B499A01934198A369F1F74CFF79
:10E5A0004499459A4C98F5F323F24C994A9A4B9822
:10E5B000F5F3A2F0079A98F8183001924A99069A52
:10E5C0002046CDF80090FFF7EEF946A947AA4A98F1
:10E5D000F5F374F142A8F1F39FF143A8F1F39CF134
:10E5E00044A8F1F399F145A8F1F396F148A8F1F3A5
:10E5F00093F149A8F1F390F140A8F1F38DF141A80E
:10E60000F1F38AF14BA8F5F33BF14CA8F5F338F19F
:10E610004AA8F5F335F14FB0BDE8F08FB85B0100C3
:10E62000D25B0100C06A00F00100704721B183682D
:10E63000CB5893F8BC017047084670472DE9FF415D
:10E64000476804460023D0F8008038460E46A2F101
:10E6500068050393FFF7E6FF90B138464146FFF7A0
:10E66000E5FF68B103AB009321462B46386806F1FD
:10E670006002FFF747FA039D014610B99DB100E023
:10E680003146A5F12003202B0DD8B4F8AC309D42C3
:10E6900009D104F16C002A46F6F3BAF1002814BF40
:10E6A0000520002000E0052004B0BDE8F081000056
:10E6B0002DE9F0419846B8B00023359336937F4B4F
:10E6C00007460C4630AE03F1100E186859683546FF
:10E6D00003C5083373452E46F7D13D680121202339
:10E6E00002F10806686A0022F0F3D8F7359028692D
:10E6F000F5F358F0B8F1680F369015D97B689B791F
:10E70000002B00F0B9802846FFF78CFF20B1284687
:10E710002168FFF78BFF48B9A8F168081FFA88F84D
:10E72000A4F8AC80464401E040F0A880D4F8BC00D6
:10E73000012132462023F1F3DFF4D4F8BC00F1F3D9
:10E74000F9F2002840F09C80D4F8BC006969F1F32C
:10E7500069F0002880F29480012106F12002202334
:10E76000D4F8CC00F1F3C8F40121D4F8D00006F1BC
:10E7700040022023F1F3C0F4D4F8BC00D4F8B81060
:10E78000F1F350F070B9D4F8CC00D4F8C410F1F320
:10E7900049F038B9D4F8D000D4F8C810F1F342F0F9
:10E7A00000286FD0D4F8D800D4F8CC10D4F8D020FA
:10E7B000F5F31EF1002867D0D4F8BC10D4F8D400CB
:10E7C000369AF5F393F13698D4F8D8100246F4F35C
:10E7D00093F73698D4F8C010024620AEF5F386F1D0
:10E7E000369834A90022F5F369F03246202301213E
:10E7F0003498F1F3A7F00021202228A8F6F3A0F125
:10E80000202137AB324618AF019328A80B4600975A
:10E81000F8F38AF7D4F8B810D4F8BC206B693598AF
:10E82000F1F77DF92023324601213598F1F38AF082
:10E830003146102204F10800F6F3FEF030A8F6F39A
:10E840002BF22025402203460096039204AE29466F
:10E8500030AA384601950296F8F340F704F1180003
:10E8600031462A46F6F3E8F004F138000CA92A46AE
:10E87000F6F3E2F0002408E0FF2406E0042404E0BC
:10E88000032402E0012400E0022435A8F1F344F05F
:10E8900036A8F4F3F5F70021202218A8F6F350F17A
:10E8A0000021502204A8F6F34BF120A800212022D9
:10E8B000F6F346F1204638B0BDE8F081FEE5890068
:10E8C0002DE9F04F1D46836889B0EF5843688046B4
:10E8D000CB580E460793184691463946129A139B19
:10E8E000FFF7E6FE0328044601D1009005E0022868
:10E8F00001D0042816D1032300930123019302932E
:10E90000002303930493D6F808313046B3F86230FD
:10E9100005F11401C3F3401305934A462B46F7F75C
:10E920000BFB65E0012862D0002861D1B7F86230A6
:10E9300040460133A7F86230FFF774FE40B140460D
:10E940002946FFF773FE002814BF7E20002000E058
:10E95000204601234FF0000A4FF0030B0193D6F835
:10E960000831CDF800B00290CDF80CA0CDF810A081
:10E97000B3F8623005F1140CC3F3401361460593FC
:10E980004A462B463046CDF818C0F7F7D5FACDF8F1
:10E9900000B0D6F808314FF0020BCDF804B0CDF836
:10E9A00008A0CDF80CA0CDF810A0B3F86230DDF8C7
:10E9B00018C0C3F34013614605934A462B463046C0
:10E9C000F7F7BAFAD9F80030B96EC7F85930B9F884
:10E9D0000430A7F85D30D8F800309868079BD3F86A
:10E9E0008820534607F0B4DB87F858B000E0FF24D6
:10E9F000204609B0BDE8F08F2DE9F04FD0F804A013
:10EA000087B09AF8063005460C4693460768D1F859
:10EA1000009043B390F8A93013B1013B80F8A930BE
:10EA2000D4F8B43138460093D4F8B8315146019344
:10EA30005A464B46FFF744FF0646D4F8B40168B186
:10EA40000021D4F8B821F6F37BF0D4F8B401FBF33D
:10EA50009FF00023C4F8B431C4F8B831002E14BFBD
:10EA6000022000202DE03846FFF7DCFD38B13846A3
:10EA70004946FFF7DBFD002814BF7E20002003235A
:10EA80004FF001088DE808010026029003960496D5
:10EA9000DAF8083109F11401B3F862305A46C3F3C9
:10EAA0004013059350464B46F7F746FA3B68A16E74
:10EAB0009868D5F88820334607F04ADB84F85880F8
:10EAC000304607B0BDE8F08F052B10B503D1BDE887
:10EAD0001040FFF791BF43689B792BB190F8A930A4
:10EAE00013B1013B80F8A930022010BD2DE9F0419F
:10EAF0009846436805469B790C461646069F8BB19F
:10EB000090F8A930013380F8A9303846FBF334F08F
:10EB1000C4F8B401002834D041463A46F5F38CF7E6
:10EB2000C4F8B8710023A4F86030A4F86230A4F8E7
:10EB300064303368C4F85930B388A4F85D3028686D
:10EB4000FFF770FD90B128682168FFF76FFD68B18D
:10EB500021462846FEF7EBFF2046FFF790F82846AF
:10EB600021463246BDE8F041FFF746BF2046294620
:10EB70006CF04EDD20B9042384F85830BDE8F081F4
:10EB80000220BDE8F0812DE9F04387B015460F9AC9
:10EB90000646012A0C461F46DDF83880D0F804C02E
:10EBA000D1F8009059D19B88072D8CBFFA88FF229D
:10EBB0000BB17E2B59D100217E2B84F8BC1103D1DF
:10EBC000012384F8BC3104E01BB96368DB6A980751
:10EBD0004BD5132A16D0032101224D238DE80E00B8
:10EBE000002303930493DCF808316046B3F86230E5
:10EBF00009F11401C3F34013059342464B46F7F75E
:10EC00009BF932E096F8A80007F1080196F8A99060
:10EC100040B9012386F8A830B9F1000F28D1682D3A
:10EC20000AD904E0B9F1000F12D1682D0AD92046A3
:10EC30002A466DF00FDAD8B90E9530462146424685
:10EC40003B460DE0304621466DF042D848460FE085
:10EC5000304621466DF03CD809E042B90E95424657
:10EC600007B0BDE8F043FFF741BF022000E00020FD
:10EC700007B0BDE8F0832DE9FF4105680C46A3F11C
:10EC80000807D1F80080A4F8AC7000212846039151
:10EC900002F10806FFF7C6FCA0B128464146FFF77F
:10ECA000C5FC78B103AB009332463B462868214649
:10ECB000FEF728FFBDF80C300646A4F8AC3018B9B2
:10ECC00013B90FE0A4F8AC70B4F8AC20A2F12003A3
:10ECD0009BB2202B06D804F16C003146F5F3ACF65C
:10ECE000002001E04FF0FF3004B0BDE8F0812DE9D5
:10ECF000F04F90E8C00089B00792139A8046012A2D
:10ED00000C469A46DDF848B00D6840F0AC80336898
:10ED1000896E986807F042DA04F16C030021402202
:10ED200018460693F5F30CF70021A4F8AC100799E8
:10ED3000BAF8042007298CBFBAF80610FF214C2A24
:10ED4000069B3CD14FF00009184649464022A4F8E2
:10ED50006090F5F3F5F6A4F8AC9040462146524693
:10ED6000079BFFF788FF3046FFF75CFC78B1304621
:10ED70002946FFF75BFC50B1032201234FF07E0CC4
:10ED80008DE80C10CDF80C90CDF8109008E003231E
:10ED90004FF0010E8DE80840002302930393049383
:10EDA000D7F808313846B3F8623005F11401C3F3DF
:10EDB000401305935A462B46F7F7BEF849E04D2A13
:10EDC00004D1B4F866308B4218D042E00AB17E2AF2
:10EDD0003FD113290ED1079A3046019239465A463F
:10EDE0002B46CDF800A06CF0D5DF002814BF022020
:10EDF000002076E0B4F86030052B01D900233BE019
:10EE0000032201234FF04D098DE80C024FF0000959
:10EE1000CDF80C90CDF81090D7F8083105F1140119
:10EE2000B3F862305A46C3F34013059338462B4675
:10EE3000F7F782F8B4F86030A16E0133A4F86030BF
:10EE40003368D8F8882098684B4607F081D948463F
:10EE500047E03368A16E9868D8F88820002307F04F
:10EE600077D900203DE0931E012B4FF0000337D8E7
:10EE7000B1F86010052903D984F85830022030E039
:10EE8000032A09D132680131A4F860109068A16E9C
:10EE9000D8F8882007F05CD93046FFF7C3FB38B1BB
:10EEA00030462946FFF7C2FB002814BF7E20002011
:10EEB000032301248DE81800002402900394049495
:10EEC000D7F808313846B3F8623005F11401C3F3BE
:10EED000401305935A462B46F7F72EF8204600E0DC
:10EEE000184609B0BDE8F08F2DE9F3470B6882683A
:10EEF0005B680646D3F808A0D3F80490B3F81080F6
:10EF00001B680D46032B5AF80240DAF810701DD129
:10EF1000FFF788FBD0B130465146FFF787FBA8B119
:10EF2000B4F8AC3093B1B9F1010F0FD1B8F14C0F77
:10EF300001D0BA7952B9AA69FF2000925D2104F18B
:10EF40006C02DBB2F1F70EFD002001E06FF016005D
:10EF5000BDE8FC872DE9F8430B6882685B680446CE
:10EF6000D3F808905F681E8A1B6859F80280032B4B
:10EF7000D9F8105013D1FFF755FBA0B120464946F0
:10EF8000FFF754FB78B1B8F8AC0060B1012F06D19F
:10EF90004C2E01D0AB792BB90330BDE8F8830020AB
:10EFA000BDE8F8830020BDE8F8832DE9F04F0B6839
:10EFB00082685B68B9B0D3F808805E681F8A1B68F6
:10EFC0008146032B58F80240D8F810A08D69D1F87B
:10EFD0001CB040F09F80012E48D137B1A7F14C03FF
:10EFE0009BB2012B01D97E2F0FD1B4F8663038A91E
:10EFF000284621F8043D0222F5F31EF502350FB133
:10F000007E2F02D19AF806300BB14C2F13D148460F
:10F01000FFF708FB20B148464146FFF707FB50B910
:10F02000B4F8AC203AB1284604F16C01F5F304F5CC
:10F03000B4F8AC30ED180FB17E2F6ED101212A4605
:10F040002023D4F8B800F0F37DF4012105F120026B
:10F050002023D4F8C400F0F375F4D4F8C8000121DB
:10F0600005F140022023F0F36DF456E0022E54D156
:10F07000B4F8623038A921F8023D28463246F5F34B
:10F08000DBF4BDF8DE3038AF27F8C83D01210DF1C3
:10F090001A022023D4F8B800F0F354F401210DF142
:10F0A0003A022023D4F8C400F0F34CF401210DF10E
:10F0B0005A022023D4F8C800F0F344F401210DF1E2
:10F0C0007A022023D4F8BC00F0F33CF401210DF1C6
:10F0D0009A022023D4F8CC00F0F334F401210DF18E
:10F0E000BA022023D4F8D000F0F32CF44FF000083B
:10F0F000C22302930235304604F118012022434610
:10F10000CDF8008001970395CDF810B0F3F7A2F881
:10F11000404603E06FF0160000E0002039B0BDE883
:10F12000F08FF8B50B6804465A6883689668516892
:10F13000F558138A12683769032A2DD1012926D17F
:10F140000BB17E2B12D1BB796BB92046FFF76AFA5F
:10F1500020B120463146FFF769FA20B9B5F8AC0076
:10F1600008B1023000E002206030F8BD4D2B15D010
:10F170004C2B11D1FFF756FA20B120463146FFF74C
:10F1800055FA58B9B5F8AC0050B10230F8BD0229B3
:10F190000CBF22200020F8BD0020F8BD0220F8BDE1
:10F1A0000220F8BD19B18368CB5883F8BC217047A1
:10F1B00070B50C680D460646102208460021F5F38E
:10F1C000BFF42C6020460021F268F5F3B9F404F591
:10F1D0002473C4F8EC3004F52C732560C4F8243192
:10F1E00070BD2DE9F0470D4698462B68BDF82060AC
:10F1F000099C0768896B95F82CC073B193F800904F
:10F2000093F801A049EA0A29A5F81C9093F81690F2
:10F21000DB7D49EA0323A5F87E303B68B5F81C90F6
:10F2200093F8D130002B5AD197F92735B3F1FF3F2E
:10F2300003D190F8A43313B151E0012B4FD0C9F39F
:10F240008027B5F87E9019F00F0901D127B987E022
:10F2500027B94FF0010904E0012702E04FF000094F
:10F260004F460123002204F5227004F5237176F045
:10F2700017DAD4F88832984505D1D4F88C32F31ACD
:10F2800018BF012300E001233FB933B1C4F88872ED
:10F29000C4F88C72A4F886725CE0B9F1000F08D053
:10F2A0000020C4F88802C4F88C02A4F88602BDE8E5
:10F2B000F087B5F87E50C4F88882C4F88C62A4F850
:10F2C00086524846BDE8F08706D18F88B74294BF82
:10F2D0000027012700E00127F8B2BDE8F087BCF164
:10F2E000000F13D04B6B03EBC20153F8323098453B
:10F2F00006D307D18888B04294BF0026012602E0D9
:10F30000012600E00026F0B2BDE8F087D1F8E03039
:10F3100052019A18136998451CD302D1938AB342BB
:10F320001BD89369984506D307D1908BB04234BF60
:10F330000020012002E0012000E0002070B106F072
:10F340007F06F308D05C06F00706304100F00100AC
:10F35000BDE8F0870120BDE8F0870120BDE8F08717
:10F360004B6B03EBC20153F832309845ACD2B2E795
:10F370002DE9F04F1C4693F860B05F68D368ADF597
:10F38000117D064605919146156933B11B7A0B2B09
:10F3900003D13B7803F0010301E0FB789B09E363B1
:10F3A00094F82C304946009330462A46E36B4FF0E0
:10F3B00023DB0146A06320B12A6D40F237131340CE
:10F3C0002BB9304621464A4671F002DAE2E090F964
:10F3D0000E2090F90F30D318A2689A42C0F0DA805C
:10F3E000A269138A13F0080F0DD0007A0B280AD1F6
:10F3F00096F8DC0538B18879032804D823F008038F
:10F400001B041B0C13820B7A042B59D00B2B00F01E
:10F41000AE80022B40F0C080BB7897F800A097F830
:10F42000068043EA0A2A7B794FEA084848EA03281B
:10F430003B7948EA0308FB79A76E48EA036817F0AE
:10F44000010740F0AC80284621465A464346CDF895
:10F4500000A0CDF80490FFF7C4FE002800F09F80C4
:10F46000AB79002B40F067823368D3F88830D3F84B
:10F47000DC210132C3F8DC2194F82C2022B1D3F82E
:10F48000B4220132C3F8B422D3F8E8210132C3F820
:10F49000E821D5F8183193F834301BB12846002103
:10F4A00065F0E0DB94F82C70002F00F044823368A4
:10F4B000D3F88830D3F8C0220132C3F8C02269E003
:10F4C0003B7897F801A097F8068043EA0A2AFB796F
:10F4D0004FEA084848EA03683B7948EA03087B7921
:10F4E00048EA03282B7C13B9EB6DDB0757D4A76ED2
:10F4F00017F0010753D1284621465A464346CDF816
:10F5000000A0CDF80490FFF76CFE002847D0AB793F
:10F51000002B40F010823368D3F88830D3F8DC2118
:10F520000132C3F8DC2194F82C2022B1D3F8B422A4
:10F530000132C3F8B422D3F8F0210132C3F8F0212C
:10F54000D5F8183193F834301BB12846002165F006
:10F5500089DB94F82C70002F00F0ED813368D3F82C
:10F560008830D3F8C8220132C3F8C82212E002372B
:10F57000C83110223846F5F383F500280CDA8D489F
:10F5800039461022F5F3ECF6A16B8B48C8311022F6
:10F59000F5F3E6F60027CEE14FF00008C24696F8F4
:10F5A000B03293B92B6D1F070FD4A06B037A022BD7
:10F5B00002D1F6F331F140B963699B69980004D434
:10F5C000A3691B8A190700F1FB8063699B695A06CE
:10F5D000E0D4A3691A8A42F008021A82A16B0B7A5E
:10F5E000013B0A2B00F2CE80DFE813F035000B0060
:10F5F00035006C00CC00CC00CC00CC00CC00CC00A2
:10F60000AE000846F6F308F108B12B7C4BB1A36BB2
:10F61000D3F88820904504D80FD093F88C205A4511
:10F620000BD0A16B226804F14007384614310A322E
:10F63000434601F0C3D9E76501E06433E365A16B9C
:10F6400004F14A0738461431E26D534601F080DA7E
:10F650003846102110E06168032284A8F5F3ECF12C
:10F66000A36B84A803F114011A690330F5F3E4F1E4
:10F67000A36B84A81969033107AAFBF38DF1A36B6F
:10F68000606893F90E30A168C018C91A07AAFBF385
:10F69000A5F1A36B606893F90E30A168C018C91A70
:10F6A0004FF0FF32F6F3F4F0444BA2699842138A0C
:10F6B00004D123F010031B041B0C01E043F01003E2
:10F6C00013827DE06368DF7817F020071FD00A6996
:10F6D00048A81431D200FBF303F6002321686269C5
:10F6E000484670F0A5DC0027A36B019000971969CC
:10F6F00048A82368E268EEF3C7F3831C05D1A36929
:10F700001A8A42F010021A825AE0013058D1336846
:10F71000D3F88830D3F8DC210132C3F8DC21D3F8E8
:10F72000F4210132C3F8F42194F82C20002A00F0CF
:10F73000FF80D3F8B4220132C3F8B422D3F8CC222C
:10F740000132C3F8CC22F6E001F11400E268243162
:10F75000236800F0F9DF00287FF41CAFA26BD2F819
:10F76000D8300133C2F8D83033F07C4328D1F222AC
:10F770000192D6F89401294609F11402009376F01B
:10F780005DDE1DE0AF79002F7FF404AF3368D3F85E
:10F790008830D3F8DC210132C3F8DC2194F82C2026
:10F7A000002A00F0C580D3F8B4220132C3F8B42295
:10F7B000C1E000BFA2ED8900A8ED8900E320BBDE17
:10F7C000A36B616893F90E208A18626093F90E109A
:10F7D00093F90F208A18A1688A1AA26093F90E1073
:10F7E00093F90F208A1821698A1A2261A269128A64
:10F7F00002F01802182A64D1AB79002B7FF4CAAE4C
:10F8000095F9442000930193029330463123D5F8B3
:10F81000081170F0A7DA3368D3F88830D3F8DC2108
:10F820000132C3F8DC21D3F8EC210132C3F8EC211A
:10F83000D3F8F4210132C3F8F42194F82C2072B1EA
:10F84000D3F8B4220132C3F8B422D3F8C42201326F
:10F85000C3F8C422D3F8CC220132C3F8CC22A26B65
:10F86000127A022A05D0032A12D0012A7FF492AE1E
:10F870000EE0D3F808220132C3F8082294F82C7065
:10F88000002F58D0D3F8E0220132C3F8E02281E6FD
:10F89000D3F800220132C3F80022D3F8FC21013250
:10F8A000C3F8FC2194F82C70002F44D0D3F8D82250
:10F8B0000132C3F8D822D3F8D4220132C3F8D422BB
:10F8C00068E661698A89E26094F82D209AB993F913
:10F8D0000F20059892B2FAF329F16369DA8990044E
:10F8E00002D5B3F850308BB9A36BE26893F90F30AF
:10F8F000D31AE3600AE00598F6F3F4F0A36B01462F
:10F9000093F90F20059892B2FAF310F1A36BC4F8A3
:10F910006480A4F862A01B7A042B01D0022B09D1C9
:10F92000A36ED90706D43046214670F09DDF01E072
:10F93000174600E0012738460DF5117DBDE8F08F30
:10F940002DE9F341099F00230D9904469046089E36
:10F950000A9D009301933FF04FDE032F0BD9042241
:10F9600068463146F5F368F0072F04D901A8311D28
:10F970000422F5F361F0A8F14C08B8F1050F2AD87C
:10F98000DFE808F00A03160F231BD4F88434BDF80F
:10F990000020A3F8922016E0D4F88434B3F8923013
:10F9A00017E0D4F88434BDF80020A3F896200AE0CC
:10F9B000D4F88434B3F896300BE0D4F88434BDF82E
:10F9C0000020A3F89E20002007E0D4F88434B3F888
:10F9D0009E302B60F7E76FF01600BDE8FC81D0F891
:10F9E00084242DE9F843B2F8928004464145D4BFFF
:10F9F00000200120B2F84A50B2F89690B2F8946014
:10FA0000B2F898C010B1C8EB010701E0C1EB0807DC
:10FA1000B2F89030BFB2002B75D0BCF1010FADB27F
:10FA2000334607D1002851D02BB203FB08F393FBD8
:10FA3000F1F346E0BCF1020F2BD131B2B8B10FFAAD
:10FA400089F3994203D10423A2F8983062E0132F7E
:10FA500002D9A6F1140339E0092F02D9A6F10A034D
:10FA600034E0042F01D9731F30E0B31E2EE00FFAEB
:10FA700085F841451DD0132F02D906F1140325E066
:10FA8000092F02D906F10A0320E0052F1CD9731DA6
:10FA90001CE0BCF1040F39D133B238B10FFA89F14F
:10FAA0008B4237D0052F38D9731F0AE029B28B4219
:10FAB00004D10123A2F89830BDE8F883052F2DD991
:10FAC000731D4FF0020C01E04FF0040C1BB229B281
:10FAD0008B4204DC0FFA89F5AB42A8BF1D462368B0
:10FAE000A2F89450A2F898C02DB2294601222046CF
:10FAF0001B7E72F0B1DC23682046294600221B7E63
:10FB000072F0AADC06E01846BDE8F8834FF0FF303B
:10FB1000BDE8F8830020BDE8F8830020BDE8F88345
:10FB2000D0F8843413B5B3F8902004466AB1036A60
:10FB30000DF1060118695BF0BFD980B12046BDF90F
:10FB400006100122FFF74BFF09E06421012372F048
:10FB500083DC012220466421134672F07DDC1CBD4B
:10FB600008B5036AD3F8D80079B143784A789A4245
:10FB700008D102300231F4F34BF7D0F1010038BF65
:10FB8000002000E00020C0B208BD084608BD2DE9F5
:10FB9000FF4799464369D0F8208082461B68044697
:10FBA000174602695AF8180B0E464146D55801F01F
:10FBB00055FA2169206852466FF096DC0123C8F897
:10FBC00000302B680146023B012B03D82369DB6D13
:10FBD000C8F8D0300C9B20680293424633468DE82B
:10FBE000800201F058FA48B12B68022B05D1636AF4
:10FBF000D888003018BF012000E0012004B0BDE823
:10FC0000F0872DE9F04FC368044600F1180799B05A
:10FC10001646056A8A46006821693A4603936FF0E2
:10FC200063DC013E0290062E00F23881DFE816F018
:10FC300007003601BC003601DB003601FF00EE682C
:10FC4000002E00F02C81D5F8D03013F4804B0CD06E
:10FC500023682169D3F8D4060368CB581B781BB1FD
:10FC60004AF04ADB834600E09B46636893F86231C2
:10FC7000A3B1D5F8D000F0F78BFE88B12368D3F894
:10FC80006008FEF7CFFC58B123680299D3F86008EA
:10FC9000FEF7CCFC20B1B5F8DC8002E0984600E02D
:10FCA0008046B5F806C02068DC44C4441FFA8CFCCA
:10FCB0000CF1710321693A469BB2CDF804C077F08C
:10FCC0007BD9DDF804C00646002800F0E8800CF17E
:10FCD0005F0CD0F808901FFA8CFC4FEA1C2343EA13
:10FCE0000C2C09F11207A9F810C000215F22384638
:10FCF000F4F326F74AF484731A0A89F8132089F872
:10FD000014302B8B05F13C011A0A89F8152089F86B
:10FD10001630202209F11F00F4F38EF6EA8809F16B
:10FD200071009344D8441FFA88F84FEA182343EA35
:10FD30000828A9F86F80E968F4F37EF6636893F801
:10FD40006231F3B1D5F8D000F0F722FEC8B12368D4
:10FD5000D3F86008FEF766FC98B123680299D3F8DF
:10FD60006008FEF763FC60B1EB68002B00F09B803D
:10FD7000E888D5F8E01038185F30B5F8DC20F4F3E7
:10FD80005BF6D5F8D030580440F18D8023682169A6
:10FD9000D3F8D4060368CB581B78002B00F083807F
:10FDA0003A464AF0FFD97EE0206821693A4671233D
:10FDB00077F002D90646002871D0D0F808905F226B
:10FDC000002109F1120789F8112089F8101038462E
:10FDD000F4F3B6F64AF480731A0A89F8132089F806
:10FDE00014302B8B1DE0206821693A46712377F08F
:10FDF000E3D80646002852D0D0F808905F220021B0
:10FE000009F1120789F8112089F810103846F4F327
:10FE100097F64AF440731A0A89F8132089F81430C7
:10FE2000EB8A1A0A89F8152089F816303BE0206819
:10FE300021693A46712377F0BFD8064678B3D0F8E7
:10FE4000089000215F2209F1120789F8101089F843
:10FE500011203846F4F374F64FEA1A2389F8133068
:10FE600089F814A01FE0D5F8D000F7F37DF1014622
:10FE7000484605F18C0204ABF7F386F1044630B92D
:10FE8000314603982246F9F3A7F6264607E007F124
:10FE90004D0004A91022F4F3CFF500E0002630460F
:10FEA00019B0BDE8F08F032389F80F30D5F8D000E2
:10FEB000F6F354F505F15C0400280CBFFE23022381
:10FEC0003846082200F8053B2146F4F3B5F5082131
:10FED0002046F7F34FF11AF00301C9D1C3E72DE92A
:10FEE000F04F91F813800B7D8BB043EA082818F08F
:10FEF000030904460E4606924769056ACDF820803C
:10FF000005D1D5F8D000F7F32FF1844600E0CC46B8
:10FF100005F15C0A06F1170B0120082359465246E9
:10FF2000CDF810C0F6F302F68245DDF810C000F0FF
:10FF3000F78318F48071079110D0338A1A0A42EAC5
:10FF400003239BB25C2B40F2EB833046614605F104
:10FF50008C02F6F3E5F7002800F0E283338A1A0AF0
:10FF600042EA03239BB25E2B40F2DA8396F86F10CD
:10FF700096F8702042EA01225F329342C0F0D083AB
:10FF800006F112020992594608225046F4F354F53C
:10FF900005F1640059460822F4F34EF5D5F8D00077
:10FFA000F6F3DCF4002868D018F4805F65D096F88A
:10FFB0006F2096F8703043EA0223B3F5807F0BDDA3
:10FFC00038462169012274F065DC206904F11801CA
:10FFD000012277F089D9E7E24FF48070F9F3C6F592
:10FFE000824630B938462169012274F053DCD1468B
:10FFF00098E32020F9F3BAF5834630B95046F9F377
:020000041002E8
:10000000C7F538462169012208E34FF48170F9F3FE
:10001000ADF5059068B95046F9F3BAF55846F9F3CD
:10002000B7F538462169012274F034DCDDF814900C
:1000300078E3B9F1000F04D1D5F8D000F7F394F0CC
:100040008146059B494605F19C02029309980023CD
:100050008DE8000CF6F394F781465046F9F398F5D5
:100060005846F9F395F50598F9F392F5B9F1000FB3
:1000700003D138462169012220E396F815A0B37D0B
:10008000D5F8D00043EA0A2AF6F38AF410B918F03A
:10009000080326D0BAF10D0F0BD003D8BAF1050F23
:1000A00015D10DE0BAF1100F17D0BAF1200F0ED113
:1000B00011E018F0080F13D038462169022271E2CE
:1000C00018F0080F0FD03846216903226AE238463B
:1000D0002169042266E2022106E00422059204E07E
:1000E0000323059301E00121059118F0080900F0B0
:1000F00026822B8A059A934203D03846216905222D
:1001000050E2079B002B40F0C78003232B60D5F8FB
:10011000D0305A0606D4626892F86221002A37D09D
:10012000580335D513F4804932D196F86F1096F8FC
:100130007030042206F1710043EA0121F6F3F8F76A
:100140000246002833D04378132B03D83846216960
:100150000422B3E2636A2169483300934FF0200917
:100160002046063201F1DC03CDF8049073F054D838
:100170008246E0B9636AA3F8069094F80834B3B1F4
:10018000A068D4F8041406F009D884F808A40EE096
:1001900019060CD5616AB1F8E42042B101F14800BA
:1001A000C431F4F349F4636AB3F8E410D980636AA4
:1001B000DB882BB920463146069A72F0DFDFAFE2CA
:1001C00005F11C0906F11F012022484605F13C06F5
:1001D000F4F332F420222068314619F029D9D5F8F9
:1001E000D0305A040AD522682169D2F8D4060268B0
:1001F0008A58127812B149F0FFDF3BE021690A6D9D
:10020000100508D413F4922F05D1D1F8083193F8D2
:1002100083309A0612D5636A04F1180003F148028C
:100220000092DB88E231019305F18C030293AB8AE3
:100230004A4603933346F6F30DF41BE004F1180A23
:100240005046E2310622F4F3E3F3002800F068821E
:10025000636A216903F148020092DB8850460193EA
:1002600005F18C030293AB8AE23103934A4633468D
:10027000F6F3F0F540F63B623846216908EA0202DF
:10028000012374F04BDB08B1042356E138462169A1
:100290000D2274F0FFDA43E2069A4AB997F81690F5
:1002A000B9F1000F0CBF4FF400794FF0000901E0E5
:1002B0004FF00009D5F8D000F6F350F341F2C833FF
:1002C000002808BF4FF4E47303EA080218BF4FF098
:1002D00000099A4240F0248219EA080F40F0208277
:1002E0002B68033B042B00F21B822946052341F8AF
:1002F0001C3B06F11F002022F4F38AF3002840F093
:100300000F8296F86FA096F87030D5F8D00043EAC7
:100310000A2AF6F323F300283FD006F1710B584662
:1003200051463022F5F306F08146C8B1D5F8D030F9
:1003300042785B0440F1FA8123682169D3F8D4360E
:100340001B68CB581B78002B00F0F081123A92B258
:10035000ECE1A86809F102010230F4F359F318B195
:1003600038462169072215E00AEB0B0199F80120B4
:10037000C9EB010189B2901C81421CDD6FF00103C1
:100380009B1A4844C9183022F4F3D4F798B1216974
:100390003846062274F07EDA09E0AB88534506D170
:1003A000A86806F171015246F4F332F318B12069DE
:1003B00004F1180142E0D5F8D000F6F3CFF278B19D
:1003C00006F171005146F6F3A7F648B9384621699F
:1003D000092274F05FDA206904F1180101222EE08D
:1003E0002068036893F8623163B304F11809216946
:1003F0004A466FF079D88346D5F8D000F0F7C8FAAE
:1004000000B32368D3F86008FEF70CF9D0B1BBF154
:10041000000F17D023685946D3F86008FEF706F995
:1004200080B1514606F17100F422F4F383F70146DE
:100430002046FFF795FB28B920694946112276F03E
:1004400053DF6DE140F20B223846216908EA0202CF
:10045000032374F063DA814628B1062318F04009BB
:100460002B6004D116E0384621690D2226E12A8A44
:1004700004F1180B2B8B20688DE80408216905F125
:10048000AC0276F0D1DED5F8D000F6F367F20028A2
:1004900034D003E03846216908220FE1514606F1C5
:1004A0007100F6F339F642788046063A92B2EA8253
:1004B000837905F16C0903F0030385F8CC3008F16A
:1004C00008014846F4F3B8F295F8CC200599EB8A78
:1004D000009206F14F020191029298F806202169DC
:1004E00002F00402039220684A4676F021DE236877
:1004F0002169D3F87C06324654F0ECDED5F8D00002
:10050000F6F32CF2C0B108232B6038462169002293
:1005100074F0C0D923695A46DB68206800937921BA
:100520000623F4F701F923682269D3F8D4361B684F
:10053000D35800221A70F3E006232B60F0E02B68FA
:10054000052B40F2ED80236A05995A8A8A4208D029
:10055000D3F8D000F6F324F218B1384621690A2204
:10056000ACE008F46073B3F5607F40F0D9800723F6
:100570002B60D5F8D000F6F3F1F18146002841D088
:1005800018F4805F0BD096F86F1096F8703006F173
:10059000710043EA0121F6F3BFF5814638B92169BC
:1005A00038460B2274F076D94FF00009BAE0427851
:1005B00005F16C0A063A92B2EA82837909F10801E0
:1005C00003F0030385F8CC305046F4F335F295F888
:1005D000CC20EB8A00926A8A2169019206F14F02CF
:1005E000029299F80620206802F004020392524613
:1005F00076F09EDD23682169D3F87C06324654F0FC
:1006000069DE70E0BAF1200F55D84FF48070F9F32D
:10061000ADF2834630B9216938460C2274F03AD9DC
:10062000D9467FE02020F9F3A1F2069050B9584650
:10063000F9F3AEF2384621690C2274F02BD9DDF8BB
:1006400018906FE04FF48170F9F390F2844680B90E
:100650005846CDF810C0F9F39BF20698F9F398F2DA
:10066000384621690C2274F015D9DDF810C0E14636
:1006700058E0069B05F16C020792414605F19C0289
:1006800001930290079B0998CDF810C0CDF800B0F7
:10069000F6F370F481465846F9F37AF20698F9F3C6
:1006A00077F2DDF810C06046F9F372F2A5F816A0F3
:1006B000B9F1000F05D1216938460C2274F0EAD84F
:1006C00030E0089A08F030031B110599009302F0FE
:1006D000400301914F36039320682169079A5346DE
:1006E000029676F025DD3846216908F00B020523D5
:1006F00074F014D928B108232B60384621690022F0
:1007000002E0216938460D2274F0C4D823692068BC
:10071000DB687921009304F118020623F4F704F84A
:100720004FF0010948460BB0BDE8F08FA988931C33
:1007300099427FF415AE0CE62DE9FF4790E81002D0
:100740008E7905460F46002E63D140F21440F9F32E
:100750000DF2804600285FD03851314640F21442F5
:10076000F4F3EEF1AB8AD9F8D02608EB030448F88D
:1007700003902B694FF0010AE360EB686261A360AC
:10078000AB6827616360E420C8F8006088F804A0C3
:10079000C4F8FC63F9F3EAF12062002841D0314645
:1007A000E422F4F3CDF1E820F9F3E0F160620028EF
:1007B00037D03146E822F4F3C3F1D4F82480E86856
:1007C000C8F8009019492246334605F06BDDC8F899
:1007D0006800002825D0E86815492246334605F010
:1007E00061DD6063E8B1E86812492246334605F0EE
:1007F00059DDC4F80404A0B1236A286A0193636A2E
:100800006946009702938DF80CA0F3F313F4304679
:1008100004E06FF0060001E04FF0FF3004B0BDE8E7
:10082000F0872846394672F099DBF5E7E1578800F2
:10083000E9588800C958880038B51D4690B103684A
:10084000848ACB5873B11C19114604F13000102270
:10085000F4F3F2F004F1400029462022BDE83840CC
:10086000F4F3EAB038BDD0F88404F0B503F15605CE
:10087000A83300EB430300EB8505B3F90A60AF68CA
:1008800090F8E940BE1B7618AE6026415E81B0F953
:100890005E31D0F86811CB1A9B18C0F8683123413B
:1008A000A0F85E31F0BD10B50A7AD0F884342AB3CE
:1008B00090F82922D1F808012AB190F860009042FE
:1008C00028BF024601E090F86020D1F818010478B2
:1008D00064B1007AD1F8081118B1C98D4A430021DA
:1008E00001E0CA8D012183F8291105E0012283F876
:1008F0002921D1F80821D28D0A3203E083F8292179
:100900004FF49B72C3F8242110BD2DE9F04F8BB03A
:10091000D0F884449A469DF85C30904608939DF840
:100920005420B4F8C63007920393189A94F8E9302B
:100930000F4609920593B4F8F020D4F8D81094F833
:100940001C3106469DF950B09DF85850049206910E
:10095000002B00F0AB81036893F8693123B13BF0C1
:100960004DDA002800F0A281336893F864312BB18E
:1009700094F86D3113B1002384F86D3194F8283167
:100980003BB1B068D4F8301105F008DC002384F8DE
:1009900028318E2130693CF069DA43004E334FF63E
:1009A000FE71194030693CF061DA94F858318146A3
:1009B000FF2B08D094F8E830012212FA03F300EA82
:1009C00003091FFA89F994F8AF30AB4213D0002322
:1009D00005F1320204EB8202E91A93604A4242EBCB
:1009E0000102323204EB820284F8AF50C4F8CC30FA
:1009F000C4F8C8309360BAF1000F00F05781079A2D
:100A0000C2B9022F40F35281C7EB0A01B4F9F220B8
:100A100009B204EB45039142A8BF0A46A3F8EA20B5
:100A2000D6F884345B79012B2AD9C8EB0B03A4F8E0
:100A3000EE3025E0049F04EB45023BB2B2F9EA70C8
:100A4000C7EB0A07FF1A022F03DD1C2FA8BF1C27C4
:100A500000E00327D6F884245279012A10D9B4F98A
:100A6000EE80C8EB0B08C3EB0808B8F1020F05DDF8
:100A7000B8F11C0FA8BF4FF01C0801E04FF00308AD
:100A8000D6F868329B792BB9089A1AB13046099981
:100A9000FFF709FF05F1320204EB8202936830464A
:100AA00001339360C4F8CC30D4F838315146013367
:100AB000C4F8383105F14E0304EB83035A68013260
:100AC0005A605A462B46FFF7CEFED4F8E030D4F8F1
:100AD000E420934203D9039B1BB2049307E0D4F8AC
:100AE000DC00013301210690C4F8E0300491059840
:100AF000012212FA00F3D4F8CC1099422DD3D5F18B
:100B0000010B38BF4FF0000B0BF1A80C04EB4C0CA1
:100B100004EB4500B0F85A01BCF80AC0C0EB0C0C5D
:100B20000FFA8CFC94F86C018CEAEC7AAAEBEC7A64
:100B30008245ACBF00210121844503910EDB94F86E
:100B4000E8000BFA00F1894509D005F13C0104EBFE
:100B5000810148688018486001E00392002205F195
:100B6000540B05F12C0004EB800004EB4B01B1F9B0
:100B70000AC0D0F808A0CCEB0A0C6744876005983F
:100B800007414F81D4F8C000B4F9B610059F411A4F
:100B90004144C4F8C0103941A4F8B61004EB8501F3
:100BA000D1F8D010B4F9C400994204EB4B01B1F96B
:100BB0000A1028BF84F8B150884244DBD4F8CC0036
:100BC000069FB8420CD9D5F1010194F8E82038BF4E
:100BD000002111FA02F291452FD005F13C0225E0E7
:100BE000039F4FB394F844713DB1B4F9B2C07FB2E2
:100BF000C1EB0C0107EBC10106E0B4F9B4C07FB250
:100C0000C1EB0C01C900C91B049FB1EBC70F13DB7B
:100C1000984211D3D5F1010194F8E82038BF0021A2
:100C200011FA02F2914508D005F13E0204EB82026E
:100C300051680131516000E02AB10120002D14BF3C
:100C40000321022106E0002D0CBF2846002014BF1E
:100C50000221032194F8AF2084F8492194F81D2142
:100C60005AB1D6F8682292793AB938B130690B4650
:100C7000009201923DF0C6D804E018B9D4F8CC2017
:100C80009A4213D294F81D3183B1D6F868329B7919
:100C900063B9012284F82821B068D4F83011D4F85F
:100CA00024210BB0BDE8F04F05F0529A0BB0BDE81F
:100CB000F08F2DE9FF41D0F88454064695F81C3199
:100CC0000C4695F8E970002B00F08180036993F8D9
:100CD0000A31002B7BD0036893F8693153B13BF0A4
:100CE0008DD8034630B9B068D5F83411142205F018
:100CF0002FDA6CE0336893F8643133B195F86D31D5
:100D00001BB1002385F86D3161E0D6F83C33022B2E
:100D10000AD0D5F8E020D5F8E4309A4294BF4FF0DD
:100D200000084FF0010801E04FF0000895F81D3170
:100D3000002B4CD0D6F868329B79002B47D1336A10
:100D40000DF10F0118695AF00BDD9DF80F3085F891
:100D5000AF30002B14BF03210221B8F1000F25D0C2
:100D600003F1020E05EB8E0E05EB4302DEF8B0C078
:100D7000B2F9B200C0EB0C00CEF8B000384103F17C
:100D80002C0EA2F8B20003F1540205EB8E0E05EB17
:100D90004202B2F9B200DEF8B0C0C0EB0C00783805
:100DA00050FA07F7CEF8B000A2F8B27085F84931D2
:100DB000002201238DE80C0030690B463DF022D85B
:100DC0009DF80F3054F82320013244F82320BDE869
:100DD000FF8110B5D0F8844494F81C3123B104F598
:100DE0008671FFF766FF002384F8283110BD70B5C7
:100DF000D0F88444054694F81C3103B3D4F8CC20D1
:100E0000D4F8C8309A4203D104F58A71FFF751FF34
:100E1000D4F8CC30C4F8C83094F81D317BB1D5F883
:100E200068329B795BB994F8292142B1A868D4F85B
:100E300034114FF4FA72BDE8704005F0899970BD25
:100E400038B5D0F884440546D4F83411806805F0EC
:100E5000A5D9D4F8CC20D4F8C8309A4204D1284679
:100E600004F58A71FFF725FFD4F8CC30C4F8C830F8
:100E700038BDD0F8843400224FF6A271C3F8B820F0
:100E8000C3F8BC20C3F8C020A3F8B220A3F8B42054
:100E9000A3F8B620C3F86021C3F86421C3F8682121
:100EA000A3F85A21A3F85C21A3F85E21A3F8EA1065
:100EB000A3F8EC10A3F8EE10C3F8CC20C3F8D020B0
:100EC000C3F8D420C3F83821C3F83C21C3F840212B
:100ED000C3F8E020C3F8F420C3F8F820C3F8FC20DE
:100EE000C3F80021C3F80421C3F80821C3F80C217A
:100EF000C3F81021C3F81421C3F8182183F829215D
:100F00007047D0F88434D3F8CC208A60D3F83821E5
:100F10008A6493F81D2112B193F8AF2001E093F891
:100F2000AC204A6093F81D210A6093F848214A6575
:100F30004A688A65D3F8D0200A64D3F8D4204A647A
:100F4000D3F83C21CA64D3F840210A65B3F9B22032
:100F5000CA60B3F9B4200A61B3F9B6204A61D3F884
:100F6000F4208A61D3F8F820CA61D3F8FC200A6221
:100F7000D3F800214A62D3F804218A62D3F8082109
:100F8000CA62D3F80C210A63D3F810214A63D3F85C
:100F900014218A63D3F81821CA63D3F84C21CA6597
:100FA000D3F85021D3F854310A664B667047F7B531
:100FB000D0F88444D4F84C518D4207D1D4F8505124
:100FC000954203D1D4F854219A423CD001F00F0548
:100FD000042D3AD8022D38D003F00302022A34D06F
:100FE0001F0907F00307022F2FD00A0902F00F0292
:100FF000042A2AD8022A28D09E0806F00306022EC8
:1010000023D09E0906F00306022E1ED0C4F85431E8
:10101000036AC4F84C111B68C4F85011022B04BFBA
:101020003E462A46042A14BF1146314684F8AD10C4
:10103000D0F88434012283F84611009201920069AD
:101040000B463CF0DFDE002001E06FF01C00FEBD2F
:1010500070470000004870479466010010B50C46C8
:10106000C1B1886808B1F8F393F5E06808B1F8F306
:101070008FF5D4F8D80008B1F8F38AF5D4F8E00079
:1010800008B1F8F385F520460021E422BDE81040C0
:10109000F3F356B510BD2DE9F74F0546D2F8D00051
:1010A000019114469846DDF830B0DDF83490DDF853
:1010B00038A0F5F353F428B1404659463022F4F3F2
:1010C00039F103E040465946F5F3E0F206460028C0
:1010D00000F0D880D4F8D000F5F340F428B14846A9
:1010E00051463022F4F326F103E048465146F5F329
:1010F000CDF20746002800F0C6802B6893F86231D5
:10110000002B4FD0D4F8D000EFF742FC002849D094
:10111000D5F86008FDF786FA10B3D5F868329B79E8
:101120002BB9D5F860080199FDF780FAC0B148469F
:101130005146F422F4F3FEF08146002800F0A2802C
:1011400040780230A4F8D400F8F310F5C4F8D800C1
:10115000002800F097804946B4F8D420F3F36CF4EB
:10116000D5F86008FDF75EFAE0B1D5F8600801999E
:10117000FDF75CFAB0B140465946F422F4F3DAF0D8
:10118000054600287ED040780230A4F8DC00F8F351
:10119000EDF4C4F8E000002874D02946B4F8DC204F
:1011A000F3F34AF4022323826382D4F8D000F5F3E8
:1011B000D5F310B1042323826382D4F8D000F5F371
:1011C000CDF350B106F10A0004F110010022F5F34D
:1011D000A7F4002856D0002513E073780A2B0FDD02
:1011E000D4F8D05006F10E00A5F10802554245EBA7
:1011F000020504F110012A46F5F3B6F608B941E0FC
:1012000005462046218A2A4676F088D8002839D01B
:10121000D4F8D000F5F3A2F330B1301D04F112017F
:101220000122F5F37DF413E07378092B11DD06F14B
:10123000080045B9F27A012A06D0A2F105035A4204
:1012400042EB030200E0012204F11201F5F38CF6F7
:10125000C0B178780230A080F8F388F4A06088B13B
:101260003946A288F3F3E8F370780230E080F8F3AF
:101270007DF40746E06030B13146E288F3F3DCF3F9
:10128000012700E007463846BDE8FE8F0132010322
:10129000323D00904C3300AAAA0300000088B4003D
:1012A0000100000001010000010050F201000050A7
:1012B000F20000409600000FAC00000FAC0600AA40
:1012C000AA03000000AAAA030000F8000FAC000562
:1012D0000400C9BF05F000CEBF00000001010000FE
:1012E00001011C7040002D02F0000A0128002801B5
:1012F0003801480158015501500150036666E2016A
:101300006666E3016666E4016666E5016666E60117
:101310006666E7016666E8016666E9016666EA01F7
:101320006666EB016666EC016666ED016666EE01D7
:10133000CDCCF0010A0005000800400608000500B9
:1013400008000800770008008A0008000100050076
:1013500001000A0001000500400610091E091F09CE
:10136000240925092609200921092709280929090D
:101370002209230930093109320912090F0900092C
:1013800001090609070908090209030909090A09E7
:101390000B09040905090C090D090E09110965025B
:1013A0003402840074005600650234020400040014
:1013B0000400030003000300030002000100010019
:1013C00000000000FFFFFFFFFFFFFFFFFFFFFFFF29
:1013D000FFFF0000372E39352E34392028323237BE
:1013E0003162623620435929007265636C61696D10
:1013F0002073656374696F6E2025733A205265749B
:1014000075726E656420256420627974657320743A
:101410006F2074686520686561700A004D656D6FA6
:1014200072792075736167653A0A000954657874AA
:101430003A20256C6428256C644B292C2044617467
:10144000613A20256C6428256C644B292C2042735A
:10145000733A20256C6428256C644B292C20537426
:1014600061636B3A2025644B0A00094172656E6125
:1014700020746F74616C3A2025642825644B292CF4
:1014800020467265653A2025642825644B292C2066
:10149000496E207573653A2025642825644B292CF4
:1014A0002048574D3A2025642825644B290A000915
:1014B000496E20757365202B206F766572686561B3
:1014C000643A2025642825644B292C204D6178201E
:1014D0006D656D6F727920696E207573653A202590
:1014E0006C6428256C644B290A00094D616C6C6F93
:1014F00063206661696C75726520636F756E743AFE
:101500002025640A0009537461636B20626F747450
:101510006F6D20686173206265656E206F766572FD
:101520007772697474656E0A0009537461636B2085
:10153000626F74746F6D3A20307825702C206C7750
:101540006D3A20307825702C20637572723A203005
:101550007825702C20746F703A20307825700A003E
:10156000094672656520737461636B3A2030782593
:101570007828256429206C776D3A203078257828E2
:101580002564290A0009496E7573652073746163C7
:101590006B3A2030782578282564292068776D3AC1
:1015A0002030782578282564290A0009496E20759D
:1015B000736520706F6F6C202564282564293A209C
:1015C00025642825644B292C20772F6F683A202525
:1015D000642825644B290A0009496E20757365202B
:1015E0002D20706F6F6C3A2025642825644B292CC0
:1015F00020772F6F683A2025642825644B290A003C
:1016000009506B74496420546F74616C3A202564EE
:101610002C20467265653A2025642C204661696C51
:1016200065643A2025640A006D77006D6400554EAC
:10163000494D504C3A2072613D25700A0054434197
:101640004D3A20256420757365643A202564206531
:1016500078636565643A25640A000A465749442060
:1016600030312D25780A666C6167732025780A0071
:101670000A54524150202578282578293A20706351
:101680002025782C206C722025782C207370202542
:10169000782C20637073722025782C2073707372FD
:1016A0002025780A00202072302025782C207231E5
:1016B0002025782C2072322025782C20723320258A
:1016C000782C2072342025782C2072352025782C17
:1016D0002072362025780A00202072372025782CA9
:1016E0002072382025782C2072392025782C207201
:1016F00031302025782C207231312025782C207231
:1017000031322025780A000A20202073702B3020E7
:101710002530387820253038782025303878202535
:101720003038780A00202073702B31302025303873
:1017300078202530387820253038782025303878C2
:101740000A0A0073702B257820253038780A006843
:101750006E6461726D5F61726D7220616464723A71
:1017600020307825782C206372345F6964783A20C1
:1017700025640A0062757373746174730053535760
:10178000553A207072696D6520646F6573206E6FC5
:101790007420686176652070203D2033206D6F6471
:1017A00020340000010000000001000020010000C2
:1017B000A1418000B9538000212C8000795780001E
:1017C0006D3D8000609D8800A09E8800549F880029
:1017D0008C9B8800409C8800FDFFFFFFD89A880002
:1017E000020000008001000030010000DD418000A7
:1017F000E5538000492C8000AD578000993D800062
:10180000749D8800C09E8800749F8800AC9B8800EF
:10181000609C8800FDFFFFFFF89A8800040000002C
:10182000FF00000020080000253E8000B15180002C
:10183000ED2B800035578000253D8000549D8800A9
:10184000809E8800349F88006C9B8800209C8800C4
:10185000066D0700B89A8800030000000902000026
:1018600044010000F941800001548000892C80006F
:10187000F5578000ED3D8000889D8800F09E88002F
:10188000A49F8800DC9B8800909C8800FDFFFFFFE0
:10189000289B8800706125643D307825257800708C
:1018A0006425643D30782525780070646825643DA2
:1018B00030782525780070646C25643D30782525C6
:1018C000780067637225643D3078252578002530DF
:1018D00032582530325825303258253032582D258F
:1018E000303258253032582D253032582530325874
:1018F0002D25303258253032582D2530325825309C
:10190000325825303258253032582530325825305B
:10191000325800556E646566696E65642065727242
:101920006F722025640000006001040005000103BF
:1019300064010400000027002401040004000000EA
:1019400028010400000000002C0104000000000039
:101950003001040000000000340104000A0470009B
:1019600034010400EFBED40034010400050000FF80
:101970003401040001FF02FF3001040018000000E0
:10198000340104000A04E00034010400EFBE480002
:1019900034010400050000FF3401040001FF02FFD0
:1019A0003401040000101801340104000203001087
:1019B0003401040018F1F2F334010400BBCC000040
:1019C0003001040038000000340104000000000071
:1019D0003001040058000000340104000000000041
:1019E0003001040038000000340104000F2000071B
:1019F0003401040000009400340104000000009051
:101A0000340104007475767734010400000000008E
:101A1000340104000000050034010400FFFFFFFF53
:101A20003001040068030000340104006E843300B8
:101A300034010400DCBA500034010400D40000ABCF
:101A400034010400BADABADA34010400001018F1E3
:101A500034010400F2F300103401040018F1F2F331
:101A600034010400100000003401040000000000F4
:101A70003401040000000A00340104000100000EDB
:101A8000340104004252434D340104005F54455375
:101A900034010400545F53533401040049440104E9
:101AA0003401040082848B96340104000301010692
:101AB000340104000200000030010400680000004E
:101AC000340104000A04280234010400DCBA800056
:101AD000340104000000FFFF34010400FFFFFFFF9A
:101AE00034010400001018F134010400F2F3001076
:101AF0003401040018F1F2F334010400D0AF000007
:101B00003401040000000000340104000000000162
:101B1000340104000200000E340104004252434D1F
:101B2000340104005F54455334010400545F53539F
:101B300034010400494401043401040082848B967A
:101B40003401040003010106340104000201000015
:101B50003001040068060000340104000A04280271
:101B600034010400DCBA8000340104000000FFFFEF
:101B700034010400FFFFFFFF34010400001018F1DE
:101B800034010400F2F300103401040018F1F2F300
:101B900034010400D0AF0000340104000000000054
:101BA0003401040000000001340104000200000EB2
:101BB000340104004252434D340104005F54455344
:101BC00034010400545F53533401040049440104B8
:101BD0003401040082848B96340104000301010661
:101BE00034010400020100000001040000000001B3
:101BF0009004020000000000A0040200F1F30000C5
:101C0000B0040200EFFD0000A8040200FFFF000086
:101C1000A804020000000000A2040200010000006D
:101C2000B2040200FBFF0000AA040200FFFF000054
:101C3000AA04020000000000A4040200CF1A000061
:101C4000AC04020000000000BC0402000000000020
:101C5000A6040200D7020000B6040200FFFD000047
:101C6000AE040200FFFF00000604020001000000B5
:101C700006040200000000000C040200180000002E
:101C8000060402000000000048040200000C0000EE
:101C9000020402002006000002050200000000000D
:101CA00000050200004000000205020004000000E0
:101CB00000050200004000000205020008000000CC
:101CC0000005020000400000020502000C000000B8
:101CD000000502000040000002050200C0000000F4
:101CE00080050200FFFF000082050200FFFF0000E8
:101CF00084050200FFFF000086050200FFFF0000D0
:101D000088050200FFFF00008A050200FFFF0000B7
:101D10008C050200FFFF00008E050200FFFF00009F
:101D200090050200FFFF000092050200FFFF000087
:101D300094050200FFFF000096050200FFFF00006F
:101D400098050200FFFF00009A050200FFFF000057
:101D50009E050200FFFF0000A0050200FFFF00003B
:101D60009C050200F0FF000040050200008000001A
:101D700020050200060F0000400502000080000060
:101D800040050200008100002005020000FF000065
:101D90002C05020001010000400502000081000046
:101DA0004005020000820000200502001E280000FD
:101DB0002C05020000000000400502000082000027
:101DC00040050200008300002005020029310000C8
:101DD000400502000083000040050200008400006E
:101DE00020050200323F0000400502000084000090
:101DF000400502000085000020050200404100006F
:101E000040050200008500001206020001000000EB
:101E10002E060200CDCC0000300602000C000000AF
:101E20000006020004800000960602000800000080
:101E30009A060200E400000088060200000000008C
:101E40009C0602000200000088060200001000004C
:101E50009C0602000200000088060200002000002C
:101E60009C0602000200000088060200003000000C
:101E70009C06020002000000880602000B0F000012
:101E80009E06020007000000100502000B00000083
:101E900050040200014E0000520402005B010000E9
:101EA000E40402009000000004040200B4000000FA
:101EB00054050200FFAF0000FE0402000000000015
:101EC0005E05020000100000600104000400010330
:101ED000640104000000000064010400B40000007C
:101EE000640104004700470064010400000064002E
:101EF0006401040030094000600104000D0001038A
:101F00006401040002000200640104000100C0003A
:101F10006401040005000000640104000000C0002A
:101F20006401040064006400640104000E004700C2
:101F300064010400000500006001040015000103B5
:101F40006401040040003C08640104000000070034
:101F5000640104000A000000600104001A0001038B
:101F60006401040000C00000600104001D000103C2
:101F70006401040010270000600104001F00010339
:101F80006401040000001C0C64010400060010271A
:101F90006001040025000103640104000000320018
:101FA00060010400280001036401040000004C0AE1
:101FB0006401040000003F0164010400FFFF00040D
:101FC0006401040046041E07640104000200EC09D9
:101FD000600104002E000103640104000000008081
:101FE0006001040092010103640104006404000024
:101FF0006401040000004000640104009607000032
:102000006001040097010103640104001A08000044
:1020100060010400BF010103640104000000050029
:1020200060010400080401036401040007020000C9
:1020300060010400100401036401040000000100B9
:10204000600104001C0C010064010200FFFF00009D
:10205000600104001D0C010064010200FFFF00008C
:10206000600104001A000103640104000000200C58
:102070006001040023000103640104000000A607BE
:10208000640104000000A20A6001040026000103AC
:10209000640104000A0E0B09640104000E02000032
:1020A0006001040032000103640104000000900B91
:1020B000640104000000A0046401040000007C0628
:1020C0006001040058000103640104004252434DC2
:1020D000640104005F54455364010400545F53538A
:1020E0006401040049440000600104006000010331
:1020F0006401040039000000640104005000000085
:1021000064010400C00000006001040070000103CD
:1021100064010400BE03BE0364010400BE03BE03E9
:1021200064010400BE03BE0364010400BE03BE03D9
:10213000640104000004EA0364010400D403BE0344
:10214000640104000B04F50364010400DF03C90308
:1021500064010400BE03BE0364010400BE03BE03A9
:1021600064010400BE03BE0364010400BE03BE0399
:10217000640104000004EA0364010400D403BE0304
:10218000640104000B04F50364010400DF03C903C8
:102190006401040016041604640104001604160405
:1021A00064010400220416046401040016042E04D1
:1021B00064010400160416046401040016041604E5
:1021C0006401040016041604640104003A041604B1
:1021D00064010400160416046401040016041604C5
:1021E00064010400220416046401040016042E0491
:1021F00064010400160416046401040016041604A5
:102200006401040016041604640104003A04160470
:102210006401040000001F0064010400FF031F00AC
:1022200064010400020000006401040002000000D8
:1022300060010400980001036401040000001F0015
:1022400064010400FF031F0064010400010000009A
:10225000640104000100000060010400A00001030B
:102260006401040000001F0064010400FF031F005C
:10227000640104000100000064010400010000008A
:1022800060010400A80001036401040000001F00B5
:1022900064010400FF031F0064010400010000004A
:1022A000640104000100000060010400C00001039B
:1022B00064010400372437246401040037243724E0
:1022C00060010400BA010103640104000100070277
:1022D0006401040007020703640104000700000012
:1022E00060010400DF010103640104002000CB0150
:1022F0006401040000005400640104000000AB0805
:102300006401040000001004640104008400020061
:10231000640104000000140064010400CF01020005
:10232000640104004400000064010400AF080200DE
:10233000640104001004640064010400020200004F
:10234000640104001000CA016401040002003C00A2
:10235000640104000000AA086401040002001004E3
:102360006401040054000208640104000000080035
:1023700064010400CE010000640104003400000088
:1023800064010400AE08000064010400100444006D
:1023900064010400020A0000640104000800C9018D
:1023A0006401040002003000640104000000A90878
:1023B0006401040002001004640104003C000210E7
:1023C000640104000000040064010400CD01000069
:1023D000640104002C00000064010400AD0800004A
:1023E00064010400100434006401040002120000BF
:1023F000640104000400C8016401040000002C0012
:10240000640104000000A808640104000000100436
:10241000640104003000021964010400000000009F
:1024200064010400CC010200640104002C000000DF
:1024300064010400AC0802006401040010043000D0
:1024400064010400021A000064010400C0000A04D0
:102450006401040070000000640104003A010A04F1
:102460006401040028022CC064010400F2020A0482
:102470006401040000000001640104006000140411
:102480006401040038000000640104000201140427
:102490006401040014012CC064010400DE01140472
:1024A000640104000000800064010400220037047D
:1024B000640104001500000064010400DF0037041B
:1024C0006401040065002CC0640104002E0137047F
:1024D0006401040000002F006401040011006E84F8
:1024E000640104000B00000064010400D4006E8449
:1024F0006401040033002CC064010400FC006E84FD
:1025000064010400000018006401040002008A9DB8
:1025100064010400FB00020864010400C54EFA00D7
:1025200064010400020A833464010400FE00021006
:10253000640104006227F900640104000212421AD7
:1025400064010400FD00021964010400B113F800E5
:1025500064010400021A811164010400FC00021CE1
:1025600064010400C10FFC00640104000000C10FFD
:1025700064010400FC00000064010400C10FFC00C1
:102580006001040050020103640104000000000027
:1025900064010400010071146401040004020000DD
:1025A0006001040054020103640104000100000002
:1025B00064010400010071146401040004020000BD
:1025C00060010400580201036401040002000000DD
:1025D000640104000100711464010400040200009D
:1025E000600104005C0201036401040003000000B8
:1025F000640104000100711464010400040200007D
:102600006001040060020103640104000000010095
:10261000600104006C02010364010400200000005A
:1026200060010400120401036401040000000C00B6
:10263000600104005005010364010400180000005B
:1026400064010400983A983A64010400A60E6400FC
:10265000640104000000F4016401040004000000AF
:1026600064010400C8AFA86164010400204E1E008C
:102670006401040000000300640104000300000082
:102680006401040050C30000600104005B05010305
:10269000640104000000140564010400E204000069
:1026A000600104005F05010364010400204E000086
:1026B0006401040000000F0064010400F401030041
:1026C00060010400650501036401040000001300BB
:1026D000640104000000030064010400010007001D
:1026E00064010400C8AF0000640104008813000006
:1026F000640104002C17DF40600104006C05010335
:102700006401040000002C01640104000000A00F1B
:10271000600104006F050103640104000000020071
:102720006401040000002C0164010400C0000000EA
:1027300064010400C044000064010400640000005F
:1027400064010400DC05401F640104000000460031
:102750006401040050005000640104000200000005
:1027600064010400F50A0000600104007A05010319
:10277000640104002010409C64010400204E00000D
:1027800064010400B80B0000600104007E05010331
:10279000640104000000204E6401040000000500F4
:1027A00064010400DC053F006401040071020000C4
:1027B0006401040030750000600104008605010317
:1027C00064010400C409A00F60010400890501032D
:1027D000640104000000D007600104008B050103C0
:1027E00064010400204E204E600104008E050103A8
:1027F00064010400200080406401040000000A001D
:1028000064010400E803E81C64010400384A000085
:1028100060010400930501036401040000006400EA
:10282000600104009F05010364010400020094029A
:1028300060010400A105010364010400E10000003F
:1028400060010400A4050103640104003075000068
:1028500060010400A705010364010400DC05000019
:1028600064010400581B000060010400AF0501036F
:102870006401040000000F0064010400C8000000AF
:1028800060010400B20501036401040000000200BD
:10289000640104000000640060010400BB05010342
:1028A00064010400A861701760010400C4050103FD
:1028B00064010400BE00000060010400380C010047
:1028C0006401020000000000600104000300020037
:1028D000640104001F000000600104000400020005
:1028E00064010400FF030000600104000500020011
:1028F000640104001F0000006001040006000200E3
:1029000064010400070000006001040007000200E9
:1029100064010400040000006001040008000200DB
:1029200064010400FFFF00006001040009000200D0
:102930006401040000000000600104000A000200BD
:102940006401040000000000600104000B000200AC
:102950006401040000000000600104000C0002009B
:102960006401040000000000600104000D0002008A
:102970006401040000000000600104000E00020079
:102980006401040000000000600104000F00020068
:102990006401040000000000600104001000020057
:1029A000640104001F000000600104001100020027
:1029B0006401040000000000600104001200020035
:1029C0006401040000000000600104001300020024
:1029D0006401040000000000600104001500020012
:1029E0006401040000000000600104001600020001
:1029F0006401040000000000FFFF00000000000070
:102A000086060200D0090000800602003E3E00005B
:102A1000820602003E020000000702003C000000A7
:102A2000840602001202000060010400030001009D
:102A300064010200C0000000600104000300010006
:102A4000660102000A0000006001040004000100A9
:102A5000640102001400000060010400070001008E
:102A600064010200830100006001040025000100F0
:102A700064010200F401000060010400C5050100CA
:102A8000660102002B04000060010400C60501007D
:102A9000640102000001000060010400E101010086
:102AA000640102003C00000060010400E601010036
:102AB000660102003400000060010400EC01010026
:102AC000640102003000000060010400F101010017
:102AD000660102002C00000060010400F701010003
:102AE000640102002C00000060010400FC010100F0
:102AF00066010200280000006001040002020100DB
:102B000064010200280000006001040007020100C7
:102B10006601020028000000FFFF00000000000026
:102B2000ED9F8000C1AD8000DDAE8000F9AB80007C
:102B3000B5B0800065AF8000C9B08000DDB0800016
:102B400071AD800085AD800009AC800005B18000CA
:102B5000FDAA8000A1B0800065AE800035AA80008B
:102B600081A18000C5A1800031A880008DA88000CF
:102B700019A8800079AF8000B1A68000ADAB8000BD
:102B80008DAB8000E5AB80008DA380007DAB800025
:102B900079A28000F5A3800045A7800045A08000B1
:102BA00039A1800065A3800039A0800055A0800075
:102BB0002D9F8000399F8000000000000000000071
:102BC0000000000075A3800061A8800039A8800083
:102BD00071A2800095A78000219F8000199F80002E
:102BE000B9A0800085A08000E59E8000280000003C
:102BF0000F000000040100000807000000070700A4
:102C000000070400000004040000040000000001AC
:102C100001000000000000000303000000000000AD
:102C20000000000000000000B108000000000000EB
:102C30000404040404010400E20400080A00000083
:102C40006A100000000000000000000031060000D3
:102C5000DDC88D000404040404010400E20400083B
:102C60000A0000006A1000000000000000000000E0
:102C7000310400008C2EBA00040404040401040092
:102C8000E20400080A0000006A10000000000000D2
:102C900018180000000000000006060000000000F8
:102CA0000000000000000000311900000000A0003A
:102CB0000C0C0C0C0A030400E20400080A000000DB
:102CC0006A1000000000000000000000B1120000C7
:102CD000277662000C0C0C0C0A030400E2040008C6
:102CE0000A0000006A100000000000000000000060
:102CF000B10C00001443FD000C0C0C0C0A03040082
:102D0000E20400080A0000006A100000E02E010141
:102D10000150000000000000C8320201014900001B
:102D2000899DD8004038030101420000AAAAAA00E8
:102D3000003C0401013E000000008000483F050106
:102D4000013B0000D05E4200A041060101390000B5
:102D500049922400004B07010132000000000000EE
:102D6000584D080101300000071F7C00204E09016A
:102D70000130000000000000C05D0A0101280000D1
:102D800000000000A8610B010126000066666600D5
:102D900090650C0101240000C44EEC0030750D015B
:102DA000012000000000000040830E01011C000013
:102DB0002449920018920F0201330000F93E560098
:102DC000009610020132000000000000409C110239
:102DD000013000000000000080BB1202012800004A
:102DE0000000000020CB130201240000C44EEC00C0
:102DF000000000000000000000000000626F61722F
:102E000064666C616773330073707572636F6E66AE
:102E1000696700000000000000000000B119000018
:102E2000ABAA0A000B0C0C0C0A030400E204000815
:102E30000A0000006A10000000000000000000000E
:102E4000B1120000143BB1000B0C0C0C0A0304007F
:102E5000E20400080A0000006A1000000000000000
:102E600000000000310D00007A0534000B0C0C0C42
:102E70000A030400E20400080A0000006A100000CF
:102E80000000000012100000000000000000000020
:102E900000000000B1190000000040000C0C0C0CF8
:102EA0000A030400E20400080A0000006A1000009F
:102EB0000000000000000000B1120000FF88D800F0
:102EC0000C0C0C0C0A030400E20400080A000000C9
:102ED0006A1000000000000000000000B10D0000BA
:102EE000F0FF4E000C0C0C0C0A030400E204000876
:102EF0000A0000006A10000006000000BC0100008B
:102F0000C542000031420000894500007800000001
:102F100001000000394000003F4000004140000037
:102F20008000000068000000FB440000F74400003F
:102F3000D144000067E6096A85AE67BB72F36E3C58
:102F40003AF54FA57F520E518C68059BABD9831F74
:102F500019CDE05B982F8A4291443771CFFBC0B501
:102F6000A5DBB5E95BC25639F111F159A4823F9254
:102F7000D55E1CAB98AA07D8015B8312BE853124AD
:102F8000C37D0C55745DBE72FEB1DE80A706DC9B6E
:102F900074F19BC1C1699BE48647BEEFC69DC10F1A
:102FA000CCA10C246F2CE92DAA84744ADCA9B05C56
:102FB000DA88F97652513E986DC631A8C82703B019
:102FC000C77F59BFF30BE0C64791A7D55163CA0627
:102FD00067292914850AB72738211B2EFC6D2C4D33
:102FE000130D385354730A65BB0A6A762EC9C28121
:102FF000852C7292A1E8BFA24B661AA8708B4BC2B7
:10300000A3516CC719E892D1240699D685350EF4E0
:1030100070A06A1016C1A419086C371E4C77482797
:10302000B5BCB034B30C1C394AAAD84E4FCA9C5B0D
:10303000F36F2E68EE828F746F63A5781478C8845E
:103040000802C78CFAFFBE90EB6C50A4F7A3F9BE40
:10305000F27871C60123456789ABCDEFFEDCBA98E3
:1030600076543210F0E1D2C3142030401C20107787
:103070006C2564002530347800776C25643A20256F
:10308000732025732076657273696F6E2025732017
:10309000465749442030312D25780A004E6F76205E
:1030A000323920323032310032323A34393A303922
:1030B00000617020007374612000776D6520003816
:1030C00030322E31316420003830322E31316820D8
:1030D00000726D20006361632000616D7064752073
:1030E00000616D7064755F74782000616D70647547
:1030F0005F72782000616D73647572782000616D75
:1031000073647574782000726164696F5F707772A0
:1031100073617665200070327020006D6368616EA7
:103120002000646672747320007478707772636133
:103130006368652000737462632D74782000737473
:1031400062632D72782D3173732000776E6D2000CD
:103150006273737472616E7320006D667020007309
:10316000616520006964617574682000746B6F206C
:1031700000776C63006770696F6F75740000000002
:10318000E156010002000080080000003D6F890048
:10319000E20000000100000000000000000000004C
:1031A00000000000020000000000313164003131F5
:1031B0006800313175005458204D435320203A00A7
:1031C00020202564282564252529000A2020202088
:1031D000202020203A000000A187890007008000FD
:1031E00001000000000000000000000000000000DE
:1031F0005258204D435320203A0061707073006193
:103200005F77706100615F777061690025733A20B4
:10321000686F73745F656E61622025640A00627373
:103220007363666700627463006274635F646F73E4
:103230005F73746174757300955701000E00000090
:103240000700000000000000000000000000000077
:10325000636D005F5F004B5200000000BC5801002E
:10326000E0ED88000000000000000000B058010000
:1032700000000000AA580100A4580100000000004E
:1032800000000000805801002C59010088580100FE
:103290007FB20000000000000000000000000000FD
:1032A000000000000000000000000000000000001E
:1032B0000000000000000000000000009058010025
:1032C00000000000000000000000000000000000FE
:1032D00000000000000000000000000000000000EE
:1032E00000000000000000000000000000000000DE
:1032F00000000000000000000000000000000000CE
:1033000000000000000000000000000000000000BD
:103310000000000001000000B158010000000000A2
:1033200000000000323032312D31312D323920325F
:10333000323A34323A3434000000FF00000000001A
:10334000FF00000000236E000000FFFFF0000000FF
:103350000000000000000000434C4D204441544157
:1033600000000C000200392E31302E3339000000ED
:1033700000000000000000000000312E32392E3421
:1033800000000000C4580100C8570100436C6D499B
:103390006D706F72743A20312E33362E3300000078
:1033A0000000000000000000000042726F616463D2
:1033B0006F6D2D302E300000000000000000000076
:1033C0000000000000000000636E747279006475F4
:1033D0006D705F696E666F001385890000000040A4
:1033E00008000000000000000000000000000000D5
:1033F0006576656E7471006662740000115A010092
:1034000016000000775A0100180000008F5A0100D2
:103410001B000000275A01001C0000009CEF8800E0
:103420000E000000DA59010033000000DA590100F3
:1034300033000000435A010034000000435A0100E9
:1034400034000000435A0100340000009BEF880064
:1034500001000000D05901000A0000009AEF880026
:103460000100000003103036373839F4FFDD000169
:103470000203040607080920252829232A32300BD5
:103480000C424746333F4043363A3C3B2D3D484A89
:103490007F596145626B6C6F70BFC0C3C4C744F491
:1034A000DD69656D000001322124302E46363B2D4A
:1034B000487F595E6BBFC74485F4DD01320C35414E
:1034C00046303637393A382D3D484A7F5A5F58647E
:1034D0006EBFC0C744F4DD000102030406050708FF
:1034E0000920252829232A32300B0C2E333F404354
:1034F000424746363A3C3B2D3D484A7F5659456B3C
:103500006C6F70BFC0C3C4C744F4DD01320C3541D9
:103510004636373A382D3D484A7F5A5F6EBFC0C79E
:1035200044F4DD0001322124302E463637393B2D5C
:10353000487F595E57636BBFC744859CF4DD69655E
:1035400072006C71004449524543542D00706879F3
:103550000000A40400400000A40400800080D00407
:1035600020000000A404FF010000A40400040004E3
:10357000A504FF032C01A50400E000A0A504001C85
:1035800000000D04FF0340000D0400700040A20481
:10359000FF034000A20400700040A804FF000100E7
:1035A000D004C07F00000C05FF010000A6040080CD
:1035B0000080A604FF01FF009A04FF01FF00F40948
:1035C00000800080F40900380020F409FF03370070
:1035D0009904FF0378009F0400C000409F04FF038C
:1035E0009001D70408000800D70400700020AC093F
:1035F0003C001400F80904000400706B745F6669F5
:103600006C746572000000000C000000FFFFFFFFFB
:10361000FFFFFFFFFFFFFFFF70726F745F670070B7
:10362000726F745F6E000000EC5B01000700000029
:1036300007000000FD5B0100060000000100000023
:103640000000000000000000000000005341452081
:103650004861736820746F20456C656D656E7420D9
:103660007531205031005341452048617368207402
:103670006F20456C656D656E742075322050320088
:103680007361655F6D61785F7077655F6C6F6F7098
:10369000007361655F7077655F686E705F656E610E
:1036A000626C6500405C010027000000070000001C
:1036B000585C010028000000070000006E5C01005B
:1036C00026000000070000000000000000000000CD
:1036D000000000007374665F74656D705F6D696EE5
:1036E0005F647574795F6379636C65007374665F9A
:1036F00074656D705F6D6F6E69746F725F74696D04
:1037000065007374665F74656D705F74687265736D
:103710006800696473757000747063007478630086
:1037200077617069000000000000000000000000E8
:1037300000000000600A00008038010073647063BC
:103740006D6465760000000000000000005D01006F
:103750000000000000000000000000000000000069
:103760000000000000000000C5DF800045F680007A
:1037700059F68000C9DF8000BDDF800089DF80004E
:1037800051DD80000000000055F6800000000000C0
:1037900000000000C57C0100A17C01008B7C0100C1
:1037A000E1F6800000000000A5F68000F9F6800038
:1037B000C1F68000EDF6800000000000000000006F
:1037C0000000000015880100698801000000000069
:1037D00011880100258C0100F5890100598901003B
:1037E00000000000000000000000000000000000D9
:1037F00000000000C5890100000000001D1E1C0B18
:1038000080BA8C0100C20100F200000081000000BB
:1038100010000000C0AD3A0200C20100EC00000040
:103820008100000022000000776C00000000000012
:103830000000000000000000C05D0100000000006A
:103840000000000000000000000000000000000078
:103850000000000035E201001D8E8100E989810031
:10386000298F810000000000B58C8100000000005D
:10387000FD8D81000000000000000000000000003D
:103880000000000001000300030006000000030028
:10389000030003000E000D000E000E000E000200DB
:1038A00009000C000A0008000D00010009000C00CE
:1038B0000A0008000D00010009000C000A000800C1
:1038C0000D00010009000C000A0008000D000100B5
:1038D0000A000D000B0009000E0002000A000D0096
:1038E0000B0009000E0002000900390016000E004E
:1038F0000E0005000900390016000E000E0005003C
:103900000A000D000B0009000E0004000A000D0063
:103910000B0009000E0002000A000D000B00090058
:103920000E0002001400BF00C000150011000500C9
:103930001400BF00C0001500110005001400BF00F6
:10394000C0001500110005001400BF00C0001500E4
:10395000110005001400BF00C00015001100050093
:103960000900390016000E000E000500090039009C
:1039700016000E000E0005001400BF00C000150068
:10398000110005000900390016000E000E000500A8
:103990000900390016000E000E0005009600DE003A
:1039A000DF001500110005001400BF00C000150065
:1039B000110005000900390016000E000E00050078
:1039C0000900390016000E000E0005000900610014
:1039D00016000E000E0005000900390016000E004A
:1039E0000E0005000C00B6001900110011000800BF
:1039F0000900390016000E000E0005000900B6008F
:103A000019001100110008000900B600190011008A
:103A1000110008000900B60019001100110008008B
:103A20000900390016000E000E0005000900B6005E
:103A300019001100110008000800370016000E00E0
:103A40000E0005000900B600190011001100080061
:103A50000000000000000000000000000000000066
:103A60000000000000000000000000000000000056
:103A70000000000000000000000000000000000046
:103A80000000000000000000000000000000000036
:103A90000000000000000000000000000000000026
:103AA0000000000000000000000000000000000016
:103AB0000000000000000000000000000000000006
:103AC00000000000000000000000000000000000F6
:103AD00000000000000000000000000000000000E6
:103AE00000000000000000000000000000000000D6
:103AF00000000000000000000000000000000000C6
:103B000000000000000000000000000000000000B5
:103B100000000000000000000000000000000000A5
:103B20000000000000000000000000000000000095
:103B30000000000000000000000000000000000085
:103B40000000000000000000000000000000000075
:103B50000000000000000000000000000000000065
:103B60000000000000000000000000000000000055
:103B70000000000000000000000000000000000045
:103B80000000000000000000000000000000000035
:103B90000000000000000000000000000000000025
:103BA0000000000000000000000000000000000015
:103BB0000000000000000000000000000000000005
:103BC00000000000000000000000000000000000F5
:103BD00000000000000000000000000000000000E5
:103BE00000000000000000000000000000000000D5
:103BF00000000000000000000000000000000000C5
:103C000000000000000000000000000000000000B4
:103C100000000000000000000000000000000000A4
:103C20000000000000000000000000000000000094
:103C30000000000000000000000000000000000084
:103C40000000000000000000000000000000000074
:103C50000000000000000000000000000000000064
:103C60000000000000000000000000000000000054
:103C70000000000000000000000000000000000044
:103C80000000000000000000000000000000000034
:103C90000000000000000000000000000000000024
:103CA0000000000000000000000000000000000014
:103CB0000000000000000000000000000000000004
:103CC00000000000000000000000000000000000F4
:103CD00000000000000000000000000000000000E4
:103CE00000000000000000000000000000000000D4
:103CF00000000000000000000000000000000000C4
:103D000000000000000000000000000000000000B3
:103D100000000000000000000000000000000000A3
:103D20000000000000000000000000000000000093
:103D30000000000000000000000000000000000083
:103D40000000000000000000000000000000000073
:103D50000000000000000000000000000000000063
:103D60000000000000000000000000000000000053
:103D70000000000000000000000000000000000043
:103D80000000000000000000000000000000000033
:103D90000000000000000000000000000000000023
:103DA0000000000000000000000000000000000013
:103DB0000000000000000000000000000000000003
:103DC00000000000000000000000000000000000F3
:103DD00000000000000000000000000000000000E3
:103DE00000000000000000000000000000000000D3
:103DF00000000000000000000000000000000000C3
:103E000000000000000000000000000000000000B2
:103E100000000000000000000000000000000000A2
:103E20000000000000000000000000000000000092
:103E30000000000000000000000000000000000082
:103E40000000000000000000000000000000000072
:103E50000000000000000000000000000000000062
:103E60000000000000000000000000000000000052
:103E70000000000000000000000000000000000042
:103E80000000000000000000000000000000000032
:103E90000000000000000000000000000000000022
:103EA0000000000000000000000000000000000012
:103EB0000000000000000000000000000000000002
:103EC00000000000000000000000000000000000F2
:103ED00000000000000000000000000000000000E2
:103EE00000000000000000000000000000000000D2
:103EF00000000000000000000000000000000000C2
:103F000000000000000000000000000000000000B1
:103F100000000000000000000000000000000000A1
:103F20000000000000000000000000000000000091
:103F30000000000000000000000000000000000081
:103F40000000000000000000000000000000000071
:103F50000000000000000000000000000000000061
:103F60000000000000000000000000000000000051
:103F70000000000000000000000000000000000041
:103F80000000000000000000000000000000000031
:103F90000000000000000000000000000000000021
:103FA0000000000000000000000000000000000011
:103FB0000000000000000000000000000000000001
:103FC00000000000000000000000000000000000F1
:103FD00000000000000000000000000000000000E1
:103FE00000000000000000000000000000000000D1
:103FF00000000000000000000000000000000000C1
:1040000000000000000000000000000000000000B0
:1040100000000000000000000000000000000000A0
:104020000000000000000000000000000000000090
:104030000000000000000000000000000000000080
:104040000000000000000000000000000000000070
:104050000000000000000000000000000000000060
:104060000000000000000000000000000000000050
:104070000000000000000000000000000000000040
:104080000000000000000000000000000000000030
:104090000000000000000000000000000000000020
:1040A0000000000000000000000000000000000010
:1040B0000000000000000000000000000000000000
:1040C00000000000000000000000000000000000F0
:1040D00000000000000000000000000000000000E0
:1040E00000000000000000000000000000000000D0
:1040F00000000000000000000000000000000000C0
:1041000000000000000000000000000000000000AF
:10411000000000000000000000000000000000009F
:10412000000000000000000000000000000000008F
:104130002DE9F84305468846FBF33EF20021284668
:10414000FBF382F3044628466E69AF69F3F3F0F39C
:104150000A2E814616D90F2E16D02846FAF31EF5E0
:10416000142E054603D9A36823F00803A360A368AF
:10417000142E43F00103A36014D9A36843F008038D
:10418000A3600FE0022E0FD92846FAF375F5D4F894
:10419000A430054623F0FF0343F00203C4F8A43023
:1041A000022303E0012301E0104D3023A268D2076F
:1041B00007D407F01802082A0CBFB5FBF3F54FF43B
:1041C000E11507F0030700260BE004F54073B8F192
:1041D000000F05D03002181849462A460023C04770
:1041E0000136BE42F1DBBDE8F88300BF00C63E05E4
:1041F0002DE9F8431646984604460D46FAF374F541
:10420000002107462046FBF31FF300228146134698
:10421000134988184068B0B90C225343CA18CE50CD
:104220005560C2F808802046FBF3C6F1D9F8243067
:104230000C4D1E432E602046FBF3BEF12B6801257A
:10424000C9F8243004E001330C32052BE0D10025FD
:1042500020463946FBF3F8F22846BDE8F88300BF54
:10426000BC5F0100E403000038B5124C0021482275
:104270002046F0F365F4104A012384E80C00002581
:104280000E491F2204F10C00F0F332F584F82B5094
:10429000F5F31CF34FF40023A3634FF40003E3632F
:1042A000074B20632364074B6563DB696564A36088
:1042B00038BD00BF18600100444542474039010045
:1042C0001C2B0900706001004369142B01DDFAF317
:1042D00017B57047436910B50A2B04460ADD064935
:1042E00001220346FFF784FF20460121BDE810406C
:1042F00007F096BA10BD00BF89160000C36910B55B
:10430000590704460CD5074B00221968FBF3B4F09B
:104310000549204610222346BDE81040FFF768BF3C
:1043200010BD00BF2C040000FDB18000134B13B57D
:104330001360134601E0114C1C600433ADF17C04A2
:10434000A342F8D3C41C24F003040D4B091B0D48F1
:104350001960002303600C48083903600B4884E8A7
:104360000A0003600A4802600A4802F5005202602F
:10437000094A1360EAF7C6FE44601CBD4B41545322
:10438000F40300001404000048040000046001006D
:104390006860010010600100F003000008B5002112
:1043A0001420EAF7BDFE054B002118601422F0F33B
:1043B000C7F3BDE80840F5F301B100BF30040000C9
:1043C0002DE9F0474D1C2946824605F0A1FB134C10
:1043D000206000B34FEA850948460021EAF7A0FEB5
:1043E0000F4F804638600F4E68B14A460021F0F307
:1043F000A7F320680021F0F33FF73B6800221A6022
:104400003560BDE8F0875046216805F0D5FBC6F859
:104410000080C4F80080BDE8F08700BFF80300000A
:10442000E803000004040000F0B5184F85B00F2128
:10443000386805F0C3FA0F2803903E4624D1842043
:104440000021EAF76DFE124C2060D0B100218422D9
:10445000F0F376F30025012304AA42F8043D009509
:104460000195386821684FF4F06305F0D5FA013002
:10447000206803D03221ECF751FA05E0EAF7D8FEC4
:104480002560306805F0B8FA05B0F0BD2C040000D6
:1044900044040000B1F5E06F73B504460E461546BE
:1044A00006D103690091002101911E680A460CE0C3
:1044B0000D4B00221868FBF3B9F1014680B1236966
:1044C0000022009601921E6820462B46B04738B164
:1044D000064BA0611A68656122621C60002001E041
:1044E0004FF0FF307CBD00BF00040000F85F01000A
:1044F0002DE9F84310200C46002191469846EAF732
:104500000FFE054620B3144E3068FAF3EDF3099B15
:10451000074623B9306821464A46FBF387F13068E5
:10452000FAF35CF501238340089AEB60AA600B4A1A
:10453000C5F8048011681560094A2960116830685F
:104540000B4313603946FBF37FF10020BDE8F8838D
:104550006FF01A00BDE8F883000400003C0400007E
:104560001004000013B500210446FBF36DF1174B56
:104570001860174B00F5706018606369222B12DD1C
:10458000E36958060FD540F6270100222046FAF3CA
:1045900011F501462046FBF357F10E4B0021186040
:1045A0002046FBF351F100204FF4006102460A4B14
:1045B00000900190FFF79CFF28B1012002B0BDE8F8
:1045C0001040F4F377B602B010BD00BF2404000021
:1045D0009460010034040000E9B1800073B5374BEA
:1045E000374C0193374B0021202220461D68266955
:1045F000F0F3A6F201232360334B26611B68E361CD
:1046000045F8044C00F048FCADF5FE513C390A4633
:104610002E48FFF78BFEF4F33DF3F4F3A5F700F01B
:1046200073F8FFF721FE002006F0D4FD284D294C39
:10463000286007F00FFA2060FFF794FFFFF7AEFE47
:10464000206800F029FB206806F0E8FD224B206876
:104650001A6802F580321A60204B1A6802F580321F
:104660001A601F4B1A6802F580321A6000F0C0F819
:1046700000221C481C49F5F3E7F002221B481C49A4
:10468000F5F3E2F000221B481B49F5F3DDF00022B0
:104690001A491B48F5F3D8F02068FFF715FE20688B
:1046A000FFF718FE2068FFF729FE286840F28F11F7
:1046B000FFF786FEFFF7B8FE20687CBDADDEADDEFD
:1046C00070600100945C0100906001008C6A03003E
:1046D0002C04000000040000F40300001404000097
:1046E000046001008DDA89008919000013858900B2
:1046F00041B48000943B010091B680001DB280005F
:10470000973B01007047000070B5174D2C682CBB1B
:10471000B0202146EAF704FD286010B32146B022FC
:10472000F0F30EF24FF4806021462E68EAF7F8FCB1
:10473000B060286886681EB9EAF77AFD2E600DE041
:104740004FF48062C26021463046F0F3F9F12B68E5
:10475000064A20461360064A536170BD4FF0FF3091
:1047600070BD4FF0FF3070BDA86001005004000024
:104770007060010070B5184C0546236833B9174EB8
:1047800033680BB9FFF7C0FF33682360206808B3B4
:1047900000230360C0F89C304360012380F8A430FC
:1047A0006B6C0E3B012B03D928460D49FFF7C0FC6B
:1047B0000C4B9A6812B12268C2F89C302068012321
:1047C000C0F89C30F5F31EF0074808492268F5F35D
:1047D0003BF0206870BD00BF50040000A8600100DD
:1047E000716C010098600100242B870011BE8000CD
:1047F00010B50023044610220A49FFF7F9FC0021F6
:104800002046FAF365F7002220464FF4A051EDF759
:104810006DFF054B002220469A60BDE81040FFF76F
:10482000A9BF00BFE5BC80009860010038B5044610
:104830000D4651B11020F5F39FF1044B186020B1E3
:1048400080E830004FF4F063836038BDAC60010055
:10485000134B02461B68006810B500F47041DC1E63
:10486000090B042C08D800F47060000A0E300123F4
:1048700013FA00F0484310BD072B0CD8002010BDE0
:1048800043F480741461146C013304F07F04013428
:104890006403001901E0002318468B42F0D110BDDB
:1048A0005014000003684068181823F00703083309
:1048B00098428CBF0020012070470000044B054A3D
:1048C000186890421ABF00F108021A600020704771
:1048D000A05C0100001000002DE9F34190E84800C1
:1048E00023F00704083413F0070202D19D19AC42EB
:1048F0004AD035468068002203E0875C0DF80270DC
:104900000132B242F9D19E18A64204D900293DD005
:10491000361B951B00E0002623F00707C7EB030CAE
:10492000002204E012F8078000F80280013262459C
:10493000F8D18218002003E01DF8007017540130F0
:10494000A842F9D15B195219E71A002004E013F8C4
:1049500000C002F800C00130B842F8D1002E18DDC6
:1049600000AB5D190023EA5CCA540133B342FAD1AB
:10497000C918E4180022C3F1080302E0A05C8854BF
:1049800001329A42FAD104E0104603E04FF0FF30C2
:1049900000E00020BDE8FC812DE9F0471C4B1D4CD8
:1049A0000026C4EB03081C4B4FEAA80803FB08F8D9
:1049B000474629E02368D4F808A023F0070900251A
:1049C0001AF8052015F809309A4202D00120F4F3B4
:1049D00071F40135082DF3D12046FFF763FF88B944
:1049E0000E4B054603EBC70A013705EB09031AF81E
:1049F00005201B7A9A4202D00120F4F35BF40135C2
:104A0000082DF2D101360C344645D3DBBDE8F087E2
:104A10009013000000100000ABAAAAAA0008000032
:104A2000144B2DE9F0471B68134D9B68134F03F09F
:104A30000F097F1B0123124A03FA09F9BB1002FB7D
:104A400003F80026444606E02846FFF72BFF00B98E
:104A5000013401360C354645F6DB2246BB104FF0DB
:104A6000553404FB032307484946BDE8F047F0F3FB
:104A70008DB000BF4C140000001000009013000027
:104A8000ABAAAAAAA93B010041F4003138B54263A0
:104A900004460163652502E00A20F4F355F5236B13
:104AA000002B01DB013DF7D138BD836A43F00043A1
:104AB00083627047836A23F0004383627047F8B5CE
:104AC0008668054601240F4606F00F06FFF7F2FF41
:104AD00014FA06F6AC62EF62002405E0A1B22846A3
:104AE0000022FFF7D1FF0134B442F7DBF8BD00002C
:104AF0002DE9F041FFF7E2FE194E1A4BDFF8708006
:104B0000194FF61A194BC8EB0707002814BF0546C2
:104B10001D4604465D1BFFF783FF47B10021404659
:104B20003A46F0F30DF040463946F4F383F146B1CE
:104B300000210C483246F0F303F00A483146F4F302
:104B400079F155B1002120462A46EFF3F9F72046C6
:104B50002946BDE8F041F4F36DB1BDE8F08100BF36
:104B6000901300000010000000080000001000007A
:104B7000C5040000424B2DE9F74F1D684149284606
:104B8000FFF79DFF404A414BA968D31A404A9B104A
:104B90005A43019271D0012001F00F0110FA01F186
:104BA0008A4201DDF4F386F32846FFF751FE394BC4
:104BB000A0F1040B1A6899460E2A01D8861000E06D
:104BC00001264FF00008314C4CE06368013B072B95
:104BD00001D8A36813B90120F4F36CF32046FFF762
:104BE00061FE38B9FFF76AFE074620B90120F4F3E9
:104BF00061F300E0002720463946FFF76DFE10B153
:104C00000120F4F357F3DFF87CA0A1682268D9F8FB
:104C10000030CAEB010122F00702C9100E2B96BF2B
:104C200002EA0B02324346EA920289B22846FFF7B3
:104C30002BFFA7B12268D9F8003022F00702CAEB97
:104C400007010832C9100E2B98BF02EA0B0289B285
:104C50008CBF324346EA92022846FFF715FF08F15F
:104C600001080C34019B9845AFDB2846FFF71DFF78
:104C700003B0BDE8F04FFFF78FBE03B0BDE8F08F83
:104C80004C14000000080000901300000010000009
:104C9000ABAAAAAA501400002DE9F7430446FAF380
:104CA0008BF4204600F008FA6B48EAF71DF920461D
:104CB000F2F334F600F578704FF47A730730674FEB
:104CC000B0FBF3F038602046F2F328F6644B654AF7
:104CD000C3186169B3FBF2F3634A22291360634E80
:104CE000634D04DDE369580601D5336800E02B68A5
:104CF00003F5C2630433D3F800E030682B6822293F
:104D000005DDE269520602D500F5C26201E003F555
:104D1000C262043212689645F1D0222905DDE269AB
:104D2000520602D500F5C26301E003F5C263043305
:104D3000D3F80080EAF7B8F83168814660692A68DC
:104D40001025222805DDE3695B0602D501F5C26363
:104D500001E002F5C26304331B689845F1D02228B4
:104D600005DDE3695E0602D501F5C26301E002F5E7
:104D7000C2630433013DD3F80080E2D1EAF794F82E
:104D80003A68C9EB0006B2FA82F39A40191FB2FBE7
:104D9000F6F2384B01321A604FF47A73A2FB032308
:104DA0003548CA400160C1F1200113FA01F08018B2
:104DB000ECF742FB396804230FE0B5FA85F2B6FA46
:104DC00086F0013A8242A8BF0246964095409B1861
:104DD000B6FBF1F201FB1266551915F0404FECD00D
:104DE000264A1360264B40F2FF321D60236A002BD7
:104DF000244BC8BF6FF07F421A606369222B0CDD21
:104E0000E369580609D5002040F6270102461E4BEB
:104E100000900190FFF76CFB05E020461A49202224
:104E20000023FFF7E5F900201849F0F301F5184DCC
:104E3000286078B10120F4F36DF220462D68F2F37A
:104E40006DF5B5FBF0F04FF47A754543114BA5F5C0
:104E5000FA651D60BDE8FE83E91E0000A45C010048
:104E60003F420F0040420F00B40300003404000032
:104E700024040000A8030000AC030000A403000009
:104E8000A0030000B003000019B980008C85020067
:104E900084040000800400000D4B00211A6842F0D9
:104EA00010021A601A6822F400721A60094A136824
:104EB00043F0807343F480331360074B07221A607A
:104EC00043F8041C59685A60044B20221A6070474A
:104ED00014ED00E0FCED00E0241000E000E400E050
:104EE00070B504460E46FAF367F32046F9F3FCF674
:104EF0000546EAF75BFD40F62A0102462046FAF332
:104F000095F48269436926B142F0004243F00043C0
:104F100003E022F0004223F000438261294643610E
:104F20002046BDE87040FAF38FB42DE9F8430446FB
:104F30001E4690460D46FAF33FF32046F9F3D4F6A9
:104F40004146324607462046FAF370F42046FAF30B
:104F500045F00646EAF72AFD40F62A0102462046B9
:104F6000FAF364F44FF00108814685B108FA06F5BA
:104F7000836933EA050502D14046E9F787FF013628
:104F80000120B040E9F774FFC9F818500EE0701C1A
:104F900008FA06F608FA00F0E9F778FF4046E9F764
:104FA00067FFD9F818301E43C9F818602046394603
:104FB000BDE8F843FAF348B4034630B1002000E0FE
:104FC0001046421C5B08FBD1704770470346032B19
:104FD00010B510460C461DD8FAB1022B0BD0032B8E
:104FE00014D0012B03D0FFF7E7FF0D4B06E0FFF7CE
:104FF000E3FF0C4B02E0FFF7DFFF0B4B186043F8B9
:10500000044C5A6804225A60002010BDFFF7D4FFF8
:10501000064BF3E76FF0010010BD6FF0010010BD0B
:10502000241000E0341000E0441000E0541000E0D0
:1050300050B1431E034207D0002300E013465A1C20
:105040004008FBD1012098407047000070B5EAF796
:10505000E3F90446EAF7DAF9164E241826F4FE4678
:1050600026F0FF0606F50046A41B1ED00125B4F568
:10507000004F0FD3284631464FF40042FFF7A6FFFA
:10508000B0B90135EDB2042DA4F5004406F5004693
:10509000EDD170BD20465CB1FFF7CAFF3146024634
:1050A0002846BDE87040FFF791BF4FF0FF3070BD5C
:1050B00070BD00BF8C6A03002DE9F8430446FAF383
:1050C0007BF2204640F60E010022FAF3AFF30546CC
:1050D000002838D02046FAF36BF2014618B9204672
:1050E0000A46F9F3F5F520462F68D5F80080F9F364
:1050F00003F60428064605D825D108F4E028B8F5BB
:10510000403F20D100205049F0F392F3D8B907F086
:10511000F0073F090FE0013F072E2F6108D90C2E41
:1051200006D02B6C03F44063B3F5406F00D010B190
:10513000464B01206B61002FEDD1D5F8E83123F00B
:105140001003C5F8E831EAF731FC40F62A010246BF
:105150002046FAF36BF33E4D06462860EAF726FC3C
:10516000314602463B48EFF311F52046F9F3C4F50A
:10517000394B18602B681A6842F080721A601A68FE
:1051800042F002021A600022C3F8E0216269272A75
:1051900005DDD3F8E02142F04002C3F8E02140F2FF
:1051A000DD5602E00A20F4F3CFF12B68D3F8E031AA
:1051B0009B0301D4013EF5D100210B4620464FF45C
:1051C0000062FFF7B2FE00210B46204640F61202B5
:1051D000FFF7ABFE00210B46204640F62902FFF701
:1051E000A4FE20460121FFF77BFE00201B49F0F3BF
:1051F0001FF300B32046F9F377F50646EAF7D6FB2E
:1052000040F62A0102462046FAF310F3D0F8149033
:105210000746D0F898802046F9F366F501238340CD
:1052200043EA09037B6148F00103C7F89830204640
:105230003146FAF309F32B681A6A42F003021A6244
:10524000BDE8F843FFF702BF97850200FF7F012109
:10525000B0600100BB3C0100B8600100A285020003
:105260000721C0F8A4114021C0F8A8114FF4F06143
:10527000C0F8C8111821C0F8CC1108210122C0F8CB
:10528000D01106210A23C0F89C21C0F8B021C0F833
:10529000DC11C8221C21C0F89831C0F8B4212023A9
:1052A0001022C0F8E0110C21C0F8A031C0F8BC31C8
:1052B000C0F8C031C0F8C421C0F8D431C0F8E4113E
:1052C0000323C0F8E8210421C0F8F0210022C0F82F
:1052D000D831C0F8EC11C0F8F421C0F8FC21C0F8B6
:1052E0000032704741F2E443984206D144F2F43070
:1052F0000B1A584240EB0300704700207047D0F86B
:105300001C1238B5044659B1806804F0D0FB05463C
:10531000D4F81C02F4F33CF40023C4F81C3200E07F
:105320000D46284638BD7FB50446062384200393E6
:10533000F4F31CF4C4F81C02B8B100218422EFF38A
:10534000FFF300251C23A068D4F81C1203AA0095C3
:10535000019504F061FB0646013008D1D4F81C0227
:10536000F4F316F4C4F81C5201E04FF0FF36304657
:1053700004B070BD2DE9F04104460D46164698462E
:1053800040F2E93702E00A20F4F3DEF063691A6DB7
:10539000002A04DA013FF6D13846BDE8F081069ACA
:1053A00046443602B2F1807F46F0004603D12A78A7
:1053B00042F08072B6181E6540F2E93602E00A201B
:1053C000F4F3C2F063691B6D002B03DB2B7001202B
:1053D000BDE8F081013EF2D13046BDE8F081000029
:1053E0002DE9F0438BB01D46DDF848909F4B0846F1
:1053F000C3F8009011461746FFF774FF002800F02D
:1054000030814FF40B70F4F3B1F30446002800F040
:10541000298100214FF40B72EFF392F3A560C4F8D9
:1054200014902046FFF71CFF914B1E68C4F81862C9
:105430001EB13678003618BF012604F12808404610
:1054400002214122F0F382F400230093019302939E
:10545000384629464A46139B06F024FBE0600028A4
:1054600000F0FA80F9F338F42060E068F9F344F4CE
:105470006769804A7B68804903F0010383F0010378
:10548000D4F800C0002B18BF114684F87A3140F6DA
:1054900029039C456060D4F808E0E26807F50073D2
:1054A00003D110B107F5087701E007F504770097FD
:1054B000D4F8BC010190D4F8C0010290D4F8C8011E
:1054C00003904FF0FF300490D4F8C40105900820F9
:1054D000069000200790704604F04EFC60620028A1
:1054E00000F0BA80D4F81812644FB9B10B78ABB1A0
:1054F000D7F8B030984762492246D4F81802F0F342
:105500002DF3D4F818025F49224604F0F1FA2EB1C7
:105510002046FFF708FF002840F09E8002210A463F
:10552000D7F8B830606A984720460021E2682B46D9
:1055300000F06EF92061002800F08E8000210B46FB
:105540002046514AF3F336F50023C4F8940184F859
:105550007D314E48F5F304F010B3EFF347F5012326
:1055600083404B48C4F88431F4F3FAF710B1EFF3F9
:105570003DF508B1D4F88401C4F8880145490020FC
:10558000F0F356F1030CA4F88C31A4F88E013BB172
:1055900000212046404A0B46F3F30CF5C4F8900175
:1055A00000203E49F0F344F1012808BF84F82202AC
:1055B0002046F6F391F4002835D000200125C4F8E8
:1055C000A40184F82A523649F0F332F120B184F86C
:1055D00005523448EFF3DAF200203349F0F328F1B2
:1055E000C0B28DF8260068B100F00F004FF0807354
:1055F0000AA901F8020D4FF44072009320460F23D0
:10560000FFF7B8FE0AA9082301F8013D63690022EB
:105610001D6F1A674FF0807300932046F023FFF749
:10562000A9FE63691D67214922462148F4F30CF164
:105630002048F3F3ABF7204B04F58472511C1A6039
:105640000332DA60D4F8F020596004F5857199606E
:10565000C3F810805A6105E02046F4F399F2002463
:1056600000E0044620460BB0BDE8F083880400004B
:1056700044040000B9850200CB85020010A7880011
:1056800051E78000CDE7800091F08000E0850200C6
:105690000A86020002860200EDE68000D58502003F
:1056A000C1850200E9850200AD85020095E6800013
:1056B000E03C0100F9E28000BC60010038B5002543
:1056C000044680F87951006900F0DEF82046F6F3D0
:1056D000F5F5E0682946F9F3F9F2D4F8940128B118
:1056E000F3F3ECF3D4F89401F3F312F4D4F890014B
:1056F00028B1F3F3E3F3D4F89001F3F309F4E0688D
:1057000005F078FFD4F81C3223B11B7813B1204682
:10571000FFF7F5FD2046BDE83840F4F339B210B587
:105720008469A068FFF7CAFFE06805F061FD00200A
:1057300010BD000010B584690021342204F11C0062
:10574000EFF3FEF1034BA06863622462F6F32AF3E1
:10575000002010BD91F680002DE9F347274D9946B2
:105760002B680646072B0F46924640DC05F032FDBB
:1057700080465020F4F3FAF1044600283AD0002184
:105780005022EFF3DDF12B68A4F8149084E8480070
:105790002761C4F80C80204641F2E4414A46434662
:1057A0008DE88004FFF71CFEA06010B300200A996A
:1057B0000B9A134B8DE84004FEF79AFE074618B18A
:1057C000A068FFF77BFF12E0A068F6F367F12B6893
:1057D000A0610F210B4A3046EFF318F2F7730A4825
:1057E0003146EFF3D3F12B6801332B6002E0002444
:1057F00000E004462046BDE8FC8700BFD4600100FD
:10580000C1F680003386020013860200F4F3C0B1B3
:105810002DE9F0411B4F98463B780546072B14466F
:1058200026D85420F4F3A2F1064610B300215422E6
:10583000EFF386F13B78002286F8443001333B7069
:105840000123B46086E82001A6F84C20A6F8502079
:10585000A6F84E20A6F85220B3640420F4F386F193
:105860000446306440B100210422EFF369F100E006
:1058700000263046BDE8F0813046F4F389F1264633
:10588000F7E700BFD8600100C26B1AB10023536272
:10589000826B5362C068FFF7B9BF0000054A064B30
:1058A000D17E1970117F5970517F9970927FDA7093
:1058B000704700BF8C6A0300906001002DE9F04F33
:1058C0008FB0E9F7A9FD474E474D33680490059323
:1058D0002B68B3F5805F00F28180444F44493868FB
:1058E000EFF3A6F701287AD02B68DFF81C91039319
:1058F000D9F8003000240693DFF810812368DFF820
:1059000010A10793D8F80030DFF808B10893DAF84F
:105910000030384A0993DBF80030D7F800C00A930A
:10592000354B126819680C920B913449301D096887
:10593000039A0D916146CDF808C00193EFF37CF016
:1059400021462A683868EFF3FBF02D4A019BCAF81C
:1059500000202849294A04981C6014600C604FF00C
:10596000FF32311A3C60C9F800402C60C8F8004092
:10597000CBF80040EFF38CF70599019BCA439042A6
:10598000DDF808C029D1039A06992A60C9F80010E9
:1059900021681C4AC7F800C01160079A0899226064
:1059A000099AC8F80010CAF800200A990B9ACBF897
:1059B00000101A600F490C9B039A0B600D9B0F4956
:1059C00060460B60311DEFF337F02A68301D214629
:1059D0000FB0BDE8F04FEFF3B3B0FEE7FEE70FB056
:1059E000BDE8F08F8C6A03009C5C0100985C0100AC
:1059F000828602004C14000048140000501400007D
:105A0000DDBAADBB38140000945C01004414000002
:105A1000341400004014000070470000774B2DE95B
:105A2000F04F1B6891B0043B012B03D8744B1868EE
:105A3000FFF7F2FFFEF7D2FD00210446F9F334F739
:105A400020460021F9F300F7054658B12046F9F346
:105A5000B3F52B6A002B05DA2046F9F3ADF54FF0CC
:105A600000432B62E9F7CBFF2046F9F3CBF00EA9F8
:105A70000822EFF3F1F202462046D4F840B00B9230
:105A8000F9F38CF082462046F9F388F081462046EF
:105A9000F9F384F080462046F9F3EEF007462046FD
:105AA000F9F3EAF006462046F9F3E6F0054620460B
:105AB000F1F334F7014620460C91F1F32FF78446B9
:105AC0002046CDF834C0F1F329F70B9A0C99DDF894
:105AD00034C0029208F542484A4A05F5424500F5AD
:105AE00042400AF5424A09F5424908F5A87807F507
:105AF000424706F5424605F5A87501F542410CF509
:105B0000424C00F5A870B8FBF2F8B5FBF2F50CF5C5
:105B1000A87CB0FBF2F00AF5A87A09F5A87907F598
:105B2000A87706F5A87601F5A871B1FBF2F1DFF8C8
:105B3000F8E0BAFBF2FA02FB1899B7FBF2F702FBA6
:105B4000156602FB10C2CDF804E0DFF8E0E02E4B52
:105B5000B2FBFEF2B9FBFEF9B6FBFEF60891099224
:105B60002A492B4A2B480093CDF80CB0CDF810A051
:105B7000CDF8149006970796EFF308F0264840F604
:105B80000D0144F2F432FEF785FC38B1224840F6AC
:105B9000290144F2F432FEF77DFC20B91F4A204B64
:105BA0001D4D1A6000E00025204605F01BFE44F262
:105BB00018334FF6FF72904214BF02461A4640F661
:105BC00012011848FEF766FC1649002818BF00218C
:105BD0004DB141B1124B28461B685B6898472B6951
:105BE00028465B6898472046F9F3E6F42946FEF715
:105BF0001DFE204611B0BDE8F08F00BF501400001C
:105C00004C14000040420F007D8602003F860200D7
:105C10007E86020044860200A85C0100D45C01007C
:105C20008C040000945D010040390100A086010051
:105C3000084670472DE9F04FD1F8FC3091B00B9336
:105C400003F560630446099371E10E2200232046A8
:105C50000BA9E8F3DBF50F280746204602D1E8F34D
:105C600073F56CE100220BA91346E8F3CFF510F0B1
:105C70000E0F40F061818B4E3A0D3E4040F23B43A7
:105C8000360A00F4F8789A4208924FEA181804D1BC
:105C900040F6FF739E4200F04A8100F478534FEAC9
:105CA000532B002B00F0438100F4F82A00F4780312
:105CB000DB0C4FEA9A3A13EB0A02079325D140F224
:105CC00067339E4214D10CAB01930DAB02930EAB24
:105CD00003930FAB049320460BA913460092E8F3FD
:105CE00035F5002800F023810C9BC4F858331EE1E1
:105CF00040F2DC539E4208D040F20B539E4204D047
:105D000040F627039E4240F01281D4F8D05031462D
:105D100005F1B60344F8237005F1C60344F82300E7
:105D20002046FFF785FF04EB8503C3F8D400002766
:105D30000BE0012220460BA91346E8F367F500F0BB
:105D40000E00022840F0F88001374745F1D10CAB36
:105D500001930DAB02930EAB002703930FAB04939B
:105D600020460BA93A463B460097E8F3EFF420B1F2
:105D7000B94627E04FF0010900E081464023009337
:105D80000CAB01930DAB02930EAB039300220FAB50
:105D9000049320460BA91346E8F3D8F40028E9D170
:105DA000B9F1010F0ED00D9B002B40F0C5800F9B69
:105DB000002B40F0C1800E9AB2F5805F40F0BC80AD
:105DC0009946DBE70C9A04EB8503C3F814210E9A7D
:105DD0000127C3F8D4210CAB01930DAB02930EAB9A
:105DE00003930FAB0022049320460BA93B4600927D
:105DF000E8F3ACF460B1012F0AD10E9BB3F5805FDC
:105E000006D10C9904EB8502C2F89411C2F8143241
:105E100001370028DFD137464FF001082E4617E042
:105E20000025002300930CAB01930DAB02930EAB46
:105E300003930FAB049320460BA942462B46E8F38D
:105E400085F408B10135ECE7002D75D008F10108A3
:105E5000D845E5D135463E4600271FE0C0230093D4
:105E60000CAB01930DAB02930EAB03930FAB0493FA
:105E700020460BA93A460023E8F368F400285BD0DB
:105E80000F9B002B58D10E9BB3F5805F54D127B9DF
:105E90000C9A05F1A60344F8232001375745DDD1BC
:105EA000002739E000FF0F00802300930CAB019323
:105EB0000DAB02930EAB03930FABBBF1010F0CBF05
:105EC0003A467A1C0493204600230BA9E8F33EF4DB
:105ED000089A40F23B439A420DD140F235139E425C
:105EE00009D1D4F870330C9904EB83020133C2F862
:105EF0007413C4F87033F8B10F9BEBB90E9BB3F574
:105F0000805F19D1BAF1000F05D127B90C9A05F1BC
:105F1000A60344F823200137079B9F42C4D1B9F15F
:105F2000000F04D1D4F8D0300133C4F8D0300B9B2B
:105F3000099A9342FFF489AE0023C4F8D03011B01F
:105F4000BDE8F08F10B5D0F87023002306E0D0F83C
:105F500070134FF44C74C1F800490133043093427C
:105F6000F5D110BD2DE9F8430027044615469946A2
:105F70000E46B84609E0304600210422EEF3E0F573
:105F80000137C6F80080B04676194F45F3DBC4F8F8
:105F90000080BDE8F88370B50D460446D8B1D1B194
:105FA0000E68C6B1B389CBB9738A03F00303012B22
:105FB00003D1F06908B1F3F3EBF5738A201D23F0E8
:105FC000040373823146EDF361F723890020013B1E
:105FD0002381286070BD6FF0010070BD6FF00F006D
:105FE00070BD2DE9F74F0C9F019116469A46DDF8DA
:105FF00034B0BDF838900546002857D00F9B002BD1
:1060000054D0002952D0002A50D0BBF1000F4DD0FF
:106010009BF80030002B49D000F104084046EDF316
:1060200041F70446002844D0B9F1010F0BD157B90C
:1060300006FB0AF0F3F39AF5074638B940462146C5
:10604000EDF324F735E04FF0000800E08046002132
:1060500024222046EEF374F5019B0822A360638A94
:10606000204623F0030349EA030343F00403638259
:106070005946EEF33DF60023B9F1010FE3710CD15F
:10608000A4F814A0C4F81C80A66104F120003946CD
:1060900032465346FFF766FF01E0EB6863612B89E8
:1060A000002001332B810F9B1C6004E06FF0010086
:1060B00001E06FF01A00BDE8FE8F2DE9F8430746B6
:1060C0000E461546002A2DD000282BD0002929DDA8
:1060D0001020F3F34BF5044640B300211022EEF3F9
:1060E0002FF5E760242707FB06F966814846F3F39E
:1060F0003DF5804630B92046F3F34AF56FF01A00BB
:10610000BDE8F88300214A46EEF31AF5204640F830
:10611000048B41463A463346FFF724FF2C600020AB
:10612000BDE8F8836FF00100BDE8F8836FF01A0056
:10613000BDE8F88370B5064660B1046854B125899E
:106140005DB92068F3F324F52046F3F321F53560BB
:10615000284670BD6FF0010070BD6FF00F0070BD7C
:10616000FFF719BF1FB50024019203930A46234687
:1061700000940294FFF735FF04B010BDFFF70BBF8A
:1061800051B1032902D80423136003E0033121F045
:1061900003011160002070476FF0010070472DE986
:1061A000F04186B005460C461E46DDF830801746A5
:1061B00012B31BB1B8F1000F03D11DE0B8F1000F0D
:1061C0001AD12846214605AAFFF7DAFFB0B92EB149
:1061D000059B7B4398450FD3B3070DD10D9B2846F4
:1061E0000193012302930E9B21460393059A3B469C
:1061F0000096FFF7F6FE01E06FF0010006B0BDE883
:10620000F08110B5044690B1C36823B1406804F131
:106210000C01FFF7A5FFA36823B1606804F1080132
:10622000FFF79EFF2046BDE81040F3F3B1B410BD68
:106230002DE9FF41074610200D4616469846F3F318
:1062400095F40446F8B100211022EEF379F4124AD5
:1062500027606560019204F108020023029228463B
:106260000C2132460093FFF79AFF034658B90B4AB8
:106270000090019204F10C02029228460C21424641
:10628000FFF78DFF18B12046FFF7BBFF0024204623
:1062900004B0BDE8F08100BF90860200888602004D
:1062A000FFF7AFBF80697047008A40007047000069
:1062B000808ACB69B2FBF0F300FB1322D2B242F02A
:1062C00000421B0642EA13438B61002300E00133C6
:1062D0008869094A002802DA9342F8D106E093421D
:1062E00004D0C30005D4C0F3407070474FF6FF7070
:1062F00070474FF6FF7070478096980010B584681D
:10630000002364694B61302CC4BFD1F8F43003F42E
:106310007E03C1F8F430BDE81040FFF7C9BF2DE996
:10632000F041002480460F46160125464046394676
:10633000AA19FFF7E3FF4FF6FF73984206D0A84073
:1063400001350443102DA4B2F0D100E004462046EC
:10635000BDE8F081BF230B80FF2313807047013914
:1063600006291DD8DFE801F0040A1C1C101C1700C8
:106370002023438240238382802310E040234382F2
:1063800083824FF480730AE0602343824023838238
:106390004FF4C07303E010234382402383820382BF
:1063A0000020704701390A2919D8DFE801F00608F2
:1063B0000A0C0E1810181818130040230CE0602364
:1063C0000AE0802308E0A02306E0C02304E04FF4A5
:1063D000807301E04FF4C073438220238382838A59
:1063E000428A53431B110382002070476FF016004E
:1063F000704770B50446058A8068F8F375F400218B
:106400000646A068F9F320F2A2685369222B05DD45
:10641000C36C9B059B0D0733DB08A38510463146F3
:10642000F9F312F2A38D6D00E81A023870BD70B551
:10643000044680680D461646F9F394F030B12046C4
:1064400029463246BDE87040FFF769BF06F5806611
:1064500035F8160080B270BDF8B50446806816465F
:106460000F46F8F341F400210546A068F9F3ECF17A
:106470003A4601462046FFF7DAFF29463080A068F9
:10648000F9F3E2F10020F8BD01392DE9F84F044697
:1064900091461E460E2971D8DFE801F008187028D1
:1064A000707070347070707070703B0090F82E20B7
:1064B000838B0AB1C58C00E0C58BED1AA369D905A1
:1064C0002ED53368AB4233D3A78B36E090F82E201D
:1064D000038C0AB1C58C00E0458CED1AA3699A05BE
:1064E0001ED53368AB4223D3278C26E083694FF057
:1064F000020513F4806F13D03368012B18D9876A13
:1065000002371AE0878CC58C8369ED1B13F4006F8A
:1065100005E0878BC58C8369ED1B13F4407F04D1A4
:1065200035606FF01D00BDE8F88F3368AB4204D2D0
:1065300035606FF00D00BDE8F88FA068F8F3D4F374
:1065400000218346A068F9F37FF14FF000088246EE
:1065500009E008EB070220465146FFF768FF08F103
:10656000010829F8020BA845F3D1A0685946F9F3B0
:106570006BF1C6F800800020BDE8F88F6FF00100D5
:10658000BDE8F88F73B50023ADF80430ADF80630E0
:10659000836804465B690D46272B05DDCB691B0527
:1065A0001B0D1B11043B06E01B2B06D84FF4926217
:1065B0009A4002D50C2383620EE0242B01D0272BB6
:1065C00004D1238A7F2B05D80C2304E0172B01D09C
:1065D000182B01DD1423A362EB6903F4E023B3F568
:1065E000803F0ED04FF00443AB61002300E0013345
:1065F000AA69002A2E4A02DA9342F8D157E0934260
:1066000055D02B69A26AA361033220462946FFF7C1
:106610000EFF284BA269000903401343A36103F452
:1066200040730022B3F5407F84F82E2002D101236D
:1066300084F82E30A36A0DF106020433A383238A63
:106640002046E383E38401A9FFF784FEBDF806201A
:10665000BDF80430D61AB6B216B1E3836384A284BF
:10666000A369DB050AD520462946A26AFFF7DFFEAB
:10667000000980B200B1E083E38B00E0A38B2384A8
:10668000AEB92046FFF7B5FEA36900EBD07040100D
:106690006084980509D5A26A204629460132FFF791
:1066A000C6FE00096084A08401E0238CA3847CBD25
:1066B0008096980000FFFF00F8B543690546152B4A
:1066C00001D0162B3CDD2846F8F340F7064600289B
:1066D00036D12846F8F33CF7002833D02846F8F3A3
:1066E00003F3314607462846F9F3AEF00646EAF7CB
:1066F000FDF86B690446302B04DDF16901F470414B
:10670000090B03E0A96901F46011C90C91B1F369A7
:1067100003F4E0231B0C012B03D12046FFF742FEBC
:1067200003E013B92046FFF71AFE20463146FFF773
:1067300029FF00E00C4628463946F9F385F002E0CF
:10674000002400E004462046F8BD08B54368DB6835
:10675000984708BD08B543681B68984708BD73B5DE
:10676000002604460196EAF7C1F84C223146054658
:10677000EEF3E6F16369152B2B6001D0162B02D9DD
:10678000EAF7B8F868606B68D3B1AC602046F8F3FC
:1067900013F7E8602046F8F3DBF6064620B92046FA
:1067A000012101AAF8F30AF76B6820461B69984794
:1067B000054636B92046314601AAF8F3FFF600E057
:1067C0001D4628467CBD2DE9F74399460023044623
:1067D0000F4690460193F8F3BBF6054620B92046D4
:1067E000012101AAF8F3EAF62046F8F3B1F678B1F0
:1067F0002046F8F3ABF658B92046FFF7B0FF50B18A
:10680000436839465E6942464B46B047064604E057
:106810006FF0180601E04FF0FF3625B920462946F3
:1068200001AAF8F3CBF63046BDE8FE8382604160F2
:10683000016070472DE9F041541A012C0F461E46A5
:10684000069D0EDD2046F3F391F1804670B1394686
:106850002246EEF3F1F0C6F8008000202C60BDE87F
:10686000F081002018602860BDE8F0816FF01A0008
:10687000BDE8F0810EB4F3B581680446012945D91D
:1068800008AB4068079A0193EEF3A8F2431C064652
:1068900003D0A368023B984202DD0020A06036E0EE
:1068A00060683D21EEF3CAF140B367682568C71BF5
:1068B00021E028463A46EEF3ABF0B0B9EB5D3D2B54
:1068C00013D12846EEF3E8F16268471C731CDB1B0A
:1068D000521BE919D2182846EEF30EF16368DB1B50
:1068E0006360A368DF19A76008E02B4613F8012B4B
:1068F0001D46002AFAD161688D42DAD3A368701C64
:106900001B1AA36063681B18636000E00020BDE8E9
:10691000FC4003B0704700002DE9F04FBBB01A9067
:1069200019911B921893002B02F01C874FF4805092
:10693000F3F31CF11290002802F0148737A8129983
:106940004FF48052FFF772FF00214FF480521298EB
:10695000EEF3F6F0189A1168D9B10B78CBB1449ADE
:106960001368022B03D814E0013A026000E0449857
:1069700002688B1813F8014C1CB913F8023C002B69
:10698000F2D01298EEF358F04499389A0B68D31865
:10699000389300238DF89C304FF0FF3215931393FA
:1069A00001231192169302F0A8BE1999012251F801
:1069B000046B0023199117921493179949B1F25C53
:1069C0005F1C1092013AD2B2FD2A0FD8F55D9F1CD0
:1069D0000DE0F15C4A1ED2B2FD2A109103D880224C
:1069E0000D46109200E0179D5F1C00E000257B190A
:1069F000B3F5607F82F27E86109B202B28D005D8CD
:106A0000152B0BD01B2B42F0708664E010992229C5
:106A100035D030D3802942F0688667E0F3195A7880
:106A2000F35D1202D318072B12DDBC1C3419224669
:106A3000E14937A8FFF71EFF2046EEF32DF1FA1CBF
:106A40001218DE4937A8B218FFF714FF02F04DBE46
:106A5000F4196278F35D1202D21837A8D849FFF70B
:106A600009FFE378A2781B0237A8D6499A18FFF7E6
:106A700001FF02F03ABEF25D149202F036BE149BA2
:106A80000C2B02F02D869DF89C30002B42F02D86B9
:106A9000F35D042B42F0298607F1020806EB080497
:106AA0002046EEF3B9F6002842F01F8616F80830AB
:106AB000DB0702F11A8627A92046EEF325F3119988
:106AC000013142F01286F3199A79DB791202D31858
:106AD000119302F00ABEF319DA799B7937A8BA4903
:106AE00043EA0222FFF7C6FE02F0FFBDF35DF41990
:106AF0008F2B02F2FA8501A252F823F0399301009C
:106B00006B9301005594010015990100F19A010061
:106B1000D598010053980100719801007B94010001
:106B2000199B01008D9B0100B59B0100C99B0100D1
:106B300057BC01003B9A0100BB980100F797010088
:106B4000619C0100A19C01004B930100E19C0100AC
:106B5000EF9C0100119D01001F9D01001793010092
:106B6000D992010057BC0100FD9401002D9D010048
:106B70001195010057BC010057BC010057BC010032
:106B8000439D0100879D01009B9D0100BD9E01006A
:106B900081A0010057BC010057BC010025A20100E3
:106BA000C9920100B9920100A99201009FA30100BE
:106BB000B3A30100C7A30100DBA3010057BC010080
:106BC000E99B0100EF94010057BC010057BC010094
:106BD000ED930100A7A60100EFA301006B9D01004A
:106BE000799D0100B5A601001DB4010057BC01004C
:106BF00057BC010057BC010057BC01001D950100A6
:106C000047A4010071A40100B3A40100F1A4010094
:106C10002FA501006DA50100ABA50100E9A50100AC
:106C2000FDA5010057BC0100C595010057BC01003E
:106C300057BC010057BC0100D797010031950100F6
:106C400057BC010057BC010057BC010057BC0100F4
:106C500071B4010057BC01000B9801002BA7010083
:106C6000FBA7010051A901003BAA010025AB0100CF
:106C70005FAB0100E7AB010035AC010043AD0100A3
:106C8000CDAE010079AF010025B001008FB4010045
:106C90007B9601003B97010071B00100ADB101008E
:106CA000B9B20100C5B30100D5B40100AFB601000F
:106CB000E7B4010005B5010023B5010041B50100AD
:106CC00053B5010065B5010077B5010089B5010034
:106CD000F3B50100FFB501000BB601002FBC0100A8
:106CE00057BC010057BC010057BC010057BC010054
:106CF00057BC010057BC010057BC010057BC010044
:106D000057BC010011A6010085A6010057BC010077
:106D100057BC010001B7010069B70100EFB70100DE
:106D200075B80100A1B90100B3B90100BFB90100F4
:106D3000E9B90100E1BA0100D9BB01004FEA950AA7
:106D40005FFA8AFA4FF0000801F03CB84FEA5509A3
:106D50005FFA89F94FF0000801F005B84FEA5509CC
:106D60005FFA89F94FF0000800F0EBBF07F1010866
:106D700006EB08042046EEF34FF5002842F0B584F8
:106D800016F80830D80702F1B084204627A9EEF3A0
:106D9000BBF1119B013342F0A884F3195A799B7916
:106DA0001202D318119302F0A0BCA37862781B02E0
:106DB0009A18119202F099BCDE9302000589020034
:106DC000378F0200748A020043920200647837A869
:106DD000A54922461694FFF74DFD02F086BCE378E4
:106DE00022791B0443EA0263627837A81343A2782E
:106DF0009E4943EA0222FFF73DFD02F076BCA278ED
:106E000063781202D2189A4937A8FFF733FD227926
:106E1000E378120237A89749D218FFF72BFD062D09
:106E200042F26384A2796379120237A89249D21898
:106E3000FFF720FD082D42F25884237AE2791B02E5
:106E400037A88E499A18FFF715FD0A2D42F24D8496
:106E500007F10A0807F1090416F80820335D120249
:106E6000D21837A88649FFF705FD16F80830325DBD
:106E70001B0237A883499A18FFF7FCFC02F035BCC7
:106E8000814B0622B5FBF2F21A704FF000089946CA
:106E900024E0434610217D4A1DA8EDF3B7F6434692
:106EA00010217B4A2FA8EDF3B1F66378A2781DA9D3
:106EB00043EA022237A8FFF7DDFC6379A2791B04BD
:106EC00043EA0263E27837A8134322792FA943EA01
:106ED0000222FFF7CFFC08F10108063499F80030D0
:106EE0009845D6DB02F001BC022D06D137A86949CE
:106EF0006278FFF7BFFC02F0F8BBA37862781B0250
:106F000037A864499A18FFF7B5FC02F0EEBBA278E7
:106F100063781202042D1A4405D92379E1781B06FF
:106F200009045B181A4337A85B49FFF7A3FC062D39
:106F300042F2DB83F3199A7959791202082D0A4437
:106F400005D9197ADB7909061B04C9180A4337A841
:106F50005249FFF78FFC0A2D42F2C783F3199A7A40
:106F6000597A12020C2D0A4405D9197BDB7A0906DD
:106F70001B04C9180A4337A84949FFF77BFC02F0F4
:106F8000B4BB37A847496278FFF774FC02F0ADBB89
:106F9000A37862781B0237A83A499A18FFF76AFC6F
:106FA00002F0A3BB01350021EDB2179102F09DBBA9
:106FB000A378627837A83C4942EA0322FFF75AFCDB
:106FC00002F093BB94F803A023794FEA0A4A4AEAF5
:106FD000036A6378B5F1050B4AEA030A48BFA5F1D5
:106FE000020BA3784FEAAB0B4AEA032A5FFA8BFB4A
:106FF0004FF0000824E043441021244A2FA8EDF369
:1070000005F699F8003010214344214A1DA8EDF3FC
:10701000FDF552462FA937A8FFF72CFCE37822791B
:107020001B0443EA0263627837A81343A2781DA9C0
:1070300043EA0222FFF71EFC0AF1040A08F10108E4
:10704000DFF844900434D84599F80030D3DB9B44F2
:1070500089F800B002F049BB0B4BEA081A704FF0F8
:10706000000899464DE000BF2C94020034900200C5
:10707000628D02005A9402008E8A02008D870200FF
:1070800088900200FF8F020028610100003E01008D
:107090000B3E01001F930200D98D0200238A0200DB
:1070A000348A0200298B0200AF8D02004346102172
:1070B000B14A1DA8EDF3AAF543461021AF4A2FA807
:1070C000EDF3A4F5E37822791B0443EA02636278C6
:1070D0001DA91343A27837A843EA0222FFF7CAFB8F
:1070E000E379227A1B0443EA0263627937A81343E7
:1070F000A2792FA943EA0222FFF7BCFB08F101089D
:10710000083499F800309845D0DB02F0EEBA94F8D4
:1071100003A023794FEA0A4A4AEA036A6378B5F181
:10712000050B4AEA030A48BF05F1020BA3784FEAB0
:10713000EB0B4AEA032A5FFA8BFB4FF000083BE0B7
:10714000434410218C4A2FA8EDF360F599F80030E4
:10715000102143448A4A1DA8EDF358F599F80030F0
:1071600010214344874A33A8EDF350F552462FA926
:1071700037A8FFF77FFBE379227A1B0443EA026317
:10718000627933A91343A27937A843EA0222FFF7B1
:1071900071FBE37A227B1B0443EA0263627A37A81D
:1071A0001343A27A1DA943EA0222FFF763FB0AF107
:1071B000080A08F101080834DFF8CC91D84599F89D
:1071C0000030BDDB9B4489F800B002F08EBA6E4BF4
:1071D0000C22B5FBF2F21A704FF0000899463EE01F
:1071E00043461021644A33A8EDF310F543461021BD
:1071F000634A1DA8EDF30AF543461021614A2FA802
:10720000EDF304F5E37822791B0443EA0263627824
:1072100033A91343A27837A843EA0222FFF72AFBD7
:10722000E379227A1B0443EA026362792FA91343AC
:10723000A27937A843EA0222FFF71CFBE37A227BFC
:107240001B0443EA0263627A37A81343A27A1DA99A
:1072500043EA0222FFF70EFB08F101080C3499F80B
:1072600000309845BCDB02F040BAE37822791B0479
:1072700043EA0263627837A81343A278434943EA9A
:107280000222FFF7F7FA02F030BAA378627837A843
:107290003F4942EA0322FFF7EDFA02F026BA4FF027
:1072A0000509B5FBF9F95FFA89F94FF0000816E016
:1072B00063781021374A2FA8EDF3A8F42379627977
:1072C0001B0443EA0263A27837A81343E2782FA98C
:1072D00043EA0222FFF7CEFA08F101080534C84557
:1072E000E6DB02F002BA37A82B496278FFF7C2FA50
:1072F000022D42F2FA8137A82849A278FFF7BAFA9C
:1073000002F0F3B9002237A825496378FFF7B2FAF3
:10731000022D42F22D82012237A82149A378FFF7DE
:10732000A9FA032D02F02482022237A81C49E3782F
:10733000FFF7A0FA042D02F0D681032237A81849DE
:107340002379FFF797FA0122139202F0CEB96278FF
:1073500037A81249FFF78EFA37A811490122A378FE
:10736000FFF788FA02F0C1B937A80E496278FFF733
:1073700081FA02F0BAB900BF003E01000B3E0100E5
:10738000163E0100223E01002861010045870200EF
:10739000299002002E3E01006A8A0200319102000B
:1073A0009C8702005A8B0200AB1E0E2B02F29D81BD
:1073B00001A151F823F000BF6199010057BC010001
:1073C00057BC010057BC010057BC0100D99901000E
:1073D000A7990100879901006F99010057BC01002E
:1073E00057BC0100D9990100A799010087990100B4
:1073F0006F99010037A8A9496278FFF73BFA02F0BC
:1074000074B937A8A649627AFFF734FA0C2D8CBFFD
:107410004FF009084FF0000801E04FF00008F319A1
:1074200037A89E491A7AFFF725FA0C2D07D9B8F12B
:10743000000F08BF4FF0080801E04FF0000807F107
:107440000709984916F8092037A8FFF713FA002210
:1074500037A8954916F80930FFF70CFA0C2D07D913
:10746000B8F1000F08BF4FF0070801E04FF0000827
:107470004FF00009A27863788C491202494437A87A
:10748000D21809F10909FFF7F5F90234B9F11B0F18
:10749000F0D10C2D42F22981B8F1000F08BF4FF056
:1074A0000608834CB844B04404F1240998F802203B
:1074B00098F801301202214637A8D2180C34FFF791
:1074C000D9F94C4508F10208F0D102F00EB9142D9B
:1074D00019D0172D03D0132D42F0078119E006EBC8
:1074E0000708744998F8162037A8FFF7C3F97249BE
:1074F00098F8152037A8FFF7BDF937A86F4998F815
:107500001420FFF7B7F9F31937A86D49DA7CFFF7B4
:10751000B1F9A946A2464FF000082546AA786B7833
:1075200068491202414437A8D21808F10908FFF748
:10753000A1F90235B8F11B0FF0D14D464FF000080C
:10754000227AE37960491202414437A8D21808F13F
:107550000B08FFF78FF90234B8F1210FF0D10024A6
:107560009AF80E209AF80D3058491202091937A8D6
:10757000D2180B34FFF77EF9212C0AF1020AEFD161
:1075800002F0B3B8E1786278A3780091217937A846
:10759000019161790291A1790391E1790491217AB4
:1075A00005914B49FFF766F902F09FB8A9464FF0E5
:1075B0000008254615F8013FFF2B04D037A84549A0
:1075C0004246FFF757F908F10108B8F1040FF1D16D
:1075D000B9F10C0F4D4642F2888004EB08035B784A
:1075E000FF2B04D037A83B494246FFF743F908F187
:1075F0000108B8F10C0FF0D1102D42F2768004EBA7
:1076000008035B78FF2B04D037A832494246FFF7C6
:1076100031F908F10108B8F1100FF0D102F065B8A6
:10762000627837A80AB1A3781BB92B49FFF722F972
:1076300002E02A49FFF71EF9F31937A82849DA783A
:10764000FFF718F902F051B8A378627837A82549F6
:1076500042EA0322FFF70EF902F047B8E3782279F5
:107660001B0443EA0263627837A81343A2781E49D9
:1076700043EA0222FFF7FEF802F037B837A81B49A9
:107680006278FFF7F7F8022D42F22F8037A81849E9
:10769000A278FFF7EFF802F028B800BF368E02009C
:1076A000D38E02009B9302004A890200D38B020012
:1076B000B38F0200BD8D0200E6900200E786020053
:1076C000C68B0200E98D020096900200B786020088
:1076D000A6870200458A02003992020084950200C2
:1076E000A78C02003C8D0200CB870200A794020009
:1076F000E89402007C1C325D37A8764902F00F0244
:10770000FFF7B8F8325D37A81209BC1C7249FFF7C1
:10771000B1F8325D37A8714902F00702FFF7AAF805
:10772000325D37A8D2086E4902F00302FFF7A2F8D3
:1077300001F0DBBF7C1C325D37A86A4902F00F0202
:10774000FFF798F8325D37A81209BC1C6649FFF7AD
:1077500091F8325D37A8654902F00702FFF78AF811
:10776000325D37A8D208624902F00302FFF782F8BF
:1077700001F0BBBF37A85F496278FFF77BF801F0E3
:10778000B4BF627837A85C49FFF774F8A27837A8CD
:107790005A49FFF76FF837A85949E278FFF76AF8B6
:1077A00001F0A3BF37A857496278FFF763F801F0EB
:1077B0009CBF37A854496278FFF75CF801F095BF89
:1077C000A2786378120637A8504942EA0322FFF7ED
:1077D00051F801F08ABF627837A84D49FFF74AF89F
:1077E000A27837A84B49FFF745F82379E2781B02C6
:1077F00037A849499A18FFF73DF801F076BF37A836
:1078000046496278FFF736F801F06FBF37A8444960
:107810006278FFF72FF801F068BFA37862781B0247
:1078200037A840499A18FFF725F801F05EBF94F891
:10783000028063784FEA082898441FFA88F83A498A
:107840004FEAD82237A8FFF715F808F4E062120AC9
:10785000364937A8FFF70EF808F0F802D208344985
:1078600037A8FFF707F808F006025208314937A891
:10787000FFF700F837A8304908F00102FEF7FAFFD9
:10788000042D41F232872379E4781B021C19A4B23B
:10789000E20A37A82949FEF7EDFF04F4E062120A74
:1078A00037A82749FEF7E6FF04F0F802D20837A808
:1078B0002449FEF7DFFF04F00602520837A82249E8
:1078C000FEF7D8FF37A8214904F00102FEF7D2FFE6
:1078D00001F00BBFF487020042880200C68E02004E
:1078E00039880200BF94020038870200558C0200DC
:1078F000438E020093920200E6930200478D02003D
:10790000D4930200B7930200E78E0200AC8E02000F
:10791000048E0200CC8D02000E900200438F020004
:10792000F29402009B8C0200F5880200CC940200C5
:107930006D870200E4880200D9940200769202006A
:10794000888B0200E3890200F18E0200A8930200F6
:1079500000226378674937A8FEF78CFF4FF00008D4
:107960006549A27837A8FEF785FFCDF80080227917
:10797000E3781202D318019302226049434637A8E4
:10798000FEF778FFCDF80080A27963791202D31850
:10799000019302220123594937A8FEF76BFFCDF866
:1079A0000080227AE3791202D3180222019337A8C9
:1079B00052491346FEF75EFF1E2D41F29686627A0B
:1079C00037A84F49FEF756FFA27A37A84D49FEF770
:1079D00051FFE27A37A84C49FEF74CFF227B37A8CB
:1079E0004A49FEF747FFCDF80080A27B637B120275
:1079F000D31801930522434637A84049FEF73AFFC2
:107A0000CDF80080227CE37B1202D318019305227B
:107A1000012337A83949FEF72DFFCDF80080A27C5D
:107A2000637C1202D31801930522022337A833493D
:107A3000FEF720FFCDF80080CDF80480227DE37CA6
:107A40001202D318029305226C234FF0010937A8C4
:107A50002F49FEF70FFFCDF80090CDF80480A27DEE
:107A6000637D1202D318029305226C234FF0020AA1
:107A700037A82749FEF7FEFECDF800A0CDF8048018
:107A8000227EE37D1202D318029305226C2337A8CD
:107A90001F49FEF7EFFECDF80080CDF80480A27EEE
:107AA000637E1202D31802930522682337A818496F
:107AB000FEF7E0FECDF80090CDF80480227FE37E53
:107AC0001202D3180293052237A868231049FEF743
:107AD000D1FECDF800A0CDF80480A37F627F1B0209
:107AE0009B18029337A80A4905226823FEF7C2FEB5
:107AF00001F0FBBD4A8902002C880200A686020024
:107B0000E4910200C2920200409002007B940200C5
:107B100026920200012263789C4937A8FEF7AAFE4C
:107B20004FF001089A49A27837A8FEF7A3FECDF8D6
:107B300000802279E3781202D318019302220023F5
:107B4000944937A8FEF796FECDF80080A2796379B4
:107B50001202D318019302228E49434637A8FEF73A
:107B600089FECDF80080227AE3791202D31802222E
:107B7000019337A887491346FEF77CFE1E2D41F27C
:107B8000B485627A37A88449FEF774FEA27A37A8D2
:107B90008249FEF76FFEE27A37A88149FEF76AFE56
:107BA000227B37A87F49FEF765FECDF80080A27BD7
:107BB000637B1202D31801930522002337A875496D
:107BC000FEF758FECDF80080227CE37B1202D3182A
:107BD00001930522434637A86E49FEF74BFECDF8C8
:107BE0000080A27C637C1202D31801930522022339
:107BF0004FF0000937A86749FEF73CFECDF800902A
:107C0000CDF80480227DE37C1202D3180293052272
:107C10006C2337A86449FEF72DFECDF80080CDF81F
:107C20000480A27D637D1202D318029305226C2387
:107C30004FF0020A37A85C49FEF71CFECDF800A001
:107C4000CDF80480227EE37D1202D3180293052230
:107C50006C2337A85449FEF70DFECDF80090CDF8FF
:107C60000480A27E637E1202D31802930522682349
:107C700037A84D49FEF7FEFDCDF80080CDF8048011
:107C8000227FE37E1202D3180293052237A86823CD
:107C90004549FEF7EFFDCDF800A0CDF80480A37FA5
:107CA000627F1B029B18029337A83F490522682375
:107CB000FEF7E0FD01F019BDA27863781202D21838
:107CC0003A4937A8FEF7D6FDA279637912061B045C
:107CD000D218237937A81B02D218E3783449D21876
:107CE000FEF7C8FD122D41F20085A27A637A1206D2
:107CF0001B04D218237A37A81B02D218E3792D4926
:107D0000D218FEF7B7FDA27B637B12061B04D218C4
:107D1000237B37A81B02D218E37A2749D218FEF733
:107D2000A9FDA27C637C12061B04D318227C37A811
:107D300012029B18E27B21499A18FEF79BFD01F085
:107D4000D4BCA27863781202D3180093022243466F
:107D500037A81B4908F10108FEF78CFD0234C8451D
:107D6000EFDD01F0C2BCA27863781202D318009351
:107D70000522434637A8124908F10108FEF77AFDAB
:107D80000234C845EFDD01F0B0BC00BF4A890200F3
:107D9000DA8E0200A6860200F2910200CF92020063
:107DA0004B9402008A9402002692020086920200FE
:107DB00098860200169102008C930200028F020046
:107DC000138A0200CDF80080A27863781202D318DB
:107DD000019305226C2337A8BB4908F10108FEF77F
:107DE00049FD0234D045EDDD4FEA55095FFA89F9C6
:107DF00009F1010B09F10209B944BB4406EB09047E
:107E00004FF00008CDF800802278C9EB040313F886
:107E10000B301202D31801930522682337A8AA4910
:107E200008F10108FEF726FD0234D045EADD01F035
:107E30005CBCA37862781B0237A8A4499A18FEF7A5
:107E400019FD01F052BCA37862781B0237A8A04943
:107E50009A18FEF70FFD01F048BCA37862781B0268
:107E600037A89C499A18FEF705FD01F03EBCA3789F
:107E700062781B0237A898499A18FEF7FBFC01F0BC
:107E800034BC2279E37812061B04D218A37837A8F1
:107E90001B02D21863789149D218FEF7EBFC227AC4
:107EA000E37912061B04D218A37937A81B02D21853
:107EB00063798B49D218FEF7DDFC227BE37A120648
:107EC0001B04D318A27A37A812029B18627A85493C
:107ED0009A18FEF7CFFC01F008BCA2786378120272
:107EE00037A88149D218FEF7C5FC042D41F2FD8365
:107EF0002379E2781B0237A87C499A18FEF7BAFC6E
:107F000001F0F3BB2279E37812061B04D218A378A0
:107F100037A81B02D21863787549D218FEF7AAFC5D
:107F2000062D41F2E283227AE37912061B04D3186C
:107F3000A27937A812029B1862796E499A18FEF747
:107F400099FC01F0D2BBDFF8BC914FF00108A845C5
:107F500081F2CB832279E37812061B04D218A3782E
:107F600049461B02D218637837A8D21808F10408D2
:107F7000FEF780FC0434B8F1190F09F11809E6D1B5
:107F800001F0B3BBDFF880914FF00108A84581F202
:107F9000AC832279E37812061B04D218A3784946F1
:107FA0001B02D218637837A8D21808F10408FEF72C
:107FB00061FC0434B8F10D0F09F11309E6D101F0A9
:107FC00094BBDFF848914FF00108A84581F28D83FA
:107FD0002279E37812061B04D218A37849461B02C3
:107FE000D218637837A8D21808F10408FEF742FCCB
:107FF0000434B8F10D0F09F11409E6D101F075BB95
:10800000DFF80C914FF00108A84581F26E832279C8
:10801000E37812061B04D218A37849461B02D21833
:10802000637837A8D21808F10408FEF723FC04345B
:10803000B8F10D0F09F11409E6D101F056BBDFF8D4
:10804000D4904FF00108A84581F24F832279E3785C
:1080500012061B04D218A37849461B02D218637873
:1080600037A8D21808F10408FEF704FC0434B8F16C
:108070000D0F09F11409E6D101F037BBA37862783E
:108080001B0237A81C499A18FEF7F4FB01F02DBB20
:10809000A37862781B0237A818499A18FEF7EAFB02
:1080A00001F023BB2279E37812061B04D318A278CF
:1080B000647812029B1837A8114901221B19FEF798
:1080C000D9FB01F012BB00BF00920200F48F020046
:1080D000B7900200808902005989020016910200BF
:1080E0008C930200028F02009C920200AF92020069
:1080F000A9910200C0910200B98E020037940200DB
:108100003B910200998A0200628C0200978802006B
:1081100048950200F09302002279E37812061B04CE
:10812000D318A278647812029B1837A897490222C4
:108130001B19FEF79FFB01F0D8BA37A89449627863
:10814000FEF798FB01F0D1BA9249627807F1020874
:1081500037A8FEF78FFB16F808208F49120937A8B9
:10816000FEF788FB16F8082037A88C4902F00F02AA
:10817000FEF780FB032D41F2B882E27837A88849E8
:10818000FEF778FB07F10508227937A88549FEF745
:1081900071FB16F8082037A892088349FEF76AFB9E
:1081A00016F8082037A8814902F00302FEF762FBA7
:1081B00037A87F49A279FEF75DFB01F096BA94F8E3
:1081C000028063784FEA082898441FFA88F84FEA3B
:1081D000D82237A87749FEF74DFB08F480630222C6
:1081E0009B0A37A87449FEF745FB08F40073022286
:1081F0005B0A37A87149FEF73DFB08F4F8730222C9
:108200001B0937A86E49FEF735FB08F00E03022262
:108210005B0837A86B49FEF72DFB022208F001032B
:1082200037A86949FEF726FB2379E4781B021C195D
:10823000A4B2E20A37A86549FEF71CFB04F4806388
:1082400005229B0A37A85C49FEF714FB04F400736F
:1082500005225B0A37A85949FEF70CFB04F4F873B2
:1082600005221B0937A85649FEF704FB04F00E034C
:1082700005225B0837A85349FEF7FCFA37A8524994
:10828000052204F00103FEF7F5FA01F02EBAA278F8
:1082900063781202D21837A84D49FEF7EBFA94F82A
:1082A00004E0E3784FEA0E2E0022734437A84949D0
:1082B000FEF7E0FA217AE27909028A1894F806E0DA
:1082C00063790092A17A627A09024FEA0E2E8A1827
:1082D0007344019237A800223F49FEF7CBFA227B74
:1082E000E37A0092627B37A80192A27B3B4902921B
:1082F0000022FEF7BFFAA17C627C09028A1894F87A
:1083000010E0E37B0092217DE27C09028A18019251
:10831000A17D627D09028A180292217EE27D090216
:108320008A180392A17E627E09028A180492217F34
:10833000E27E09028A180592A17F627F09028A18EB
:10834000069294F82010E27F09028A18079294F8A6
:10835000221094F8212009028A18089294F8241017
:1083600094F8232009028A18099294F8262094F898
:108370002510120252184FEA0E2E0A9237A81849F9
:1083800000227344FEF776FA01F0AFB93B91020088
:10839000508D0200808A0200328B0200FF890200A9
:1083A000D7870200958B0200099102008791020095
:1083B000129202006E8D02009B910200118F02004A
:1083C000D791020099940200C1930200D88602005E
:1083D000458C02004A89020021870200A88B020016
:1083E000EE8B020094F802E063784FEA0E2E012231
:1083F000734437A8AA49FEF73DFAA17962790902C8
:108400008A1894F804E0E3780092217AE27909026C
:108410004FEA0E2E8A187344019237A80122A1490F
:10842000FEF728FAA27A637A0092E27A37A80192DC
:10843000227B9D4902920122FEF71CFA217CE27BFD
:1084400009028A1894F80EE0637B0092A17C627C9A
:1084500009028A180192217DE27C09028A1802929F
:10846000A17D627D09028A180392217EE27D0902C4
:108470008A180492A17E627E09028A180592217FE1
:10848000E27E09028A180692A17F627F09028A1899
:10849000079294F82010E27F09028A18089294F853
:1084A000221094F8212009028A18099294F82420B5
:1084B00094F82310120252184FEA0E2E0A9237A88F
:1084C0007A4901227344FEF7D5F901F00EB994F808
:1084D00002E063784FEA0E2E0222734437A87049F7
:1084E000FEF7C8F9A179627909028A1894F804E0C4
:1084F000E3780092217AE27909024FEA0E2E8A1877
:108500007344019237A802226649FEF7B3F9A27AB2
:10851000637A0092E27A37A80192227B6249029242
:108520000222FEF7A7F9217CE27B09028A1894F85F
:108530000EE0637B0092A17C627C09028A180192A2
:10854000217DE27C09028A180292A17D627D0902E6
:108550008A180392217EE27D09028A180492A17E84
:10856000627E09028A180592217FE27E09028A183A
:108570000692A17F627F09028A18079294F8201060
:10858000E27F09028A18089294F8221094F82120B8
:1085900009028A18099294F8242094F823101202F0
:1085A00052184FEA0E2E0A9237A84049022273440D
:1085B000FEF760F901F099B8627837A83C49FEF7F8
:1085C00059F90122A37837A83A49FEF753F9022254
:1085D000E37837A83749FEF74DF96379227903F03C
:1085E00001031B0237A834499A18FEF743F901F03A
:1085F0007CB8A27863781202D31800932822002353
:1086000037A82E49FEF736F92279E3781202D318FB
:1086100000932822012337A82849FEF72BF9A279D5
:1086200063791202D31800932822022337A8234922
:10863000FEF720F9227AE3791202D3180093502230
:10864000002337A81D49FEF715F9A27A637A1202B2
:10865000D31800935022012337A81849FEF70AF9CE
:10866000237BE27A1B029B18009337A81349502200
:108670000223FEF7FFF801F038B8A27863781202FF
:10868000D21837A80E49FEF7F5F82379E2781B02D5
:1086900037A80C499A18FEF7EDF801F026B800BF8C
:1086A0004A89020021870200A88B0200EE8B02009B
:1086B000E5870200F48602002D930200F590020087
:1086C000118802005292020094F804E0E3784FEA25
:1086D0000E6E1B049E44A3786C221B029E4463789A
:1086E00037A873449749FEF7C5F894F808E0E37992
:1086F0004FEA0E6E1B049E44A3796C221B029E441B
:10870000637937A873449049FEF7B4F894F80CE005
:10871000E37A4FEA0E6E1B049E44A37A6D221B027D
:108720009E44637A37A873448649FEF7A3F894F809
:1087300010E0E37B4FEA0E6E1B049E44A37B6D2288
:108740001B029E44637B37A873447F49FEF792F86F
:1087500094F814E0E37C4FEA0E6E1B049E44A37C65
:1087600068221B029E44637C37A873447549FEF758
:1087700081F894F818E0E37D4FEA0E6E1B049E44E6
:10878000A37D68221B029E44637D37A873446E4913
:10879000FEF770F894F81AE0637E4FEA0E2E6C2212
:1087A000734437A86949FEF765F894F81CE0E37E46
:1087B0004FEA0E2E6D22734437A86449FEF75AF82B
:1087C000A37F647F1B0237A8604968221B19FEF74C
:1087D00051F800F08ABF94F802E063784FEA0E2E59
:1087E0007344682237A85A49FEF744F82279E3789F
:1087F0001202D318009368226C2337A85549FEF75C
:1088000039F8A27963791202D318009368226C2395
:1088100037A85149FEF72EF8227AE3791202D318CD
:10882000009368226D2337A84A49FEF723F8A27AFD
:10883000637A1202D318009368226D2337A8464941
:10884000FEF718F8227BE37A1202D318682200930D
:1088500037A813463F49FEF70DF8A27B637B12024F
:10886000D3186822009337A813463B49FEF702F855
:1088700094F810E0E37B4FEA0E2E73446C2237A885
:108880003349FDF7F7FFA27C637C1202D3186C22F8
:10889000009337A813462F49FDF7ECFF227DE37CB8
:1088A0001202D3186C22009337A813462A49FDF709
:1088B000E1FFA27D637D1202D31800936C2207F1C1
:1088C00018086D2337A82349FDF7D4FF16F80820B0
:1088D000E37D1202D31800936C226D2307F11A096D
:1088E00037A81D49FDF7C6FF16F80920637E12025E
:1088F000D31800936C22682337A81649FDF7BAFFF6
:10890000227FE37E1202D31800936C22682337A8DB
:108910001149FDF7AFFFA37F16F808E01B0268229C
:10892000734437A80D49FDF7A5FF94F8203016F8D9
:1089300009401B0237A809496C221B19FDF79AFF51
:1089400000F0D3BE328C02008F950200DC92020050
:10895000248F0200D78F0200428B0200688B020036
:108960006378002237A8AA4903F01F03FDF782FFAE
:10897000A378012237A8A64903F01F03FDF77AFF69
:10898000E378022237A8A24903F01F03FDF772FF24
:108990006279237902F01F020092A27937A802F0CF
:1089A0001F020192E2799B4902F01F02029203F03A
:1089B0001F030022FDF75EFF627A237A02F01F0296
:1089C0000092A27A37A802F01F020192E27A91493E
:1089D00002F01F02029203F01F030122FDF74AFF7B
:1089E000627B237B02F01F020092A27B37A802F079
:1089F0001F020192E27B874902F01F02029203F0FC
:108A00001F030222FDF736FF00F06FBE63780022DD
:108A100037A8814903F03F03FDF72CFFA37801221B
:108A200037A87D4903F01F03FDF724FFE3780222F6
:108A300037A8794903F01F03FDF71CFF62792379FA
:108A400002F03F020092A27937A802F03F020192A1
:108A5000E279724902F03F02029203F03F030022E2
:108A6000FDF708FF627A237A02F01F020092A27AD1
:108A700037A802F01F020192E27A684902F01F0251
:108A8000029203F01F030122FDF7F4FE627B237BB9
:108A900002F01F020092A27B37A802F01F0201928F
:108AA000E27B5E4902F01F02029203F01F030222E2
:108AB000FDF7E0FE00F019BE0022637837A85849A0
:108AC000FDF7D8FE0122A37837A85549FDF7D2FE5D
:108AD0000222E37837A85249FDF7CCFE0022237921
:108AE00037A85049FDF7C6FE0122637937A84D49E2
:108AF000FDF7C0FE37A84B490222A379FDF7BAFE65
:108B000000F0F3BD94F8028063784FEA0828984497
:108B10001FFA88F84FEAD83300930522002337A8BC
:108B20004149FDF7A7FE08F4F043DB12009305224C
:108B3000002337A83D49FDF79DFE08F4E0631B12B2
:108B400000930522002337A83949FDF793FE08F06A
:108B50008003DB1100930222002337A83249FDF77E
:108B600089FE08F07803DB1000930222002337A867
:108B70002E49FDF77FFE08F0070300930222002331
:108B800037A82B49FDF776FE2379E4781B021C19E0
:108B9000A4B24FF000084FEAD4390522682337A861
:108BA000244904F4F04A4FEAEA2A8DE8000304F469
:108BB000E064FDF75FFE0522682337A81E492412F2
:108BC0008DE80005FDF756FE682337A81B490522EE
:108BD000CDF800800194FDF74DFE052237A86D23E6
:108BE00014498DE80003FDF745FE05226D2337A8E3
:108BF00011498DE80005FDF73DFE37A80F49052214
:108C00006D23CDF800800194FDF734FE00F06DBDBA
:108C1000B18C02006689020032890200C390020012
:108C20004C8E02007D8B02000593020065940200C9
:108C30004F90020005870200528A0200118E020046
:108C400094F8028063784FEA082898441FFA88F85D
:108C50004FEAD83300930522012337A8B549FDF721
:108C600009FE08F4F043DB1200930522012337A824
:108C7000B149FDF7FFFD08F4E0631B1200930522E4
:108C8000012337A8AD49FDF7F5FD08F08003DB119E
:108C900000930222012337A8A649FDF7EBFD08F057
:108CA0007803DB1000930222012337A8A249FDF7C5
:108CB000E1FD08F0070300930222012337A89F4932
:108CC000FDF7D8FD2379E4781B021C19A4B24FF0FC
:108CD00001084FEAD4390522682337A8984904F4DB
:108CE000F04A4FEAEA2A8DE8000304F4E064FDF755
:108CF000C1FD0522682337A8924924128DE800059A
:108D0000FDF7B8FD682337A88F490522CDF800800C
:108D10000194FDF7AFFD052237A86D2388498DE842
:108D20000003FDF7A7FD05226D2337A885498DE8CF
:108D30000005FDF79FFD37A8834905226D23CDF877
:108D400000800194FDF796FD00F0CFBC94F80280FE
:108D500063784FEA082898441FFA88F84FEAD83316
:108D600000930522022337A87249FDF783FD08F41A
:108D7000F043DB1200930522022337A86E49FDF76A
:108D800079FD08F4E0631B1200930522022337A843
:108D90006A49FDF76FFD08F080030222DB110093A2
:108DA00037A813466349FDF765FD08F078030222F2
:108DB000DB10009337A813465F49FDF75BFD0222E5
:108DC00008F00703009337A813465C49FDF752FDEE
:108DD0002379E4781B021C19A4B24FF002084FEA71
:108DE000D4390522682337A8554904F4F04A4FEADC
:108DF000EA2A8DE8000304F4E064FDF73BFD052258
:108E0000682337A84F4924128DE80005FDF732FD8D
:108E10000522682337A84C49CDF800800194FDF75E
:108E200029FD6D2337A8464905228DE80003FDF78B
:108E300021FD052237A86D2342498DE80005FDF785
:108E400019FD37A8404905226D23CDF80080019413
:108E5000FDF710FD00F049BC94F802E063784FEA9A
:108E60000E2E2822734437A83849FDF703FD94F8E5
:108E700004E0E3784FEA0E2E2822734437A83449E1
:108E8000FDF7F8FC94F806E063794FEA0E2E5022C5
:108E9000734437A82D49FDF7EDFC237AE4791B02D2
:108EA00037A82B4950221B19FDF7E4FC00F01DBC2C
:108EB000A27863780092E2782521019222791DA898
:108EC000029262790392A2790492E2790592227A5F
:108ED0000692627A0792A27A0892E27A0992227B3B
:108EE0000A92627B0B92A27B0C92E27B0D92227C17
:108EF0000E92184AEBF38AF637A817491DAAFDF718
:108F0000B9FCF2E37C1C325D37A8144902F07F0201
:108F1000FDF7B0FC325D37A81149D209FDF7AAFC74
:108F2000E3E3A378627837A80E4942EA0322FDF70B
:108F3000A1FCDAE305930200659402004F90020061
:108F400005870200528A0200118E02004C91020035
:108F5000148902003A3E010068910200B2940200B6
:108F60006692020070910200A378627837A8944953
:108F700042EA0322FDF77EFCB7E3E37822791B0483
:108F800043EA0263627837A81343A2788D4943EA23
:108F90000222FDF76FFCA8E3E37822791B0443EA81
:108FA0000263627837A81343A278874943EA022212
:108FB000FDF760FC99E3E37822791B0443EA02633E
:108FC000627837A81343A278804943EA0222FDF76A
:108FD00051FC8AE3A378627837A87D4942EA0322EC
:108FE000FDF748FC81E3A378627837A8794942EA23
:108FF0000322FDF73FFC78E3A378627837A876492F
:1090000042EA0322FDF736FC6FE3A378627837A8C3
:10901000724942EA0322FDF72DFC66E394F80190C1
:109020005FEA990900F061834FF00008A179E279C5
:10903000090294F803E041EA0241627923790A4384
:109040004FEA0E2E4EEA034EA3780092617AA27A7E
:10905000090241EA0241227A37A80A430192217BA0
:10906000627B090241EA0241E27A4EEA03030A43C3
:1090700002925B49424608F10108FDF7FBFB0C3404
:10908000C845D3DB31E337A856496278FDF7F2FBD8
:109090002BE337A854496278FDF7ECFB25E3227AED
:1090A000E17923791143A27994F803E011436279BD
:1090B0004EEA030EA3780A434EEA030E6378009249
:1090C000227BE17A4EEA03031143A27A37A81143C7
:1090D000627A0A430192227CE17B1143A27B114315
:1090E000627B0A43029241490022FDF7C3FB227EC4
:1090F000E17D237D1143A27D94F813E01143627D4D
:109100004EEA030EA37C0A434EEA030E637C0092F0
:10911000227FE17E37A81143A27E4EEA030311436A
:10912000627E0A43019294F82020E17F1143A27FDE
:109130000A43617F0A4302922C490122FDF79AFB00
:10914000D3E2A37864781B021C19A4B204F00F03C5
:1091500000932822002337A82549FDF78BFB04F054
:10916000F0031B1100932822012337A82049FDF7A3
:1091700081FB04F470631B1200932822022337A89A
:109180001B49FDF777FB37A81A492822E30BFDF7A7
:1091900071FBAAE22179E27809028A1894F802E0C8
:1091A00063780092A2796179120252184FEA0E2E6A
:1091B000019237A8104900227344FDF75BFB94E24B
:1091C000D38802003F930200579302006F9302007E
:1091D000588E02006D8E0200828E0200978E020071
:1091E0006890020024910200D4890200798D020067
:1091F000998D0200ED920200538702002179E278F6
:1092000009028A1894F802E063780092A1796279E1
:1092100009028A180192217AE27909028A180292D7
:10922000A17A627A09028A180392217BE27A090202
:109230008A180492A17B627B09028A180592217C1C
:10924000E27B09028A180692A17C627C09028A18D4
:109250000792217DE27C09028A180892A17D627D35
:1092600009028A180992227EE17D120252184FEA01
:109270000E2E0A9237A87B4900227344FDF7FAFAB2
:1092800033E22179E27809028A1894F802E06378DF
:109290000092A179627909028A180192217AE27911
:1092A00009028A180292A17A627A09028A18039244
:1092B000217BE27A09028A180492A17B627B09026F
:1092C0008A180592217CE27B09028A180692A17C09
:1092D000627C09028A180792217DE27C09028A18C1
:1092E0000892A17D627D09028A180992227EE17DA1
:1092F000120252184FEA0E2E0A9237A85A4900223B
:109300007344FDF7B7FAF0E12179E27809028A188F
:1093100094F802E063780092A179627909028A18D0
:109320000192217AE27909028A180292A17A627A7C
:1093300009028A180392217BE27A09028A180492B0
:10934000A17B627B09028A180592217CE27B0902DB
:109350008A180692A17C627C09028A180792217DF4
:10936000E27C09028A180892A17D627D09028A18AE
:109370000992217EE27D09024FEA0E2E8A180A9296
:109380007344002237A83949FDF774FA217FE27E41
:1093900009028A1894F81AE0637E0092A17F627F26
:1093A00009028A18019294F82010E27F09028A18B3
:1093B000029294F8221094F8212009028A1803924C
:1093C00094F8241094F8232009028A18049294F83F
:1093D000261094F8252009028A18059294F828107E
:1093E00094F8272009028A18069294F82A1094F813
:1093F000292009028A18079294F82C1094F82B203F
:1094000009028A18089294F82E1094F82D20090267
:109410008A18099294F8302094F82F1012025218EA
:109420004FEA0E2E0A9237A8104901227344FDF725
:1094300021FA5AE1A37862781B0237A80C499A18DE
:10944000FDF718FA51E137A80A496278FDF712FAD8
:109450004BE1A378627837A8074942EA0322FDF777
:1094600009FA42E14F8802008C890200FE94020052
:10947000458C0200018802007E870200E278237991
:10948000120442EA03626378217A1A43E379207B6B
:109490001B0443EA0163617994F802C00B43E17A4B
:1094A00094F806E0090441EA0061607A42EA0C227D
:1094B0000143A07A43EA0E2341EA00210091E17BB7
:1094C000207C090441EA0061607B0143A07B41EA02
:1094D00000210191E17C207D090441EA0061607C6A
:1094E0000143A07C41EA00210291E17D207E090434
:1094F00041EA0061607D0143A07D41EA00210391C2
:10950000E17E207F090441EA0061607E0143A07E84
:1095100041EA00210491E17F94F82000090441EA26
:109520000061607F0143A07F41EA0021059194F82A
:10953000231094F82400090441EA006194F8210002
:10954000014394F8220041EA0021069194F8270093
:1095500094F82810000440EA016094F825100143B3
:1095600094F8260041EA0021079137A88249FDF7C7
:1095700081F9BAE0E2782379120442EA036263785F
:10958000217A1A43E379207B1B0443EA0163617962
:1095900094F802C00B43E17A94F806E0090441EA2A
:1095A0000061607A42EA0C220143A07A43EA0E236A
:1095B00041EA00210091E17B207C090441EA00613D
:1095C000607B0143A07B41EA00210191E17C207D89
:1095D000090441EA0061607C0143A07C41EA00216A
:1095E0000291E17D207E090441EA0061607D014332
:1095F000A07D41EA00210391E17E207F090441EA38
:109600000061607E0143A07E41EA00210491E17F78
:1096100094F82000090441EA0061607F0143A07FC3
:1096200041EA0021059194F8231094F824000904DC
:1096300041EA006194F82100014394F8220041EAD4
:109640000021069194F8270094F82810000440EABD
:10965000016094F82510014394F8260041EA0021A6
:10966000079137A84549FDF705F93EE00B2D3CD1A0
:10967000A37862781B02D21837A84149FDF7FAF89F
:109680002379E2781B02D21837A83E49FDF7F2F899
:10969000A37962791B02D21837A83B49FDF7EAF893
:1096A000237AE2791B02D21837A83849FDF7E2F88D
:1096B000A27A637A120237A835499A18FDF7DAF8C8
:1096C00013E0E37822791B0443EA0263627837A847
:1096D0001343A2782F4943EA0222FDF7CBF804E0B6
:1096E0000022149201E00123139310997B19FF29A2
:1096F0007DF463A9159A01321592159B1B998B4233
:109700007DF453A9119A511C03D037A82249FDF7C3
:10971000B1F89DF89C3023B137A8204927AAFDF75E
:10972000A9F8169B0A2B0CD800201D49ECF3A4F0D5
:1097300038B9139929B937A81A49139AFF23FDF7A5
:1097400099F8389A002302F8013B449B1A98009339
:109750001299189B3892FDF76DF804461298F0F3B1
:1097600017F201E06FF0010420463BB0BDE8F08F36
:1097700001211391B9E700BFC28C0200FF8C0200E7
:109780004F8F0200638F0200778F02008B8F0200E1
:109790009F8F02002C8E02001D900200F4890200AF
:1097A000468902009C8702002DE9F04F8DB005929A
:1097B00005468A4606A80021142298460B91EBF331
:1097C000BFF1594B1C78002C40F0A3806B69232B10
:1097D0000CDD1C222846214623460094F5F388F22E
:1097E000002806DA01260227B14605E004270126F3
:1097F00001E00C270326A1462846F5F30BF20128C9
:10980000834602D0022813D105E028465146EBF3E7
:10981000CBF040000BE02846FCF7A1FF044638B12E
:10982000FCF793FFC20503D52046FCF793FF0B908E
:109830000B9800284ED0F0F399F1044600286ED022
:10984000BBF1010F03D0BBF1020F1BD10BE00B9B4F
:10985000002101930290059A2846534600910391F6
:10986000EBF3A0F00CE00B9A0CAB520843F8042D7C
:10987000284601212246FCF7A6FF0B9B5B000B93B9
:10988000002840D122884FF6FD73013A92B29A42E5
:1098900003D92046F0F37CF11CE0B9F1000F03D0AE
:1098A00004EB4707069719E0E31962880693A3883B
:1098B000A7F5805707EB12221B0602EB1343E318B0
:1098C0000793E388DB19E31808932389DF19E71965
:1098D000099703E0154B002406930126169A50467B
:1098E000009206A932464346FDF716F850B9169B7A
:1098F00028461A68D8F8001001F038FDD8F8002082
:109900000B4B1A6014B12046F0F342F1064A0123D2
:109910001370169B0020C8F80000186001E06FF07B
:109920001A000DB0BDE8F08F29610100608B0200C4
:109930008893020030B51946039B049C43B14CB197
:1099400000251D6025600394BDE83040FFF72CBF63
:10995000184630BD204630BD014B00221A707047BA
:1099600029610100F8B50C4F06463C688CB1012511
:109970000BE0284600212C46E6F7C6FF20B128461A
:109980003146E6F7BBFF04E001353B689D42F0D964
:1099900000242046F8BD00BF2C61010010B584787A
:1099A00001462046E6F7B0FF28B120460021E6F741
:1099B000A5FF002010BD4FF0FF3010BD70B50C4E5C
:1099C0000D46306880B90B49E6F798FF012404E0A2
:1099D00020460021E6F792FF013433689C42F7D914
:1099E000034B28461D6070BD4FF0FF3070BD00BFB7
:1099F0002C610100ADDEADDE064B1A68194632B1AE
:109A0000012300E001339342FCD900230B600020C6
:109A1000704700BF2C6101002DE9F0470C46166825
:109A20008246154608468422002198469DF82470F7
:109A3000EBF386F02046FFF795FFC0B2002832D046
:109A4000012323709DF82030A070003318BF01233C
:109A5000E3703C233C2EB4BFB1464FF03C09A4F860
:109A60000E806770A381002615E0504641463A46B5
:109A7000F0F390F030B96368002B0CBF6FF01A0060
:109A800000200BE0A3780136C3706368436123892B
:109A90006060013323814E45E7DB00202389638129
:109AA0002B60BDE8F0874FF0FF30BDE8F087F8B5D8
:109AB00006460C4600250BE07B69304663600023B8
:109AC0007B61FB703946E278F0F386F00135ADB288
:109AD0006768002FF0D1238920465B1B23816389AF
:109AE0005D1B6581FFF75AFFA77027703846F8BDE8
:109AF00010B5C37C032B08D09C1D00EBC4040133BC
:109B00006160A260C374002010BD4FF0FF3010BD33
:109B10002DE9F84311F01F0618BF012606EB511777
:109B200007F107094FEA890948460D4601F01F0869
:109B3000F0F31CF0044600283BD000214A46BFB297
:109B4000EAF3FEF76780A580E580A46021462246FF
:109B5000002303E04FF0FF30906101330432BB4239
:109B6000F8D356B14FF0FF3202FA08F87B1D04EB30
:109B700083035A6882EA08025A6017F01F0318BF6D
:109B8000012307F01F0003EB57172780002203E093
:109B90004FF0FF358D6001320431BA42F8D343B142
:109BA0004FF0FF338340013704EB87077A68534057
:109BB0007B602046BDE8F8830846EFF3E9B7436BC6
:109BC00023B14FF47F629A60436B05E0836B4BB126
:109BD0004FF47F629A60836B9868D0F1010038BFC0
:109BE00000207047012070470346002001E001304B
:109BF000C0B25B08FBD170470B6843F440330B6085
:109C000008680B6800F4403023F440330B60A0F583
:109C10004031484240EB0100704708B5416B09B93B
:109C2000816B21B1806AFFF7E7FF012008BD08467C
:109C300008BD2DE9F047DDF820801F88099D1046FA
:109C4000894614461E46394642462B46EFF38EF4AB
:109C50008246E8B1012313FA07F72B68013BDB19B1
:109C6000B3FBF7F35F43631EDB195F4017EA090F8D
:109C70000ED02046FFF7B8FF30805046EFF380F457
:109C80003188204642462B46BDE8F047EFF36EB4DC
:109C90005046BDE8F08770B5002301290CBFB0F82D
:109CA0004620B0F86C2086B00493B0F8443012011E
:109CB00001290446ADF816300D46806A41F6FF735F
:109CC00029D104AED4F8C410009604F15C060196C4
:109CD000994214BF4FF480314FF4005104F1500603
:109CE0000DF116030296FFF7A4FF002840D0BDF83F
:109CF0001630E26D15FA03F3511EC918B1FBF3F1EA
:109D00004B43A3659B1A9BB2C018A4F86030049B18
:109D1000E06363662BE004ADD4F8CC10009504F149
:109D200084050195994214BF4FF480314FF40051DE
:109D300004F178050DF116030295FFF77AFFB8B12B
:109D4000BDF81630012515FA03F3D4F88420511E0E
:109D5000C918B1FBF3F14B43C4F880309B1A9BB296
:109D6000C018A4F88830049B2064C4F88C302846BE
:109D700006B070BDFFF78FBF2DE9F74F8DE80300E8
:109D80000EAEE02014469A460D9F96E8400ADDF894
:109D90004C80EFF3EBF60546002800F079810021B6
:109DA000E022EAF3CDF69A4B0021B8F1000F08BF8C
:109DB00098460A46C5F81C802046F4F38BF70C9BA6
:109DC000C0F30030AB63934B03212B60002285F876
:109DD0003000C5F834A02846EDF3F8F5082205F167
:109DE00020000199EAF384F7002385F82730009BCF
:109DF000EC62AB62BBF1FF3F14BF5B46CC23B9F111
:109E0000CC0F88BFC3EB0909C5F89830BDF84430C2
:109E1000A5F84670C5F89C309DF84830A5F86C60F0
:109E2000C5F8A0300C9BA5F89490002B45D0AA6BE8
:109E30001368D80704D523F001031360AA6B1360DD
:109E4000AB6B4FF0FF329A602046F4F345F740F6D3
:109E50003C03984212D1E86AF4F34EF7052809D082
:109E6000E86AF4F349F7082804D0E86AF4F344F701
:109E70000C2803D1AB6B4FF0FF329A60AB6B9A6842
:109E80001205120D1AB15A6842F00F0201E041F6B4
:109E9000FF72C5F8CC201A6802F4E012920C85F823
:109EA000B5201A6802F46002520D85F8BA201B68CA
:109EB00003F040731B0E85F8BB30BAF1000F4DD094
:109EC0006A6B1368D90704D523F0010313606A6B2A
:109ED00013606B6B4FF0FF329A60E86AF4F3FCF6A4
:109EE00040F63C03984212D1E86AF4F305F70528DE
:109EF00009D0E86AF4F300F7082804D0E86AF4F31C
:109F0000FBF60C2803D16B6B4FF0FF329A606B6B42
:109F10009A681205120D1AB15A6842F00F0201E058
:109F200041F6FF72C5F8C420C5F8C8201A6802F4CB
:109F3000E012920C85F8B6201A6802F4E0729209D9
:109F400085F8B7201A6802F46002520D85F8B8202F
:109F50001B6803F040731B0E85F8B930626800235C
:109F6000012AC5F8A430C5F8AC3018D1A268B2F502
:109F7000026F03D040F63C018A4202D14FF0004309
:109F800003E04FF08042C5F8A420C5F8A830D5F80A
:109F9000A430C5F8AC30D5F8A830C5F8B0302046AC
:109FA000F4F39AF640F62903984208D12046F4F3D8
:109FB000A3F620B12046F4F39FF602280FD92046DD
:109FC000F4F38AF640F6340398420CD12046F4F3B9
:109FD00093F620B12046F4F38FF6012803D1002335
:109FE00085F8313004E02846FFF717FE85F8310088
:109FF0002846FFF7E4FD85F8B40068B10D23FF2F74
:10A00000A5F844300CD8FF2E09D80C2305E000BF7A
:10A01000906101008C5001000423A5F844304FB139
:10A02000BC002046EFF3A2F5E86468B300212246A5
:10A03000EAF386F54EB1B4002046EFF397F5686772
:10A0400010B300212246EAF37BF527B1284601210F
:10A05000FFF790FEC0B126B128460221FFF78AFE25
:10A0600090B1D5F8A4305BB195F8313043B9AB6D00
:10A07000B3F1804F08D8D5F88030B3F1804F03D8C2
:10A08000012385F8DD3003E02846EDF3F9F40025DF
:10A090002846BDE8FE8F00BF10B50446F5F38CF2EC
:10A0A000002120460A46F4F315F6C30407D52046DE
:10A0B00001F0DBFA00280CBF2020402010BD20203A
:10A0C00010BD2DE9F0470446266A09A9042E666AE8
:10A0D0009DF82000CCBF06F4781606F4F01691E83F
:10A0E0002202760C4FF000084BE031F828A01FFA4E
:10A0F00083FCE24501EB880703D197F802C0844551
:10A1000004D008F101085FFA88F83AE0002A35D057
:10A1100006FB08F800252EE063692046222B0ADDA5
:10A12000E3695A0607D540F627010022F4F342F707
:10A130000146204600E000214FF4CC62F4F3DAF54A
:10A14000056063692046222B0ADDE3695B0607D5BB
:10A1500040F627010022F4F32DF70146204600E0E7
:10A16000002140F26462F4F3C5F509EB880353F86B
:10A17000253001350360EBB2B342CDD3F878BDE8AA
:10A18000F087A845B1D30020BDE8F0872DE9F8435A
:10A1900004461E46002B00F0B480436A02EB06150D
:10A1A00003F4F8594FEA192955F8043C013E0BB95C
:10A1B00000279FE020469847002800F09E80F7E7A0
:10A1C0000122BA4055F8103C1A4200F092806369AF
:10A1D0002046222B0ADDE3695A0607D540F62701FF
:10A1E0000022F4F3E7F60146204600E000214FF498
:10A1F000C462F4F37FF5076015F90C2C22B1012A33
:10A2000019D0013275D144E063692046222B09DD63
:10A21000E3695B0606D540F62701F4F3CBF6014669
:10A22000204600E0002140F22462F4F363F555F883
:10A23000083C03605DE063692046222B0ADDE36988
:10A24000590607D540F627010022F4F3B3F601467C
:10A25000204600E0002140F22462F4F34BF56369EC
:10A260008046222B20460ADDE3695A0607D540F6D0
:10A2700027010022F4F39EF60146204600E000216B
:10A2800040F22462F4F336F555F8083C02681343B3
:10A290002DE063692046222B0ADDE3695B0607D5C2
:10A2A00040F627010022F4F385F60146204600E03F
:10A2B000002140F22462F4F31DF563698046222BED
:10A2C00020460ADDE369590607D540F6270100223A
:10A2D000F4F370F60146204600E0002140F22462CB
:10A2E000F4F308F555F8082C036823EA0203C8F8CC
:10A2F000003001374F457FF463AF103D002E7FF4EF
:10A3000053AFBDE8F883000070B59D4904460020B6
:10A31000EBF38EF2002800F0318100209849EBF336
:10A3200087F2974905460020EBF382F294490646EE
:10A330000020EBF37DF215F0006500F0AC804FF4E7
:10A340000012002113462046E6F741FD02220621B5
:10A3500013462046F4F344F663692046222B0ADDB7
:10A36000E3695A0607D540F627010022F4F322F6E6
:10A370000146204600E000214FF4C162F4F3BAF434
:10A380000668002506F480761BE04FF47A70EFF340
:10A39000DBF063692046222B0ADDE3695B0607D503
:10A3A00040F627013246F4F305F60146204600E068
:10A3B00000214FF4C162F4F39DF40668013506F400
:10A3C00080761EB9B5F57A7FDFD170BDB5F57A7F9D
:10A3D00000F0D4804FF47A70EFF3B6F00822062133
:10A3E00013462046F4F3FCF5002306210422204600
:10A3F000F4F3F6F54FF47A70EFF3A6F063692046B4
:10A40000222B0ADDE369590607D540F62701002211
:10A41000F4F3D0F50146204600E000214FF4C0627D
:10A42000F4F368F40568002605F001051BE04FF41D
:10A430007A70EFF389F063692046222B0ADDE36925
:10A440005A0607D540F627010022F4F3B3F501467A
:10A45000204600E000214FF4C062F4F34BF405689D
:10A46000013605F001051DB1B6F57A7FDFD102E0B6
:10A47000B6F57A7F03D120460621082279E02946E5
:10A480004FF480122B462046E6F7A1FC2046062119
:10A4900001222B466EE0730170D54FF480121346F3
:10A4A00029462046E6F793FC012206211346204662
:10A4B000F4F396F54FF47A70EFF346F00422062198
:10A4C00013462046F4F38CF5062108222B4620463D
:10A4D000F4F386F54FF47A70EFF336F063692046B3
:10A4E000222B0ADDE3695E0607D540F627012A46DE
:10A4F000F4F360F50146204600E000214FF4C0620D
:10A50000F4F3F8F30668002506F001061BE04FF4AB
:10A510007A70EFF319F063692046222B0ADDE369B4
:10A52000590607D540F627013246F4F343F50146B4
:10A53000204600E000214FF4C062F4F3DBF306682C
:10A54000013506F001061EB9B5F57A7FDFD102E0CC
:10A55000B5F57A7F03D120460621042209E00021C7
:10A560004FF400120B462046E6F731FC2046062148
:10A5700002220023BDE87040F4F332B570BD00BF85
:10A580006853010046F29053994210B5044609D031
:10A5900049F21823994207D0B1F5964F0CBF1F23FB
:10A5A000002302E02A2300E03C230521FF2220466D
:10A5B000E6F779FC4FF40002062113462046E6F741
:10A5C0003CFC1E20EEF3C0F7204606214FF40002AB
:10A5D0000023BDE81040E6F730BC0000F0B5036A88
:10A5E000466A042BCCBF06F4781606F4F01685B044
:10A5F0000446760C00253BE0102168461F4A2B4696
:10A60000EAF304F300206946EBF336F100282ED07C
:10A6100000210A46EAF3CCF663690746222B20465E
:10A620000ADDE369590607D540F627010022F4F355
:10A63000C1F40146204600E000214FF4CC62F4F35F
:10A6400059F3056063692046222B0ADDE3695A0647
:10A6500007D540F627010022F4F3ACF4014620466A
:10A6600000E0002140F26462F4F344F30760013536
:10A67000EBB2B342C0D305B0F0BD00BFD595020028
:10A68000F0B5036A85B0042B0446466A03DD06F084
:10A69000F866B60D02E006F0F076760D00253BE098
:10A6A000102168461F4A2B46EAF3B0F200206946A3
:10A6B000EBF3E2F000282ED000210A46EAF378F608
:10A6C00063690746222B20460ADDE3695A0607D54F
:10A6D00040F627010022F4F36DF40146204600E025
:10A6E00000214FF4CB62F4F305F305606369204663
:10A6F000222B0ADDE3695B0607D540F6270100221D
:10A70000F4F358F40146204600E0002140F25C6278
:10A71000F4F3F0F207600135EBB2B342C0D305B0F9
:10A72000F0BD00BF0C990200F0B5036A85B0042BA0
:10A730000446466A01DDF60E02E006F0F056760E9B
:10A7400000253BE0102168461E4A2B46EAF35EF2E4
:10A7500000206946EBF390F000282ED000210A4635
:10A76000EAF326F663690746222B20460ADDE369F1
:10A770005B0607D540F627010022F4F31BF40146DF
:10A78000204600E000214FF4CA62F4F3B3F2056002
:10A7900063692046222B0ADDE369590607D540F696
:10A7A00027010022F4F306F40146204600E00021D0
:10A7B00040F25462F4F39EF207600135B542C1D114
:10A7C00005B0F0BD1B99020000487047C0AD3A02C9
:10A7D0002DE9F04304460F4685B000209049154608
:10A7E0001E46EBF325F060B92046394615B1FFF758
:10A7F000EBFF07E0FFF7E8FF4FF47A75B0FBF5F5E4
:10A8000000E0054600208749EBF312F000F00F004E
:10A81000012808D0022809D0834B844A032814BF9A
:10A820009146994604E0DFF8149201E0DFF81092B7
:10A8300029462046FFF7A6FE2046F4F355F20021F4
:10A8400080462046F5F300F0794B0246002E4BD1AE
:10A850000193032302933946204632462B46009645
:10A86000CDF80C90FFF72DFC0746002837D0636920
:10A870002046222B0ADDE3695B0607D540F6270157
:10A880003246F4F397F30146204600E000214FF4EE
:10A89000C062F4F32FF20268BF004FF683731340D7
:10A8A00007F07C0205F17F07FF09013F42EA0747F5
:10A8B0001F4363692046222B0ADDE369590607D549
:10A8C00040F627010022F4F375F30146204600E02C
:10A8D00000214FF4C062F4F30DF2076096E02946C0
:10A8E0005448EAF353F192E000218DE80A00032373
:10A8F0000293204639462B46CDF80C90FFF7E1FB3A
:10A90000002D00F083802046E6F774F8064606E046
:10A91000AB4203D16369222B07DC12E00C36002E18
:10A9200074D03388002BF3D170E0E3695A0608D560
:10A9300040F6270120460022F4F33CF3014620466E
:10A9400001E0204600214FF4C062F4F3D3F1026825
:10A95000B37802F07C02B3EB920F57D03579F378DD
:10A960002D061B0505F0706503F4700300214FF000
:10A970007F622B432046E6F796FA737902211B0586
:10A980002D4A43F400332046E6F78DFAB3686FF0A2
:10A990007F42032113402046E6F785FA636920468B
:10A9A000222B0ADDE3695B0607D540F6270100226A
:10A9B000F4F300F30146204600E000214FF4C062AA
:10A9C000F4F398F102684FF6837335881340B27838
:10A9D0007F35ED119200013D02F07C0242EA05450F
:10A9E0001D4363692046222B0ADDE3695E0607D515
:10A9F00040F627010022F4F3DDF20146204600E094
:10AA000000214FF4C062F4F375F105600126204681
:10AA10004146F4F319F7304605B0BDE8F08300BFB6
:10AA2000EC950200745301008C5101000C5201009E
:10AA300006970200A39502000000FE1F805301004C
:10AA4000F85301002DE9F04399468BB0002307939A
:10AA500008930993036A476A042BCCBF07F478175D
:10AA600007F4F01704460D4690467F0C00260CE0D4
:10AA7000102103A8334A3346EAF3C8F0002003A9A3
:10AA8000EAF3FAF620B90136F6B2BE42F0D34EE050
:10AA900008AB009309AB019320462946424607AB19
:10AAA000E6F7C0FB012329464A462046FFF790FE01
:10AAB00020462946FFF792FD236A012B2CDD6369AE
:10AAC0002046222B0ADDE3695E0607D540F6270102
:10AAD0000022F4F36FF20146204600E000214FF41B
:10AAE000C062F4F307F163690646222B20460ADDB3
:10AAF000E369590607D540F627010022F4F35AF21C
:10AB00000146204600E000214FF4C062F4F3F2F069
:10AB1000036843F480633360089B20460093099BDD
:10AB2000294601934246079BE6F7D4F807E0204602
:10AB300029464A460023FFF74BFE0028A8D10BB058
:10AB4000BDE8F083D59502002DE9F04F002587B0D0
:10AB500004460E4604950595F4F3C6F0294683464F
:10AB60002046F4F371F6A14982462846EAF384F6BA
:10AB700048B1012384F8603329462A46EAF318F4E1
:10AB8000C4F85C0301E084F8600300209849EAF30C
:10AB900073F648B10123002184F868330A46EAF3CA
:10ABA00007F4C4F8640301E084F868032046F3F373
:10ABB000F5F7904B676A98428F4B94BF202521256B
:10ABC000A3F1080898BF984607F4F8573F0A08EB26
:10ABD000C50863692046222B0ADDE3695A0607D5BA
:10ABE00040F627010022F4F3E5F10146204600E09B
:10ABF00000214FF4C462F4F37DF018F8083C013DE5
:10AC0000036063692046222B0ADDE3695B0607D5F2
:10AC100040F627010022F4F3CDF10146204600E082
:10AC200000214FF4C562F4F365F058F8043CA8F134
:10AC300008080360002DCCD147E0082102A86F4A24
:10AC40002B46E9F3E3F7002002A9EAF315F6002802
:10AC50003AD000210A46EAF3ABF3236A80460C2B74
:10AC600007DDB0F5803F04D2C3B24FEA102843EAB3
:10AC7000084863692046222B0ADDE369590607D597
:10AC800040F627010022F4F395F10146204600E04A
:10AC900000214FF4C462F4F32DF00560636920468F
:10ACA000222B0ADDE3695A0607D540F62701002268
:10ACB000F4F380F10146204600E000214FF4C56224
:10ACC000F4F318F0C0F800800135BD42B5D120463C
:10ACD00031464B4A1F23FFF759FA00253EE0082171
:10ACE000484A2B4602A8E9F391F7002002A9EAF3AB
:10ACF000C3F58146002830D063692046222B0ADD47
:10AD0000E3695B0607D540F627010022F4F352F110
:10AD10000146204600E000214FF4C462F3F3EAF755
:10AD2000056063692046222B0ADDE369590607D5D1
:10AD300040F627010022F4F33DF10146204600E0F1
:10AD4000002140F22462F3F3D5F7002180460A4641
:10AD50004846EAF32DF3C8F800000135BD42BED1E4
:10AD6000204604A905AAE5F70FFF049F52463B467B
:10AD70003146002520460095E5F752FE3843049001
:10AD80002046F4F347F4059A049B002A3CD01A436A
:10AD900063690592222B20460ADDE3695A0607D52E
:10ADA00040F627012A46F4F305F10146204600E06B
:10ADB000002140F21C62F3F39DF763690546222BE4
:10ADC00020460ADDE3695B0607D540F6270100222D
:10ADD000F4F3F0F00146204600E0002140F21C624E
:10ADE000F3F388F7059B02683AE000BFC5950200BF
:10ADF00000970200BFAD3A0200960200E7950200FC
:10AE00001C970200E2950200002B2BD063692046BC
:10AE1000222B09DDE369590606D540F62701F4F334
:10AE2000C9F00146204600E0002140F21C62F3F325
:10AE300061F763690546222B20460ADDE3695A065D
:10AE400007D540F627010022F4F3B4F0014620466E
:10AE500000E0002140F21C62F3F34CF7049B02680F
:10AE600013432B60049BABB163692046222B0ADDA0
:10AE7000E3695B0607D540F627010022F4F39AF058
:10AE80000146204600E000214FF4C362F3F332F79D
:10AE9000049B0360059BABB163692046222B0ADD4E
:10AEA000E369590607D540F627010022F4F382F042
:10AEB0000146204600E0002140F21C62F3F31AF73D
:10AEC000059B0360314652462046E6F77EF94FF473
:10AED000FA60EEF339F320465946F4F3B5F407B0BF
:10AEE000BDE8F08FF8B5044615460E46F3F3FCF6C0
:10AEF000002107462046F4F3A7F4314602462B46CC
:10AF00002046FFF79FFD204631462A46E5F7D8FD4B
:10AF100020463946BDE8F840F4F396B438B5036AE4
:10AF20000446012B2DD14369222B0ADDC3695A0641
:10AF300007D540F627010022F4F33CF001462046F5
:10AF400001E0204600214FF4C062F3F3D3F66369B9
:10AF50000546222B20460ADDE3695B0607D540F64D
:10AF600027010022F4F326F00146204600E00021EC
:10AF70004FF4C062F3F3BEF6036823F400732B6052
:10AF800038BD2CDD4369222B0ADDC369590607D57C
:10AF900040F627010022F4F30DF00146204601E0BF
:10AFA000204600214FF4C062F3F3A4F6636905461E
:10AFB000222B20460ADDE3695A0607D540F6270111
:10AFC0000022F3F3F7F70146204600E000214FF49A
:10AFD000C062F3F38FF6036843F400732B6038BD4F
:10AFE00070470120704738B505460C46FFF79CFBBB
:10AFF000284621460022FFF7F3FF28462146BDE8F8
:10B000003840FFF781B9000038B504460D460020EE
:10B010003149EAF331F440B100210A46EAF3C8F1BC
:10B020002946C3B20122204603E0204629460122D8
:10B030000523E5F78BFF00202849EAF31DF448B10A
:10B0400000210A46EAF3B4F12946C3B20922204698
:10B05000E5F77CFF00202249EAF30EF448B1002115
:10B060000A46EAF3A5F12946C3B205222046E5F7D0
:10B070006DFF00201B49EAF3FFF348B100210A46A7
:10B08000EAF396F12946C3B206222046E5F75EFFB1
:10B09000002120464FF478624FF43863E5F7CDFE87
:10B0A000002120464FF460424FF42043E5F7C5FEEF
:10B0B0004FF4C022002113462046E5F7BEFE0122D0
:10B0C000002120461346E5F7B8FE20462946BDE894
:10B0D0003840FFF7D5BA00BF12970200DB95020097
:10B0E00012990200CA95020038B5036A0446092B7A
:10B0F00069DD4369222B0ADDC3695B0607D540F68B
:10B1000027010022F3F356F70146204601E02046CE
:10B1100000214FF4C062F3F3EDF5026812F0010272
:10B1200053D163692046222B09DDE3695D0606D50C
:10B1300040F62701F3F33EF70146204600E00021E8
:10B1400040F26C62F3F3D6F54FF0004303604FF426
:10B150007A70EEF3F9F163692046222B0ADDE36988
:10B16000590607D540F627010022F3F323F70146DD
:10B17000204600E0002140F26C62F3F3BBF5056865
:10B180006369ED04ED0C222B20460ADDE3695A06C3
:10B1900007D540F627010022F3F30CF701462046BD
:10B1A00000E0002140F26C62F3F3A4F56D0300238C
:10B1B000036005F54245064805F5A875B5FBF0F5B1
:10B1C0006420684338BD002038BD002038BD00BF72
:10B1D000A086010038B5002105461020E3F7A0FF46
:10B1E000002104461022E9F3ABF46560204638BD27
:10B1F00008B1E4F71DB8704710B50446E4F706F946
:10B200006060E0602068E7F716FA6368A0F5006008
:10B21000206118180123A060237610BD38B50546BB
:10B22000F4F3CAF11C20EEF3A1F4084C00211C2217
:10B230002060E9F385F420680560FFF7DDFF04492D
:10B2400022682846BDE83840E6F726BC9004000096
:10B25000D93F00002DE9F84F0C46F4F3ADF141F26F
:10B260000100E568EEF382F400287CD000F1010CC7
:10B27000064620E001321970D2B2434639783D4685
:10B280000137C1B13D2903F10108F3D132702946DC
:10B290004646002203E001323770D2B2664611F80A
:10B2A000017FC3EB0508B04406F1010C002FF2D179
:10B2B0001A7008F10105E768A368FB189D4205D2E2
:10B2C0002B781BB12F4663460022D7E72546012382
:10B2D000E2688346BA1A2A823BE0594611F8012BEC
:10B2E0009A4202D14FF0000C0AE0102B2AD10F2A0B
:10B2F000F8DC27E01BF8018F07F80C800CF1010C3B
:10B300006245F7D101EB0208895C07EB020C4FF0B4
:10B310003D0907F8029008F1010B0CF1010701F15A
:10B320000109002203E018F802A00CF802A0013283
:10B330004A45F8D17A184FF0000C07F801C08B4449
:10B34000571C06E011F802B001EB020C0BF1010BE7
:10B35000E344B345C1D301330235112BB8D1BDE865
:10B36000F84FEEF315B4BDE8F88F0000F8B50E46BF
:10B3700017460446F4F320F13020EEF3F7F30546C8
:10B3800068B1C660074E302343603368876003604E
:10B3900029462046FFF75EFF35600020F8BD6FF0BC
:10B3A0001A00F8BD9404000008B5064B1B683BB9B1
:10B3B000054B196821B1054B1A680AB1FFF7D6FF92
:10B3C000002008BD94040000985C01009C5C010012
:10B3D000F8B5104B07461C681E46BCB1E3689BB12C
:10B3E0000D4D2A689A420FD1F4F3E6F0E068EEF3CF
:10B3F000CFF300232B6007E038462568F4F3DCF038
:10B400002046EEF3C5F32C46002CF5D10023336023
:10B41000F8BD00BF940400008893020073B5856EE8
:10B4200004466DB1D0F8CC3000EB8303D3F8D420C0
:10B43000036E9A4203D1406EA847054600E00025FE
:10B440002046F3F351F4002302A941F8083D0646D3
:10B450006946204601AA0DF0C1FE9DE806004FF4A2
:10B46000FF20E9F3E9F220463146F4F3EDF1E36E13
:10B470005BB1D4F8CC2004EB8202D2F8D410226E57
:10B48000914202D1606E294698477CBDF8B50446CA
:10B49000F0F3BAF000284FD0A56E6DB1D4F8CC30DF
:10B4A00004EB8303D3F8D420236E9A4203D1606E59
:10B4B000A847054600E000252046F3F315F40021D7
:10B4C00007462046F4F3C0F101210646002220463B
:10B4D000F0F3BAF04FF480110A462046F0F396F0EC
:10B4E00040210A462046F0F3A5F04FF080710A464D
:10B4F0002046F0F38BF02046FFF790FF0F4B012121
:10B50000C6F804354FF4FC73C6F808350A462046E1
:10B51000F0F39AF020463946F4F396F1E36E5BB10E
:10B52000D4F8CC2004EB8202D2F8D410226E9142DF
:10B5300002D1606E29469847F8BD00BFF20039403D
:10B5400001207047C36B44F2583293420DD004D8A7
:10B5500044F25632934218D112E04AF62E22934218
:10B5600008D04AF62F2293420FD1C0F884334AF60E
:10B57000322303E0C0F884334AF63123C3637047B3
:10B58000C0F8843344F25433C363704738B541F292
:10B59000E443044603630D4629B108460F49EAF324
:10B5A00047F1A06240B928460D49EAF341F1A06293
:10B5B00010B94FF6FF73A3620A492846EAF338F13F
:10B5C0000949E0622846EAF333F1084960632846F6
:10B5D000EAF32EF184F8550038BD00BF2D99020022
:10B5E0002399020064990200439902004E990200D7
:10B5F0007047000030B585B00190002404A840F8E1
:10B60000044D01A90422E9F317F2019DB5B12B46BF
:10B61000D3F88C2012B10022C3F88C2001340433FB
:10B62000102CF5D10398FEF797F90398FFF7D0FE99
:10B63000034B9D4202D02846EEF3AAF205B030BD7E
:10B64000E46101000367D0F8CC3010B500EB830350
:10B65000029CD3F8D43044668166C266036610BD8E
:10B6600000238366C366036770478069C0F3C060C8
:10B6700070472DE9F84304461E46089D099FFAF7D6
:10B6800061FC00212046F4F3DFF080462046F3F30E
:10B6900033F30A28C8BFD8F82C306061C8BFA36450
:10B6A0002228D8F80430C8BFD8F8AC20A361C8BF9E
:10B6B000E261DA001CD5222814DDE3695B0611D5AE
:10B6C0000022204640F62701F3F374F40146204699
:10B6D000F4F3BAF0D0F80436002163622046F4F3A4
:10B6E000B3F002E0D8F80436636294F824302362A1
:10B6F0004FF4E063A3604FF0FF33E3601123236155
:10B70000A1464FF0000817E04146F4F39DF02046B3
:10B71000F3F3E2F22046F3F3EFF21EB1D9F814315D
:10B720009E4203D0D9F88C309F4201D1C5F80080E9
:10B7300008F1010809F10409D4F8D03020469845F1
:10B74000E2D32968F4F380F00120BDE8F883F7B56F
:10B75000002213460D4601210446E5F738FB00217F
:10B76000282207460B4620460091F3F3C1F2064615
:10B77000280709D0204601210622F3F367F6204668
:10B7800002210622F3F362F615F0F00F04D02046F2
:10B7900000210222F3F35AF615F4706F0ED0204602
:10B7A00000210122F3F352F601210A462046F3F369
:10B7B0004DF6204602210122F3F348F601213B46D3
:10B7C00020464FF0FF32E5F702FB204600212822F9
:10B7D0004FF0FF330096F3F38BF2FEBD0020EAF347
:10B7E00027B0000010B50C490446FFF7F7FF80B200
:10B7F00088B9D4F880000849EAF31AF080B250B949
:10B80000D4F880000549EAF313F04FF6FF7380B2D5
:10B81000002808BF184610BD6D9902007B990200F0
:10B82000436907B50A2B09DD003118BF01210091DA
:10B83000242200210123F3F35BF201E04FF0FF30FB
:10B840000EBD07B50021F8220B460091F3F350F22C
:10B8500000F00F000EBD00002DE9FF47DDF830803D
:10B860009246DDF834900F464FF46372002104468F
:10B870001E460E9DB8F1010F08BF4FF00008E9F316
:10B880005FF111232361C4F88860C4F85C90C4F8A8
:10B8900058A0C4F80480B8F1000F40F0C5802046DD
:10B8A00041463A464B46FFF74BFE002800F0C08069
:10B8B0004FF0C0531A68130F02F47021236093B243
:10B8C00002F47002120D626444F25832090C934281
:10B8D000E36321640AD004D844F25632934208D17B
:10B8E00004E0A3F52A432E3B012B02D82046FFF7A4
:10B8F00029FE636C20460E3B012B8CBF00230123E5
:10B9000084F84C304FF0C0513A46FAF793F9D4F826
:10B91000D030002B00F08A80002704AB43F8047D70
:10B920008DE8480020464FF0C0513A463B46FFF7AD
:10B93000A0FE00287CD02046FFF736FD0F9B009527
:10B940000193204639463246A36DFDF7F3FF0028E8
:10B9500070D105B12D683A4E20462946FFF716FEF4
:10B960003278002A42D16369132B19DD4FF400614C
:10B970002046F3F35BF7334907462846E9F37CF7A3
:10B9800038B128462F49E9F353F7B0F1FF3F08BF1C
:10B9900000200023BB650399F8652046F3F354F7B4
:10B9A0002046A16DFFF7BAFA2046A16DFFF71BFBF9
:10B9B00028462549E9F33CF7024620B92046A16D07
:10B9C000FFF792FB0246C4F88823A16D2046FFF7DB
:10B9D00089FA2046FFF75AFD2046A16DFFF7B4F81B
:10B9E0002046A16DFFF710FB012333702046F3F3CF
:10B9F000E1F528461549E9F33FF738B113492846E0
:10BA0000E9F316F701462046FFF7A1FE2846104944
:10BA1000E9F332F778B128460D49E9F309F7014611
:10BA20002046FFF7E5FD06E0002404E01C4602E0A6
:10BA3000044600E03C46204604B0BDE8F08700BF65
:10BA4000E06101003E9902005B99020073990200D7
:10BA5000349902001FB50F4C02462378BBB910B9C8
:10BA60000346014601E00C4B191D00200090019097
:10BA700002930391094844F210714FF0C053FFF74D
:10BA8000EBFE28B1064B20221A60012323700348E5
:10BA900004B010BD7065010064620100E461010042
:10BAA000A00400002DE9FF4707464FF46370884665
:10BAB00091469A460D9E0E9DEEF358F00446C8B18D
:10BAC0000C9B3946019342464B46CDF800A00296A6
:10BAD0000395FFF7C1FE074620B92046EEF358F064
:10BAE0003C4607E006B13668C4F8806005B12D68B1
:10BAF000C4F88450204604B0BDE8F08770B506460F
:10BB000086B04FF4BC70EEF331F00446E8B100218A
:10BB10004FF4BC72E9F314F00D4B266000930D4B0B
:10BB20000025019330680C490C4A23460295039581
:10BB30000495059500F0D8FE30B94FF49663C4F82B
:10BB4000603184F8640100E02C46204606B070BDE8
:10BB5000A53881005D3D8100D8D288003CC58900B0
:10BB600010B5044650B1036805491868224600F034
:10BB700060FE2046BDE81040EEF30AB010BD00BFE5
:10BB80003CC589002DE9F041054686B08020EDF3E3
:10BB9000EDF70446002844D000218022E8F3D0F7D6
:10BBA00004236360B4232560A381A046C5F85847E9
:10BBB000274600260EE01C2202FB06423C61A868D4
:10BBC0001B4910320023FAF36DF338621C3700284A
:10BBD0002BD0013663689E42EDDB164B164900936D
:10BBE0000023019302930393049305932868134A57
:10BBF000234600F079FEC0B913E0D8F8201031B127
:10BC000023689868FAF336F30023C8F8203001352A
:10BC100008F11C0863689D42EFDB2046EDF3B8F79E
:10BC20000024204606B0BDE8F0810025F2E700BF01
:10BC300049488100A94681007CD388007F3F890064
:10BC400070B5044600281ED003680F4918682246C4
:10BC500000F0EFFD254600260DE0296A29B1236892
:10BC60009868FAF307F300232B62E86908B1EDF353
:10BC70008FF701361C3563689E42EEDB2046BDE837
:10BC80007040EDF385B770BD7F3F890010B5044665
:10BC9000C06F08B1FFF764FFD4F8840008B107F063
:10BCA000C1FED4F8800008B1FFF7CAFFD4F8B00095
:10BCB00008B100F013F9A06808B101F0E3F92046DB
:10BCC000BDE81040EDF364B72DE9F04F07468DB0A5
:10BCD000B8208A4690461D46179EEDF347F7044666
:10BCE000002800F0A0804FF0000B0021B822E8F3FC
:10BCF00027F7266084F88CB03846FFF76BFA0BAB59
:10BD0000C4F8A8B02A4601900693814641F2E44166
:10BD100020463346CDF800B0CDF808A0CDF80C8011
:10BD20000494CDF814B001F05DFA0546002875D0F2
:10BD3000A06010F06FDA2B691021E3603C4B60606B
:10BD4000A3643C4A3346276164643846E8F35EF7EF
:10BD50002B69D86FF2F356F749F6981398422B697E
:10BD6000D86F06D8F2F34EF708210346324A09A8E5
:10BD700005E0F2F347F7314A0346082109A8E8F342
:10BD800045F7314609AA2E4B2E48E8F3FFF6324616
:10BD9000002016992C4B8DE88001F8F7A9FB064688
:10BDA00000283BD16368012783F8787008210A4690
:10BDB000286930F0D5DA36213A46D5F89802EFF7FF
:10BDC00030FD2846FFF7DEFEC4F8800030B3284679
:10BDD00007F0F6FDC4F8840000B32846FFF78EFE96
:10BDE000E067D8B16368194983F8E070184B029690
:10BDF0008DE848000396049605962868154A234660
:10BE000000F072FD50B9284600F032F8C4F8B000D6
:10BE100020B111482146EDF3A9F120B12046494651
:10BE2000FFF734FF002420460DB0BDE8F08F00BFBF
:10BE3000BD888100DB550100E05501004D498900B6
:10BE40004039010081990200FD8D81002CD58800C8
:10BE5000198A810058FB8900F5898100012070470B
:10BE6000024B01221A70E3F763BA00BFFC03000023
:10BE700070B5064686B02020EDF37EF60446F0B19C
:10BE800000212022E8F35CF64FF4E153E3804B23DA
:10BE900023810A2363810E4B2660002500933068BE
:10BEA0000C490D4A23460195029503950495059585
:10BEB00000F01AFD30B93368012283F8632120466F
:10BEC00006B070BD2046EDF363F62C46F7E700BFE1
:10BED0007D9A81008CD58800C04B890010B504463E
:10BEE00078B1FBF309F3236822461868054900F08E
:10BEF000A0FC2046EDF34CF6236800221B6883F873
:10BF0000632110BDC04B89000368D3F8D42041F2EF
:10BF10006B03116B99420BD1936AEF2B28D001D898
:10BF2000D62B04E0F52B23D040F20F118B421FD00B
:10BF3000936A40F2C65293421AD040F2745293422E
:10BF400016D0036A7F2210E0482283F8FD2006E025
:10BF500002F0C002921102EB810183F8FD10036A26
:10BF600093F9FD20142A0BDC482283F8FD2070474A
:10BF7000036A93F8FD104AB2B2F1FF3FE8D1E3E75C
:10BF80007047D0F8E81110B5044629B18068FAF37B
:10BF900071F10023C4F8E831D4F8001229B1A06887
:10BFA000FAF368F10023C4F80032D4F88434D3F8EB
:10BFB000301139B1A068FAF35DF1D4F8843400226D
:10BFC000C3F83021D4F8501329B1A068FAF352F124
:10BFD0000023C4F85033D4F8541529B1A068FAF3FB
:10BFE00049F10023C4F85435D4F8F41529B1A068F8
:10BFF000FAF340F10023C4F8F435D4F8C41729B19A
:10C00000A068FAF337F10023C4F8C43710BD10B5A7
:10C010000446006807F0D8F8D4F8800620B106F08E
:10C0200021F80023C4F88036D4F87C0620B106F04D
:10C0300049FA0023C4F87C36D4F89C0120B108F0FA
:10C0400089FE0023C4F89C31D4F88C0120B101F0A2
:10C0500025FE0023C4F88C31D4F8400120B102F051
:10C0600069FF0023C4F84031D4F8540120B1FEF335
:10C07000FFF30023C4F85431D4F8300120B102F0AA
:10C0800019FC0023C4F83031D4F8340120B102F097
:10C09000C1F90023C4F83431D4F8380120B102F0DA
:10C0A0001BFB0023C4F83831204602F0D5FAD4F83F
:10C0B0004C0120B106F0BAFA0023C4F84C31D4F890
:10C0C000480120B108F078FD0023C4F84831D4F8C5
:10C0D000440120B106F032F90023C4F84431D4F809
:10C0E0005C0120B108F016FA0023C4F85C31D4F8E2
:10C0F0002C3113B10023C4F82C31D4F8600120B1E5
:10C1000004F0B4F90023C4F86031204608F0AAFA1C
:10C11000204605F09FFFD4F8500120B105F0FAFF4A
:10C120000023C4F85031D4F8700120B101F09EFC16
:10C130000023C4F87031D4F8780120B104F0A8FCD1
:10C140000023C4F87831D4F87C0120B107F06CFEEC
:10C150000023C4F87C31D4F8740120B108F072FDDA
:10C160000023C4F87431D4F8840120B101F01CFC20
:10C170000023C4F88431D4F8880120B104F0E2FB34
:10C180000023C4F88831D4F8780420B107F0F4FC17
:10C190000023C4F87834D4F87C0420B107F02EFDD5
:10C1A0000023C4F87C34D4F8800420B107F0C0FD2B
:10C1B0000023C4F88034D4F8940120B108F0A2FE22
:10C1C0000023C4F89431D4F8640820B108F0F6FED6
:10C1D0000023C4F86438D4F8F80620B108F040F918
:10C1E0000023C4F8F836D4F89C0620B104F0E2FE2F
:10C1F0000023C4F89C36D4F8A00620B101F060FDFD
:10C200000023C4F8A036D4F8CC0620B104F0BAFE5E
:10C210000023C4F8CC36D4F8D40620B104F0F4FCE2
:10C220000023C4F8D436D4F8D00620B108F084FA3C
:10C230000023C4F8D036D4F8600820B107F0D6FE49
:10C240000023C4F86038D4F8DC0620B107F0FEFB08
:10C250000023C4F8DC36D4F8BC0608B105F081FD33
:10C26000D4F8C00608B105F07CFDD4F8A00120B1D7
:10C2700003F0F8FE0023C4F8A031D4F8F00620B192
:10C2800006F0C2F90023C4F8F036D4F8300720B124
:10C29000EDF37EF40023C4F83037D4F8A40620B1BF
:10C2A00005F03AFD0023C4F8A436D4F8940620B172
:10C2B00004F070FF0023C4F89436D4F8240120B1B0
:10C2C00008F06CF80023C4F82431D4F8280120B118
:10C2D00003F0A6FD0023C4F82831D4F8880420B167
:10C2E00006F0A8FA0023C4F88834D4F8E80520B191
:10C2F00004F0D2FD0023C4F8E835D4F8380620B1A4
:10C30000F9F7CEFF0023C4F838362046BDE81040C8
:10C3100004F0D4BB70B5D0F884340568012204461B
:10C32000A3F89020D5F8D8003C49E9F3A5F240B134
:10C33000D5F8D8003949D4F88464E9F379F2A6F83D
:10C340009000D4F884346422A3F84A20D5F8D800A9
:10C350003349E9F391F240B1D5F8D8003049D4F827
:10C360008464E9F365F2A6F84A00D4F884346422C0
:10C37000A3F84C20D5F8D8002A49E9F37DF240B162
:10C38000D5F8D8002749D4F88464E9F351F2A6F827
:10C390004C00D4F884346422A3F89220D5F8D80055
:10C3A0002149E9F369F240B1D5F8D8001E49D4F823
:10C3B0008464E9F33DF2A6F89200D4F884340122B3
:10C3C000A3F89620D5F8D8001849E9F355F240B102
:10C3D000D5F8D8001549D4F88464E9F329F2A6F811
:10C3E0009600D4F884340422A3F89E20D5F8D8000F
:10C3F0000F49E9F341F240B1D5F8D8000C49D4F81F
:10C400008464E9F315F2A6F89E00D4F8843464221B
:10C41000A3F894200122A3F8982070BD079A020087
:10C42000239A0200E3990200749B0200CD99020056
:10C43000B5990200F7B5036A044693F9FC00421C63
:10C440002CD0236893F87C200A2A02D8FEF308F245
:10C4500025E0D3F8D85014492846E9F3E9F1134907
:10C460008DF804002846E9F3E3F111498DF8050041
:10C470002846E9F3DDF100258DF806002E4601AFD0
:10C480007857FEF3EDF176B2E8550135B042A8BF1A
:10C490000646032DF6B2F2D1304600E00820236AAA
:10C4A00083F8FC00FEBD00BFF5990200FB99020075
:10C4B000019A02000368D0F8842470B5D3F8D850EC
:10C4C0000323D371D0F8842404461372D0F8842453
:10C4D000444982F8AD30D0F88424284682F8AE3042
:10C4E000E9F3A6F140B220B928463F49E9F3A0F1AB
:10C4F00040B2431E0E2B0CD80128D4F8842401D15D
:10C50000002302E0022804D10123D371D4F884244B
:10C510001372D4F8843493F81C210AB10322DA711F
:10C5200032492846266AE9F383F186F8FC00204662
:10C53000FFF780FF2E492846266AE9F379F186F84D
:10C54000FD002046FFF7E0FC236A93F8FD2083F806
:10C55000FE20216841F26B02D1F8D430186B904272
:10C5600029D1226A92F9FC00082824DC9B6AD12B8D
:10C5700012D0E92B10D0902B0ED08B2B0CD08D2B02
:10C5800001D10D2315E0932B0AD1B1F87A301B05A8
:10C590001B0DB3F5826F01DC18230AE01B2308E0B2
:10C5A0008E2B01D1102304E0D62B01D0E42B02D135
:10C5B000172382F8FC30236840F27452D3F8D43049
:10C5C0009B6A934203D040F2C652934207D1236A3A
:10C5D00093F9FC20082A02DC172283F8FC200120B2
:10C5E00070BD00BF579A02001F9A0200959B02007F
:10C5F000519A020010B504461C4980682246002367
:10C60000F9F350F6C4F8E80170B3A068184922465F
:10C610000023F9F347F6C4F8000228B3A0681549CF
:10C6200022460023F9F33EF6C4F85003E0B1A068B7
:10C63000114922460023F9F335F6C4F8540598B1A0
:10C64000A0680E4922460023F9F32CF6C4F8F4053D
:10C6500050B10023A0680A492246F9F323F6C4F832
:10C66000C407003018BF012010BD00BF713D82001B
:10C670005D01820075EF81001DFD8100CD378200D4
:10C68000A5CF810070B5FF220446012384F87324EE
:10C6900084F8DB2241F20101D4F8842400260376D9
:10C6A000A4F858146420032184F8400584F87634F3
:10C6B00084F87264D171D4F8842440F62A1511727A
:10C6C000A4F85A54A4F85C54A4F85E54A4F8605436
:10C6D000A4F86254A4F86454A4F86654A4F86E1440
:10C6E00040F62B150221A4F86854A4F8701407250D
:10C6F0000421A4F86A54A4F86C14A4F82E06A4F833
:10C70000686384F82062A4F82C6684F8346284F8A4
:10C71000236284F8216284F8F26484F8B06284F8B9
:10C72000276521684FF0FF3081F853304863216856
:10C73000204681F84130216881F84230216881F833
:10C74000D160216881F84360216884F80E6284F822
:10C750000F62C4F8506681F89430216881F8F53092
:10C76000216881F8F430216881F89D30216881F8D2
:10C770003431216881F86931216881F828612168A4
:10C7800081F86161216881F86A612268966684F89F
:10C79000643384F8653392F84F10890718BF82F824
:10C7A000523003230125002284F8DC3184F8E4317F
:10C7B0004FF44873A4F8343584F85065A4F84E2536
:10C7C00084F8DC5505F096DD052384F820362368CF
:10C7D00084F8206184F8585683F8115123684FF08B
:10C7E000FF31A4F87017A4F8541884F8736784F81C
:10C7F000A15784F8B05783F84251236883F8435116
:10C80000236883F85C61236883F86451236883F8A4
:10C810006651236883F86B51236883F86751236856
:10C8200083F86851236883F83B612368C3F83C614F
:10C8300070BD2DE9F0470F469246002834D00468B9
:10C84000002C35D04FF00008C14628E0D4F8C402CF
:10C8500039464044E8F300F2E8B9D4F8C8324FEA68
:10C86000890653F82930534515D1D4F8C4324344CE
:10C870005D6B013D5D63EDB9184629463822E8F34A
:10C880005FF1D4F8C802294680190422E8F358F170
:10C890002846BDE8F08709F1010908F13808236846
:10C8A00093F8B4309945D1DB6FF01D00BDE8F087F7
:10C8B0006FF01D00BDE8F087F8B500250F4606684B
:10C8C0002C4608E0D6F8C40239464019E8F3C4F112
:10C8D000383538B10134336893F8B4309C42F1DB19
:10C8E0006FF01D042046F8BD2DE9F0478A46114639
:10C8F000984691460468FFF7DFFF031E05DA2368B8
:10C90000002693F8B42035463BE0D4F8C8223820FE
:10C9100042F82380D4F8C42200FB0320436B013388
:10C9200043630020BDE8F087D4F8C43206F1380133
:10C930009F5D98191FBB49461F22E8F3D9F1D4F82F
:10C94000C4320C999E19089BC6F820A0B362099BBB
:10C95000384673620A9BF3620B9B3363D4F8183733
:10C9600043F8351003EBC5020D9B5360736B013325
:10C970007363D4F8C83243F82580BDE8F0870135E9
:10C980000E469542D0DB6FF01500BDE8F0872DE92B
:10C99000F04107680C4615469846D7F8CC020026A9
:10C9A00004E003689C420BD0064600690028F8D1D9
:10C9B00011E0002303610EB1306101E0C7F8CC0241
:10C9C000069B80E83001C3600020BDE8F0816FF075
:10C9D0001500BDE8F0811420EDF3C8F00028E8D17F
:10C9E000F5E7000013B500230446009321460068D4
:10C9F000194AFFF7CCFF014658BBD4F8880403223C
:10CA0000164B05F07FFF014618BBD4F888040222BC
:10CA1000134B05F077FF0146D8B9D4F888040522F6
:10CA2000104B05F06FFF014698B9D4F88804062230
:10CA30000D4B05F067FF014658B9D4F88804082269
:10CA40000A4B05F05FFF002814BF4FF0FF300020B5
:10CA500001E04FF0FF301CBDC9A381002DCC810047
:10CA6000B12C8200F92E8200FD4E000029FD8100CC
:10CA7000026810B5D2F8CC0200230EE00468A1428F
:10CA800009D101690BB1196101E0C2F8CC12EDF3D3
:10CA90007FF0002010BD034600690028EED16FF042
:10CAA0001D0010BD41F2E443984208D10023064A1C
:10CAB0009A5A8A4205D00233B3F58C7FF7D1002011
:10CAC00070470120704700BF5C9A02002DE9F043D7
:10CAD000D0F854530021C82287B004462846E8F312
:10CAE0002FF06423EB85032385F8603000220123B7
:10CAF000D4F858014FF4805139F042D8FF28074646
:10CB000005D1236A186919684DF094D90746236A3C
:10CB10006F860021A4F85674204607F46057B3F8D6
:10CB200008801E680CF008DBB7F5205F05F13809B6
:10CB300008D0B7F5C05F07D0B7F5805F14BF0A27EC
:10CB4000142702E0A02700E028270021FF238DE81A
:10CB50000A00D4F88434029003971B794246049368
:10CB6000484633465BF07ADA236893F84F309A07E9
:10CB700003D0EB8843F02003EB8007B0BDE8F083DF
:10CB800082B010B514246143D0F8D44203936350AB
:10CB9000059B60184360069B02618360049BC36031
:10CBA000BDE8104002B0704730B503680446DB6949
:10CBB00085B09A6D4068D4F83C16DB6DF9F738FB08
:10CBC000C4F83806002800F0DE81204604F068F939
:10CBD000C4F8E805002800F0D981204605F04AFE97
:10CBE000C4F88804002800F0D481204603F048F9F6
:10CBF000C4F82801002800F0CF81204607F098FBF8
:10CC0000C4F82401002800F0CA81204604F0D6FCB4
:10CC1000C4F89406002800F0D181204605F08EF873
:10CC2000C4F8A406002800F0CC81204604F0F2FEEF
:10CC3000002840F0C981204604F04EFF002840F053
:10CC4000C381204604F076FF002840F0BD812046D5
:10CC500004F0D4FF002840F0B781204605F00AF820
:10CC6000002840F0B181204605F020F80546002854
:10CC700040F0AA810321D4F8A4060A4605F054F92D
:10CC8000C4F8BC06002800F0A281D4F8A406022152
:10CC90002A4605F049F9C4F8C006002800F09A8138
:10CCA0002946C04AC04B20460095019407F084FBFA
:10CCB000BE4B1A1D07CA1B688DE8070008212246D3
:10CCC0002046FFF75DFF206806F062FA204606F076
:10CCD00065FFC4F87804002800F07F81204606F044
:10CCE000A7FFC4F87C04002800F07981204607F0F3
:10CCF00035F8C4F88004002800F07381204601F064
:10CD000063FEC4F81805002800F06D81A84B20468A
:10CD1000C4F8543101F0E8FDC4F83001002800F0F7
:10CD20006481204601F0A0FBC4F83401002800F023
:10CD30005E81204601F000FDC4F83801002800F0B3
:10CD40005881204601F092FC002840F05581204691
:10CD500007F092FBC4F85C01002800F050812046E7
:10CD600007F06CF9C4F86008002800F04A812068D8
:10CD70002146A2688F4B03F0CBFEC4F8980200282E
:10CD800000F04181204603F0BBFBC4F8600100289D
:10CD900000F03B81884B2046C4F82C3105F000FBA5
:10CDA000C4F84401002800F03281204607F01EFF3D
:10CDB000C4F84801002800F02C81204605F074FCDE
:10CDC000C4F84C01002800F02781204602F0D6F874
:10CDD000C4F84001002800F021812368012283F873
:10CDE000A120204604F0EAF8C4F89C06002800F0D0
:10CDF0001781204607F09EFB002840F01381204653
:10CE000005F0E4F9C4F85001002800F00D81204637
:10CE100005F004F9002840F00981204600F03CFEAE
:10CE2000C4F87001002800F00381204603F09AFD49
:10CE3000C4F87801002800F0FD80204607F010F8C3
:10CE4000C4F87C01002800F0F880204607F010FFAD
:10CE5000C4F87401002800F0F380204600F0BAFD09
:10CE6000C4F88401002800F0ED80204603F034FD72
:10CE7000C4F88801002800F0E780204607F0BEFFD4
:10CE8000C4F89401002800F0E180204600F06AFE1A
:10CE9000C4F88C01002800F0DB80204607F070FF0A
:10CEA000C4F89C01002800F0D580204669F094DE8B
:10CEB00060B1204608F036F8C4F86408002800F095
:10CEC000C9802368012283F8322102E0236883F8B5
:10CED0003201204607F08EFAC4F8F806002800F068
:10CEE000BB80204605F002FBC4F87C06002800F059
:10CEF000B580204605F0C4F8C4F88006002800F08C
:10CF0000AF80204607F03EFCC4F8D006002800F0B1
:10CF1000A9802368012283F8A320204600F0E2FEC6
:10CF2000C4F8A006002800F09F80204603F0D4FF3C
:10CF3000C4F8CC06002800F09980204603F08AFE51
:10CF4000C4F8D406002800F09380204606F08EFD39
:10CF5000C4F8DC06002800F08D80236893F869315E
:10CF60003BB1204603F09CF8C4F8A001002800F073
:10CF70008380204605F022FBC4F8F00600280CBF91
:10CF80007620002079E04FF4967076E040F22D1084
:10CF900073E04FF4977070E040F22F106DE04FF4A3
:10CFA00098706AE019348200E5338200389A0200F2
:10CFB000EFBEADDE41FF8100EFBEAD0D40F231109E
:10CFC0005BE04FF4997058E040F2411055E040F2B8
:10CFD000471052E04FF4A4704FE024204DE025208C
:10CFE0004BE0262049E02A2047E0312045E032206E
:10CFF00043E040F2F51040E04FF4FB703DE0352097
:10D000003BE0BD2039E0392037E03C2035E03E20D0
:10D0100033E040F26D2030E03F202EE043202CE052
:10D020006A202AE0472028E0492026E0482024E022
:10D030004A2022E040F2E5201FE040F2E6201CE01A
:10D040004B201AE05A2018E05B2016E05E2014E026
:10D050005F2012E0632010E065200EE008480CE03D
:10D0600067200AE06C2008E06E2006E06F2004E0F4
:10D07000702002E0722000E0732005B030BD00BFD8
:10D0800050464D00F8B50446002800F0A6800FF089
:10D0900099D9D4F8F415D0F1010638BF002621B192
:10D0A000A068F9F37BF000B901362046D4F82C13C0
:10D0B00005F00CDF2046D4F8DC1405F007DF20462D
:10D0C000D4F8341305F002DFD4F8400308B1ECF3D0
:10D0D0005FF5D4F8980220B103F070FD0023C4F886
:10D0E0009832276AB96911B1204661F09BD80025B2
:10D0F000BD61D4F86432595911B1204632F098DA42
:10D100000435202DF5D1D4F8580103F0B3FA2046A8
:10D11000FEF737FFD4F8180520B101F031FC0023E9
:10D12000C4F818352046FEF772FF204602F042FA96
:10D1300023688619D3F8D41031B1606802F035FA4B
:10D1400023680022C3F8D4202368D3F8D80028B17C
:10D15000ECF31EF523680022C3F8D820D4F8D0528F
:10D1600004E02846EF68ECF313F53D46002DF8D1B6
:10D170002146C4F8D0522068FFF77AFC206818498D
:10D180002246FFF756FBD4F8640118B107F09EF869
:10D19000C4F86451D4F89C0220B1ECF3F9F40023F4
:10D1A000C4F89C32D4F8F80448B1ECF3F1F400234D
:10D1B000C4F8F83403E02046616815F037D8D4F895
:10D1C0009422002AF7D104F5C6600C30F8F7B2FFBC
:10D1D0002046616801F08AF800E006463046F8BD56
:10D1E000DD5601002DE9F04F91B0002491461B9EC1
:10D1F0009DF868200790DDF878B0204609919846A0
:10D200000892DDF880A00C940D940E94E3F792FB45
:10D21000484631461C9A1D9BCDF800B00CF031F801
:10D22000054608B1012376E3FEF71AFE0DAB019324
:10D230000EAB0293484631461C9A1D9BCDF800B0B8
:10D2400002F0AEF9074618B901230C93044688E3AF
:10D250000D9848B1AA49E8F30FF328B129462A46A8
:10D26000E8F3A6F01FFA80F91F9B30460093414671
:10D270000CAA4B4601F06CF80446002800F08983A4
:10D2800005680E9A46600D9BC5F8DC20D0F8842412
:10D29000FF21C5F8D470C5F8D83082F86010426A12
:10D2A0000023C261079A0D938260964AC5F80C80EC
:10D2B000C5F8A4206E610E93012280F84226D0F8B2
:10D2C000E022C0F8A4B163F31722C0F8E022089A64
:10D2D000414685F8212080F8CF31032380F841357D
:10D2E000FFF7D0F9236804F5C662DB696068196E40
:10D2F0000C32F8F7E2FE0746002840F03283204661
:10D30000394605F007D8204607993246434606F0CD
:10D3100045FFC4F8640108B90F23FCE27A4B2846A4
:10D320008DE88800794B7A4904937A4B7A4A0593C1
:10D33000234602970397FFF7D7FA08B11023EAE2D2
:10D34000089B1C9A8DE848001D9B0292039320467F
:10D3500009994A464346CDF810B002F01DFA0C90E8
:10D36000002840F0FE822369D86FFEF76AFAA4F81D
:10D370004006B4F8AA010DF0CFD9003018BF012043
:10D380000A3054F820300AA9236220692FF0FCDF0C
:10D3900000283DD10A9B0746C4F8B03139460FAA90
:10D3A000204604F0ADDC39462046BDF83C2001376C
:10D3B00004F0AADC062FF1D14FF44073C5F8E83031
:10D3C0002A23C5F8B8303223C5F8BC3036234FF4D1
:10D3D0007D62C5F8C43040F2D453A5F8CA20A5F840
:10D3E000C0304FF45D72002385F8B670A5F8C820F0
:10D3F00084F89437D5F8B830842B02D98423C5F843
:10D40000B8304FF40470ECF3B1F3C4F89C0208B9DF
:10D41000142380E24FF404720021E7F391F32246D3
:10D420000023D2F8A002D4F89C12043241F8230061
:10D43000D4F89C1251F823108B710133042BF0D1D6
:10D44000012385F89330236A1869EEF7A1FF00F0F5
:10D45000010085F85400236A1869EEF799FFC0F3BC
:10D46000C00085F855002946204607F0EDF92B4904
:10D47000D5F8D800E8F3DCF1D5F8D42040F26E51AD
:10D48000936A07468B4208D0126B41F26B018A42C5
:10D490005AD1D12B01D0E92B12D1D4F884341922DE
:10D4A00083F84920D4F884344FF0FF325A64642260
:10D4B00083F87A20D4F88434012283F8302059E0AC
:10D4C000B3F5897F11D8B3F5887F32D8F52B07D80B
:10D4D000F42B2ED2E42B2CD0EF2B2AD0D62B27E006
:10D4E000A3F58773012B45D823E0B3F59A7F17D2B4
:10D4F000B3F5987F1DD840F21712934218E000BF91
:10D50000839B020000315F0701638200EC5601003B
:10D5100008D68800514F0000DD560100899B0200AB
:10D52000B3F59A7F26D9B3F59B7F02D9B3F5A57FD2
:10D5300020D1D4F88434322283F87A20D4F8843489
:10D54000642283F8492010E041F2E4418A4211D17B
:10D5500040F2DA5293420DD1D4F88424642382F845
:10D560007A30D4F8842482F84930D4F884344FF0E7
:10D57000FF325A642046FEF7CDFED4F884341922D7
:10D58000A3F8AA20204607F07FF8D4F88434226A52
:10D5900019781069DA784EF0D1D8D4F878364FF08F
:10D5A000010983F83490E1692069043103F0D7FD63
:10D5B000236AD4F884B418694EF0D8D9CBF8400067
:10D5C00004F5E47B206959462EF064DF0622281D0D
:10D5D0005946E7F331F2B4F8AA010DF09DD80030B6
:10D5E00018BF01200A3054F8203020462362FEF78D
:10D5F00061FF08B918238EE1216A0F2340F2FF3240
:10D60000A1F80031A1F8022101F1F80301F1F402BF
:10D61000204601F01BFC236AD3F8F420C3F8F02065
:10D62000C3F8E820D3F8F820C3F8EC201A68022ADF
:10D6300008BF83F8159007F00103002B0CBF0323EC
:10D64000002385F84F30236A1869EEF7A1FE10F425
:10D650000060236806D093F84F2002B1012283F8BE
:10D66000512001E083F85100216A20461C3106F068
:10D670006DDA00212046D4F820900BF05DDD002209
:10D680007F2309F1500100930190134609F11C001A
:10D690005AF020DD204664F02FDF40F2CC63C4F85E
:10D6A00028362046FFF780FA0C90002840F0598178
:10D6B000D4F8800402219DF92C2059F0F9DD204690
:10D6C0004146FEF797FF10B94FF47A7323E12046E5
:10D6D00002F0F4FFC4F8580110B940F2E9331AE13E
:10D6E0002046FFF7F3F92046314614F07FDD10B9EC
:10D6F00040F2EB330FE1C4F8BC05C4F8C005314675
:10D70000204614F073DD10B94FF47B7303E101235D
:10D71000C4F8C40585F8A830204602F045FC10B1D5
:10D7200040F2ED33F7E00623A5F86030A5F862304B
:10D7300095F89C30012B04D14022A5F86020A5F873
:10D740006220D5F888300A221A804FF454725A8029
:10D75000D5F88C300126C4221E805A80D4F83001BE
:10D760001FF0C8DD08B184F80E62B4F8E13243F46A
:10D77000C05343F01E03A4F8E132236A1869EEF7A0
:10D7800007FEC10607D5D4F8843401229A74D4F870
:10D790008434FF22DA74B4F8E1224FF2FF731340AD
:10D7A000D4F88424A4F8E132D278012A07D123F4F2
:10D7B000006323F00C031B041B0CA4F8E132FF26CA
:10D7C0000221012284F8E06284F8DF6284F8DE62DC
:10D7D000204603F0BDDB01213246204603F0B8DBD2
:10D7E000236A4FF0FF38C4F814821869EEF7D0FDB1
:10D7F00010F00406204605D00321FEF3C3F684F89A
:10D800001C8204E03146FEF3BDF684F81C62236AF4
:10D810001869EEF7BDFD3A0702D5002384F81C32E3
:10D82000FB0603D520460021FEF3ACF6BE070ED55D
:10D83000A26A002382F84D30E26A82F84D30B4F8D3
:10D84000E13223F080031B041B0CA4F8E1327807BB
:10D8500003D52046002164F0D5DF390607D5B4F89A
:10D86000E13223F010031B041B0CA4F8E13295F8FD
:10D870004130A3B195F842308BB117F0600F0ED054
:10D8800007F02001D1F1010107F0400238BF00216B
:10D89000D2F10102204638BF002200F00FFFB4F899
:10D8A000AA010CF039DF003018BF012000F10A0690
:10D8B00054F82670D4F868122046384A3B4660F087
:10D8C0006FDCB86154F82610886910B940F24C43F7
:10D8D00021E0503128223C30E7F3AEF01420ECF385
:10D8E0004BF1C4F8300710B940F24D4313E0AB6D73
:10D8F000204643F00403AB650EF078DD2046FFF7C9
:10D9000071F810B14FF4FA6305E0204603F0DEF839
:10D9100018B140F2D1730C9323E023682049D3F867
:10D92000D800E7F3A9F770B10346184613F8012BA6
:10D930001AB11C498A5C5207F7D500210A22E7F385
:10D9400037F5C4F88406A0680021F8F3A7F4012392
:10D9500084F8A837BAF1000F17D00023CAF80030B6
:10D9600013E00D9820B1ECF313F100230D930E9307
:10D9700014B12046FFF786FBBAF1000F04D00C9BD0
:10D980000024CAF8003000E05446204611B0BDE83B
:10D99000F08F3046394601F008FEE2E710570100EB
:10D9A000489A02000AA0880038B5044670B105689C
:10D9B00021462868FFF75CF8286805492246FEF7EB
:10D9C00038FF2046BDE83840ECF3E2B038BD00BF78
:10D9D0001657010070B5066A8EB005463820ECF384
:10D9E000CBF0044600282FD01B4B0560009300238A
:10D9F0000193029303930493059328681749184AE7
:10DA00002346FEF771FFF8B9164B214600932868AC
:10DA1000154A0223FEF7BBFF0546A8B929461C227A
:10DA200004F10B00E7F38CF03069316807AA4CF081
:10DA300025DA234607AAD97AAA5C01350A43DA72A5
:10DA400001331C2DF6D103E02046FFF7ADFF002483
:10DA500020460EB070BD00BFC54F830084E1880032
:10DA60001657010074E188007D4F830038B50446E5
:10DA700070B1056821462868FEF7FAFF2868054955
:10DA80002246FEF7D6FE2046BDE83840ECF380B0D3
:10DA900038BD00BF1A57010030B5054687B00C20CD
:10DAA000ECF36AF0044600283FD000230560012112
:10DAB00000930190204A2846204B02F037FA0028B4
:10DAC000606032DB1E4BD5F894068DE81800052106
:10DAD00021221C4B03F0F2FB38BB1B4BD5F89406FC
:10DAE0008DE8180005212422184B03F0E7FBE0B96C
:10DAF000174B0190009302900390049005901549F4
:10DB00002868154A2346FEF7EFFE70B9134B2868C4
:10DB100000932146124A0323FEF739FF28B92A68E9
:10DB20000123A36082F8A93003E02046FFF79EFF9F
:10DB30000024204607B030BD79548300755483001B
:10DB4000C15583007D548300915683009D5483000A
:10DB50004D558300C0E188001A570100A8E18800F4
:10DB6000D154830030B5054687B000286DD0082019
:10DB7000ECF302F00446002868D00023056014216D
:10DB800000930190354A2846354B02F0CFF9002822
:10DB900060605EDB334B4FF498718DE818006B22A8
:10DBA000D5F89406304B03F089FB002851D12F4B58
:10DBB00005218DE818006B22D5F894062C4B03F054
:10DBC0007DFB002845D12B4B4FF490718DE8180058
:10DBD0006C22D5F89406284B03F070FB002838D14E
:10DBE000264B4FF490718DE818006F22D5F89406FB
:10DBF000234B03F063FB00282BD1224B0A218DE835
:10DC000018006E22D5F894061F4B03F057FB00282E
:10DC10001FD10095D5F894060A216E221B4B03F004
:10DC200003FEB0B91A4B0190009302900390049048
:10DC3000059028681749184A2346FEF755FE40B953
:10DC40002B68012283F8AC2000E00446204607B090
:10DC500030BD2046EBF39CF70024F7E7215C8300FE
:10DC6000015C8300395E8300555C8300195E83008C
:10DC7000355C8300595E8300815C8300C55E830050
:10DC8000C15C8300F15E8300ED5C8300E15B830097
:10DC9000195D8300D8E188001E57010010B50446C5
:10DCA00050B10368054918682246FEF7C2FD2046B8
:10DCB000BDE81040EBF36CB710BD00BF1E5701006C
:10DCC00010B5044650B10368054918682246FEF7AE
:10DCD000B0FD2046BDE81040EBF35AB710BD00BFC1
:10DCE000999B020070B5054686B00820EBF33EF71D
:10DCF0000446002800F0B9805F4B05604FF4907136
:10DD0000009301903022D5F894065C4B03F0D6FACC
:10DD1000002840F0AA805A4BD5F894068DE81800E8
:10DD20004FF49071F422574B03F0C8FA002840F0EA
:10DD30009C80554BD5F894068DE818000A21F422F2
:10DD4000504B03F0BBFA002840F08F804F4BD5F8C2
:10DD500094068DE818004FF49071A0224C4B03F00C
:10DD600039FB002840F081804A4BD5F894068DE8B5
:10DD7000180005213022484B03F0A0FA002874D186
:10DD8000464BD5F894068DE818000521F422444B43
:10DD900003F094FA002868D1424BD5F894068DE838
:10DDA00018000521A022404B03F014FB00285CD191
:10DDB000D5F89406052130223C4B009403F034FD45
:10DDC000002852D1D5F894060521F422384B00944E
:10DDD00003F02AFD002848D1D5F894060521A02299
:10DDE000344B009403F0A6FD00283ED1D5F89406EC
:10DDF000C0213022304B009403F016FD002834D1AE
:10DE0000D5F89406C021A0222C4B009403F092FD7B
:10DE100058BBD5F89406C021F422294B009403F096
:10DE200003FD10BBD5F894060A21F422254B00947B
:10DE300003F0FAFC0646C0B98DE81100012128461E
:10DE4000214A224B02F072F8002860600DDB204B63
:10DE500028688DE848001F491F4A2346029603960A
:10DE600004960596FEF740FD18B12046FFF728FFFF
:10DE70000024204606B070BD5963830021638300EF
:10DE80003BA10000D59C0000E5A000006D6383006D
:10DE90003D638300996283002161830077A00000C5
:10DEA00031A00000E962830071618300A9618300F1
:10DEB0000D9D00001D6283003D6683005566830052
:10DEC0005D9C00008F9C000085638300816383005C
:10DED000B964830038E28800999B02002023402126
:10DEE00080E80A00C0F8B010C16218214FF4F06257
:10DEF0008163016401651D212DE9F04182600B25DC
:10DF00001022C16505210A24C26045618561426213
:10DF10000425C0F8B820016680224FF4F0714FF458
:10DF200080660461C4618562012409254FF0140CE8
:10DF300042631127082281664FF027080321C0F8A9
:10DF4000B43004624466C46443658567C0F830C079
:10DF5000C2638765C66606674167C0F87C80C0F803
:10DF6000A440B024C0F8C0404824C0F8C440602495
:10DF7000C0F88450C0F88850C0F8C840022530244A
:10DF8000C0F8E030C0F8F030D3234FF01208C0F8EA
:10DF90008C50C0F89050C0F89C50C0F8A050C0F809
:10DFA000CC404FF4FA650624C0F8F4300023C0F8E2
:10DFB0008080C0F894C0C0F89810C0F8A810C0F8CD
:10DFC000AC20C0F80021C0F80421C0F8D040C0F84F
:10DFD000D470C0F8D850C0F8DC20C0F8E840C0F8D1
:10DFE000E460C0F8FC30C0F8F810BDE8F081012012
:10DFF0007047704738B50446D0F82C0320B1EBF3D6
:10E00000C7F50023C4F82C33D4F8340320B1EBF364
:10E01000BFF50023C4F83433D4F8180730B12368AF
:10E0200023B1EBF3B5F50023C4F81837D4F8C402D4
:10E0300018B123680BB1EBF3ABF5D4F8C802002597
:10E04000C4F8C45228B123681BB1EBF3A1F5C4F89E
:10E05000C852D4F8640208B1EBF39AF5D4F854032B
:10E060000025C4F8645218B1EBF392F5C4F8545388
:10E07000D4F8140320B1EBF38BF50023C4F8143368
:10E08000D4F8D40208B1EBF383F500256319D3F873
:10E09000A032D3F8E00008B1EBF37AF50435102D87
:10E0A000F4D1D4F8A00208B1EBF372F5D4F88404EB
:10E0B00020B1EBF36DF50023C4F88434D4F8DC040C
:10E0C00020B1EBF365F50023C4F8DC34D4F828055F
:10E0D00020B1EBF35DF50023C4F8283538BD10B549
:10E0E0000C46D1B1C86918B1EBF352F50023E361D6
:10E0F000D4F8880020B1EBF34BF50023C4F8883046
:10E10000D4F88C0020B1EBF343F50023C4F88C3035
:10E110002046BDE81040EBF33BB510BD70B504469A
:10E120004FF4B8701646EBF327F50546A8B14FF447
:10E130008470EBF321F5E86178B13146FFF7CEFE4C
:10E140004FF45470EBF318F5C5F8880028B1C420DB
:10E15000EBF312F5C5F88C0020B929462046FFF7ED
:10E16000BEFF0025284670BD2DE9F0411D46002662
:10E170000368C0F8C46293F8B430044638205843AA
:10E18000EBF3FAF4C4F8C402002855D0236893F8DE
:10E19000B4008000EBF3F0F4C4F8C80210B940F208
:10E1A000F53394E04FF40070EBF3E6F4C4F818078D
:10E1B000002800F09580C4F864622020EBF3DCF4C2
:10E1C000C4F8640210B94FF47E7380E0C820EBF30A
:10E1D000D3F4C4F8540310B940F2F23377E04FF4AB
:10E1E000B870EBF3C9F4C4F8840410B940F2F93301
:10E1F0006DE08020666AEBF3BFF4B06210B940F2C4
:10E20000034364E04FF48470EBF3B6F4C4F82C03DA
:10E2100010B940F2EF335AE04FF48470EBF3ACF4F2
:10E22000C4F8340310B94FF47C7350E01220EBF3C0
:10E23000A3F4C4F8140310B94FF47D7347E0B4207D
:10E24000EBF39AF4C4F8D40210B940F2F6333EE08E
:10E250004FF46470EBF390F4C4F8A002F0B100F155
:10E26000E403C4F8A43200F5E47300F52B70C4F89D
:10E27000A832C4F8AC02264604F110072368D6F889
:10E28000A082DB69D3F8D4004001EBF375F4C8F841
:10E29000E000D6F8A032D3F8E00010B940F2F7332E
:10E2A00015E00436BE42E9D14FF48470EBF364F418
:10E2B000C4F8DC0410B940F2FB3308E04FF4867078
:10E2C000EBF35AF4C4F8280520B940F2FF332B6071
:10E2D000BDE8F0813820EBF34FF4C4F8780610B9AC
:10E2E0004FF48163F3E70120BDE8F08138B50D46B6
:10E2F000044600282BD0FFF77CFE20462946FFF776
:10E3000079FEA06A08B1EBF343F4636A5BB1986AE3
:10E3100020B1EBF33DF4636A00229A62606AEBF38A
:10E3200037F400236362D4F8780620B1EBF330F4BD
:10E330000023C4F87836216821B12846FFF7CFFEC4
:10E34000002323602046BDE83840EBF321B438BDFC
:10E350002DE9F341064640F67400884615461F46EF
:10E36000EBF30AF4044610B940F2EA3310E0262336
:10E37000C0F8E035C0F8E435089B4146C0F81C37CA
:10E380003A463046FFF7CAFE206018B940F2EB3338
:10E390002B602DE040231A4A80F8B43023681268BD
:10E3A0000460C3F898204FF40870EBF3E5F3A06223
:10E3B00040B100F58870E0622C20EBF3DDF3606281
:10E3C00030B902E040F2F233E2E740F2F333DFE744
:10E3D0002046314642462B460097FFF7C5FE38B12E
:10E3E0002046314642462B460097FFF700FE20B9F3
:10E3F00020463146FFF77AFF00242046BDE8FC8125
:10E400004404000003680B22DB69C3F8BC205A6196
:10E410009A61704710B50446F8B1D0F8500208B1BF
:10E42000EBF3B6F3D4F8E80220B1EBF3B1F3002339
:10E43000C4F8E832D4F8FC0320B1EBF3A9F30023CD
:10E44000C4F8FC332368054918682246FEF7F1F941
:10E450002046BDE81040EBF39BB310BD6E7D8900F4
:10E4600080F8C01370470000F0B587B00546FFF78D
:10E47000C9FF4FF48160EBF379F30446002800F004
:10E48000D48000214FF481624026E6F359F32560E1
:10E4900084F8E163BC20EBF369F3C4F85002002870
:10E4A00000F0BA800021BC22E6F34AF30123A372F4
:10E4B0006373A373E373A37494F8E13300223F2BD7
:10E4C000E67498BFE374FF2384F828300B2322748A
:10E4D00062742273E2720521022284F8DE33002383
:10E4E00084F8271084F82D2041F2285084F82C302D
:10E4F0006085286890F89C00217501280CBF0120D8
:10E50000104684F82E00012084F8C0034FF4006008
:10E51000A2756063224621460520D0750220D0777F
:10E5200023B94FF48070A4F8E40302E02020A1F89E
:10E53000E403013301320231082BEDD1002601271B
:10E54000204641F2285184F82F6084F8307018F08A
:10E55000D1DA0221204685F8DA721AF011DE84F849
:10E56000D86304212846324A324B0096019401F0C8
:10E57000DDFCB042C4F800044EDB042128462E4ADC
:10E580002E4B0096019405F017FFB042606043DB0C
:10E590004FF43E70EBF3EAF2C4F8E80200283BD0F7
:10E5A00031464FF43E72E6F3CBF21020EBF3E4F287
:10E5B000C4F8FC0300282FD0214B28680093214B7E
:10E5C00021490193214B224A039323460296049644
:10E5D0000596FEF789F9F8B91E4B84F854721A1D96
:10E5E00007CA8DE8070022461B6828460721FEF768
:10E5F000C7FAFF2384F8DD332B68204693F84110D7
:10E600001BF03CDDC823C4F8EC3220461BF04AD88E
:10E61000202384F8E23308E0D4F8500208B1EBF389
:10E62000B7F22046EBF3B4F20024204607B0F0BD69
:10E6300001918300E5908300A19183008191830083
:10E640006199830099B783005CE2880015AA830072
:10E650006E7D8900A09B0200024618B10068024945
:10E66000FEF7E7B8704700BF5D89890010B5044622
:10E6700086B00E490E4A234600680AF0F1D90D4BC8
:10E68000206800930023019302930393049305935E
:10E690000949064A2346FEF727F920B12046FFF72D
:10E6A000DBFF4FF0FF3006B010BD00BF5D89890071
:10E6B00021CF830015CE83004CE3880038B5044693
:10E6C000D0F834011546FFF7CBFED4F838012946BF
:10E6D000BDE8384000F02CB810B50446002824D01E
:10E6E000416969B190F829301BB103689868F7F364
:10E6F00055F5236861699868F7F3BCF500236361F9
:10E70000A06908B1EBF344F2E06918B1EBF340F211
:10E710000023E3612368054918682246FEF789F85B
:10E720002046BDE81040EBF333B210BD7686890079
:10E7300080F828107047000070B5054686B0342078
:10E74000EBF314F20446002800F0928000213422FA
:10E75000E6F3F6F14023256084F82A305020EBF3ED
:10E7600005F2A06100287BD000215022E6F3E8F1F9
:10E77000012384F8203084F8213084F8223084F892
:10E78000233084F8243084F8253084F8263084F847
:10E79000273023721023637294F82A300F2B98BF0E
:10E7A00063722B6A00261869EDF7F2FD4FF47A7355
:10E7B000E381C823238200F01000012300280CBF4E
:10E7C0000520072084F8283003232073E3722046B5
:10E7D000A6721DF0FDDC04212846274A274B00962F
:10E7E000019401F0A3FBB042206339DB04212846E9
:10E7F000234A244B0096019405F0DEFDB042606090
:10E800002EDBA868204922463346F7F34BF56061BA
:10E8100030B34FF4BA70EBF3A9F1E06100B33146C5
:10E820004FF4BA72E6F38CF1184B28680093184B3A
:10E8300018490193184B194A0393194B02960493F4
:10E84000184B05932346FEF74FF8064640B92B6850
:10E85000204693F842101DF06DDC84F8296007E033
:10E86000A06908B1EBF394F12046EBF391F1002499
:10E87000204606B070BD00BF05DF8300EDDE8300DB
:10E8800061DF830041DF830071E28300DDDF83000D
:10E8900045E5830088E3880029E1830076868900C6
:10E8A0004457010025A300000023037440F6FB63D6
:10E8B000C381704710B5044690B11EF025D9606839
:10E8C00008492246FDF7B5FFE06E08B1EBF360F1B1
:10E8D000206EEBF35DF12046BDE81040EBF358B13C
:10E8E00010BD00BF6E88890030B5054687B0702026
:10E8F000EBF33CF10446002834D000217022E6F30B
:10E900001FF12B68256063601820EBF32FF1206660
:10E9100020B300211822E6F313F16420EBF326F173
:10E92000E066D8B100216422E6F30AF10F4A104BE9
:10E930000292104A009300230193039204930593DB
:10E9400060680D490D4A2346FDF7CEFF30B901231B
:10E950006382A3822046FFF7A7FF03E02046FFF76C
:10E96000A9FF0024204607B030BD00BFDDF18300C1
:10E9700095EE830075F08300DCE388006E888900E3
:10E9800070B50446E8B18569C669284600F016F9F5
:10E99000616C41B1A868F7F301F4A868616CF7F302
:10E9A00069F400236364224630460649FDF741FFBF
:10E9B00028682146FEF75CF82046BDE87040EBF37E
:10E9C000E7B070BD826A89002DE9F0433C234FF027
:10E9D00005090A27D0F80080C0F80435C0F808956A
:10E9E000C0F8107587B00446A020EBF3BFF00546D1
:10E9F000002800F0B1800021A0220026E6F3A0F05C
:10EA00002E70AC61C5F81C80284620F0AFDF0421D1
:10EA1000A862554A204633460096019501F086FAD1
:10EA2000B042A866C0F29880204600F0E1F80646A1
:10EA3000002840F09180A0684C492A463346F7F3FD
:10EA400031F46864002800F08780494B4046009309
:10EA5000484B49490193494B494A02932B46039637
:10EA600004960596FDF740FF0346002874D10090F8
:10EA700029462068434AFDF78AFF014600286BD1EA
:10EA8000D4F888040122404B03F03CFF002863D1F6
:10EA90003E4BD4F894068DE81800394601223C4BD1
:10EAA00002F00CFC002857D13A4B32228DE81800B6
:10EAB000D4F894063946384B02F000FC0246002890
:10EAC0004AD1D4F894064946344B009402F0ACFE87
:10EAD000002841D1D4F8940649460122304B0094D5
:10EAE00002F0A2FE002837D1D4F89406494632221B
:10EAF0002C4B009402F098FE70BBD4F89406494663
:10EB0000A422294B009402F015FF28BBD4F89406E8
:10EB100049463022254B009402F086FEE0B9D4F835
:10EB20009406C0212D22224B009402F07DFE98B95C
:10EB3000D4F8940690212D221E4B009402F0D6FCAE
:10EB400050B9D8F8D8001C49E6F372F64FF47A733E
:10EB500090FBF3F36B8103E02846FFF711FF0025DC
:10EB6000284607B0BDE8F08301FD8300DD16840070
:10EB700009FD8300AD0F8400A8E48800891184009A
:10EB8000826A890065068400F9078400F513840011
:10EB9000A5118400D913840095118400911284007A
:10EBA000C912840055128400791384000D13840067
:10EBB000A9148400A51484006885890038B5D0F8AC
:10EBC0001455044675B10849024660F0B5D90749A5
:10EBD00022462068FDF72DFE2846EAF3D9F70023E8
:10EBE000C4F8143538BD00BF1139840066570100E0
:10EBF000F0B5044687B04FF40A60EAF3B7F705466C
:10EC000020B9C4F814054FF0FF3005E100214FF49E
:10EC10000A62E5F395F7226805F120032B600026D0
:10EC200008236B612E61F821D36520467B4A7C4B1B
:10EC30000096019405F0C0FBB042A86105DA2046B9
:10EC4000FFF7BCFF6FF00100E6E0764B002243F8CF
:10EC5000042BF2071FD5744901270A780D2A07FAF9
:10EC600002FE03DCD21917FA02F001E04FF4004073
:10EC7000CA78012111FA02F70D2A47EA0E0747EA7E
:10EC8000000003DC521811FA02F201E04FF40042D6
:10EC9000024343F8042CB00723D5634901274A787F
:10ECA00053F804EC0D2A07FA02FC03DCD21917FA18
:10ECB00002F001E04FF400408A78012111FA02F7D6
:10ECC0000D2A47EA0C0747EA000003DC521811FA44
:10ECD00002F201E04FF40042024342EA0E0243F81E
:10ECE000042C710723D5504901270A7953F804EC05
:10ECF0000D2A07FA02FC03DCD21917FA02F001E030
:10ED00004FF400404A79012111FA02F70D2A47EA2F
:10ED10000C0747EA000003DC521811FA02F201E086
:10ED20004FF40042024342EA0E0243F8042C320739
:10ED300023D53D4901278A7953F804EC0D2A07FAB7
:10ED400002FC03DCD21917FA02F001E04FF4004094
:10ED5000CA79012111FA02F70D2A47EA0C0747EA9E
:10ED6000000003DC521811FA02F201E04FF40042F5
:10ED7000024342EA0E0243F8042C0136102E7FF4BF
:10ED800065AF2A4B002103932068294A234600914E
:10ED90000191029104910591FDF7A6FD70BB01213F
:10EDA000D4F888040A46234B03F0ACFD48BBD4F8E2
:10EDB000880401210222204B03F0A4FD20BB1F4B3D
:10EDC000D4F894068DE81800802105221C4B02F02F
:10EDD000F3F9E0B91B4B1A1D07CA8DE8070020465E
:10EDE000032122461B68FDF7CBFE2046164922462A
:10EDF00060F09CD870B9C4F814550DE06FF00300B2
:10EE00000AE06FF0040007E06FF0050004E06FF027
:10EE1000060001E06FF0080007B0F0BDC5388400BF
:10EE2000453884007465010060E188000D3284007B
:10EE300066570100CD2F840009368400F93984001B
:10EE4000FD318400B09B02001139840070B51E466C
:10EE50008B89154642F2560293420C4608D842F27C
:10EE6000550293422DD242F25002934229D108E03A
:10EE700042F2600293421AD04EF2F542934220D100
:10EE80001AE0CB89012B04D16FF03B032B600F23D9
:10EE900003E06FF045032B60142333600368D3F85D
:10EEA0008030D90412D52B68023B2B600EE06FF046
:10EEB0004A032B600F2308E06FF095032B60962325
:10EEC00003E06FF04A032B6014233360D4F8080189
:10EED00030B300214022E5F333F6D4F80821802333
:10EEE0001370D4F8082129685170D4F80821937060
:10EEF000D4F808313268DA70D4F80831BF221A71B8
:10EF0000D4F8083100225A71D4F808310322DA808B
:10EF100046221A810A225A8101229A810A22DA8122
:10EF2000D4F80C0128B100211022BDE87040E5F3AF
:10EF300007B670BD10B50446E0B103680E49186805
:10EF40002246FDF776FCE36833B1214651F80C3BCD
:10EF5000D3F83C06F7F712F9A36833B1214651F80C
:10EF6000083BD3F83C06F7F709F92046BDE8104006
:10EF7000EAF30EB610BD00BF969F890070B5054636
:10EF800086B01020EAF3F2F50446002837D00021BD
:10EF90001022E5F3D5F5D5F83C06E421194A04F131
:10EFA0000803F7F7DFF830BBD5F83C06E821164A2E
:10EFB00004F10C03F7F7D6F80646E0B98DE8110026
:10EFC00004212846114A124B05F0F6F9002860602A
:10EFD00011DB104B286800930F4B10490193104B25
:10EFE000104A03932346029604960596FDF77CFC8F
:10EFF00008B9256003E02046FFF79CFF0024204667
:10F0000006B070BD6B57010071570100DDBD840073
:10F010009DBD840075B6840051BE840050E6880012
:10F0200079B68400969F890001207047012970B548
:10F030000E46144607D1174B03211046D3F8B830BB
:10F040000A46984770BD19BB124BD3F8C050FFF762
:10F05000EBFF314602462046A847204601213246B2
:10F06000A847204602213246A84720460321012214
:10F07000A84720464FF481710122A84720464FF44B
:10F0800080713246A847204640F201113246A84717
:10F0900070BD00BF10A78800806C20381F2805D8DD
:10F0A000802333FA00F000F0010070470020704721
:10F0B000C16FB0F84E3010B58A6AB3B1FF2B16D9C4
:10F0C000180B0138012814D803F47060000A0928CD
:10F0D0000FD878B103F0F00090280AD803F00F00A1
:10F0E00009288CBF0020012004E0184602E001201E
:10F0F00000E000200C6B41F2E4418C4215D1A2F5F6
:10F1000082610739012903D83F2B98BF002010BD29
:10F1100040F20C418A4207D040F221418A4204D198
:10F12000502B98BF002010BD002010BD90F8763005
:10F1300010B504463BB9044B04491A682CF03CDA7C
:10F14000012384F8763010BD78B802007CB8020044
:10F1500070B50C460546164608460A220021E5F31E
:10F16000EFF463881E432B6D6680980603D52388D1
:10F1700043F480632380D5F8943042F25002198C16
:10F18000914205D15B8C052B9CBF46F0040666803E
:10F1900070BD0000D0F880000149E6F36DB300BFF8
:10F1A000119C020010B504460C20EAF3DFF4C4F809
:10F1B0000C0138B10C220021E5F3C2F4D4F80C3173
:10F1C00010229A7210BD10B50446D0F80C0120B17F
:10F1D000EAF3DEF40023C4F80C3110BD70B5064626
:10F1E00005460024686938B1064B1B6898473046CD
:10F1F000214600223BF03ADE01340435062CF1D1E1
:10F2000070BD00BF10A788002DE9F043046985B0E8
:10F210000546EC20A66FEAF3A9F43062002875D009
:10F220001020A66FEAF3A2F4706200286ED00026C8
:10F2300037460F216846384A3346E5F3E7F4D4F8F9
:10F2400080006946E6F318F308B10137BFB2013612
:10F2500040F2F1339E42ECD137B9D4F880002F4907
:10F26000E6F30AF3002843D0B8000630EAF37EF450
:10F27000C5F85C06002849D00023838000260F21B2
:10F280006846254A3346E5F3C1F4D4F88000694660
:10F29000E6F3F2F298B1D5F85C866946D4F88000BE
:10F2A000B8F80490E6F3C4F208EB89031881D5F8A6
:10F2B0005C369A8803EB82010132CE809A80013657
:10F2C00040F2F1339E42DAD1D4F880001349E6F3DC
:10F2D000D3F2D5F85C6650B1D4F880000F49E6F35C
:10F2E000A7F2D5F85C36012270801A7000E0307009
:10F2F000A36F586A60B1012303808380C3800381B8
:10F300000223438104238381002001E06FF01A006F
:10F3100005B0BDE8F08300BF629C02006F9C020054
:10F320002DE9F04F0568C6682B688FB0DF690023B0
:10F330000446009388460BA80921944A3346E5F316
:10F3400065F4D4F81490B9F1000F40F01081D4F8AE
:10F3500088103A6801F50071E06FD4F808A00992AE
:10F36000D7F804B0FAF798FE0146A868FCF776FDD6
:10F37000002800F005810921844A0BA83346CDF806
:10F380000090E5F343F4E26FD4F88810B8F1000F71
:10F3900002D001F5007300E04346099801F50871B9
:10F3A000B8F1000F08BF002001900091CDF808B01F
:10F3B000B9684FF0FF390391CDF81090F968DFF884
:10F3C000DC810591D5F8E015504606910BA9CDF8E2
:10F3D0001C80FAF7D1FC0546002800F0D1802A46AF
:10F3E0006B4B20460021FFF721FE2A4620460021D4
:10F3F0003BF03CDD00250921644A33464FF0010B08
:10F400000BA8CDF800B0E5F301F400953A68D4F804
:10F410008830019250460BA9E26F03F510730295F4
:10F420000395CDF8109005950695CDF81C80FAF758
:10F43000A3FC0746002800F0A4803A46544B20461F
:10F440002946FFF7F3FD59463A4620463BF00EDDCC
:10F450004FF0020B09214D4A33460BA8CDF800B0FE
:10F46000E5F3D4F3099AD4F88830019250460BA9F9
:10F47000E26F03F52073009502950395CDF8109087
:10F4800005950695CDF81C80FAF776FC074600280E
:10F4900077D03A463E4B20462946FFF7C7FD5946EE
:10F4A0003A4620463BF0E2DC4FF0030B0921374A95
:10F4B00033460BA8CDF800B0E5F3A8F3099AD4F8C9
:10F4C0008830019250460BA9E26F03F53073009526
:10F4D00002950395CDF8109005950695CDF81C8002
:10F4E000FAF74AFC074600284BD03A46284B2046FC
:10F4F0002946FFF79BFD3A46204659463BF0B6DCCD
:10F50000042733460921214A0BA80097E5F37EF32F
:10F51000099AD4F88830019250460BA9E26F03F59E
:10F520004073009502950395CDF8109005950695CA
:10F53000CDF81C80FAF720FC064608B33246204678
:10F540002946134BFFF772FD3246204639463BF001
:10F550008DDC2646706930B10E4B0F49D3F88C30E4
:10F560009847C6F8C00001350436062DF2D1D4F80C
:10F570009410204608310022FFF7EAFD012700E041
:10F58000074638460FB0BDE8F08F00BFE29B02008F
:10F59000F05D010010A78800D4318900C403000089
:10F5A00010B5BDE81040FCF77DBA11B10846FCF774
:10F5B00021B87047F8B504690546002C42D0E06FC9
:10F5C00008B1FCF74DF82046FFF708FED4F8946028
:10F5D000B4F846000BF0A0D8706A28B103F04BFCD9
:10F5E00000230746736200E00746D4F8900003F05A
:10F5F00021FC00263F18D4F88C0004F0D9F92046ED
:10F60000C4F88060E667FFF7DEFDD5F85C0618B148
:10F61000EAF3BEF2C5F85C66A36F186A20B1EAF39C
:10F62000B7F2A36F00221A62A36F586A20B1EAF3FF
:10F63000AFF2A36F00225A62204601F03BFD002387
:10F640002B6100E027463846F8BD0000F0B587B0D2
:10F650004FF480350021042303AA0446D0F88870B3
:10F6600000952CF05BDC234B06AE46F8083D0021EC
:10F6700004232046324600952CF09CDC0423002114
:10F6800005AA204600952CF049DC049B059A9A4275
:10F690002AD1194B002104932046042332460095B9
:10F6A0002CF088DC0423002105AA204600952CF0CC
:10F6B00035DC049B059A9A4216D10423002120468A
:10F6C00003AA00952CF076DC0023C7F88C31D7F81C
:10F6D0002031B3F1042F09D00848C0EB030CDCF152
:10F6E000000040EB0C0002E0002000E0012007B029
:10F6F000F0BD00BFAA5555AA55AAAA55000400841A
:10F70000224B70B54FF00061002603660A4646663C
:10F71000044605682DF0C6DD4FF08073C4F8203133
:10F720000323A4F8A8300223A4F8AA300723A4F8DE
:10F73000A4300423A4F8A63041F2010384F8A260A7
:10F74000A4F8BC304FF41673A5F810362B6893F864
:10F750009C20012A0CBF0C220622A5F80E2693F845
:10F7600064211AB1226E42F08072226693F89C20C6
:10F77000074812F1FF3218BF01220649E5F306F2ED
:10F78000FF2384F834310123637470BD60A8E7B8A7
:10F7900078570100787502002DE9F04F97B09B462D
:10F7A0004FF0000916AB8A46174643F8049D21998D
:10F7B0005A46054601F097FC0446002800F01D83D8
:10F7C0009DF88030286103742B6840F61201D3F84D
:10F7D000D400D3F8D860D3F8DC304A46C4F884307B
:10F7E000E067C4F88060F0F321F0C4F88800804638
:10F7F000E860E06FEFF380F2A0642046FFF780FF3F
:10F8000030469749E6F338F028B149464A46E5F3D1
:10F81000CFF51FFA80FA30469249E6F32DF048B151
:10F8200000210A46E5F3C4F54FF6FF7380B2984213
:10F8300018BF074650463946FDF734F908B90C237E
:10F84000DAE28949A4F844A0A4F846703046E5F30A
:10F85000EFF78649C4F860013046E5F3E9F7C4F8EC
:10F860006401B4F846000AF057DF003018BF0120E9
:10F87000263054F82030B4F84600C4F894300AF02A
:10F880004BDF003018BF01200A3055F820302046E9
:10F890002B62FFF701FC08B90D23ADE2E06FEFF337
:10F8A000E5F1E06FEFF39CF6204600212BF0B0DB92
:10F8B00020464FF0FF312CF021DC2046FFF7C6FE3A
:10F8C00008B90E2398E230466949E5F3B1F7FF28FD
:10F8D00008BF0120A4F84E002046FFF7E9FB08B955
:10F8E0000F2389E263493046E5F3A2F7624984F8C1
:10F8F0004C003046E5F39CF7604920653046E5F35F
:10F9000097F794F84C3060650B2B05D930465C496D
:10F91000E5F38EF7C4F850015A493046E5F388F70D
:10F92000594984F835013046E5F382F784F8360109
:10F930002B6893F86A312BB130465449E5F378F7D8
:10F94000C4F8540152493046E5F372F7514984F83E
:10F9500058013046E5F36CF7E36F41F26B02196B27
:10F96000A4F86801914220D19B6A4E2B08D1B4F8CB
:10F970004E30402B19D9236D43F00203236514E068
:10F98000E42B04D1B4F84E30B3F5A85F06E0EF2BBA
:10F990000BD1B4F84E2041F201239A4205D8236DD1
:10F9A00043F480032365002363653B493046D4F864
:10F9B0005C71E5F33DF7394938603046D4F85C7145
:10F9C000E5F336F7364978603046D4F85C71E5F3F4
:10F9D0002FF73449B8603046A76FE5F329F738763A
:10F9E000A36F1A7E012A01D003221A76236D99068D
:10F9F00004D5012120460A462DF0F6D8D4F880001F
:10FA00002949E5F339F720B1D4F880002649E5F318
:10FA10000FF781462549D4F88000E5F32DF720B192
:10FA2000D4F880002149E5F303F707462049D4F8CC
:10FA30008000E5F321F720B1D4F880001C49E5F3FC
:10FA4000F7F62B6893F82821BAB3226D920504D5F6
:10FA5000B9F1000F01D007B160BB00222BE000BF5D
:10FA6000259C0200B49C02004C9C0200579C0200A2
:10FA7000AB9C0200BA9C0200069C0200869C02001D
:10FA80009F9C0200CC9B0200D79B0200799C020045
:10FA9000369C0200C29C0200419C02002C9C020089
:10FAA000C09B0200ED9B0200199C0200F29B020029
:10FAB000929C0200012283F828212B6893F8692187
:10FAC00032B1226D12F0010218BF012283F86921C0
:10FAD000B4F846200123C4F8B830B4F844002B68C9
:10FAE000A5F8AA21E26FA5F8A801C3F8D420A26C5A
:10FAF0001A6194F84C2083F87C202B68226DB4F8AE
:10FB00004E00C3F88020626DA3F87A00C3F8842009
:10FB100094F84C2020460B2A84BFD4F85021C3F817
:10FB20004821D4F8B820012783F83D705A62A968AB
:10FB30002A4603F02BFFC4F88C0008B919235BE1B7
:10FB4000219AE36F0292A26C04900692B4F84620C8
:10FB5000B4F84400ADF82A20DA6B03930B921A6CC8
:10FB6000ADF828000C925A6C02A80D9294F84C2023
:10FB7000CDF814B00E929A6A09960F92B4F84E20FE
:10FB800010921A6B1192226D1292626D13925A6842
:10FB9000DB680792089303F0AFFAC4F8900008B945
:10FBA000102329E12623C5F8E035C5F8E4354FF4E4
:10FBB000FF73C4F83831B4F846000AF0ADDD10F137
:10FBC000000918BF4FF00109494620462EF0FCD825
:10FBD000B9F1000FD4F894300CBF02220122C3F80F
:10FBE00004901A602B6A14BF01220222C3F8049009
:10FBF0001A60E06FD5F81C90EFF376F0D8F85C311E
:10FC0000C9F8000023F000437E4AE3662367A36C33
:10FC10000C2101FB0323303BC4F8D8302046394681
:10FC20002BF0ACDDD4F89490D4F890004146D9F88C
:10FC30000020334603F066F9C9F8240008B91123FF
:10FC4000DAE04FF0FF3120462DF04EDAD4F8943050
:10FC5000E16E586A03F00CF9D4F8943003F12202F3
:10FC6000009203F11C0103F11E02586A203303F0D5
:10FC7000ECF8D4F89480D8F8240003F0F4F888F86D
:10FC80002800D4F89430D5F82080586A03F0EBF8B7
:10FC900088F81400D4F89480D8F8240003F0E6F82B
:10FCA000D4F89430C8F81800DA8B37FA02F1C90793
:10FCB00001D41223A0E0296A586A0861988B4A810E
:10FCC00008811A8C588C8A81C8810F2240F2FF303B
:10FCD000D8829A8220463946FFF722FB08B91323BF
:10FCE0008AE02B6893F86931002B32D0002120463E
:10FCF0002BF0F6DF30464449A76FE5F399F5236D05
:10FD0000C0B2DA07386020D5636D1B061DD4E36FDF
:10FD10009A69900002D5DA69D10704D5DB69DA0760
:10FD200001D4580711D5E36E99000ED530463649F7
:10FD3000E5F3A2F530B134493046E5F379F5C1B2C7
:10FD4000204604E02046082101E0204600212BF057
:10FD500073DDE06FEBF358F420462DF017DF0094CD
:10FD6000E06F2A492A4A0023FBF76CFC2046002159
:10FD70002DF0EEDE2046FFF70DFA08B915233BE023
:10FD800004F1FC063146E5F3A9F13046E5F338F518
:10FD900018B93046E5F340F508B116232CE02046AB
:10FDA000FFF700FA2846A16C01F0E2F92B68DA6946
:10FDB000526AC5F84425013A85F84225D3F89800DF
:10FDC000A8B103789BB113492246E5F3C7F62B6827
:10FDD0001149D3F898002246F9F78AFE606930B1DC
:10FDE0002B68D3F898100D4BD3F8B03098472846BD
:10FDF000FFF70AFA10B11B231593159817B0BDE849
:10FE0000F08F00BF005E0100FD9B020001DC84005A
:10FE100015DC84005DD98400BDD9840010A788005A
:10FE200010B50446002828D00368144918682246F3
:10FE3000FCF7FFFC236A1BB104F12000E4F396F009
:10FE4000E3691BB104F11C00E4F390F0A3691BB15A
:10FE500004F11800E4F38AF063691BB104F11400A3
:10FE6000E4F384F023691BB104F11000E4F37EF0A5
:10FE70002046BDE81040E9F38BB610BD8A5701005B
:10FE8000036830B5DB690546586D87B00001243042
:10FE9000E9F372F60446002838D0034643F8245BA1
:10FEA000C36004F11001D5F83806E4F349F068BBEB
:10FEB000D5F8380604F11401E4F342F030BBD5F86C
:10FEC000380604F11801E4F33BF0F8B9D5F8380628
:10FED00004F11C01E4F334F0C0B9D5F8380604F19C
:10FEE0002001E4F32DF088B94FF4856363600B4B78
:10FEF000019000930A4B03900293049005900949E6
:10FF00002868094A2346FCF7EFFC18B12046FFF7A2
:10FF100087FF0024204607B030BD00BFC10B85001D
:10FF20007513850080E688008A570100F0B5D0F887
:10FF300028410068A568C069406D854211D2E76814
:10FF40002E01B8194360059B01358360069BBA51A9
:10FF5000C3606068A560C31C591821F0030161608B
:10FF6000F0BD6FF01500F0BDD0F828311869E3F34B
:10FF7000C3B7D0F8280110B10069E4F31FB070478F
:10FF8000D0F82831D869E3F3B7B7D0F82831D86969
:10FF9000E4F314B0D0F82831186AE3F3ADB7D0F821
:10FFA0002831186AE4F30AB073B505462EF058DC20
:10FFB0000446B8B12B684FF00052C5F868020092B1
:10FFC00093F82F20284601922146002204332EF078
:10FFD000D3D9064650B9284621462FF0B1DB064654
:10FFE00020B901E06FF01A0630467CBD2846214654
:10FFF0002FF01EDBF8E7F8B51F4603680D461E69B3
:020000041003E7
:100000001146D6F880001446E5F32AF440B3B8420E
:1000100024D121460022D6F88000E5F315F428709B
:1000200021460122D6F88000E5F30EF468702146DF
:100030000222D6F88000E5F307F4A87021460322D7
:10004000D6F88000E5F300F4E870D6F88000214689
:100050000422E5F3F9F328710120F8BD4FF0FF30D9
:10006000F8BD000038B50446B8B103680B491868FC
:100070002246FCF7DEFB606B08B1E9F389F5D4F8A2
:1000800080000025656318B1E9F382F5C4F880505B
:100090002046BDE83840E9F37BB538BD91570100F3
:1000A0002DE9F04105698CB007468420E9F364F539
:1000B0000446002800F0D28107603C20E9F35CF59B
:1000C0008046002800F0CA813B69012680F838602C
:1000D00080F8396043603B6A046031461869ECF788
:1000E0007EFAD8F80430B649D3F88000E5F3A0F3DF
:1000F000D8F80430C8F81400B249D3F88000E5F30A
:1001000097F3D8F80430C8F81800AF49D3F8800046
:10011000E5F38EF3D8F80430C8F81C00AB49D3F8E7
:100120008000E5F385F3D8F80430C8F80800A84942
:10013000D3F88000E5F37CF3D8F80430C8F8100059
:10014000A449D3F88000E5F373F3A34BC8F80C007F
:10015000C4F880800093A14BA1490193A14BA24A0E
:100160000293A24B0393A24B0493A24B05933868CE
:100170002346FCF7B9FB8046002840F06F8184F8E5
:100180002C003B699C49D3F88000E5F351F384F8D7
:100190006F003220E9F3F0F407466063002800F0B6
:1001A0005D8141460A2206A8E4F3CAF40C238DF8C7
:1001B000193099238DF81A30A6238DF81B300823A7
:1001C0008DF81E30B7238DF81F30E2238DF82030D4
:1001D0008A4AC4238DF821308DF818608DF81D608F
:1001E0001068516809AB03C3128985491A80854B91
:1001F0003E70A363844B84F85A80E363636B9E7103
:10020000D5F88000E5F338F3002800F093807C49AE
:10021000D5F88000666BE5F30BF370707B49D5F879
:100220008000666BE5F304F3B0707949D5F880007F
:10023000666BE5F3FDF2F0707649D5F88000666BE9
:10024000E5F3F6F230717449D5F88000666BE5F39A
:10025000EFF270717149D5F88000666BE5F3E8F252
:10026000F0716F49D5F88000666BE5F3E1F2B0718B
:100270006C49D5F88000E5F3DBF284F844006A4964
:10028000D5F88000666BE5F3D3F230726749D5F894
:100290008000666BE5F3CCF27072616B05230A3166
:1002A000634A2046FFF7A7FE616B05230F3186B234
:1002B000604A2046FFF79FFE616B05231431361814
:1002C0005D4A2046FFF797FE616BB6B219310523F0
:1002D00036185A4A2046FFF78EFE616BB6B23618C2
:1002E0000B7AB6B2B34225D11E310523544A2046BB
:1002F000FFF781FE616B0523233186B2514A204608
:10030000FFF779FE616B0523283136184E4A2046E7
:10031000FFF771FE616BB6B2052336182D3120460A
:100320004A4AFFF768FE636BB6B236185B7AB6B21C
:10033000B34225D0626B00235370626B0C21937023
:10034000626BD370626B1171616B02224A71A86F8C
:10035000616B0068C871616B0A72616B4A72606B95
:10036000812284F8402006A90A2284F841300A300C
:10037000E4F362F3606B09A91E300A22E4F35CF334
:10038000626BAB6FD27900211A6004F14D00082234
:10039000E4F3D6F3002384F8583084F85930A4F8F5
:1003A0005630D5F880002A49E5F366F2002851D08E
:1003B000D5F880002649E5F33BF284F85F0051E070
:1003C000E49D0200D19C0200FA9C02000A9E0200F9
:1003D000629D0200D09D02005128850085DA000050
:1003E000A4E68800E12B850091570100D52B8500FC
:1003F000A45701006DD30000989E02003B38010015
:10040000479E02001127850089278500919D0200E3
:10041000319E02001B9E0200F39D0200E29C02003E
:10042000A89D02004E9D0200819D02003D9D02009C
:100430000D9D02001D9D02002D9D0200719D020078
:10044000549E0200659E0200769E0200879E020076
:10045000BD9D0200BA2384F85F3003E02046FFF719
:1004600001FE002420460CB0BDE8F08130B5044602
:1004700085B0002840D0D0F8201131B103689868C9
:10048000F5F3F8F60023C4F8203123681A6892F8CF
:100490002F2022B3D3F8240101A900225EF0A2DAB2
:1004A0000FE043685A060CD5D4F83051451904E0E2
:1004B0000368C5F81031E9F36BF3D5F81001002893
:1004C000F6D1236801A9D3F824015EF0A1DA00284F
:1004D000E7D104E00368C4F84431E9F359F3D4F8F0
:1004E00044010028F6D12368044918682246FCF725
:1004F000A0F92046E9F34CF305B030BD5DB38900A7
:1005000030B5054687B04FF4A670E9F32FF30446E3
:10051000002875D000214FF4A672E4F311F33C4B90
:10052000256000933B4B3C4A0193002302930392C6
:100530000493059328683949394A2346FCF7D4F9CE
:1005400000285DD12B6A1A68022A05D15B7D002B39
:100550000CBF1623302300E0302322184430B0F5BE
:10056000887F1374EED1A8682E492A460023F5F33C
:1005700099F6C4F82001002842D04FF47A7345F26E
:100580007352C4F81C31A4F83C2100234622C4F85D
:100590004431A4F83E2128468DE828004FF48A71A2
:1005A000214A224B03F008FF0028C4F8300127DB62
:1005B0001F4BD5F894068DE818000521B0221D4B7D
:1005C00000F008FFE0B91C4BD5F894068DE8180040
:1005D0000521B222194B00F0FDFE88B9D5F894062A
:1005E0000A21B022164B009401F0A4F940B9D5F8C5
:1005F000C006B021134A144B009401F005FC18B159
:100600002046FFF733FF0024204607B030BD00BF6F
:100610009150850011658500654E850018E88800B9
:100620005DB389005549850011568500ED5585005B
:10063000955D8500E94A8500D15C8500514A8500B9
:1006400095538500854E8500994E850010B504466A
:1006500030B133F091DE2046BDE81040E9F398B2A6
:1006600010BD10B504462420E9F386F200B1046001
:1006700010BD000010B50446E0B143680E4918688B
:100680002246FCF7D6F8D4F83C01FFF7DFFFD4F898
:100690003401FFF7DBFFD4F89C0008B1E9F378F2EE
:1006A000D4F8940008B1E9F373F22046BDE8104095
:1006B000E9F36EB210BD00BFBC5701002DE9F04157
:1006C000754B00271F60754B056888B006461F6094
:1006D0004FF4A070E9F34AF20446002800F0D780F6
:1006E00039464FF4A072E4F32BF284E86000304600
:1006F000C6F85841FFF7B5FF8046C4F8340130B161
:100700003046FFF7AEFF8046C4F83C0120B92046D2
:10071000E9F33EF24446BAE07F21042204F14400AA
:10072000E4F30EF27F21042204F17000E4F308F2F6
:10073000042207A83946E4F303F2336893F87C20D7
:10074000D3F8D800012A13D95549E5F395F00146AD
:1007500058B107A80322E4F3CBF207A8042137F02D
:10076000B7D990B107A84F490CE007A84E4909E056
:100770004E49E5F35DF00928034606D84C4907A821
:1007800001EB83010322E4F3B3F2032207A904F18E
:100790000800E4F3ADF233684649D3F8D800E5F336
:1007A00047F0D5F8D43041F26B02196BE06091420A
:1007B0000ED19B6A8B2B01D0902B09D1022807D137
:1007C00007A83D490422E4F36FF208B90323E3606C
:1007D000D5F8D43041F26B02196B91420DD19B6A6E
:1007E000932B0AD107A835490422E4F35DF220B91E
:1007F000E368042B01D10623E360D5F8D43041F23D
:100800006B02196B914218D19A6A40F235139A42E1
:1008100013D107A82A490422E4F346F258B107A8E5
:1008200028490422E4F340F228B107A8264904220B
:10083000E4F33AF208B91323E3600025EAF786FFF0
:1008400035F058DF07A90422C4F89450C4F8985032
:10085000C4F89C50C4F8A050C4F8A45084F8F450D4
:10086000204633F0C3DE194B30688DE82800184964
:10087000184A23460295039504950595FCF734F82C
:1008800028B12046C6F85851FFF7F4FE2C46204602
:1008900008B0BDE8F08100BFB4650100B865010093
:1008A000A89E0200BF57010041B58900AE9E02001C
:1008B00094E98800B19E0200C257010068EB8800ED
:1008C00078E9880080E9880084E98800F16D850076
:1008D0003CE98800BC57010030B5054687B00C20C4
:1008E000E9F34AF10446D0B1114B05604FF4907121
:1008F000009301900722D5F894060E4B00F0DEFC21
:1009000080B90D4B019000930290039004900590E4
:100910000A4928680A4A2346FBF7E6FF10B9204631
:1009200007B030BD2046E9F333F10024F7E700BFFC
:10093000C19D8500299B8500659B8500ECED8800A5
:1009400034590100036810B5044605491868224669
:10095000FBF76FFF2046BDE81040E9F319B100BF77
:100960003459010070B5054686B00C20E9F304F156
:100970000446002863D00560002601900421284623
:10098000334A344B0096FFF7D1FAB042606059DB2E
:1009900004212846304A314B0096019403F00CFDA7
:1009A000B042A0604EDB28462D492246FFF7DCFA14
:1009B000002847D12B4BD5F894068DE818004FF44A
:1009C00090712522284B00F079FC00283AD1274B62
:1009D000D5F894068DE818004FF490713C22244B12
:1009E00000F06CFC00282DD1D5F8940605219C223E
:1009F000204B009500F036FF002823D1D5F894064F
:100A0000802125221C4B009400F070FDD0B9D5F850
:100A1000940680213C22194B009400F067FD88B9B0
:100A2000174B01900093174B03900293049005908D
:100A300015492868154A2346FBF756FF10B920468A
:100A400006B070BD2046E9F3A3F00024F7E700BF2D
:100A500051A3850011A3850059A7850045A78500EE
:100A6000CDA38500E5A98500F1A3850015AA850021
:100A700019A4850031A28500D1A28500F1A28500CC
:100A800009A58500E1A9850028EE880050B98900F4
:100A900038B505680446224628680649FBF7C9FEB2
:100AA000284605492246FFF764FA2046BDE838404B
:100AB000E9F36EB050B98900CDA385000246024922
:100AC0000068FBF7B6BE00BF3A59010030B50D4BC8
:100AD00087B0009300230446019302930393049389
:100AE00005930949094A23460068FBF7FDFE0028E3
:100AF00014BF4FF0FF350025204638F071D8284646
:100B000007B030BDA1B08500445901003A59010039
:100B10002DE9F043064687B038200F4691469846A7
:100B2000E9F324F00446002838D000213822E4F309
:100B300007F0D7F83C0640211A4A04F12003F5F7E4
:100B400011FB054620B12046E9F322F0002425E000
:100B5000154BC4F81C80A760C4F80C90266113499B
:100B60000093019002900390049005902346304634
:100B70000F4AFBF7B9FE034660B9E0680D4922460B
:100B8000F5F390F30546A06140B920690A49224671
:100B9000FBF74FFE2046E8F3FBF72C46204607B054
:100BA000BDE8F08314C68900EDB4850058EE8800D6
:100BB000B89E02004DB585005C59010010B5044691
:100BC00038F042DA0F4920692246FBF732FEA1696C
:100BD00061B1237D23B1E068F5F3E0F200232375D2
:100BE000E068A169F5F346F30023A361A36804F16B
:100BF0002001D3F83C06F5F7C1FA2046E8F3C8F720
:100C0000002010BDB89E020010B50446C0B12246B7
:100C10000C494068FFF7C3F9224660680A4903F0AF
:100C20000EFE224660680949FFF7A3F9A06808494B
:100C30002246FBF7FEFD2046BDE81040E8F3A8B7CA
:100C400010BD00BF21BF850081C5850029BB85007F
:100C50006359010070B5054686B01820E8F386F7A1
:100C60000446002800F0E98000211822E3F368F729
:100C70002B680022A360AB686560E3606B680421A9
:100C800023610423A38228466D4B8DE81400FFF7EF
:100C90004DF900282060C0F2CC80284669492246E0
:100CA000FFF778F9002840F0C480284666492246BC
:100CB000FFF75AF9002840F0BC80284663492246D5
:100CC00003F0B8FD002840F0B480614B0190009320
:100CD00002900390049005905E4928685E4A23467E
:100CE000FBF702FE002840F0A4805C490322D5F8FF
:100CF000BC063CF039DA5A4E5A490222D5F8C006F1
:100D00003CF032DAD5F89406B0213022564B0096EA
:100D1000019400F051FA002840F08B80534BD5F835
:100D200094068DE8180040F605013622504B00F07D
:100D3000C5FA00287DD14F4BD5F894068DE81800F0
:100D400040F6040137224C4B00F0B8FA002870D16D
:100D5000D5F8BC063021444A3346009401F009F826
:100D6000002866D1D5F8BC063621414A3F4B009495
:100D700000F0FFFF00285CD1D5F8BC0637213E4AC1
:100D80003C4B009400F0F5FF002852D1D5F8C00686
:100D900039213A4A3A4B009400F0EBFF002848D141
:100DA000D5F89406C0213622364B009400F03CFD65
:100DB00000283ED13021D5F894060A46324B0094E3
:100DC00000F094FB002834D1D5F8940640F60A01CF
:100DD00036222E4B009400F027FD50BBD5F8940628
:100DE00040F60A0137222A4B009400F01DFD00BB9B
:100DF000D5F8940630213922264B009400F014FDDA
:100E0000B8B9D5F8BC0630211F4A234601F044F892
:100E100078B9D5F8BC0636211C4A234601F03CF8C7
:100E200038B9D5F8BC063721194A234601F034F801
:100E300018B12046FFF7E8FE0024204606B070BD3A
:100E4000A1BA850021BF850029BB850081C5850029
:100E500035BC850080EE8800635901007CEE880077
:100E600019BA8500A4EE880071B8850085C6850092
:100E7000A5BB8500C1C5850035BB850021BC8500AB
:100E8000DDC68500C9C4850005C28500C9C08500CE
:100E900011C0850035C1850008B1E8F379B6704707
:100EA00037B505463820E8F367F6044650B14FF0F1
:100EB000FF33056005490193054A064B009539F05B
:100EC000ABDD01E0FFF7E8FF20463EBDE9CD850040
:100ED000F1CD8500E1CD850070B5054686B01020C6
:100EE000E8F344F60446002838D000211022E3F34A
:100EF00027F6002625600121C5F8CC462846194A68
:100F0000194B00960194FFF711F8B042E06021DB25
:100F1000164B28688DE848001549164A2346029664
:100F2000039604960596FBF7DFFC98B9124BD5F8AB
:100F300094068DE828000521BE22104B00F04AFAE5
:100F400040B9D5F89406C021BE220D4B009500F0A3
:100F5000F1FC18B12046E8F31BF60024204606B049
:100F600070BD00BF8DD0850089D08500E1CF8500A0
:100F7000A8EE8800BF9E02005DD085003DD08500B0
:100F800091D0850010B5044688B1037923B18068FB
:100F9000E8F3FEF50023237123680549186822460B
:100FA000FBF747FC2046BDE81040E8F3F1B510BD63
:100FB000BF9E020008B1E8F3EBB5704737B50546B0
:100FC0000420E8F3D3F50446002855D02D4B0560E6
:100FD00040F23F11009301902D22D5F894062A4B40
:100FE00000F06CF9002847D1284BD5F894068DE81D
:100FF00018004FF495713D22254B00F05FF9002851
:101000003AD1244BD5F894068DE818004FF4957129
:101010004A22214B00F052F970BB204BD5F89406C0
:101020008DE81800152150221D4B00F0D3F918BB94
:10103000D5F8940605212D221A4B009400F0F4FBFC
:10104000D0B9D5F89406C0212D22174B009400F09A
:10105000EBFB88B9D5F89406C0213D22134B0094D0
:1010600000F0E2FB40B9D5F89406C0215022104BA5
:10107000009400F05FFC18B12046FFF79BFF0024AE
:1010800020463EBDC5D28500CDD0850011D3850058
:10109000E1D085000DD38500DDD0850071D28500BB
:1010A000B5D0850041D1850001D2850021D28500CF
:1010B0007DD1850010B50446A0B10368806F002281
:1010C0005A6108B1E8F364F5D4F8980008B1E8F380
:1010D0005FF5606808B1E8F35BF52046BDE81040B5
:1010E000E8F356B510BD2DE9F04104464FF4B67053
:1010F0000D4616469846E8F33FF5074610B940F20C
:10110000F2331EE004608560C6602820E8F334F501
:10111000B86710B940F2F33313E05820E8F32CF528
:10112000C7F8980040B12C30C7F89C003020E8F395
:1011300023F5786060B902E04FF47D7301E040F27E
:10114000F5333846C8F80030FFF7B4FF002703E056
:101150000023C8F8003060613846BDE8F081002304
:10116000C218D2F8C020CA500433182BF8D17047E7
:101170004FF4C863C0F864366823C0F868364FF48B
:101180008073C0F86C360223C0F87036C0F874362D
:101190007047000010B5044650B10368054918684F
:1011A0002246FBF746FB2046BDE81040E8F3F0B4CA
:1011B00010BD00BF0D5A010001F0F0012DE9F04F04
:1011C0000E110168B0F81080096889B0C9699446A9
:1011D000D1F8C010079388450446B0F812A0838A5E
:1011E000C78AB2B25CDA817900295CD1324D05EB55
:1011F000C200808806E055F8329019F80190E14568
:1012000002D001318142F6D381424FD0E71937F83D
:1012100012B0013237F81250A244454523441AD285
:10122000C5EB080805F101090AEB050142460AEB86
:101230000900CDF814C00693E3F35EF4069B0C227C
:1012400002FB093002FB053102FB08F2E3F354F420
:10125000DDF814C0069B3146002207E007EB46008C
:1012600030F802E00EF1010E20F802E00131023206
:101270000D29F3D91299CBEB0502009113990AEBD2
:101280000B0001910C2101FB0B3192B2079BCDF8B1
:1012900008C000F0A1FB238A00200133238207E06D
:1012A0006FF0150004E06FF0160001E06FF01D0014
:1012B00009B0BDE8F08F00BF685901002DE9F34780
:1012C000DDF82890DDF82CA007460E461546984616
:1012D000002456FA04F3DB070AD52101384601F051
:1012E000F0012A4643468DE80006FFF765FF18B96E
:1012F00001340D2CEDD10020BDE8FC872DE9F04F25
:1013000089B007920268B0F8188012689C46D269CA
:101310000446D2F8C420B0F81AA09045838BC78B3E
:1013200050DA8279002A50D101F0F0063611C7193F
:10133000B2B237F812B0013237F812508244454544
:1013400003441AD2C5EB080805F101090AEB0501AF
:1013500042460AEB0900CDF814C00693E3F3CCF340
:10136000069B0C2202FB093002FB053102FB08F24E
:10137000E3F3C2F3DDF814C0069B3146002207E018
:1013800007EB460030F802E00EF1010E20F802E013
:10139000013102320D29F3D91299CBEB05020091EC
:1013A00013990AEB0B000191079992B202910C215B
:1013B00001FB0B31634600F00FFB238B0020013350
:1013C000238304E06FF0150001E06FF0160009B010
:1013D000BDE8F08F2DE9F347DDF82890DDF82CA06B
:1013E00007460E4615469846002456FA04F3DA07D7
:1013F0000AD52101384601F0F0012A4643468DE81E
:101400000006FFF77BFF18B901340D2CEDD1002049
:10141000BDE8FC872DE9F04F89B007920268B0F86B
:10142000308012689C46D2690446D2F80021B0F898
:1014300032A09045838EC78E50DA8279002A50D12F
:1014400001F0F0063611C719B2B237F812B0013206
:1014500037F812508244454503441AD2C5EB0808B8
:1014600005F101090AEB050142460AEB0900CDF836
:1014700014C00693E3F340F3069B0C2202FB0930F1
:1014800002FB053102FB08F2E3F336F3DDF814C08A
:10149000069B3146002207E007EB460030F802E0E9
:1014A0000EF1010E20F802E0013102320D29F3D9CC
:1014B0001299CBEB0502009113990AEB0B000191F5
:1014C000079992B202910C2101FB0B31634600F0A7
:1014D00083FA238E00200133238604E06FF0150089
:1014E00001E06FF0160009B0BDE8F08F2DE9F04F74
:1014F00087B005920268B0F8208012689C46D269D5
:101500000446D2F8C820B0F822A09045838CC78C3E
:101510004CDA8279002A4CD101F0F0063611C71955
:10152000B2B237F812B0013237F812508244454552
:10153000034419D2C5EB080805F101090AEB0501BE
:1015400042460AEB0900CDF80CC00493E3F3D4F251
:10155000049B4FEAC80203EBC90003EBC501E3F3A8
:10156000CBF2DDF80CC0049B3146002207E007EB0C
:10157000460030F802E00EF1010E20F802E00131E1
:1015800002320D29F3D91099CBEB05020091059990
:101590000AEB0B00019192B203EBCB01634600F022
:1015A0002BFA238C00200133238404E06FF0150014
:1015B00001E06FF0160007B0BDE8F08F0368F0B5EA
:1015C000DB690C25B3F8C020064605FB02F4433264
:1015D00022F003020134A418B3F8C4204FF6FE71C0
:1015E00002F11F006A4321404118501C4FF6FC7263
:1015F0000A408218B3F800014FF6FE7100F11F0493
:101600006843114061184FF6FC7201300A4082189D
:10161000B3F8C8004FF6FE7100F11F0411406118C5
:10162000C0004FF6FC7201300A408218B3F8CC00BB
:101630004FF6FE7100F11F0411406118C0004FF613
:10164000FC720A40B3F80431013080184FF6FE7284
:1016500003F11F010240DB008A18591C4FF6FC738E
:101660001340CB184FF6FE771F401C37BFB287B030
:101670003846E8F37BF20446002800F0BC800021E5
:101680003A46E3F35DF24023638233684FF6FC721F
:10169000DB692660B3F8C010A78001F14300024067
:1016A00005FB0121A28201314FF6FE720A40B3F818
:1016B000C410E2821C3292B2C81C101862834FF62A
:1016C000FC72024005FB0121A28301314FF6FE723C
:1016D0000A40B3F80011E2831C3292B2C81C101801
:1016E00062864FF6FC72024005FB0121A2860131A1
:1016F0004FF6FE720A40B3F8C810E2861C3292B26E
:10170000C81C101862844FF6FC72024002EBC10143
:101710000131A2844FF6FE720A40B3F8CC10E28485
:101720001C3292B2C81C101862854FF6FC7202403F
:1017300002EBC1010131A2854FF6FE720A40B3F8F7
:101740000411E2851C3292B2CB1C6287D2184FF68C
:10175000FC731340A38703EBC10301334FF6FE7202
:101760001A40E2870025274F57F8353063B1264BE2
:1017700029018DE81800DD22204601F0F001234BFD
:10178000FFF71AFD002836DB01350D2DEBD10025C2
:1017900057F8353053B12901DD22204601F0F00120
:1017A0001B4B0094FFF7A2FE002824DB01350D2D12
:1017B000EED1184BB0218DE81800FF222046164BC1
:1017C000FFF7FAFC002816DBB021FF222046134B5E
:1017D0000094FFF78BFE00280DDB114B00210293D4
:1017E0003068104A234600910191039104910591BC
:1017F000FBF77AF818B12046FFF7CCFC002420460E
:1018000007B0F0BD685901000DD5850061D5850090
:10181000ADD58500F1E0000043E1000091E000005B
:1018200099D485000D5A01002DE9F743DDF8289081
:1018300007460E4615469846002456FA04F3D80784
:101840000AD52101384601F0F0012A464346CDF879
:101850000090FFF74BFE18B901340D2CEDD100209C
:10186000BDE8FE832DE9F04F87B005920268B0F81D
:10187000288012689C46D2690446D2F8CC20B0F881
:101880002AA09045838DC78D4CDA8279002A4CD1ED
:1018900001F0F0063611C719B2B237F812B00132B2
:1018A00037F8125082444545034419D2C5EB080865
:1018B00005F101090AEB050142460AEB0900CDF8E2
:1018C0000CC00493E3F318F1049B4FEAC80203EB46
:1018D000C90003EBC501E3F30FF1DDF80CC0049B75
:1018E0003146002207E007EB460030F802E00EF137
:1018F000010E20F802E0013102320D29F3D91099CE
:10190000CBEB0502009105990AEB0B00019192B215
:1019100003EBCB01634600F06FF8238D0020013309
:10192000238504E06FF0150001E06FF0160007B0AA
:10193000BDE8F08F2DE9F743DDF8289007460E4605
:1019400015469846002456FA04F3DB070AD5210110
:10195000384601F0F0012A464346CDF80090FFF7E3
:1019600081FF18B901340D2CEDD10020BDE8FE83B4
:101970002DE9F047089F9A4604469DF824600346E7
:1019800000250CE013F8010B86420AD01DB113F8B4
:1019900002ECB64501D2864203D90135ADB295427B
:1019A000F0D1AA4207FB05180ED9C5EB0209414642
:1019B00007FB09F208EB0700E3F39EF0681C201810
:1019C00061194A46E3F398F0404651463A46E3F33C
:1019D00033F06655BDE8F0877FB50393089B049309
:1019E000099B05930C2300939DF82830019303ABCA
:1019F000FFF7BEFF07B000BD1FB50293069B039320
:101A0000082300939DF81C30019302ABFFF7B0FF51
:101A100005B000BD37B5254BD0F894560446009369
:101A2000019040F23F1128467F22214BFFF746FCF0
:101A300000283AD11F4B28468DE8180041F63F5147
:101A400040221D4BFFF7C6FC78BB1C4B28468DE897
:101A5000180040F63F119822194BFFF7BBFC20BB42
:101A6000184B28468DE8180040F22F11A822164B7B
:101A7000FFF7B0FCC8B9284640F20F117F22134B84
:101A80000094FFF7D1FE80B9284640F20F1198224A
:101A90000F4B0094FFF74EFF38B9284640F20F1164
:101AA000A8220C4B0094FFF745FF3EBD55F0850082
:101AB00081EC8500A1F08500A1EC850009F085008E
:101AC00007E2000019F1850015ED8500C5ED8500E0
:101AD00085ED850001EE850037B5104BD0F89456A2
:101AE0000446009301900521284600220C4BFFF785
:101AF000E5FB90B90B4B28468DE818000521012223
:101B0000094BFFF7DBFB40B9084B28468DE818006E
:101B100005213222064BFFF7D1FB3EBD49E7850088
:101B200011E7850065E785001DE785002DE7850045
:101B300001E7850037B5254BD0F89456044600934D
:101B400001904FF4907128460022214BFFF7B6FB1D
:101B500000283AD11F4B28468DE818004FF49071A9
:101B600001221D4BFFF7AAFB78BB1C4B28468DE8D2
:101B700018004FF490713222194BFFF79FFB20BBE6
:101B8000184B28468DE818004FF490710322164B2D
:101B9000FFF794FBC8B9154B28468DE818004FF4A1
:101BA00090710622124BFFF789FB70B928468021FD
:101BB0000522104B0094FFF799FC30B9284680218C
:101BC00005220D4B0094FFF791FC3EBD01EC850012
:101BD00089E985003DEC850091E98500A5EB85004C
:101BE00045E9850079EB850031E98500CDEB85007D
:101BF00061E985009DE9850019EB850037B5154B36
:101C0000D0F89456044600930190402128460022C3
:101C1000114BFFF7D1FAE0B9104B28468DE81800B8
:101C2000402101220E4BFFF7C7FA90B90D4B284611
:101C30008DE81800402132220B4BFFF7BDFA40B966
:101C40000A4B28468DE8180040210322084BFFF775
:101C5000B3FA3EBD8DF2850031F28500A5F2850014
:101C60003DF2850071F2850021F2850049F2850080
:101C700011F2850037B50A4BD0F89456044600930C
:101C80000190B02128461022064BFFF795FA30B993
:101C90002846B0211022044B0094FFF727FC3EBDDC
:101CA00065E8850081E78500ADE7850037B5D0F8A8
:101CB000945604460090C02128460022114BFFF79D
:101CC000B3FDF0B92846C02101220F4B0094FFF765
:101CD000ABFDB0B92846C02106220C4B0094FFF79B
:101CE000A3FD70B92846C021A822094B0094FFF734
:101CF00021FE30B92846C0219822064B0094FFF7F8
:101D000019FE3EBDF9F2850021F38500D9F2850068
:101D10003DF38500C1F2850010B5044650B103685B
:101D2000054918682246FAF784FD2046BDE81040B0
:101D3000E7F32EB710BD00BFAA5A010038B505461B
:101D40000C20E7F313F7044638B100210C22E2F32C
:101D5000F7F60C232560A38001E0FFF7DDFF2046A6
:101D600038BD28B18368DA88013ADA80E7F310B722
:101D700070472DE9F04F9B46038B87B0C518C65AB4
:101D8000B5F80480438AC6EB080898450591944647
:101D9000878AB0F816A032DA6C88C71944458244A5
:101DA00016DAC4EB080804F101093919424607EBB9
:101DB0000900CDF810C0E2F39FF60C2202FB09A047
:101DC00002FB04A102FB08F2E2F396F6DDF810C074
:101DD0006B88A21B01336B80AB880C210133AB8075
:101DE000109BB8190193059B01FB06A1029392B2C7
:101DF0006346CDF800B0FFF7EFFD002001E06FF083
:101E0000150007B0BDE8F08F2DE9F04F9B46038B1E
:101E10009446C518AC8830F80380428AC8EB0403A6
:101E200087B093420591878AB0F816A02FDA9C42BA
:101E3000074482446E8816DAC8F1000804F10109EB
:101E40003919424607EB0900CDF810C0E2F354F609
:101E50000C2202FB09A002FB04A102FB08F2E2F340
:101E60004BF6DDF810C0AB88A21B0133AB80109B92
:101E70000C210193059BB819029301FB06A192B2B4
:101E80006346CDF800B0FFF7A7FD002001E06FF03A
:101E9000150007B0BDE8F08F2DE9F04F9B46038C8D
:101EA00085B0C518C65AB5F80480438BC6EB080840
:101EB000984503919446878BB0F81EA02EDA6C8863
:101EC000C7194445824415DAC4EB080804F1010936
:101ED0003919424607EB0900CDF808C0E2F30CF6C9
:101EE0000AEBC9000AEBC4014FEAC802E2F304F6A8
:101EF000DDF808C06B88A21B01336B80AB88B81972
:101F00000133AB80039B0AEBC601019392B2634697
:101F1000CDF800B0FFF770FD002001E06FF0150074
:101F200005B0BDE8F08F00002DE9F04F036885B0E3
:101F300003931B681546DB69C288D3F8D030074687
:101F40009A420E465BDA09B14E1CB6B20DB10135AC
:101F5000ADB206F127034FF6FC7A03EA0A0A0C2316
:101F600003FB06A34FF6FE78013303EA080808F1E5
:101F70000903EB184FF6FC7B03EA0B0B0BEBC502D6
:101F800001324FF6FE73134003F106091FFA89F977
:101F900048460293E7F3EAF50446002830D00021D2
:101FA0004A46E2F3CDF5029B03992384FB88A4F80B
:101FB0001880242208F1060801332160A760A4F8E4
:101FC0001090A282A4F816A0A4F81C80A4F81EB059
:101FD00066826583FB8046B1DD2120460C4A0D4BAD
:101FE0000094FFF7C6FE00280ADB6DB1DD21204614
:101FF000094A2346FFF750FF002805DA00E00024D5
:102000002046FFF7AEFE0024204605B0BDE8F08F65
:1020100085F5850041F58500BDF585007FB50A4A47
:1020200003460092002201920292039204920592CA
:102030000649074A0068FAF757FC002814BF4FF01A
:10204000FF30002007B000BD991E860078F08800A0
:10205000AE5A0100024602490068FAF7EABB00BF27
:10206000AE5A010010B5044648B10368214618680D
:10207000FAF7FEFC2046BDE81040E7F389B510BD35
:1020800037B505460820E7F377F50446A0B10560AB
:10209000002201900C2128460A4B0092FDF746FFD2
:1020A0000028606008DB084B286800932146074A37
:1020B0000423FAF76CFC18B12046FFF7D3FF002485
:1020C00020463EBD1D2686002CF188003126860064
:1020D00010B50446C06818B1E7F35AF50023E36071
:1020E00010BD10B50446A020E7F340F570B1E060E4
:1020F000A06000F1900203461033934243F8103C75
:10210000FAD10023C0F89030184610BD6FF01A00C5
:1021100010BD000038B50446002852D000210568E3
:102120003FF04EDA20463FF02BD8636933B12046AA
:10213000002141F015DA606938F044DCA36933B15D
:102140002046012141F00CDAA06938F03BDC23691C
:1021500033B12046022141F003DA206938F032DC45
:10216000E36F33B12046032141F0FAD9E06F38F034
:1021700029DC204641F09AD9D4F89800E7F308F515
:1021800001E03EF027DEE16920460029F9D1FFF7A2
:102190009FFFD5F8440118B10A492A4600F08FF98B
:1021A000286809492246FAF744FBD4F8A8301BB145
:1021B00004F1A800E1F3DAF62046BDE83840E7F381
:1021C000E7B438BD11428600F4C8890030B5054631
:1021D00087B0B020E7F3CAF40446002800F09980E5
:1021E0000021B022E2F3ACF40A2384F84330012347
:1021F00084F84830FF2384F8203084F8213084F8B4
:10220000223084F823302560C420E7F3AFF4C4F80B
:10221000980000287DD020463FF0C4D920463FF0EA
:1022200047DD2B6841F26B02D3F8D43020F07F00F9
:10223000196BA0879142204608D19B6A932B05D148
:102240003FF036DDC0F58440683001E03FF034DD1A
:10225000E087E38F204623F07F03E3873FF02CDD08
:1022600041F2883222652E4A002320F07F00A4F834
:102270004000E36400922B4A049301922A4A05939A
:1022800002922A4A2868039229492A4A2346FAF7E1
:102290002BFB00283DD1D5F8E80538F069DB6061FB
:1022A000002836D0D5F8E80538F062DBA06180B3AD
:1022B000D5F8E80538F05CDB206150B32046FFF725
:1022C00010FF30BBD5F8E80538F052DBE06700B30B
:1022D000012384F87830D5F8440141F27073A4F8F2
:1022E0007A3020B114492A4600F0E6F888B9204631
:1022F00001213FF065D94FF44843A3650023E3650E
:1023000032232366D5F8380604F1A801E1F318F664
:1023100018B12046FFF7FEFE0024204607B030BD6E
:1023200059348600B152860039528600ED36860057
:102330004CF18800F4C889001142860038B5044683
:10234000002827D00568144928682246FAF771FA50
:10235000236A1BB104F12000E1F308F6E3691BB125
:1023600004F11C00E1F302F6A3691BB104F11800AB
:10237000E1F3FCF563691BB104F11400E1F3F6F538
:10238000284606492246FDF7F4FD2046BDE83840C0
:10239000E7F3FEB338BD00BFB0CB89002D628600E5
:1023A00070B5054686B03020E7F3E6F30446002812
:1023B00059D04FF0FF3303610422FF2105600A303A
:1023C000E2F3BEF30B2104F10E00E3F391F70023D7
:1023D0008DE8180004212846264A274BFDF7A6FD64
:1023E000002860603FDB284624492246FDF7BCFDFB
:1023F000002838D1D5F8386604F114013046E1F3ED
:102400009FF500282FD1304604F11801E1F398F52B
:1024100048BB304604F11C01E1F392F518BB30468D
:1024200004F12001E1F38CF5E8B9154B019000931C
:10243000144B04900293144B05900393286813499E
:10244000134A2346FAF750FA68B9204641F09ADF5A
:1024500020B12046012141F0C9DF20B93223A36217
:102460002623636203E02046FFF768FF002420462E
:1024700006B070BD45638600FD6286002D62860051
:10248000A962860051658600F96286003CF28800E8
:10249000B0CB89004069E1F32FB54069E1F38EB517
:1024A0008069E1F329B58069E1F388B5C069E1F39A
:1024B00023B5C069E1F382B5006AE1F31DB5006A96
:1024C000E1F37CB538B5044660B10568224606499B
:1024D0002868FAF7AEF92046E7F35AF32B68002292
:1024E00083F84E2038BD00BF54CC890070B5036816
:1024F000002686B0054683F84E600C20E7F33CF3D7
:102500000446002843D0234B056023498DE848004A
:102510002868224A23460296039604960596FAF7FF
:10252000E3F9064600282ED18DE811001C2128462B
:102530001B4A1C4BFDF7FAFC0028606023DB0C21D2
:102540002846194A194B0096019401F035FF0028DE
:10255000A06018DB164BD5F894068DE818000A2108
:102560003822144BFEF7AAFE68B9D5F894060A2162
:102570003822114B0095FFF757F920B92B6801223B
:1025800083F84E2003E02046FFF79CFF00242046FE
:1025900006B070BDD971860054F2880054CC890011
:1025A000A97186007D718600917686005D76860031
:1025B0007D778600197786004977860070B50646D4
:1025C00086B00820E7F3D2F20446A0B10B4B0025F9
:1025D000066045600A498DE828003068094A2346AC
:1025E0000295039504950595FAF77EF918B12046F2
:1025F000E7F3CEF22C46204606B070BD4D7E860035
:1026000098F28800B0C6890010B5044650B103683E
:10261000054918682246FAF70CF92046BDE8104033
:10262000E7F3B6B210BD00BFB0C6890070B504466E
:1026300000282AD00668224630681449D6F844514A
:10264000FAF7F7F8224630461149FDF792FC224688
:1026500030461049FDF799FC224628460E49FFF7FF
:102660001CFF224628460D49FFF71DFF224628463B
:102670000B49FFF71EFF28460A492246FFF71FFFB6
:102680002046BDE87040E7F383B270BD35D28900C3
:102690005D8786006D978600FD848600E98686004A
:1026A000CDAA8600A5928600F0B5D0F8446187B027
:1026B00005465820E7F35AF20446002800F09380BC
:1026C00000215822E2F33CF220462021494A40F8FA
:1026D000205BE2F39BF201274FF0FF33E06184F8C7
:1026E0004070A4F84C30304643492246FFF7D2FEF2
:1026F000002878D1304641492246FFF7D1FE002814
:1027000071D130463E492246FFF7D0FE00286AD1FB
:1027100030463C492246FFF7CFFE002863D12846C9
:1027200039492246FDF72CFC064600285BD18DE88E
:10273000110004212846354A354BFDF7F7FB0028E8
:10274000206150DB284639463246334600960194D4
:10275000FDF7ECFB0028606145DB042128462D4A8B
:102760002D4B0096019401F027FE0028A0613ADB72
:1027700028462A492246FDF7F7FB002833D1284B8B
:1027800003EBC60253F8363063B1526852B13101DF
:102790008DE81400D5F8940601F0F001C022FEF790
:1027A000ADFD00BB01360D2EE9D11E4B1E4A009334
:1027B00000230193029203930493059328681B4915
:1027C0001B4A2346FAF790F868B9204646F0F6D837
:1027D00020B12046012144F0C3D820B9636C43F0F6
:1027E0000403636403E02046FFF720FF0024204633
:1027F00007B0F0BDB15A0100FD848600E98686006D
:10280000CDAA8600A59286006D978600019286006B
:1028100089918600059E8600F19D86005D87860071
:10282000C49E0200198A860055AB8600ECF288002F
:1028300035D2890038B50446D0B1806808B1E7F3D5
:10284000A7F1236943B90EE0236953F8350008B1B5
:10285000E7F39EF1013500E00025E3689D42F3DBDC
:102860002069E7F395F12046BDE83840E7F390B1E1
:1028700038BD00002DE9F04105461820E7F37CF152
:102880000446002833D02B680560DB690C20DB6927
:1028900001335843E7F370F1A06040B32B68182070
:1028A000DB69DA695B6F6260E360E7F35FF1206127
:1028B000E8B1124918220026E2F3BEF037460EE0D6
:1028C0000E4BD4F810809B1918798000E7F354F16F
:1028D000236948F806009B59083643B10137E3687D
:1028E0009F42EDDB6B68064ADC609A6003E020469D
:1028F000FFF7A0FF00242046BDE8F0812C9F0200D6
:10290000B9BC860010B5C468A1420BDA006900EBBF
:10291000C1042479A24208DA50F83110002041F8AD
:10292000223010BD6FF0150010BD6FF0150010BD06
:1029300047F06C9B10B50446FFF7FAFFE084000CEB
:1029400084F82800002010BDD0F8F03310B50446FC
:1029500083B1D3F8280830B1E7F31AF1D4F8F03393
:102960000022C3F82828D4F8F003E7F311F100237C
:10297000C4F8F03310BDC36B10B5044683B1836B4C
:102980005B6B0B2B07D1D0F8E00320B1E7F300F12C
:102990000023C4F8E033E06BE7F3FAF00023E363CD
:1029A00010BD10B504460120E7F3E0F00346E063F4
:1029B000A8B100210122E2F3C3F0A36B5B6B0B2BE8
:1029C0000CD14FF49470E7F3D1F00346C4F8E00360
:1029D00028B100214FF49472E2F3B2F001231846BB
:1029E00010BD70B5044640F678100D46E7F3BEF012
:1029F000C4F8F003002831D0002140F67812E2F349
:102A00009FF0B4F85220D4F8F03300261A70D4F8AE
:102A1000F033204683F8B660C3F8B060D4F8F033E2
:102A200083F8B460A36B83F88460A36B1E679E6712
:102A30003C23C4F8BC301023C4F8C030C4F8C460D0
:102A400000F09AFFA36B022D0CBF1A6F9A6F002043
:102A5000DA6684F8C36284F8C26270BD6FF01A004F
:102A600070BD0000B0F8C632F7B504460E46FBB1A3
:102A70000846E2F311F107461348E2F30DF13F185F
:102A80001037BFB23846E7F371F00546B8B1B4F875
:102A9000C632394600930D4A3346E2F3B7F0E06C94
:102AA0002946E2F3E9F607462846E7F371F03FB915
:102AB000E06C314603B0BDE8F040E2F3DDB6074616
:102AC000384603B0F0BD00BF8F9F02007A9F02001E
:102AD000044B1B78012B02D1002000707047FFF7D8
:102AE000C1BF00BFFC0300002DE9F3471C46B0F84E
:102AF000C632074688469146C66C002B32D008463F
:102B0000E2F3CAF082462248E2F3C6F082440AF1B8
:102B1000100A1FFA8AFA5046E7F328F00546002803
:102B20002FD0B7F8C632514600931A4A4346E2F313
:102B30006DF038462946FFF7CBFF074668B13046AF
:102B40002946E2F38DF640B1484506DD3046294678
:102B50004A46E2F379F6824600E0A2462846E7F3C9
:102B600017F08FB930464146E2F37AF658B148453E
:102B700009DD304641464A4602B0BDE8F047E2F37F
:102B800063B6824600E0A246504602B0BDE8F08738
:102B90008F9F02007A9F020010B51446FFF798FF3E
:102BA00028B100210A46BDE81040E2F301B42046F6
:102BB00010BD000038B500220D4608490446FFF755
:102BC000EBFFC0B22823A84284F8660384F8D5310D
:102BD000CCBF84F8663384F8D50138BDD69F020097
:102BE000012238B580F860200A23826B002580F826
:102BF0009E31032380F89F3180F86F5380F8715322
:102C000080F8735380F8755380F8775380F8BA5181
:102C100082F88A304FF6CE73A0F878321449142225
:102C2000C0F874520446FFF7B7FF124984F86603F0
:102C30002A462046FFF7B0FF7F2384F87B304FF011
:102C4000FF33A4F8983004F5F673C4F88C3164238C
:102C500084F858300423C4F8280384F86C50C4F86E
:102C6000E453C4F8745284F8D43184F8D63138BDB2
:102C7000D69F02005E9F02000022FFF78DBF00007A
:102C800010B517490446FFF7F7FFC0B284F8E80310
:102C90000138C0B2FD2802D9732384F8E83394F8D0
:102CA000E833204684F8E9330E49FFF7E5FFC0B268
:102CB00084F8EA0308B10F2802D1052384F8EA3327
:102CC00094F8E82394F8EA33D31A84F8EB3300231A
:102CD00084F8EC3384F8EE33112384F8ED3310BD1F
:102CE000849F0200E79F02002DE9F04105460C4653
:102CF00017461E46FFF7ECFE38B1284621463A46F5
:102D00003346BDE8F041FFF7EFBE3046BDE8F08145
:102D10000023FFF7E9BF000070B501220D463C49D2
:102D20000446FFF739FF3B4984F868030022204638
:102D3000FFF732FF384984F82C0307222046FFF7BB
:102D40002BFF364984F82D032046FFF7C1FE88B1DA
:102D500032492046A66BFFF78FFF30493067204687
:102D6000A66BFFF789FFA36BB067022D0CBF1A6F2C
:102D70009A6FDA662A4900226FF095032046FFF722
:102D8000B3FF274984F83403012220466FF09503EE
:102D9000FFF7AAFF022584F8350300232A462046C0
:102DA0001F49FFF7A1FF63190135052D83F834038F
:102DB000F3D100252A4620461A49FFF7A9FF6319D7
:102DC00001350E2D83F85703F4D1012384F86733BE
:102DD000062220461449FFF7DFFE002284F865032F
:102DE00012492046A56BFFF7D7FE114985F82C0143
:102DF00000222046FFF7D0FE002384F83E03402146
:102E0000204684F82433BDE87040FFF7D3BE00BFEE
:102E10006E9F0200449F0200C89F0200A09F020014
:102E2000F89F0200C19F0200959F0200AD9F020023
:102E3000699F020010B5044628B10468003418BF29
:102E40000124E6F3A5F6204610BD10B5848B0C8056
:102E5000018C118040F2DA321A8090F83520029B02
:102E600001201A8010BD90F834007047C06A704786
:102E7000836B9961704738B5044600283ED0C56D14
:102E8000013DC565002D39D1FFF75EFD2046FFF7F6
:102E900072FDD4F8801229B1A36B186900F08CFD83
:102EA000C4F88052002584F89551204646F0E4DEAF
:102EB000A26B1368A34202D1A36C136003E09A6C67
:102EC000A2421DD19D64D4F8943A0BB12046984794
:102ED000A36B186951F094D8D4F8E41320B141B130
:102EE000204647F08FD804E019B1A36B986852F0E0
:102EF000CDDC2046E6F34CF6002038BD012038BD7D
:102F0000012038BD2DE9F0478A46002104461546C8
:102F1000C0680A4676469946EBF3DCF68046000721
:102F20000CD5276857B1BB6BC7F84C901869F96A84
:102F300051F02CD8FB6D0133FB65CEE04FF42F60D0
:102F4000E6F314F6074628B96FF01A00314648F048
:102F5000A3DDC5E000214FF42F62E1F3F1F5FB6D35
:102F6000C7F844A00133FB652368BC63BB6401233D
:102F7000C7F84C90276087F85930E26C41F26B0338
:102F80009A4205D1636C932B0CBF0123182300E0F8
:102F90001823022DA7F88A3005D118F0010F1CBFA5
:102FA0004FF40053FB62BB6BF96A186950F0EEDF17
:102FB0007B6CB3F8E0831FFA88F808F470631B0A8F
:102FC000FB615FFA88F33B62BB6BD868F8F739FCAA
:102FD000FB69A7F8C602092B04D10423FB613B6AF5
:102FE00010333B62012387F824304FEA18333B63E8
:102FF0003846FFF79FFC002875D14FF48053A7F89F
:1030000056304DF2240241F20103022D18BF13463F
:10301000A7F8523038463749FFF75AFD38B13846DD
:103020003449D7F83880FFF727FEC8F868003846DB
:10303000FFF7B7FC002856D038462946FFF76CFE4C
:103040003846FFF7CDFD384600F0D2FB00284AD0C5
:1030500029463846FFF7C5FC0546002843D13846C7
:10306000FFF70EFE384647F001DD3846012146F0F5
:10307000AFDD3846294648F083DB4FF0FF33C7F811
:10308000D432C7F8D832C7F8DC32C7F8E032C7F814
:10309000E432C7F8E832C7F8EC32C7F8F032384605
:1030A00007F11C011C22E1F3C7F4206950F0A8DFEE
:1030B00060B1BB6B986852F035DEC7F8F80328B9E9
:1030C0006FF01A00314648F0E7DC0CE0384600218A
:1030D00048F04CDA002387F8FC3907F14C03FB6415
:1030E0003846BDE8F0873846FFF7C5FE0020BDE84A
:1030F000F08700BF519F020070B505464FF49870ED
:103100007646E6F333F5044628B96FF01A003146E7
:1031100048F0C2DC39E000214FF49872E1F310F579
:103120002B68A3606B68E360AB682361EB68636046
:103130002B6963612B8CA3846B8CE3846B6AA36221
:10314000AB6AE362EB6A23632B6B63636B6B636451
:10315000AB6BA364EB6BE3642B6C23656B6C6365F7
:10316000AB6CC4F81C316B69A365AB69E3650F23D5
:1031700023663D2363667923A3660123C4F81831CF
:103180000323E366002384F88B30204670BD0000E3
:103190007FB50A4B0A4900930023019302930393DE
:1031A00004930593074A0368F9F79EFB002814BFB0
:1031B0004FF0FF30002007B000BD00BF05E38600E0
:1031C00068F48800B95A010001490268F9F731BB77
:1031D000B95A01000023F0B51C4607E0CE18356847
:1031E000C718C550756801347D6008339442F5D125
:1031F000F0BD000038B5046C0023C4F8243690F804
:103200006D53094B094A4FF48060002D0CBF1546E1
:103210001D46E6F3ABF4C4F8240620B1294680220B
:10322000FFF7D8FF012038BD66AD020066B102008D
:1032300070B517494FF0FF32046C0546FFF7ACFC40
:103240001449C4F8500517222846FFF7A5FC0026AC
:10325000C4F8540510496FF0250284F858652846D3
:10326000FFF79AFC0D49A4F8480532462846FFF7B7
:1032700093FC0B49A4F8040C6FF003022846FFF7F7
:103280008BFCB4F84835C318A4F8063C70BD00BFE9
:103290001DA0020046A802002FA802009CAC02005C
:1032A00007AD020038B527490446FFF7E5FCC0B278
:1032B00028288CBF0023012384F8690384F8CA03FB
:1032C00084F86D3320462049FFF7D6FC08282046B5
:1032D0001CD81E490022FFF71BFD80B20022C4F853
:1032E000FC001B492046FFF713FD1A49C4F80001F2
:1032F0002046FFF7C1FC184905462046FFF7BCFCF5
:1033000080B240EA0545C4F8045113E01349002295
:10331000FFF7FEFC80B2C4F8FC00114900222046F1
:10332000FFF7F6FC0F49C4F800012046FFF7A4FCA4
:10333000C4F8040120460C49FFF79EFC84F80801FC
:1033400038BD00BF1EA40200EFAC020014A80200AA
:103350003DA802004CA0020038A0020090AC020080
:1033600035AD0200A1A80200C4A70200F8B5A44927
:103370000022056C0446FFF7CBFCA14985F8BC048C
:1033800001222046FFF7C4FC9E4985F8BD040022B7
:1033900007232046FFF7A8FC922385F8BE0499492D
:1033A00001222046FFF7A0FC974985F8BF040022C0
:1033B0002046FFF7F1FB9549C5F8C40400222046DA
:1033C000FFF7EAFB0026A5F85804914985F8336415
:1033D00020463246FFF7E0FB8E49A5F80A04204656
:1033E000FFF74AFCB8B1012385F833342F46422356
:1033F000324620468749FFF777FCAB19C0B283F805
:103400002604B5F80A340136C018A7F80C040237B0
:103410000D2EECD10DE0804942222046FFF7BCFB87
:10342000C2B285F8082420467C49FFF7B5FBA5F811
:1034300006047B4900222046FFF7AEFB794985F858
:1034400038044FF0FF322046FFF7A6FB7649A5F877
:1034500068054FF0FF322046FFF79EFB7349A5F841
:103460006A054FF0FF322046FFF796FB7049A5F83A
:103470006E054FF0FF322046FFF78EFB6D4985F851
:10348000700500222046FFF787FB002684F87400B1
:10349000324620466849FFF73BFCAB1901360E2E39
:1034A00083F80606F4D1A12264492046FFF774FB95
:1034B0006349C5F8C00546F20F622046FFF76CFB72
:1034C0000822C5F8C4055F492046FFF765FB5E4941
:1034D000C5F8C8056FF008022046FFF75DFB5B49A1
:1034E000C5F8CC0540F6BB722046FFF755FB0A2213
:1034F000C5F8D00556492046FFF74EFB5549C5F89B
:10350000D4056FF044022046FFF746FB5249A5F868
:1035100002066FF04A022046FFF73EFB0122A5F8A3
:1035200004064E492046FFF737FB80B2031C18BF44
:10353000012300F0020085F84A353F2285F84B054B
:1035400047492046FFF728FB642285F84C0545498A
:103550002046FFF721FB4449C5F85C054FF0FF32D8
:103560002046FFF719FBC5F86005013018BF0120A0
:1035700085F864053D4900222046FFF70DFBC0B2E7
:1035800000F00F03000900F0010085F8143685F8FB
:1035900017063749002226232046FFF7A5FB3449AA
:1035A000A5F81806012242232046FFF79DFB502371
:1035B000A5F81A062E4902222046FFF795FB06229F
:1035C000A5F81C062B492046FFF7E6FA85F81E06EB
:1035D0002046FFF767FE94F86D232046002A4DD160
:1035E0002549FFF795FB2449A4F8820301222046D0
:1035F000FFF78EFB2049A4F87E0320464DE000BF74
:10360000C8AC020073A8020087AC020054AC0200F0
:103610007FA8020074AC0200B1AC0200E3AC02006F
:1036200008A0020055A00200F7AC020061A8020049
:103630001CA80200BAAC02004CAD020025A8020092
:103640008DA80200D2AC0200D9AC020014A0020086
:103650005FAD02002AAD020067AC0200DFA70200E6
:10366000ADA80200FAA70200E8A7020041A00200EC
:1036700080AC0200D1A7020045AD0200254900221E
:10368000FFF746FB2349A4F8820301222046FFF7F7
:103690003FFB2049A4F87E0320460222FFF738FBB7
:1036A0000023A4F880031C4985F833362046022203
:1036B000FFF71AFB10B1012385F8333695F833363E
:1036C0002BB3154900222046FFF722FB1249A4F82C
:1036D0002C0A01222046FFF71BFB0F49A4F8280AF9
:1036E00002222046FFF714FB0C49A4F82A0A002204
:1036F0002046FFF751FA0A4985F83106282220466C
:10370000FFF74AFA002385F8320684F86733012070
:10371000F8BD00BF0AA80200A5AC0200DAA70200AB
:103720005AAD020038B50E49046C0546FFF7A4FAFD
:103730000C4984F829062846FFF79EFAFF2284F8F0
:103740002A0609492846FFF727FA084984F830066F
:103750002846FFF791FAC4F82C06012038BD00BFB7
:103760005EAC020096A802002BA0020051A8020045
:1037700038B50446056C4FF46770E6F3F7F1C5F809
:103780002006236CD3F82006B0B1D4F8DC300B4A05
:10379000934207D00A4A934206D00A4A93420AD17A
:1037A000094902E0094900E009494FF46772E1F371
:1037B00043F1012038BD002038BD00BFC0AD3A0242
:1037C00080BA8C0100F82401B8A8020082A002008F
:1037D00028A4020010B504464EF00AD8236CD3F892
:1037E0002006E6F3D5F1206CBDE81040E6F3D0B139
:1037F00070B5044640F60840E6F3B8F1054620648B
:10380000002800F08380002140F60842E1F398F19F
:103810000125A36B84F8825084F8F050D868EBF34C
:10382000BDF13B4BC4F8DC00C4F8483A394B2046A4
:10383000C4F84C3A384BC4F8503A384BC4F8543AB0
:10384000374BC4F8A03A374BC4F85C3A364BC4F84F
:10385000643A364BC4F86C3A354BC4F8703A354B81
:10386000C4F87C3A344BC4F8B43A344BC4F8B03A98
:10387000334BC4F8C03A334BC4F8BC3A324BC4F8AB
:10388000C43A324BC4F8C83A314BC4F8CC3A314B45
:10389000C4F8943A304BC4F8D03A304BC4F8D43A18
:1038A0002F4BC4F8D83A2F4BC4F8DC3A2E4BC4F84F
:1038B000E03AFFF75BFD40B32046FFF759FF20B326
:1038C0002046FFF797FC00B32046FFF7B1FC236CBE
:1038D000204683F8C054FFF725FF244900222046E4
:1038E000266CFFF759F9224986F834060022204653
:1038F000FFF752F91F4984F890022A462046266CA9
:10390000FFF74AF986F8350600E00546284670BDFF
:10391000554B8700114A8700154A8700B95E87001A
:103920008D358700214B8700915E8700CDEC8600A6
:10393000296487001D4B8700895F870015F9860081
:10394000D5F886004938870061498700CD21870076
:10395000C5F90000415D0200F50A8700F90A8700F9
:10396000F10A8700FD0A87000D0B870072A0020094
:1039700064A0020014AD0200836B93F82C210AB1FD
:10398000042200E003221A67DA667047F8B507469A
:103990000C200D461646E6F3E9F0044630B100214E
:1039A0000C22E1F3CDF027606660A5602046F8BDEB
:1039B00008B1E6F3EDB070478068F2F35BB4000045
:1039C00070B5064686B06C20E6F3D0F00446D0B160
:1039D00000216C22E1F3B4F00823A3610E4B2660B2
:1039E0000025009330680D490D4A23460195029544
:1039F000039504950595F8F777FF38B932680123E8
:103A000082F892302371204606B070BD2046E6F35E
:103A1000BFF02C46F7E700BF0D698700B00A8900A8
:103A2000665B010010B5044668B103680649186872
:103A30002246F8F7FEFE204651F048D82046BDE861
:103A40001040E6F3A5B010BD665B010010B504465A
:103A500048B1054922464068F8F7EBFE2046BDE82C
:103A60001040E6F395B010BD5CF4890070B50646D1
:103A700086B01020E6F37AF0044630B3002110221D
:103A8000E1F35EF033682660636073680025A3602D
:103A9000042130460E4A0F4B00950194FCF746FA7C
:103AA000A842E0600DDB0C4B30688DE828000B4924
:103AB0000B4A23460295039504950595F8F714FFE4
:103AC00018B12046FFF7C2FF0024204606B070BDA3
:103AD00029748700117487007D7487007C0B89002E
:103AE0005CF4890030B5054687B01420E6F33EF05B
:103AF000044638B300211422E1F322F06B682868F1
:103B0000A360124B25606060002500931049114AA4
:103B1000234601950295039504950595F8F7E4FE73
:103B200060B90A2323730F2363736423A3730223EF
:103B3000E373062323740123637403E02046E6F352
:103B400027F02C46204607B030BD00BF217B870000
:103B5000940B89000CE3890010B5044648B105496F
:103B600022464068F8F765FE2046BDE81040E6F3BF
:103B70000FB010BD0CE3890010B5044658B1064BD8
:103B800021461B88C3581868F8F772FF2046BDE825
:103B90001040E5F3FDB710BDD403000073B5054632
:103BA0000C20E5F3E9F70446C8B1104B04221A8053
:103BB00002214560002301900D4A28460093FCF73E
:103BC000B5F9002820600ADB01232381094B28680E
:103BD00000932146084A0223F8F7D9FE18B120467F
:103BE000FFF7CAFF002420467CBD00BFD4030000BD
:103BF0007D858700FC0B8900A985870038B50446C0
:103C000080B1094B21461B88C5582868F8F730FF5A
:103C1000286806492246F8F70CFE2046BDE83840E1
:103C2000E5F3B6B738BD00BFD6030000845B0100E2
:103C3000F0B5054687B01420E5F39EF7044600284A
:103C400056D02F4B04221A80456000260190042193
:103C500028462C4A2C4B0096FCF768F9B0422060AD
:103C600046DB0123A3810C232382284B0722E28118
:103C70000093274B286801932649274A234602963A
:103C8000039604960596F8F72FFE002830D1234BB3
:103C9000286800932146224A0523F8F778FE38BBAE
:103CA000204BD5F894068DE818004FF490712A2225
:103CB0001D4BFDF703FBD8B9D5F8940680212A22C5
:103CC0001A4B0094FDF712FC90B9B5F8AA0106F062
:103CD00023DD801B18BF01200A3055F820301B68F7
:103CE000022B09D1012120460A4652F0ABDD03E048
:103CF0002046FFF783FF0024204607B0F0BD00BF39
:103D0000D60300005D89870049898700DD8B870025
:103D1000F58B8700340C8900845B01000C0C890052
:103D2000098B8700F98C8700E9898700F98887006B
:103D3000084B10B51B88044650B1C3580649186893
:103D40002246F8F776FD2046BDE81040E5F320B79F
:103D500010BD00BFD80300008B5B010070B50546A5
:103D600086B01420E5F308F70446002844D0264B1B
:103D700008221A8000238560042100930190234AC1
:103D80002846234BFCF7D2F80028206034DB0223BE
:103D9000A38105220C23E2812382D5F89406802199
:103DA0003D221C4B0094FDF7A1FB28BB1A4B02904F
:103DB00000931A4B039001930490059018492868CA
:103DC000184A2346F8F790FDB0B9B5F8AA0106F0F5
:103DD000A3DC2B6893F84F201AB1032A14BF0322E7
:103DE00001222046012153F063DA204602214FF0E0
:103DF000FF3253F05DDA03E02046FFF799FF00241D
:103E0000204606B070BD00BFD80300003192870085
:103E10001D928700E991870099938700019587009B
:103E2000400C89008B5B010038B5044698B10568E9
:103E3000224628460849FCF79CF821462868F8F7EE
:103E400017FE286805492246F8F7F3FC2046BDE82E
:103E50003840E5F39DB638BD1D9E8700C9E3890053
:103E600030B5054687B00820E5F386F604460028FD
:103E70003ED000230560042100930190204A28468B
:103E8000204BFCF753F80028606031DB28461E49C0
:103E90002246FCF769F858BB1C4B01900093029036
:103EA0000390049005901A4928681A4A2346F8F7A7
:103EB0001BFDE8B9184B286800932146174A0123D7
:103EC000F8F765FDA0B9164BD5F894068DE81800F3
:103ED0004FF490712822134BFDF7F0F940B9D5F853
:103EE000940680212822104B0094FDF7FFFA18B1A8
:103EF0002046FFF799FF0024204607B030BD00BFE1
:103F0000A19D8700619D87001D9E8700A59E87005B
:103F10009C0C8900C9E38900940C8900799E870074
:103F20009D9F8700459E8700459D870070B506468A
:103F300086B09C20E5F320F60446002834D00660C5
:103F40001B4B3068002560601A4900931A4A2346CB
:103F500001950295039504950595F8F7C5FCF8B908
:103F6000D6F884341E229B7822610422E272022257
:103F70002377227301230A22E3762372636162733B
:103F8000A3764FF6AF72A37784F899301023A0730D
:103F90006072A072228384F89A3084F8983003E02B
:103FA0002046E5F3F5F52C46204606B070BD00BF6F
:103FB00019AE8700001C890066B50200C0F88410A5
:103FC000C0F88820C0F88C307047000010B5044657
:103FD00048B1054922464068F8F72BFC2046BDE869
:103FE0001040E5F3D5B510BD66B5020038B50446FE
:103FF00000B3436B05680BB1E9F7C6FC04F114008C
:10400000DBF38AF404F11800DBF386F404F110000A
:10401000DFF382F504F12400DBF372F42246064953
:104020002868F8F706FC2046E5F3B2F52B68002275
:1040300083F8622138BD00BF7AE689002DE9F0419E
:10404000054686B03820E5F397F5044600287FD072
:1040500005600026019004212846414A414B009604
:10406000FBF764FFB042606072DB042128463E4AE1
:104070003E4B0096019400F09FF9B042A06067DBD0
:104080000127E76038463A493A4A6B68DFF32EF178
:10409000206100285CD006213246D5F80480DFF389
:1040A0006BF53449034642463148DBF317F460624E
:1040B00000284DD0072132462069DFF35DF53946EF
:1040C0000346E0613246606ADBF3E8F239460246B5
:1040D000A0612069DFF350F5E36939463246606A32
:1040E000DBF3DCF20221024660612069DFF344F574
:1040F000214B4FF00308C4F82C808DE848001F4B7B
:10410000286804931E4B1F4905931F4A23460296B5
:104110000396F8F7E9FBD8B91C4BD5F894068DE85F
:104120001800B02142461A4BFDF746F880B9194BEA
:10413000D5F894068DE81800B0215D22164BFDF7E6
:1041400069F928B91423A3622B6883F8627103E02C
:104150002046FFF74BFF0024204606B0BDE8F08163
:1041600015D28700B9060100890501004DE08700DE
:10417000FDD0870005D1870099D38700945B0100AB
:1041800019050100181C89007AE68900171501003D
:104190008F16010055140100C11401002DE9F043F0
:1041A000074687B04FF441700E4615469846E5F332
:1041B000DDF40446002878D000214FF44172E0F38A
:1041C000BFF42820E5F3D2F48146206020B92046D0
:1041D000E5F3DEF4484668E000212822E0F3B0F47D
:1041E00023684FF441721C606261E5604FF0FF325A
:1041F0000025A261A760C4F804809D711423A4F86F
:1042000008322823A4F806322D23A4F804326E23A2
:10421000A4F80A32022384F80C326423A4F838325A
:1042200084F80D523046224922462B46F2F33AF0EA
:10423000C4F8F80130B304F51473C4F81832C4F8A4
:1042400014321C4B0526C4F81C6200931A4B0295CD
:1042500001931A4B04950393059523463868184932
:10426000184AF8F741FB034660B9009038682168A6
:10427000154AF8F78CFB28B984F8406284F841624B
:10428000206812E0D4F8F81119B1A3689868F1F326
:10429000F1F7206908B100F03FF8206808B1E5F3B4
:1042A00077F42046E5F374F4002007B0BDE8F0830E
:1042B00065F68700C5EF870049F6870039FF87005C
:1042C0006C1C890000E889006500880038B5054647
:1042D000F0B10468E4B1D4F8F81131B1A36898687A
:1042E000F1F3C8F70023C4F8F831A3682246186830
:1042F0000849F8F79EFAA36821681868F8F7B8FB30
:104300002846E5F345F42046BDE83840E5F340B4DF
:1043100038BD00BF00E8890010B5044630B159F03F
:10432000B9DE2046BDE81040E5F332B410BD000010
:10433000F7B506680546F3691F6D02373F01384639
:10434000E5F314F4044610B300213A46E0F3F8F321
:1043500084E860001021002628460E4A0E4B009685
:104360000194FBF7E3FDB042A0610CDB04F12003F4
:1043700063614FF44773E360D5F8380604F11C011C
:10438000DFF3DEF518B12046E5F302F434462046AB
:10439000FEBD00BFB90888009D08880010B504461E
:1043A00048B1C36913B11C30DFF3E0F52046BDE826
:1043B0001040E5F3EDB310BDF0B5D0F8244100682E
:1043C0002569C069006D854211D267692E01B8194F
:1043D000013525614360059BBA518360069BC3602C
:1043E000E068C31C591821F00301E160F0BD4FF0F3
:1043F000FF30F0BD37B505461820E5F3B7F30446A6
:1044000038B300211822E0F39BF32B68256063602A
:104410006B682846A360FFF765FBE06088B15BF03E
:10442000AFD8002301468DE8180028460A4A0B4BF6
:10443000FFF7C2FF0028206103DB51F04DD8606117
:1044400007E0E06808B1FFF787FB2046E5F3A0F33B
:10445000002420463EBD00BF1D1B8800F91A8800BD
:1044600010B5044638B1C068FFF776FB2046BDE8BA
:104470001040E5F38DB310BD73B505461820E5F384
:1044800075F30446002838D000211822E0F358F3D1
:104490000C20E5F36BF3064600282DD000210C22FA
:1044A000E0F34EF32B686661256063602846FFF7F2
:1044B0003DFDA060B8B15BF09DD8002301468DE8BA
:1044C000280028460E4A0F4BFFF776FF0028E060D1
:1044D00009DB56F013DA0C4920610C4AA0680C4B3A
:1044E000FFF76CFD09E0A06808B1FFF76FFD2046FB
:1044F000E5F34EF3002400E0044620467CBD00BFF7
:10450000CD1B8800A91B8800C1218800B521880027
:10451000A91E880010B5044650B18068FFF756FD0B
:104520006069E5F335F32046BDE81040E5F330B3AC
:1045300010BD000070B5444B86B00093002301937A
:1045400002930393414B04460493414B4149059325
:104550000068414A2346F8F7C7F9054600286FD19D
:10456000D4F884341421A3F86410A36A012683F8D4
:104570004C00E36A204683F84C60A16A5EF0E8D8FC
:10458000E16A20465EF0E4D8204629465DF0EADB89
:10459000A36A83F84D50E36A83F84D50236A186983
:1045A000E7F7F6FE830707D5D4F884344FF0FF32DF
:1045B0005E73D4F88434DA812368D4F884545E6955
:1045C00051F0BCD90146304651F052D9E86200287A
:1045D00036D0D4F884341F2283F87820D4F88404A9
:1045E000052257304FF0FF31E0F3AAF22368D4F8E8
:1045F0008424B3F8C810D3F8D80051850A21516338
:104600001649E1F315F1431E0D2BD4F884542368A9
:1046100098BF68631249D3F8D800E1F309F185F82F
:104620008A00D4F88434012283F85120D4F88434E9
:1046300000201A7883F84E20D4F88434586701E0BB
:104640004FF0FF3006B070BDE9398800105C010002
:10465000AD1E0100341D89006EB5020081B5020057
:1046600072B50200D0F8843410B5D96A044611B18D
:10467000406851F00BD9206802492246BDE810403D
:10468000F8F7D7B86EB5020038B503680446D0F81D
:1046900084542749D3F8D800E1F3CAF0287023687E
:1046A0002449D3F8D800D4F88454E1F3C1F0E87079
:1046B000D4F884341A78013AD2B2FD2A01D9012201
:1046C0001A70D4F884341A785A700023D4F88424E9
:1046D000D11812780133052B81F85220F6D1D4F885
:1046E000845401212846E0F38BF4A870D4F8843474
:1046F000DA78013AD2B2FD2A01D90122DA70D4F86F
:1047000084340121DA785A71D4F88454E81CE0F337
:1047100077F42871D4F8843420461A799A715DF0C0
:1047200053DAB4F858142046BDE838405DF0A49A36
:104730008EB5020096B5020010B50446D8B14068A7
:104740000D492246FBF72BFC236A1BB104F1200024
:10475000DFF30CF4237F23B1606808492246FBF79E
:1047600008FCA06806492246F8F763F82046BDE831
:104770001040E5F30DB210BDD156880051548800A9
:104780007E5C010030B5054687B02420E5F3EEF1EC
:10479000044600283ED000212422E0F3D1F12B680A
:1047A0000022A360AB686560E3606B68042123614D
:1047B0000823A3822846194B8DE81400FBF7B6FBAB
:1047C0000028206022DB284615492246FBF7CCFB57
:1047D000E0B901232377284612492246FBF7DAFB8A
:1047E000A0B9D5F8380604F12001DFF3A9F368B9C0
:1047F0000D4B0190009302900390049005900B499B
:1048000028680B4A2346F8F76FF818B12046FFF7DF
:1048100093FF0024204607B030BD00BFC954880074
:1048200051548800D1568800555588001C1F8900B6
:104830007E5C0100D0F8D036186ADFF35DB3D0F8A3
:10484000D036186ADFF3BAB3F8B5D0F884640446FA
:104850000D46D1F8D800C149E0F3EAF786F81C010B
:10486000D5F8D800BE49E1F307F0D4F8846438B134
:10487000D5F8D800BA49E0F3DBF786F8E80002E0A3
:10488000022386F8E830D5F8D800B649E0F3F4F70B
:10489000D4F8846438B1D5F8D800B249E0F3C8F749
:1048A00086F8580102E0FF2386F85831AE49D5F862
:1048B000D800D4F88464E0F3BBF7AC49C6F8200113
:1048C000D5F8D800D4F88464E0F3B2F7A849A6F884
:1048D0002A01D5F8D800D4F88464E0F3A9F7A549F3
:1048E000A6F82C01D5F8D800D4F88464E0F3A0F73A
:1048F000A149A6F82E01D5F8D800D4F88464E0F3D5
:1049000097F786F8E900D4F8843493F8E92012B9CF
:10491000022283F8E920D5F8D8009849D4F88464B5
:10492000E0F386F7A6F8C600D4F88464B6F9C6307A
:1049300013B90123A6F8C630D5F8D8009049E0F3A2
:1049400077F7C6F8D800D4F88464D6F8D8301BB905
:104950004CF25033C6F8D83096F8E93001229A402C
:10496000D6F8D810D5F8D8008A4288BFC6F8D82023
:10497000022212FA03F38349C6F8DC30E0F358F759
:10498000C6F8E400D4F88464D6F8E4301BB94FF4D8
:104990009673C6F8E430D5F8D8007B49E0F348F7C1
:1049A000A6F8C400D4F88464B6F9C43013B9192346
:1049B000A6F8C430D5F8D8007449E0F339F786F882
:1049C0006C01D4F8843493F86C2112B9052283F871
:1049D0006C216F49D5F8D800D4F88464E0F328F747
:1049E000D4F88434A6F8F00093F81C21694983F8C0
:1049F0001D21D4F8843493F81D2183F84821D4F87C
:104A00008434DA7983F8AC20D4F884341A7A83F8C1
:104A10004521D4F884644FF6A273A6F8EA30A6F8CC
:104A2000EC30A6F8EE30D5F8D800E0F301F7A6F8A0
:104A3000F200D4F88464B6F9F2301BB94FF6A273D1
:104A4000A6F8F23096F8E930012212FA03F3D6F80C
:104A5000D8205149934288BFC6F8D8300023A6F821
:104A6000B230A6F8B430A6F8B630C6F8B830C6F8FA
:104A7000BC30C6F8C030D5F8D8001F46E0F3D8F6F1
:104A800086F844014549D5F8D800D4F88464E0F3A9
:104A9000CFF686F84B01D5F8D8004149D4F88464A4
:104AA000E0F3C6F6D4F88434C6F8240183F82971FB
:104AB000D4F88434D3F824211AB94FF49B72C3F884
:104AC000242193F81D2102B10322C3F84C21C3F81D
:104AD00050210022C3F85421D5F8D8003149E0F321
:104AE000CBF640B1D5F8D8002E49D4F88464E0F371
:104AF0009FF6C6F85401D5F8D8002B49E0F3BCF670
:104B000040B1D5F8D8002849D4F88464E0F390F691
:104B1000C6F84C01D5F8D8002449E0F3ADF640B111
:104B2000D5F8D8002149D4F88464E0F381F6C6F8BA
:104B300050011F4922460023A068D4F88454F1F3A1
:104B4000B1F31C49C5F830012246A0680023D4F80F
:104B50008454F1F3A7F3C5F83401F8BD2CB6020074
:104B6000A4B6020074B6020057B60200CBB502002C
:104B7000EEB5020000B6020096B602009EB5020035
:104B800067B602001FB60200BEB50200CDB6020035
:104B9000DDB5020081B6020012B60200AEB5020019
:104BA000BFB6020045B6020035B60200AFB602003D
:104BB0003F330100AD33010038B5044680B10568CC
:104BC0002246D5F844010749FDF779FC28460649F5
:104BD0002246FBF7CEF92046BDE83840E4F3D8B7CB
:104BE00038BD00BF1D708800B16E880037B505461E
:104BF0000820E4F3C1F70446C0B10560002201902B
:104C0000042128460C4B0092FBF790F900286060C5
:104C10000CDB284609492246FBF7A6F930B9D5F83E
:104C2000440107492246FDF747FC18B12046FFF72B
:104C3000C3FF002420463EBD596F8800B16E880036
:104C40001D70880038B5044670B105682146286893
:104C5000F7F70EFF286805492246F7F7EAFD2046D8
:104C6000BDE83840E4F394B738BD00BF845C010070
:104C700030B5054687B00C20E4F37EF704460028E3
:104C800046D0274B05604FF490710093019020228D
:104C9000D5F89406234BFCF711FB002838D1224BA2
:104CA000D5F894068DE818004FF4907123221F4B1D
:104CB000FCF704FB00282BD11D4BD5F894068DE89A
:104CC0001800402188221B4BFCF718FB00BBD5F8CD
:104CD000940680212022184B0094FCF707FCB8B9F9
:104CE000164B02900093164B03900193049005908D
:104CF00014492868144A2346F7F7F6FD40B9134BC8
:104D0000286800932146124A0123F7F740FE18B1A4
:104D10002046FFF797FF0024204607B030BD00BFB4
:104D200021768800E9738800557688000D74880024
:104D3000C1758800D5738800BD7388005D748800D4
:104D4000BD758800781F8900845C0100701F890090
:104D50003174880010B5044660B1074B07491B88C1
:104D60002246C3581868F7F764FD2046BDE8104096
:104D7000E4F30EB710BD00BFDA030000885C010049
:104D8000F0B5074687B01420E4F3F6F6054620B3E5
:104D9000154B06460024042206F8044B1A80012312
:104DA00047603372F4607472042101900F4A3846F0
:104DB0000F4B0094FFF700FBA04270600DDB0D4B22
:104DC0000094019302940394049405943868214656
:104DD000094A2B46F7F788FD18B12846FFF7BAFFB6
:104DE0000025284607B0F0BDDA030000D977880017
:104DF000B977880029788800885C010070B505467D
:104E000086B01820E4F3B8F6044600285AD02B6880
:104E10000026012243600560082183F8AD2001903F
:104E20003246284633460096FFF7C6FAB042206164
:104E30004BDB10212846274A274B00960194FBF7AD
:104E400075F8B042C5F898013FDB0423E360234BBB
:104E5000A06005218DE81800D5F894064422204B67
:104E6000FCF72CFA002830D11E4BD5F894068DE8BB
:104E700018004FF4907144221B4BFCF71FFA0028D6
:104E800023D1D5F8940605214422184B0094FCF751
:104E9000CBFCD0B9D5F89406C0214422144B009421
:104EA000FCF7C2FC88B9134B01900093124B03909E
:104EB00002930490059011492868114A2346F7F798
:104EC00013FD10B9204606B070BD2046E4F360F62D
:104ED0000024F7E7798188005D818800DD80880003
:104EE00035808800358188000581880055808800DC
:104EF0003D858800C5828800CD858800E01F890037
:104F00008C5C010010B5044648B105492246406852
:104F1000F7F78FFC2046BDE81040E4F339B610BD2A
:104F20008C5C010070B5054686B03020E4F31EF6B7
:104F30000446002831D000213022DFF301F61A4B5D
:104F40002560009300230193029303930493059338
:104F500028681649164A2346F7F7C6FC0646E0B904
:104F6000FF23A3750123E3752B681249D3F8D800FA
:104F7000E0F382F420B131463246E0F319F2A07535
:104F80002B680D49D3F8D800E0F376F448B100213E
:104F90000A46E0F30DF2E07503E0284661F094DD87
:104FA0000024204606B070BDA98C88001C20890012
:104FB00056FB8900E3B60200EDB6020038B50446A0
:104FC000002820D061F0D4DDA36A73B1204661F0DF
:104FD00099DA0AE02B6868686360E4F3D9F528463B
:104FE000E4F3D6F5237D013B23756568002DF1D1EF
:104FF0002368054918682246F7F71BFC2068BDE8BE
:10500000384061F0619D38BD56FB8900776C635F65
:10501000626D61635F696E666F5F696E69740000DF
:105020000000000000000000000000000000000080
:105030000000000000000000000000000000000070
:105040000000000000000000000000000000000060
:105050000000000000000000000000000000000050
:105060000000000000000000000000000000000040
:105070000000000000000000000000000000000030
:105080000000000000000000000000000000000020
:105090000000000000000000000000000000000010
:1050A0000000000000000000000000000000000000
:1050B00000000000000000000000000000000000F0
:1050C00000000000000000000000000000000000E0
:1050D00000000000000000000000000000000000D0
:1050E00000000000000000000000000000000000C0
:1050F00000000000000000000000000000000000B0
:10510000000000000000000000000000000000009F
:10511000000000000000000000000000000000008F
:10512000000000000000000000000000000000007F
:10513000000000000000000000000000000000006F
:10514000000000000000000000000000000000005F
:10515000000000000000000000000000000000004F
:10516000000000000000000000000000000000003F
:10517000000000000000000000000000000000002F
:10518000000000000000000000000000000000001F
:10519000000000000000000000000000000000000F
:1051A00000000000000000000000000000000000FF
:1051B00000000000000000000000000000000000EF
:1051C00000000000000000000000000000000000DF
:1051D00000000000000000000000000000000000CF
:1051E00000000000000000000000000000000000BF
:1051F00000000000000000000000000000000000AF
:10520000000000000000000000000000000000009E
:10521000000000000000000000000000000000008E
:10522000000000000000000000000000000000007E
:10523000000000000000000000000000000000006E
:10524000000000000000000000000000000000005E
:10525000000000000000000000000000000000004E
:10526000000000000000000000000000000000003E
:10527000000000000000000000000000000000002E
:10528000000000000000000000000000000000001E
:10529000000000000000000000000000000000000E
:1052A00000000000000000000000000000000000FE
:1052B00000000000000000000000000000000000EE
:1052C00000000000000000000000000000000000DE
:1052D00000000000000000000000000000000000CE
:1052E00000000000000000000000000000000000BE
:1052F00000000000000000000000000000000000AE
:10530000000000000000000000000000000000009D
:10531000000000000000000000000000000000008D
:10532000000000000000000000000000000000007D
:10533000000000000000000000000000000000006D
:10534000000000000000000000000000000000005D
:10535000000000000000000000000000000000004D
:10536000000000000000000000000000000000003D
:10537000000000000000000000000000000000002D
:10538000000000000000000000000000000000001D
:10539000000000000000000000000000000000000D
:1053A00000000000000000000000000000000000FD
:1053B00000000000000000000000000000000000ED
:1053C00000000000000000000000000000000000DD
:1053D00000000000000000000000000000000000CD
:1053E00000000000000000000000000000000000BD
:1053F00000000000000000000000000000000000AD
:10540000000000000000000000000000000000009C
:10541000000000000000000000000000000000008C
:10542000000000000000000000000000000000007C
:10543000000000000000000000000000000000006C
:10544000000000000000000000000000000000005C
:10545000000000000000000000000000000000004C
:10546000000000000000000000000000000000003C
:10547000000000000000000000000000000000002C
:10548000000000000000000000000000000000001C
:10549000000000000000000000000000000000000C
:1054A00000000000000000000000000000000000FC
:1054B00000000000000000000000000000000000EC
:1054C00000000000000000000000000000000000DC
:1054D00000000000000000000000000000000000CC
:1054E00000000000000000000000000000000000BC
:1054F00000000000000000000000000000000000AC
:10550000000000000000000000000000000000009B
:10551000000000000000000000000000000000008B
:10552000000000000000000000000000000000007B
:10553000000000000000000000000000000000006B
:10554000000000000000000000000000000000005B
:10555000000000000000000000000000000000004B
:10556000000000000000000000000000000000003B
:10557000000000000000000000000000000000002B
:10558000000000000000000000000000000000001B
:10559000000000000000000000000000000000000B
:1055A00000000000000000000000000000000000FB
:1055B00000000000000000000000000000000000EB
:1055C00000000000000000000000000000000000DB
:1055D00000000000000000000000000000000000CB
:1055E00000000000000000000000000000000000BB
:1055F00000000000000000000000000000000000AB
:10560000000000000000000000000000000000009A
:10561000000000000000000000000000000000008A
:10562000000000000000000000000000000000007A
:10563000000000000000000000000000000000006A
:10564000000000000000000000000000000000005A
:10565000000000000000000000000000000000004A
:10566000000000000000000000000000000000003A
:10567000000000000000000000000000000000002A
:10568000000000000000000000000000000000001A
:10569000000000000000000000000000000000000A
:1056A00000000000000000000000000000000000FA
:1056B00000000000000000000000000000000000EA
:1056C00000000000000000000000000000000000DA
:1056D00000000000000000000000000000000000CA
:1056E00000000000000000000000000000000000BA
:1056F00000000000000000000000000000000000AA
:105700000000000000000000000000000000000099
:105710000000000000000000000000000000000089
:105720000000000000000000000000000000000079
:105730000000000000000000000000000000000069
:105740000000000000000000000000000000000059
:105750000000000000000000000000000000000049
:105760000000000000000000000000000000000039
:105770000000000000000000000000000000000029
:105780000000000000000000000000000000000019
:105790000000000000000000000000000000000009
:1057A00000000000000000000000000000000000F9
:1057B00000000000000000000000000000000000E9
:1057C00000000000000000000000000000000000D9
:1057D00000000000000000000000000000000000C9
:1057E00000000000000000000000000000000000B9
:1057F00000000000000000000000000000000000A9
:105800000000000000000000000000000000000098
:105810000000000000000000000000000000000088
:105820000000000000000000000000000000000078
:105830000000000000000000000000000000000068
:105840000000000000000000000000000000000058
:105850000000000000000000000000000000000048
:105860000000000000000000000000000000000038
:105870000000000000000000000000000000000028
:105880000000000000000000000000000000000018
:105890000000000000000000000000000000000008
:1058A00000000000000000000000000000000000F8
:1058B00000000000000000000000000000000000E8
:1058C00000000000000000000000000000000000D8
:1058D00000000000000000000000000000000000C8
:1058E00000000000000000000000000000000000B8
:1058F00000000000000000000000000000000000A8
:105900000000000000000000000000000000000097
:105910000000000000000000000000000000000087
:105920000000000000000000000000000000000077
:105930000000000000000000000000000000000067
:105940000000000000000000000000000000000057
:105950000000000000000000000000000000000047
:105960000000000000000000000000000000000037
:105970000000000000000000000000000000000027
:105980000000000000000000000000000000000017
:105990000000000000000000000000000000000007
:1059A00000000000000000000000000000000000F7
:1059B00000000000000000000000000000000000E7
:1059C00000000000000000000000000000000000D7
:1059D00000000000000000000000000000000000C7
:1059E00000000000000000000000000000000000B7
:1059F00000000000000000000000000000000000A7
:105A00000000000000000000000000000000000096
:105A10000000000000000000000000000000000086
:105A20000000000000000000000000000000000076
:105A30000000000000000000000000000000000066
:105A40000000000000000000000000000000000056
:105A50000000000000000000000000000000000046
:105A60000000000000000000000000000000000036
:105A70000000000000000000000000000000000026
:105A80000000000000000000000000000000000016
:105A90000000000000000000000000000000000006
:105AA00000000000000000000000000000000000F6
:105AB00000000000000000000000000000000000E6
:105AC00000000000000000000000000000000000D6
:105AD00000000000000000000000000000000000C6
:105AE00000000000000000000000000000000000B6
:105AF00000000000000000000000000000000000A6
:105B00000000000000000000000000000000000095
:105B10000000000000000000000000000000000085
:105B20000000000000000000000000000000000075
:105B30000000000000000000000000000000000065
:105B40000000000000000000000000000000000055
:105B50000000000000000000000000000000000045
:105B60000000000000000000000000000000000035
:105B70000000000000000000000000000000000025
:105B80000000000000000000000000000000000015
:105B90000000000000000000000000000000000005
:105BA00000000000000000000000000000000000F5
:105BB00000000000000000000000000000000000E5
:105BC00000000000000000000000000000000000D5
:105BD00000000000000000000000000000000000C5
:105BE00000000000000000000000000000000000B5
:105BF00000000000000000000000000000000000A5
:105C00000000000000000000000000000000000094
:105C10000000000000000000000000000000000084
:105C20000000000000000000000000000000000074
:105C30000000000000000000000000000000000064
:105C40000000000000000000000000000000000054
:105C50000000000000000000000000000000000044
:105C60000000000000000000000000000000000034
:105C70000000000000000000000000000000000024
:105C80000000000000000000000000000000000014
:105C90000000000000000000000000000000000004
:105CA00000000000000000000000000000000000F4
:105CB00000000000000000000000000000000000E4
:105CC00000000000000000000000000000000000D4
:105CD00000000000000000000000000000000000C4
:105CE00000000000000000000000000000000000B4
:105CF00000000000000000000000000000000000A4
:105D00000000000000000000000000000000000093
:105D10000000000000000000000000000000000083
:105D20000000000000000000000000000000000073
:105D30000000000000000000000000000000000063
:105D40000000000000000000000000000000000053
:105D50000000000000000000000000000000000043
:105D60000000000000000000000000000000000033
:105D70000000000000000000000000000000000023
:105D80000000000000000000000000000000000013
:105D90000000000000000000000000000000000003
:105DA00000000000000000000000000000000000F3
:105DB00000000000000000000000000000000000E3
:105DC00000000000000000000000000000000000D3
:105DD00000000000000000000000000000000000C3
:105DE00000000000000000000000000000000000B3
:105DF00000000000000000000000000000000000A3
:105E00000000000000000000000000000000000092
:105E10000000000000000000000000000000000082
:105E20000000000000000000000000000000000072
:105E30000000000000000000000000000000000062
:105E40000000000000000000000000000000000052
:105E50000000000000000000000000000000000042
:105E60000000000000000000000000000000000032
:105E70000000000000000000000000000000000022
:105E80000000000000000000000000000000000012
:105E90000000000000000000000000000000000002
:105EA00000000000000000000000000000000000F2
:105EB00000000000000000000000000000000000E2
:105EC00000000000000000000000000000000000D2
:105ED00000000000000000000000000000000000C2
:105EE00000000000000000000000000000000000B2
:105EF00000000000000000000000000000000000A2
:105F00000000000000000000000000000000000091
:105F10000000000000000000000000000000000081
:105F20000000000000000000000000000000000071
:105F30000000000000000000000000000000000061
:105F40000000000000000000000000000000000051
:105F50000000000000000000000000000000000041
:105F60000000000000000000000000000000000031
:105F70000000000000000000000000000000000021
:105F80000000000000000000000000000000000011
:105F90000000000000000000000000000000000001
:105FA00000000000000000000000000000000000F1
:105FB00000000000000000000000000000000000E1
:105FC00000000000000000000000000000000000D1
:105FD00000000000000000000000000000000000C1
:105FE00000000000000000000000000000000000B1
:105FF00000000000000000000000000000000000A1
:106000000000000000000000000000000000000090
:106010000000000000000000000000000000000080
:10602000646561646D616E5F746F0072616D73743D
:10603000627964697300646561646D616E5F746F39
:10604000007370695F70755F656E616200534449EB
:106050004F444556006773706964776F72640050EF
:10606000434D4349414445560073645F6F6F626F0F
:106070006E6C790073645F67706F7574004753507E
:10608000492044776F7264204D6F646520656E61AE
:10609000626C65640A0073645F67706463007364B4
:1060A0005F677076616C0025733A2042726F61649D
:1060B000636F6D20534450434D4420434443206458
:1060C00072697665720A00736470636D64636463F9
:1060D0002564005344494F000A5254452028257333
:1060E0002D25732573257329202573206F6E20427B
:1060F000434D25732072256420402025642E25649D
:106100002F25642E25642F25642E25644D487A0A98
:106110000000434443006E6F637263006E6F7469E6
:10612000665F63006E6F7469665F73006F66646DAF
:106130003267706F3D30782578007061256467772D
:1061400025646125643D3078257800706131686987
:1061500062303D256400706131686962313D2564BB
:1061600000706131686962323D2564006761696E63
:106170006374726C7370683D2564007061316D6189
:10618000787077723D2564006D656173706F776517
:106190007225643D307825780072786761696E7386
:1061A00025646725637472656C6E61627970612520
:1061B000643D256400706132676125643D30782557
:1061C000782C307825782C307825780072737369B4
:1061D000736D6335673D256400757362666C616736
:1061E000733D30782578007061326763636B612599
:1061F000643D307825782C307825782C30782578D7
:10620000007064657472616E676532673D30782531
:1062100078007573623330753175323D307825788A
:106220000073756276656E6469643D307825780028
:10623000616725643D30782578006F656D3D2530B8
:106240003278253032782530327825303278253052
:106250003278253032782530327825303278006F28
:1062600066646D706F3D307825780074656D706F71
:1062700066667365743D2564006D656173706F7744
:1062800065723D307825780072737369736D66327C
:10629000673D2564007061706172616D627776653B
:1062A000723D256400646F74313161676F66646D9F
:1062B0006872627732303267706F3D3078257800CF
:1062C000697474326761303D307825780062786196
:1062D00032673D25640072737369736D6332673D85
:1062E00025640070613567627734306125643D3024
:1062F0007825782C307825782C307825782C3078D3
:1063000025782C307825782C307825782C30782515
:10631000782C307825782C307825782C30782578B2
:106320002C307825782C30782578006D637362776F
:10633000323035676C706F3D307825780000006D25
:10634000637362773230756C35676C706F3D30788F
:106350002578006D63736277343035676C706F3DFC
:106360003078257800000075736275746D695F631D
:10637000746C3D3078257800657874706167616968
:106380006E32673D3078257800616E747377637480
:106390006C32673D307825780070726F6475637475
:1063A0006E616D653D25730074785F647574795F07
:1063B0006379636C655F7468726573685F25645F99
:1063C00035673D25640072786761696E6572723267
:1063D000676125643D3078257800616730006D6124
:1063E000787032676125643D307825780062776483
:1063F0007570706F3D30782578006E6F6973656CCD
:10640000766C35676125643D25642C25642C2564F4
:106410002C25640062773430706F3D307825780029
:1064200070613567627738306125643D3078257852
:106430002C307825782C307825782C307825782CDD
:10644000307825782C307825782C307825782C30C9
:106450007825782C307825782C307825782C307871
:1064600025782C3078257800757362333075317556
:10647000323D30782578007064657472616E6765AE
:1064800035673D30782578006D6163616464723DE5
:1064900025730074656D70735F68797374657265D8
:1064A0007369733D2564006D6373256467706F25A0
:1064B000643D3078257800626F617264666C616754
:1064C00073323D3078257800626F617264666C616A
:1064D0006773333D30782578006C656462682564A5
:1064E0003D307825780072786761696E732564673E
:1064F0002563747269736F6125643D256400616171
:1065000032673D307825780070726F6469643D3081
:106510007825780074656D707468726573683D25C0
:106520006400636869707265763D2564006C656718
:106530006F66646D6277323035676C706F3D3078AE
:1065400025780000006C65676F66646D6277323095
:10655000756C35676C706F3D30782578006C6567B9
:106560006F66646D6277323035676D706F3D30787D
:1065700025780000006C65676F66646D6277323065
:10658000756C35676D706F3D30782578006C656788
:106590006F66646D62773230356768706F3D307852
:1065A00025780000006C65676F66646D6277323035
:1065B000756C356768706F3D30782578007573624B
:1065C00066733D25640074656D70735F70657269F4
:1065D0006F643D25640073623430616E6438302529
:1065E000637235672563706F3D307825780063638B
:1065F0003D2564002004D002A6A9FFFF646F74311A
:10660000316167647570256372706F3D30782578ED
:106610000061676125643D30782578007472697384
:106620006F35673D307825780074656D7073656EE1
:1066300073655F736C6F70653D2564006D61787084
:1066400035676125643D307825782C307825782CA5
:10665000307825782C307825780070613169747332
:106660007369743D25640070613062303D256400BB
:1066700070613062313D25640070613062323D25C9
:106680006400706135676125643D307825782C3071
:106690007825782C307825782C307825782C30782F
:1066A00025782C307825782C307825782C30782572
:1066B000782C307825782C307825782C307825780F
:1066C0002C30782578006D63736277383035672514
:1066D00063706F3D307825780073756262616E6417
:1066E00035677665723D25640072737369736176F0
:1066F00035673D2564006D637362773230326770B1
:106700006F3D307825780000006D6373627732301A
:10671000756C3267706F3D30782578006D637362F9
:106720007734303267706F3D307825780000007222
:1067300065677265763D30782578006363746C3DDB
:1067400030782578006E6F6973656C766C3267619E
:1067500025643D256400757362333072656773305C
:106760003D307825782C307825782C307825782C99
:10677000307825782C307825782C307825782C3096
:106780007825782C307825782C307825782C30783E
:10679000257800757362333072656773313D3078E8
:1067A00025782C307825782C307825782C30782571
:1067B000782C307825782C307825782C307825780E
:1067C0002C307825782C307825782C307825780076
:1067D00063636B706F3D307825780074726935673C
:1067E0003D25640063636B64696766696C747479E2
:1067F00070653D25640076656E6469643D3078257A
:10680000780066656D6374726C3D25640075736213
:1068100033307265677325643D307825782C307885
:1068200025782C307825782C307825780070646FA6
:106830006666736574326725646D6125643D3078E2
:1068400025780075736265706E756D3D30782578BA
:106850000070613168696D61787077723D25640000
:106860007278636861696E3D3078257800626F6187
:106870007264666C6167733D3078257800706131B1
:1068800062303D25640070613162313D25640070E5
:10689000613162323D2564007478636861696E3DE0
:1068A000307825780072786761696E732564672592
:1068B00063656C6E616761696E6125643D25640086
:1068C0006770646E3D30782578007061306D617856
:1068D0007077723D25640062786135673D256400FC
:1068E0006167626725643D3078257800757362734F
:1068F000737068795F736C656570303D30782578AA
:106900000075736273737068795F736C656570315D
:106910003D307825780075736273737068795F73A2
:106920006C656570323D30782578007573627373DD
:106930007068795F736C656570333D3078257800D9
:106940006C656464633D307825303478006D637322
:106950003332706F3D3078257800727373697361DC
:106960007632673D2564006F706F3D256400697461
:1069700074326761313D30782578007278706F35F8
:10698000673D25640065787470616761696E35677D
:106990003D30782578006F66646D356768706F3DAF
:1069A000307825780074776F72616E6765747373E1
:1069B000692564673D25640073623230696E343046
:1069C000256372706F3D30782578006D616E666961
:1069D000643D3078257800656C6E6132673D3078B3
:1069E000257800727063616C32673D3078257800DD
:1069F00000000000000000727063616C3567623057
:106A00003D30782578000000000000727063616CF2
:106A1000356762313D307825780000000000007253
:106A20007063616C356762323D3078257800000014
:106A3000000000727063616C356762333D30782509
:106A40007800000000000070613062305F6C6F3DC4
:106A500025640070613062315F6C6F3D25640070A9
:106A6000613062325F6C6F3D256400736232306961
:106A70006E3830616E643136302563723567256358
:106A8000706F3D3078257800636464706F3D3078B6
:106A9000257800626F617264747970653D30782585
:106AA0007800616E747377697463683D3078257817
:106AB00000626F6172646E756D3D25640072646C76
:106AC00069643D30782578007874616C6672657110
:106AD0003D2564006D61787035676861303D3078C0
:106AE00025780072786761696E73256467656C6EDE
:106AF000616761696E6125643D2564007573627329
:106B0000736D64696F25643D307825782C30782565
:106B1000782C307825782C3078257800737562646D
:106B2000657669643D30782578007061316C6F62FC
:106B3000303D2564007061316C6F62313D25640029
:106B40007061316C6F62323D2564007374626370F2
:106B50006F3D307825780072786761696E65727272
:106B600035676125643D307825782C307825782C80
:106B7000307825782C30782578007061316C6F6D15
:106B800061787077723D25640070646F6666736526
:106B90007425646D6125643D307825780074656DD9
:106BA00070636F7272783D2564006F66646D35673F
:106BB000706F3D30782578007573626E6F73733D2A
:106BC0003078257800616135673D3078257800633D
:106BD0007573746F6D76617225643D307825780029
:106BE00074785F647574795F6379636C655F6F66F1
:106BF000646D5F25645F35673D2564007575696464
:106C00003D257300757362646573635F636F6D70B8
:106C10006F736974653D307825780074656D7073A5
:106C2000656E73655F6F7074696F6E3D256400708B
:106C30006170646361702564673D2564006C6567FD
:106C40006F66646D627732303267706F3D307825E1
:106C5000780000006C65676F66646D62773230752E
:106C60006C3267706F3D30782578007064676169B9
:106C70006E2564673D2564006D617870356761300D
:106C80003D30782578006D617870356761313D3031
:106C9000782578006D63732564672563706F2564BC
:106CA0003D307825780070687963616C5F74656D3C
:106CB0007064656C74613D256400706125646725AE
:106CC000637725646125643D307825780063636FC0
:106CD00064653D3078300072656777696E646F7700
:106CE000737A3D2564006F66646D6C726277323032
:106CF0003267706F3D3078257800776F776C5F670B
:106D000070696F706F6C3D256400616E747377639A
:106D1000746C35673D307825780063636B3267703B
:106D20006F3D307825780074726932673D256400C4
:106D300063636B627732303267706F3D30782578ED
:106D400000000063636B62773230756C3267706F7E
:106D50003D3078257800697474356761303D30784E
:106D6000257800697474356761313D307825780085
:106D70006D63736C7235672563706F3D307825786D
:106D80000070646F6666736574326725646D766142
:106D90006C69643D307825780072786761696E733C
:106DA0002564677472656C6E616279706125643DFB
:106DB000256400626F6172647265763D3078257873
:106DC0000072617774656D7073656E73653D3078C0
:106DD00025780075736273737068795F75746D6977
:106DE0005F63746C303D307825780075736273731F
:106DF0007068795F75746D695F63746C313D30786C
:106E000025780075736273737068795F75746D6946
:106E10005F63746C323D307825780000000000001C
:106E20006F66646D35676C706F3D307825780070E3
:106E300061306974737369743D2564007473736998
:106E4000706F7335673D30782578007278706F32D7
:106E5000673D25640074737369706F73736C6F7032
:106E6000652564673D2564007472693567683D2552
:106E700064006D616E663D25730074726935676CE0
:106E80003D2564006D637362773230356768706FDB
:106E90003D307825780000006D637362773230757D
:106EA0006C356768706F3D30782578006D6373626C
:106EB000773430356768706F3D3078257800000092
:106EC00073726F6D7265763D2564006C65676F66E1
:106ED000646D3430647570706F3D30782578006D66
:106EE00061787035676861313D3078257800646578
:106EF0007669643D307825780072786761696E73D1
:106F0000256467747269736F6125643D2564006D43
:106F100061787035676C61303D30782578006D613F
:106F2000787035676C61313D307825780065706127
:106F30006761696E2564673D2564007770736770CB
:106F4000696F3D256400776F776C5F6770696F3D8F
:106F500025640072737369736D6635673D2564003F
:106F6000747269736F32673D30782578007473737B
:106F700069706F7332673D30782578007770736C75
:106F800065643D256400656C6E6135673D3078252C
:106F90007800706135676277343038306125643D40
:106FA000307825782C307825782C307825782C305E
:106FB0007825782C307825782C307825782C307806
:106FC00025782C307825782C307825782C30782549
:106FD000782C307825782C30782578006D637362B2
:106FE00077323035676D706F3D307825780000005E
:106FF0006D637362773230756C35676D706F3D30DD
:10700000782578006D63736277343035676D706F03
:107010003D3078257800000063636F64653D25632B
:107020002563006D63736277313630356725637091
:107030006F3D3078257800496E76616C69642F5514
:107040006E737570706F72746564207874616C20F3
:1070500076616C756520256400726D696E00636CE5
:10706000646F5F627572737400706C6C2564006C81
:107070006E6C646F31007225646400722564740064
:107080007874616C66726571000000000C0000008D
:10709000020016000200000004000D0007000000BE
:1070A00001000A000800000004000D000A000000B2
:1070B00004000D000D000000010007001700000093
:1070C000040004001B000000040001001C0000007C
:1070D00001000700000000000200020001000000A3
:1070E0000100010003000000020002000400000093
:1070F0000100010005000000010001000600000081
:107100000100010009000000010005000B00000063
:10711000010001000C000000020030000E00000021
:10712000010001000F00000001000100100000003C
:107130000100010011000000010001001200000028
:107140000300030013000000010001001400000010
:107150000100010015000000010001001600000000
:1071600001000100180000000200130019000000D7
:10717000020013001A000000020013001D000000AE
:10718000010001001E000000010001000C000000D1
:1071900002003000726D61780000004B00079065BE
:1071A000000C1892000F6C706C646F3100000000CE
:1071B00001000000000000000000000000000000CE
:1071C00002000000000000000100000000000000BC
:1071D00004000000000000000300000000000000A8
:1071E0000800000000000000000000000000000097
:1071F0001000000000000000070000000000000078
:1072000020000000000000005711000000000000F6
:107210004000000000000000170100000000000016
:107220008000000000000000570100000000000086
:10723000000100000000000003000000000000004A
:10724000000200000000000000000000000000003C
:107250000004000000000000030000000000000027
:10726000000800000000000007040000000000000B
:1072700000100000000000005701000000000000A6
:107280000020000000000000D715000000000000F2
:107290000040000000000000F7BDC20E000000002A
:1072A0000080000000000000F73DC20E000000005A
:1072B00000000100000000000000000000000000CD
:1072C0000000020000000000F73DC00E00000000BA
:1072D0000000040000000000F73DC20E00000000A6
:1072E0000000080000000000F73DC20E0000000092
:1072F0000000100000000000F73DC0060000000084
:107300000000200000000000F73DDA0E0000000041
:107310000000400000000000F73D000600000000F3
:107320000000800000000000F73D40060000000063
:10733000000000010000000000000000000000004C
:107340000000000200000000D70100000000000063
:107350000000000400000000D70D00000000000045
:107360000000000800000000F73DC006000000001B
:107370000000001000000000F73DCA0E00000000F1
:107380000000002000000000F73DCA1E00000000C1
:107390000000004000000000F73DFA3E0000000041
:1073A000726567256400636C646F5F70776D00635E
:1073B00068697063256400626F61726474797065D6
:1073C0000070726F64696400737764656E61626CEB
:1073D00065006770646E00626F617264666C6167FD
:1073E000730062746378776172666C6167730078AA
:1073F00074616C6672657100626F61726472657649
:10740000006465766964006D7578656E6162007709
:107410006C30696400776C25643A2042726F616455
:10742000636F6D2042434D2573203830322E313149
:1074300020576972656C65737320436F6E74726F49
:107440006C6C65722025730A0074656D705F7468DA
:107450006F72745F6D6F6E69746F725F74696D6562
:107460000074785F6D696E696D756D5F64757479B0
:107470005F6379636C650074785F647574795F63CA
:1074800079636C655F63636B00616762673000619D
:10749000676267310061676267320074656D7062B0
:1074A000617365645F647574795F6379636C655F4C
:1074B000656E006161300074785F647574795F6334
:1074C00079636C655F6F66646D0000001133820044
:1074D0002534820000000000000000004E5652419A
:1074E0004D526576007361723267006161326700E8
:1074F00020432543034321432443184319431A439C
:107500001143134312431443154316431B431C43B7
:107510001D43284329432A432B432C432D434143F6
:107520004043504351435243534357439DA976052B
:1075300054435F433F434F432F4334433543364324
:107540003743384339431647484727474343604347
:10755000464347434843314332433343AA435843A6
:1075600059435A43A9435543564363438043814398
:10757000824364436543664374436743A043A14326
:10758000A243AE43AF43B043AB43AC43AD43E3434D
:10759000E443E543E243D043D143D243BA43BB4340
:1075A000BC43B143B243B343A343A443A543B7434E
:1075B000B843B943C043C143C243D343D443D54383
:1075C000D643D743D843D943DA43DB43DF43E043D1
:1075D000E143EC43ED43EE43E943EA43EB4322430B
:1075E000D6A867A868A89CA9D8A89DA91343144346
:1075F00086A83143A7A9DBA8D1A8DCA8A4A952AAD0
:10760000C6A902AA31AA32AA74785F74656D705F48
:107610007468726573680064657669640031316E00
:107620005F64697361626C650061673000616B6DF6
:1076300000000000299483005DB783000592830059
:107640000000000045338400DD39840000000000A4
:10765000000000007A6263786763696770696F0091
:10766000616E74737763746C326700616E747377E4
:1076700063746C356700776C25643A646D612564CA
:107680000061613267006C74656378666E73656C67
:10769000006274635F6D6F646500626F617264663F
:1076A0006C616773006D616361646472006C746522
:1076B00063787061646E756D0076656E64696400F0
:1076C0007A626378666E73656C00627463786C6569
:1076D0007363616E007A6263787061646E756D00C9
:1076E000637573746F6D7661723100637573746F57
:1076F0006D76617232006274635F706172616D7386
:107700002564006274635F666C6167730062746312
:1077100078776172666C61677300626F617264662C
:107720006C61677332006C74656378676369677056
:10773000696F00626F617264666C616773340062C6
:107740006F61726472657600646576696400737255
:107750006F6D7265760062745F64656661756C74E6
:107760005F616E74006D6F6E69746F725F74696DC6
:10777000655F6F75740062746364796E5F646566DB
:1077800061756C745F6274635F6D6F6465007072C5
:107790006F7465637465645F74696D655F6F75743C
:1077A0000062746364796E5F6D73775F726F7730B8
:1077B0000062746364796E5F6D73775F726F7731A7
:1077C0000062746364796E5F6D73775F726F773296
:1077D0000062746364796E5F64736E735F726F7757
:1077E000730062746364796E5F636F65785F74774A
:1077F0006F5F616E74007478635F6475725F746844
:10780000726573680062746364796E5F6D73775F2D
:10781000726F77330062746364796E5F6D73775F44
:10782000726F77730062746364796E5F64666C7400
:107830005F64736E735F6C6576656C00627463641D
:10784000796E5F6274727373695F6879737465725D
:107850000070726F745F6274727373695F746872C0
:10786000657368006374733273656C665F64757208
:107870005F74687265736800616C6572745F7469C7
:107880006D655F6F75740062746364796E5F6869BB
:1078900067685F64736E735F6C6576656C007266B3
:1078A000615F636F756E745F7468726573680062A0
:1078B000746364796E5F6D69645F64736E735F6C2B
:1078C0006576656C0062746364796E5F6C6F775F78
:1078D00064736E735F6C6576656C00627463647963
:1078E0006E5F666C6167730062746364796E5F6477
:1078F000736E735F726F77300062746364796E5F6A
:1079000064736E735F726F77310062746364796E53
:107910005F64736E735F726F773200627463647951
:107920006E5F64736E735F726F77330073636F5F44
:10793000727373695F7468726573680063636F6400
:107940006500636300726567726576006576656ED3
:107950007471006873323000B1968600F19686002B
:1079600061848600B1848600B1968600F196860017
:1079700061848600B1848600B1968600F196860007
:107980002D8586009986860000000000000000001A
:1079900000000000000000002D858600998686000A
:1079A0000000000000000000B1968600F1968600FD
:1079B000B1968600F1968600B1968600F196860013
:1079C000000000000D060F00000000000406300457
:1079D000000000000206400672737369636F7272E2
:1079E0006E6F726D00676C616369616C74696D655F
:1079F000720063616C5F706572696F64006C6470C3
:107A00006300747373696C696D75636F64002573CB
:107A10002E6661622E25640074656D7074687265EF
:107A20007368002E6661622E0074787077726263EC
:107A30006B6F6600696E746572666572656E63650C
:107A400000676C697463685F62617365645F637229
:107A5000736D696E0032675F63676100727373698B
:107A6000636F7272617474656E0070687963616CC3
:107A70005F74656D7064656C74610074656D7073BE
:107A80005F68797374657265736973007273736983
:107A9000636F7272706572726732670074737369B4
:107AA000666C6F6F72326700766261745F616464E6
:107AB000007061706476616C6964746573740073DE
:107AC000776469765F6770696F5F31006D637332E9
:107AD00067706F300073707572636F6E66696700F0
:107AE0006D63733267706F310063636B64696766DF
:107AF000696C74747970650065755F65647468722B
:107B00006573683267007265645F7278626C6F6378
:107B10006B696E67000001006C094B007601130071
:107B2000323016000300417E0006000AD903270008
:107B300025000000910900006C0900000000050309
:107B40005BE708003F5812122F141F1F1F1F205100
:107B50002761000009603F70020071094B00760147
:107B60001300323016000300417E0006000AD903DC
:107B700027002500000091090000710900000000A5
:107B800007030D8208003F5812122F141F1F1F1FDA
:107B900020512761000009603F70030076094B0007
:107BA00076011300323016000300417E0006000A01
:107BB000D903270025000000910900007609000084
:107BC00000000903BF1C08003F5812122F141F1F8A
:107BD0001F1F20512761000009603F7004007B09CE
:107BE0004B0076011300323016000300417E000680
:107BF000000AD903270025000000910900007B0935
:107C0000000000000A0371B708003F5812122F1439
:107C10001F1F1F1F20512761000009603F700500D2
:107C200080094B0076011300323016000300417EBC
:107C30000006000AD9032700250000009109000072
:107C40008009000000000C03235208003F58121264
:107C50002F141F1F1F1F21512761000009603F7053
:107C6000060085094B007601130032301600030030
:107C7000417E0006000AD903270025000000910973
:107C800000008509000000000D03D5EC08003F58F6
:107C900012122F141F1F1F1F21512761000009609E
:107CA0003F7007008A094B0076011300323016003E
:107CB0000300417E0006000AD903270025000000CA
:107CC000910900008A09000000000F03878708005F
:107CD0003F5812122F141F1F1F1F21512761000030
:107CE00008603F7008008F094B00760113003230A6
:107CF00016000300417E0006000AD9032700250074
:107D00000000910900008F090000000011033922D2
:107D100008003F5812122F141F1F1F1F21512761E7
:107D2000000008603F70090094094B0076011300C1
:107D3000323016000300417E0006000AD9032700F6
:107D400025000000910900009409000000001203C2
:107D5000EBBC08003F5812122F141F1F1F1F215188
:107D60002761000008603F600A0099094B00760116
:107D70001300323016000300417E0006000AD903CA
:107D8000270025000000910900009909000000006B
:107D900014039D5708003F5812122F141F1F1F1F56
:107DA00021512761000008603F600B009E094B00D5
:107DB00076011300323016000300417E0006000AEF
:107DC000D903270025000000910900009E0900004A
:107DD000000015034FF208003F5812122F141F1F06
:107DE0001F1F21512761000007603F600C00A3099D
:107DF0004B0076011300323016000300417E00066E
:107E0000000AD90327002500000091090000A309FA
:107E1000000000001703018D08003F5812122F14B4
:107E20001F1F1F1F21512761000007603F600D00C9
:107E3000A8094B0076011300323016000300417E82
:107E40000006000AD9032700250000009109000060
:107E5000A809000000001903B32708003F581212B8
:107E60002F141F1F1F1F21512861000007603F6052
:107E70000E00B4094B0076011300323016000300E7
:107E8000417E0006000AD903270025000000910961
:107E90000000B409000000001D035E0108003F5807
:107EA00012122F141F1F1F1F21512861000007608D
:107EB0003F606D61787032676130000001006C09CD
:107EC000340004010D0023304F000300417E000602
:107ED000000AD90327001A000000A20900006C095B
:107EE00000000000B208277608003F5817173C1919
:107EF0001F1F1F1F3B511961000009603F700200E6
:107F00007109340004010D0023304F000300417E4D
:107F10000006000AD90327001A000000A209000089
:107F2000710900000000B708B11308003F58171787
:107F30003C191F1F1F1F3B511961000009603F7052
:107F400003007609340004010D0023304F000300C4
:107F5000417E0006000AD90327001A000000A2098A
:107F60000000760900000000BB083BB108003F5844
:107F700017173C191F1F1F1F3C5119610000096092
:107F80003F7004007B09340004010D0023304F00D2
:107F90000300417E0006000AD90327001A000000F2
:107FA000A20900007B0900000000C008C44E0800C0
:107FB0003F5817173C191F1F1F1F3C511961000024
:107FC00009603F7005008009340004010D00233072
:107FD0004F000300417E0006000AD90327001A0063
:107FE0000000A2090000800900000000C4084EEC57
:107FF00008003F5817173C191F1F1F1F3C511961DC
:10800000000009603F7006008509340004010D007E
:1080100023304F000300417E0006000AD9032700E9
:108020001A000000A2090000850900000000C9082C
:10803000D88908003F5817173C191F1F1F1F3C51B4
:108040001961000009603F7007008A0934000401CB
:108050000D0023304F000300417E0006000AD903C3
:1080600027001A000000A20900008A090000000091
:10807000CE08622708003F5817173C191F1F1F1F03
:108080003C511961000008603F7008008F093400FE
:1080900004010D0023304F000300417E0006000A5A
:1080A000D90327001A000000A20900008F09000070
:1080B0000000D208ECC408003F5817173C191F1FD6
:1080C0001F1F3C511961000008603F7009009409AE
:1080D000340004010D0023304F000300417E0006F0
:1080E000000AD90327001A000000A2090000940921
:1080F00000000000D708766208003F5817173C19A7
:108100001F1F1F1F3C511961000008603F600A00DB
:108110009909340004010D0023304F000300417E13
:108120000006000AD90327001A000000A209000077
:10813000990900000000DC08000008003F581717EC
:108140003C191F1F1F1F3C511961000008603F6050
:108150000B009E09340004010D0023304F00030082
:10816000417E0006000AD90327001A000000A20978
:1081700000009E0900000000E008899D08003F58AB
:1081800017173C191F1F1F1F3D5119610000076081
:108190003F600C00A309340004010D0023304F00A0
:1081A0000300417E0006000AD90327001A000000E0
:1081B000A2090000A30900000000E508133B080025
:1081C0003F5817173C191F1F1F1F3D511961000011
:1081D00007603F600D00A809340004010D00233042
:1081E0004F000300417E0006000AD90327001A0051
:1081F0000000A2090000A80900000000E9089DD8BD
:1082000008003F5817173C191F1F1F1F3D511961C8
:10821000000007603F600E00B409340004010D0047
:1082200023304F000300417E0006000AD9032700D7
:108230001A000000A2090000B40900000000F408C0
:108240004EEC08003F5817173C191F1F1F1F3D51C8
:108250001961000007603F6070726F7062773230A2
:108260003267706F0072636F725F61636900706D77
:10827000696E00706170646D6F64650063616C6944
:1082800064786573747461726765743267006361E2
:108290006C696478657374626173653267007061DC
:1082A000326761305F6C6F0063636B3267706F00C1
:1082B00063636B7363616C650074656D705F6D758E
:1082C0006C7400706170646570736F66667365745A
:1082D000006F66646D3267706F00706163616C6916
:1082E000647832670073776469765F73776374725A
:1082F0006C5F656E006F66646D64696766696C7457
:10830000747970656265004176566D6964495163A0
:10831000616C0063636B6964787063686F66667331
:108320000074656D705F6164640073776469765F83
:108330006770696F006D6373627732303267706F98
:108340000070617064656E646964780001006C0996
:108350002600C0000A001A3080000300417E00069B
:10836000000AD903270013000000B00900006C09BF
:1083700000000000C70B000008003F5817173C1909
:108380001F1F1F1F50511961000009603F7002003C
:1083900071092600C0000A001A3080000300417EE7
:1083A0000006000AD903270013000000B0090000EE
:1083B000710900000000CD0B004008003F5817175E
:1083C0003C191F1F1F1F51511961000009603F70A8
:1083D000030076092600C0000A001A30800003005E
:1083E000417E0006000AD903270013000000B009EF
:1083F0000000760900000000D30B008008003F5801
:1084000017173C191F1F1F1F5151196100000960E8
:108410003F7004007B092600C0000A001A3080006B
:108420000300417E0006000AD90327001300000064
:10843000B00900007B0900000000D90B00C0080053
:108440003F5817173C191F1F1F1F5151196100007A
:1084500009603F70050080092600C0000A001A303C
:1084600080000300417E0006000AD90327001300A4
:108470000000B0090000800900000000E00B0000CF
:1084800008003F5817173C191F1F1F1F5151196132
:10849000000009603F70060085092600C0000A0040
:1084A0001A3080000300417E0006000AD90327002D
:1084B00013000000B0090000850900000000E60B71
:1084C000004008003F5817173C191F1F1F1F51512C
:1084D0001961000009603F7007008A092600C0008A
:1084E0000A001A3080000300417E0006000AD9030A
:1084F000270013000000B00900008A0900000000F6
:10850000EC0B008008003F5817173C191F1F1F1F56
:1085100051511961000008603F7008008F09260062
:10852000C0000A001A3080000300417E0006000AE5
:10853000D903270013000000B00900008F090000D4
:108540000000F20B00C008003F5817173C191F1F0E
:108550001F1F52511961000008603F700900940903
:108560002600C0000A001A3080000300417E000689
:10857000000AD903270013000000B0090000940985
:1085800000000000F90B000008003F5817173C19C5
:108590001F1F1F1F52511961000008603F600A0031
:1085A00099092600C0000A001A3080000300417EAD
:1085B0000006000AD903270013000000B0090000DC
:1085C000990900000000FF0B004008003F581717F2
:1085D0003C191F1F1F1F52511961000008603F60A6
:1085E0000B009E092600C0000A001A30800003001C
:1085F000417E0006000AD903270013000000B009DD
:1086000000009E0900000000050C008008003F5893
:1086100017173C191F1F1F1F5251196100000760D7
:108620003F600C00A3092600C0000A001A30800039
:108630000300417E0006000AD90327001300000052
:10864000B0090000A309000000000B0C00C00800E6
:108650003F5817173C191F1F1F1F52511961000067
:1086600007603F600D00A8092600C0000A001A300C
:1086700080000300417E0006000AD9032700130092
:108680000000B0090000A80900000000120C000062
:1086900008003F5817173C191F1F1F1F525119611F
:1086A000000007603F600E00B4092600C0000A0009
:1086B0001A3080000300417E0006000AD90327001B
:1086C00013000000B0090000B40900000000210CF4
:1086D000000008003F5817173C191F1F1F1F535158
:1086E0001961000007603F606974737369636F729A
:1086F000720073776469765F656E0065646F6666A5
:108700007468643230756C00696E69747869647875
:10871000706368006473736674680074737369745B
:10872000696D650063636B627732303267706F002A
:108730007061706474656D70007061326761305F84
:108740003270777200696E69747869647800636367
:108750006B7077726F666673657430004176566D24
:1087600069645F63300074656D705F71007662618B
:10877000745F6D756C740063636B696E697478699E
:1087800064780073726F6D726576006F66646D64F5
:10879000696766696C74747970650070617064747F
:1087A000656D7062696173006C636E32305F6E6F0D
:1087B00069736563616C5F74626C5F656E006564AC
:1087C0006F6E74686432306C006C65676F66646DE0
:1087D000627732303267706F0070613267613000EB
:1087E00074787077726F6666736574326700706D47
:1087F000617800766261745F710006073F038A004A
:10880000000006073F038400000006073F038000C6
:10881000000006073F037B00000006073F037700C8
:10882000000006073F037200000006073F036E00CA
:10883000000006073F036A00000006073F036700C9
:10884000000006073F036300000006073F036100C6
:10885000000006073F035C00000006073F035A00C4
:10886000000006073F035700000006073F035400BF
:10887000000006073F035100000006073F034F00BA
:10888000000006073F034D00000006073F034B00B2
:10889000000006073F034800000006073F034600AC
:1088A000000006073F034400000006073F034200A4
:1088B000000006073F034000000006073F033F009B
:1088C000000006073F033D00000006073F033B0092
:1088D000000006073F033A00000006073F03380088
:1088E000000006073F033600000006073F0335007F
:1088F000000006073F033400000006073F03320074
:10890000000006073F033100000006073F03300068
:10891000000006073E032F00000006073C032F005F
:10892000000006073B032F00000006073B032D0055
:10893000000006073A032D00000006073A032C004A
:10894000000006073A032B00000006073A0329003F
:108950000000060739032900000006073803280035
:10896000000006073803270000000607380326002A
:10897000000006073803250000000607380324001E
:108980000000060737032400000006073703230012
:108990000000060737032200000006073703210006
:1089A00000000607350321000000060735032000FC
:1089B00000000607340320000000060734031F00F0
:1089C0000000060732031F000000060733031E00E5
:1089D0000000060733031D000000060731031D00D9
:1089E0000000060732031C000000060730031C00CD
:1089F000000006072F031C00000006072D031C00C3
:108A0000000006072B031C00000006072A031C00B9
:108A10000000060729031C000000060728031C00AD
:108A20000000060728031B000000060727031B00A1
:108A30000000060727031A000000060726031A0095
:108A40000000060724031A000000060723031A008B
:108A50000000060722031A000000060721031A007F
:108A60000000060721031900000006072003190073
:108A7000000006071F031900000006071E03190067
:108A8000000006071E031900000006071E03190058
:108A9000000006071E031900000006071E03190048
:108AA000000006071E031900000006071E03190038
:108AB000000006071E031900000006071E03190028
:108AC000000006071E031900000006071E03190018
:108AD000000006071E031900000006071E03190008
:108AE000000006071E031900000006071E031900F8
:108AF000000006071E031900000006071E031900E8
:108B0000000006071E031900000006071E031900D7
:108B1000000006071E031900000006071E031900C7
:108B2000000006071E031900000006071E031900B7
:108B3000000006071E031900000006071E031900A7
:108B4000000006071E031900000006071E03190097
:108B5000000006071E031900000006071E03190087
:108B6000000006071E031900000006071E03190077
:108B7000000006071E031900000006071E03190067
:108B8000000006071E031900000006071E03190057
:108B9000000006071E031900000006071E03190047
:108BA000000006071E031900000006071E03190037
:108BB000000006071E031900000006071E03190027
:108BC000000006071E031900000006071E03190017
:108BD000000006071E031900000006071E03190007
:108BE000000006071E031900000006071E031900F7
:108BF000000006071E0319000000060F3FFF620079
:108C00000000060F3FFF5E000000060F3FFF590007
:108C10000000060F3FFF55000000060F3FFF510008
:108C20000000060F3FFF4D000000060F3FFF4A0007
:108C30000000060F3FFF47000000060F3FFF440003
:108C40000000060F3FFF41000000060F3FFF3E00FF
:108C50000000060F3FFF3C000000060F3FFF3A00F8
:108C60000000060F3FFF37000000060F3FFF3500F2
:108C70000000060F3FFF33000000060F3FFF3200E9
:108C80000000060F3FFF30000000060F3FFF2E00E0
:108C90000000060F3DFF2E000000060F39FF2F00D9
:108CA0000000060F3AFF2D000000060F39FF2C00D0
:108CB0000000060F37FF2C000000060F36FF2B00C8
:108CC0000000060F36FF2A000000060F35FF2900BE
:108CD0000000060F35FF28000000060F33FF2800B4
:108CE0000000060F31FF28000000060F30FF2700AC
:108CF0000000060F2FFF27000000060F2DFF2700A2
:108D00000000060F2EFF25000000060F2CFF250097
:108D10000000060F2BFF25000000060F29FF25008D
:108D20000000060F28FF24000000060F26FF250084
:108D30000000060F24FF26000000060F22FF260079
:108D40000000060F21FF26000000060F21FF25006E
:108D50000000060F22FF23000000060F20FF230063
:108D60000000060F1FFF23000000060F1FFF220058
:108D70000000060F1FFF21000000060F1CFF22004D
:108D80000000060F1CFF21000000060F1CFF200042
:108D90000000060F1CFF1F000000060F1CFF1E0036
:108DA0000000060F1AFF1F000000060F1AFF1E002A
:108DB0000000060F19FF1E000000060F19FF1D001E
:108DC0000000060F18FF1D000000060F18FF1C0012
:108DD0000000060F16FF1D000000060F16FF1C0006
:108DE0000000060F17FF1B000000060F17FF1A00F8
:108DF0000000060F17FF19000000060F16FF1900EC
:108E00000000060F15FF19000000060F14FF1900DF
:108E10000000060F16FF17000000060F15FF1700D1
:108E20000000060F17FF15000000060F16FF1500C3
:108E30000000060F15FF15000000060F14FF1500B7
:108E40000000060F15FF14000000060F14FF1400A9
:108E50000000060F14FF13000000060F15FF12009C
:108E60000000060F12FF13000000060F13FF120090
:108E70000000060F12FF12000000060F11FF120083
:108E80000000060F10FF12000000060F0DFF140077
:108E90000000060F0FFF12000000060F0EFF120069
:108EA0000000060F0CFF13000000060F0DFF12005C
:108EB0000000060F0CFF12000000060F0BFF13004E
:108EC0000000060F0CFF11000000060F08FF140041
:108ED0000000060F09FF13000000060F08FF130033
:108EE0000000060F0AFF11000000060F08FF120025
:108EF0000000060F07FF13000000060F08FF110017
:108F00000000060F07FF12000000060F07FF110008
:108F10000000060F05FF13000000060F08FF0F00FA
:108F20000000060F09FF0E000000060F08FF0E00EC
:108F30000000060F07FF0F000000060F04FF1100DE
:108F40000000060F05FF10000000060F03FF1200CF
:108F50000000060F04FF10000000060F01FF1400C0
:108F60000000060F02FF12000000060F01FF1300B1
:108F70000000060F02FF11000000060F01FF1200A3
:108F80000000060F02FF10000000060F01FF110095
:108F90000000060F01FF10000000060F01FF100087
:108FA0000000060F01FF10000000060F01FF100077
:108FB0000000060F01FF10000000060F01FF100067
:108FC0000000060F01FF10000000060F01FF100057
:108FD0000000060F01FF10000000060F01FF100047
:108FE0000000060F01FF10000000060F01FF100037
:108FF0000000060F01FF10000000726174657365C8
:109000006C007374660063636B5F6F6E65636F7291
:10901000655F74780074656D70735F706572696FF9
:1090200064007478636861696E007278636861696E
:109030006E0073776469765F736E727468726573BD
:10904000680073776469765F74785F7765696768CD
:10905000740073776469765F736E726C696D007308
:10906000776469765F73776374726C5F6D61736B3D
:109070000073776469765F63636B736E72636F729C
:10908000720073776469765F73776374726C5F6183
:109090006E74300073776469765F73776374726C93
:1090A0005F616E74310073776469765F77656967B5
:1090B00068740073776469765F736574746C6500B7
:1090C00073776469765F656E0073776469765F7243
:1090D000785F706F6C6963790073776469765F633A
:1090E000656C6C5F706F6C69637900737764697627
:1090F0005F73776374726C5F656E00737764697613
:109100005F7468726573680073776469765F67700F
:10911000696F5F310073776469765F63636B6E6F4D
:109120006973656573746C696D0073776469765FE4
:109130006C6F67326176670073776469765F67701A
:10914000696F0073776469765F74785F706F6C69BC
:1091500063790073776469765F74696D656F7574A0
:1091600000616E746469765F7273736964696666C0
:1091700074687265736800776F776C5F6770696F8A
:1091800000776F776C5F6770696F706F6C000000BD
:1091900073B54369164600222F2B04460D460192F3
:1091A00008DD332B06D013460121E2F3D9F1830504
:1091B0009B0D07E0002120460A46E2F331F2064B00
:1091C00003401B0C1B022046336001A92A4600F015
:1091D00005F801987CBD00BF0000FF03F8B5044608
:1091E0000E461546E5F380F540F6120100220746CB
:1091F0002046E6F31BF32046E5F37EF5204639468C
:10920000E6F322F3024B33604FF4C8632B60F8BDE2
:109210004C6403000B46C06F11461A46FFF7B8BFF7
:1092200010B501210446C06FE2F35CF2E06FE6F393
:1092300037F3002010BD37B50024694601AA054662
:1092400000940194FFF7E6FF9DE8060003462846D8
:1092500024F052DC20463EBD38B50446C06FE2F330
:10926000D3F148B12046FFF7E6FF054638B920465E
:10927000FFF7D6FF284638BD4FF0FF3038BD00203D
:1092800038BD2DE9FF4107464FF4B6700E4615462E
:109290009846E0F36BF40446002832D000214FF4E6
:1092A000B672DBF34DF40A9B3846009304F1800359
:1092B000019304F18403029331462A464346F2F7B0
:1092C000F1FBE067C0B10123637440F61201002294
:1092D000E6F3ACF20C210022C4F88800E06FE5F35D
:1092E000F7F42046F5F722FF2046FFF7B5FFE06FC1
:1092F000F2F780F9002500E00B252046E0F348F462
:1093000000E01E25284604B0BDE8F081CDAB00008A
:1093100001BC600300104E03BFDE02F00E5C028051
:10932000C12700000403BFDE02F0105903A85E024B
:10933000F0001203A65E02F0001202825E530000EB
:109340001202855EAF000012020200BF00000F0390
:10935000A85E02F000120282DEBB0000120282DE72
:10936000B300001202845EB700001202845EB300F4
:109370000012028600C7000012028480C30000129F
:1093800001BC63FF1FF04000008000000000035B91
:109390005E02F0001401BC601300104300015E0285
:1093A000F0000000025E02F0182C020200BF000074
:1093B000B402045EFF00001B006B446556801B0175
:1093C000846002F7F7BF01BC6003000AA600025EDA
:1093D00002F012370202DEFF000020006B446555E8
:1093E00020200182E002F7F7BF03BFDE02F006C3D0
:1093F0000201AC7B00002500E844656177A101BC57
:10940000607F0817A2006D5E86F4402500A82C7BC3
:10941000010B1E00682B4F00002A0280DEFF0000B7
:10942000B4006B44655A60B40184E006F577AB0084
:10943000025E02F0159B020480C700002C028180AE
:10944000C700002E01806002F7F7BF01BC60030077
:109450000ADA00902BE300D7A200E02BDEF457A33A
:10946000006D446AF4603200B02BD7000AF0018727
:109470006002F7F7BF00682BBF00003A00E94465BF
:109480005DF7A300E8C4695E77A20068DE8B000088
:109490003A006DDE8D5E003A0286ABD300003A01E1
:1094A000876006F7F7BF0207DEFF00003F00E844D1
:1094B000655A37A2006D5E895A003F0187E002F7C6
:1094C000F7BF01BC6003000AD100682C6F000045A3
:1094D00001BC61F70017A100E844656377A2006D45
:1094E0005E8AF4204501BC6003000B1B00A82C7BA6
:1094F000002B1E00682AE700005100E8446557373A
:10950000A1006DDE8556404C00682B230000510001
:10951000E844655917A1006DDE8556404E03BFDE55
:1095200002F0005101BC6003000ABA01BC600300F4
:109530000AB901BC6003000AC801BC6003000AC08C
:1095400000A82C7B004B1E0202DEB3000054020078
:10955000420300005400025E02F00D2F0203C573A7
:1095600000005702845EB30000B40068AAEF000058
:10957000B40284DEB7000059020180C70000790000
:10958000B02AAB0017A202802BD300006000B02BE2
:10959000030017A1006DDE855BE0AB00685E87000D
:1095A000006000682BE700006000B02BE70017A206
:1095B00000682AEB00006600E844655757A1018562
:1095C0006006F5D7AE006DDE86F440AB00E05E8548
:1095D00054F7A1006DDE86F440AB01856002F5D73B
:1095E000AE0202DEBB00007900682A9B0000790011
:1095F000E8446555D7A100E02A9B0157A2006EDE22
:1096000086F440720182E002F5D7AE018160016309
:10961000CB1E01BC6003000AEA01BC6003000AA67D
:1096200001BC6003000AE503BFDE02F00079006EB2
:10963000AA9AF4207800E82A9AF437A100902A9B8D
:109640000037A2006E2A9EF4407700B02A9F0017D0
:10965000A20069DE86F4407903BFDE02F000AB02AF
:1096600084DEB700009E028881AB00009C02045E8D
:10967000B70000B4020480C700008500682AF70024
:10968000208500682AF700808500682ADF000084B2
:1096900000682AF702E0820068AAF708608400E800
:1096A00044655637A1006D5E8556E0B402005EFF4A
:1096B00000009C028080BF00009C00682B230000FB
:1096C0008B02802BD300008B00B02B2B0017BB002C
:1096D0006E2B02F760B403BFDE02F0009C0205DED1
:1096E000B700008E00682AF70860B403BFDE02F0FE
:1096F000009C028400C7000090028600C700009210
:1097000000682AEB00009C02812C2700009C00E8E6
:1097100044655637A10206ABD300009600E845C960
:109720005AF7A203BFDE02F0009700E845895AF716
:10973000A20286ABD300009A00E85E86F457A1002F
:1097400069DE8557009C006CC4655660B402855E76
:10975000B70000B400025E02F015BE03BFDE02F0E7
:1097600000B40285ABD30000A50206ABD30000A372
:1097700001BC63FF1FF7A1006845C6F4209C03BF2E
:10978000DE02F000A501BC63FF1FF7A1006845865B
:10979000F4209C0203C5730000AB02855EB7000095
:1097A000AB020100C70000B4006B44655680B400F2
:1097B00020E3FE1460B40282DEBB0000B402022C7F
:1097C000270000AE0282DEBB0000AE03BFDE02F067
:1097D000009C028881AB0000B40282DEB30000B4BA
:1097E000028080BF0000B40284DEAF0000B40282B9
:1097F0005EBB0000B400025E02F015EE0180600264
:109800000D906C03595E02F000B603D85E02F000C2
:10981000B703D8DE02F000B801BC61830011290053
:10982000B0007B00112B01BC630300112303125E07
:1098300002F00CB003975E02F00D4303D05E02F01D
:10984000039403D0DE02F0063D03D5DE02F00C6285
:1098500003915E02F006980396DE02F00C5D02882A
:10986000C17300012303C45E02F0081003C75E0247
:10987000F0083403DCDE02F0163503AA5E02F008BD
:10988000A40386DE02F00CA10287C037000CA103FE
:10989000835E02F00A50020680C70000D00202B0C8
:1098A000E70000D0006C30EE2320D00182E0018779
:1098B0002C3901BC607F1FF7A201E05E8A10708323
:1098C0000391DE02F00720020680C70001070206AE
:1098D00001AB0000E3020030E70000E30068DE4B6C
:1098E0000620E3020042030000E302844523000057
:1098F000E30280B0E70000E3006E45170020E301BB
:10990000BC600300108000A8412300F04803D0DEB3
:1099100002F000DC03D05E02F000DD03D5DE02F0D1
:1099200000DE00E001DF0020770180E005872C39B0
:1099300001BC6003000C3A00025E02F0180700024E
:109940005E02F0181B020E01AB0000F002844523FA
:109950000000F0020130E70000F000E001E3002029
:109960007801816001872C390180E001872C390161
:109970000C81430017A60068DE9B0060ED01BC600F
:1099800003004C3A03BFDE02F000EF0068DE9B00EC
:1099900040EF01BC6003002C3A00025E02F01807A1
:1099A000020681AB000107020230E70000FB0280E3
:1099B00042030000FB028445230000FB03915E028A
:1099C000F0069800E001EB00207A0180E005872C8A
:1099D0003901826001872C3901BC6003000C3A0018
:1099E000025E02F0180700025E02F0181B0201B0CE
:1099F000E70000FE006C30F22320FE0181E00187C9
:109A00002C39020330E7000107006C30F6232107F0
:109A100001836001872C39020042030001070068BE
:109A20005E4B04410500685E4B00410503BFDE024A
:109A3000F001070182600609104801BC60030011B3
:109A40004503C2DE02F00D0A00025E02F012360388
:109A5000D4DE02F007B903A3DE02F0000203C85E01
:109A600002F005FB0204DEB30001100201452300F1
:109A700001100184E002F597AC00025E02F00637A7
:109A80000201C5230001120187E002F577AB000255
:109A90005E02F00EAF00025E02F0117702182E2770
:109AA00000011600025E02F0118A03A25E02F001BC
:109AB0002003565E02F0011D01866006091048036E
:109AC0001F5E02F0011D006A5E2300011C00B00051
:109AD0002700178800E85E2300378803A65E02F09F
:109AE000018E00025E02F011F80028600E08E1B459
:109AF00003C4DE02F00D7A0020C2030021BC03BFC4
:109B0000DE02F0020D03815E02F001250300DE0299
:109B1000F000C30188E0020B905C03BFDE02F0039B
:109B20009102874063000127018EE00EF430180295
:109B30008740630001290002DE02F0000002874036
:109B40006300012B00B05E8B001019018EE00AF457
:109B500030180002DE02F0000001BC606300107BE0
:109B600001BC601B00107A01AC607EF47075028746
:109B700041D70001320002DE02F0000001BC606348
:109B800000107B01BC601B00107A01AC60BEF47059
:109B900075028741D70001370002DE02F0000001A4
:109BA000BC606300107B00B05E8B00107A01AC607B
:109BB0007EF43075028741D700013C0002DE02F0DE
:109BC000000001BC606300107B00B05E8B00107A67
:109BD00001AC60BEF43075028741D700014100023C
:109BE000DE02F0000001BC60030280060280DE0796
:109BF00000014D01DA6002F0178002085E070001E3
:109C00006101BC60031E17A100E05E02F430650133
:109C1000BC60031C17A100E05E02F4306401BC606C
:109C20000300281103BFDE02F0016701105E03008C
:109C300017A101035E030017A200E05E86F457A19E
:109C400000885E870037A200E05E86F457A100E03E
:109C5000015AF43063028600C300015800B0560B6D
:109C600000106200B0540300106201BC60030028C1
:109C70001103BFDE02F0016900B0418F00106201E4
:109C800009DE030017A10068DE8700415C00E05E8A
:109C9000870037A100885E870057A100E05E850439
:109CA000B7A100E05E8703C00601BC600300481155
:109CB00003BFDE02F0016901BC60070217A100E0EA
:109CC0005E02F4306501BC60070017A100E05E028F
:109CD000F4306401BC600318000601BC6003000896
:109CE0001100B05A0300106200B058030010630066
:109CF00002DE02F0000001BC600306379201BC6383
:109D0000FF1FF0C301BC60031890E301BC60FB1CA3
:109D100010E501BC600300501000B0404300180083
:109D200000B040470010E70002DE02F0000000E84B
:109D300040330097A100B0400B0017A3006D5E8672
:109D4000F4617700905E8F0037A303BFDE02F0015D
:109D50007800905E870037A301BC601B0437A10028
:109D6000E05E8EF437A301F041970017A1006DDE8D
:109D700086F4618C0287C19700018001385A030084
:109D800017A1013C5A030017A203BFDE02F00182B3
:109D9000013C5A030017A101385A070017A20068B6
:109DA0005E86F4818700D85E8B0037A200E1419681
:109DB000F4506500E1C19700306503BFDE02F00199
:109DC0007A00D85E8B0037A200E14196F457A100DB
:109DD000E1DE870037A101F05E870017A1006EDE8B
:109DE00086F4618D01BC63FF1FF7A40002DE02F060
:109DF0000000020681AB00019001826001872C39CE
:109E00000020E38E090002031EDE02F00196039F8C
:109E10005E02F0019601BC60430117A100A8412237
:109E2000F4304803BFDE02F000020208411F0001C7
:109E30009301816005610B0800025E02F00D2F00A6
:109E4000B000AB00108600B0016300108A00025E13
:109E500002F0107301BC600304179200B0003B00D5
:109E6000111D0190600609104803A1DE02F001AE49
:109E70000181E00609104801BC600300904201BC6A
:109E8000600300112D039EDE02F001B10184600227
:109E9000F2979400B0451700178F00B05E170017B7
:109EA000900200441F0001AA0185600209104801C8
:109EB00081600700104701F0DE0F0037A1020400A7
:109EC000BF0001AD01F084C70037A100A044B6F483
:109ED0003145039EDE02F001B101BC613712B08052
:109EE00003BFDE02F0000200A044B42A314501BCE9
:109EF000612712708003BFDE02F000020020E082C2
:109F0000090002010CDE530017A101885E870010D2
:109F10004701BC60030050420108411F0017A10126
:109F20008CDE86F2979403BFDE02F000020002DEB0
:109F300002F000000020E07E09000200025E02F054
:109F400012020283C21F000002020280F30001C657
:109F500000B044670017A1017C5E862357A30283EB
:109F60005EFF0001C500E000FAF468290183600685
:109F7000F7F7BF006BDE8D0521CA0206D003000192
:109F8000CE00E950862337A100E8D08A2357A200EB
:109F900069DE8B0001CE00025E02F00D2F019160A0
:109FA0001684F42700E020A700882903BFDE02F012
:109FB000036E00025E02F00371020400BF0001D6CE
:109FC00003945E02F000020020C28F06000200A08F
:109FD000428F01F78000685E002DC00200025E0221
:109FE000F00D2F03BFDE02F000120201C28F00004D
:109FF00002011400630017A100685E870060020080
:10A00000025E02F00D2F0194600F00001800025E46
:10A0100002F001DD03BFDE02F00012011400630054
:10A0200017A100B05E870010A501BC60131B9060F3
:10A0300000685E870001E400E0418306D06000E82C
:10A040005E870037A103BFDE02F001E0028050C34B
:10A050000001F2018760040310A000B0006300104B
:10A06000B400B042D3001800008841830030B6012C
:10A07000BC60030B10B500B0006300B0B40317DE82
:10A0800002F001EB0397DE02F001EC01806006862E
:10A0900014300068D0D30001F20068D0D70001F27C
:10A0A00000B0446700143400B0446B001435000263
:10A0B000DE02F000000020E01280420C0187600404
:10A0C0000310A000B000630010B401BC60030E10C8
:10A0D000B500B0006300F0B401BC60570310B600D7
:10A0E000B000630010B401BC600302D0B502075099
:10A0F0000B00020901BC600303D0B5018E6002F2BF
:10A1000097940204500B0002020204D00B000202DA
:10A1100001866006F2979400E042D700D0B500A017
:10A12000500B1117A10068DE871102080186E006B6
:10A13000F2979400E042D70050B50207D00B00021E
:10A140000800E042D70090B500B042D70011E1000E
:10A15000B0006300B0B40317DE02F0020A0397DE1A
:10A1600002F0020B0002DE02F00000006820C300D3
:10A170000210006CC46506001201BC6003000830C8
:10A18000006820BB00021600B044670017A2006CF4
:10A19000446988A215006B446988A012006EDE89AC
:10A1A00005E01201BC600300082E0020E0BE09009B
:10A1B00002020681AB00021A0281B0E7000002022F
:10A1C00080B0E700000203905E02F0001203A25E7E
:10A1D00002F0022C00025E02F01163020200BF00D6
:10A1E000022B0284DEAF00022302045EB700022BC2
:10A1F00000025E02F0156902045EB700022B03BF85
:10A20000DE02F0000202045EB7000226020480C7EC
:10A2100000022B02805EFF00022B00025E02F0159E
:10A220000D0206ABD300022A02052C2300022A03EA
:10A23000BFDE02F0022B03BFDE02F0000200025E6E
:10A2400002F012020200421F000243006842F300C3
:10A25000022F006D42F3006243011400630017A156
:10A2600000B05E870017A203A25E02F0023703145B
:10A270005E02F00245006EC45680624502814523AD
:10A28000000245006E5E8700624301BC60030077F8
:10A29000A200886006F457A300885E8B01001800B6
:10A2A000E85E8B0037A20020C28EF4623D006ADEB9
:10A2B00086F4423703BFDE02F00243020400BF000F
:10A2C000026F00900063010165008085970217A16D
:10A2D00000E064820DA16600025E02F011DF03BFA0
:10A2E000DE02F0026F0182600209104803BFDE0245
:10A2F000F0000201BC600300111500B0017F0017DF
:10A30000A6031F5E02F00254020300C300024A00CB
:10A3100020C28F02024E03255E02F002540020C2CA
:10A320008F02024E00688153FFE01203BFDE02F08D
:10A3300002500194601300001803BFDE02F0026FA8
:10A34000039EDE02F002530068DE980BC253020146
:10A35000411F000F250185600209104800685E98C2
:10A360000BC25800695E9F0062720298428F000221
:10A370005803BFDE02F002720201411F000F2502E6
:10A380000400BF00025F0218428F000F2500025E2A
:10A3900002F011C100025E02F011DF019405870096
:10A3A000001803BFDE02F0026F0200150B00026806
:10A3B000020016BB00026B00B014970017A10068E2
:10A3C000DE84B2226800B0149B0017A10068DE840E
:10A3D000B2426800B0149F0017A10068DE84B26228
:10A3E00068029E14E700026B0201C28F00026D0139
:10A3F00094600F00001803BFDE02F0026F0201C27A
:10A400008F00026D018060060D906C0200C28F000B
:10A410000F250194600700001800025E02F001DDC4
:10A42000020400BF0002A103BFDE02F002A101BCD2
:10A4300060031810600129500B00179200B0017BD7
:10A44000001065006800EB00027A00885A130117BB
:10A45000A100E84466F437A1006EDE8407427A0367
:10A46000BFDE02F007B2019060120910480194604B
:10A470001F00001801085A0F00178101885E06812D
:10A48000540A01345A0F00178000025E02F00143A3
:10A4900000B0017B00106500B056230017A100E05A
:10A4A0005E86A097A100E85E8400F40300E85E8465
:10A4B00000F41600B05A0300141300B05A07001439
:10A4C0001400B05A0B0014150068DE070042920019
:10A4D000E800970057A101BC5E86F0141B017C5E6A
:10A4E0008700F41C00B0204700178100025E02F0D4
:10A4F000108400B0017B00106501085A0F0017811D
:10A5000000B05E8700141E03BFDE02F0029500B0AB
:10A51000561700141B00B0561B00141C00B0541337
:10A5200000141E00B05013001086006D00A70082BA
:10A530009B0190016300108A00B0418F00106200FF
:10A54000025E02F0160200B0422B00140601BC604D
:10A55000031817A1006DC18C20029E01BC6003028C
:10A5600097A100E05E840377A100E05E86B0111D34
:10A5700003BFDE02F00337020300C70002B1020C82
:10A58000D0030002B1011400630017A1028500632B
:10A590000002B10080DE8701F7A201BC601B1857E2
:10A5A000A200E05E8A0DB06500B041970014320051
:10A5B00080DE8700B7A201BC601B15D7A200E05E59
:10A5C0008A0DB06400B041930014330068D81300C2
:10A5D00002BF02005A1B0002B30180600684F42708
:10A5E00003BFDE02F006C30201D0030002B300B0D5
:10A5F000509B00142F0281D0C700036B00025E0243
:10A60000F00371010BD0030017A1013C502B001780
:10A61000A2018C5E86F457A1014801430017A201F4
:10A620000C81430017A300685E8F0022BC018CE000
:10A63000000A17A200685E86F442BF01916012848E
:10A64000F42703BFDE02F0036E00025E02F001F3A6
:10A6500000B0501300108600B0501700108A03A2FB
:10A660005E02F0030B020CD0030002DE020300C7FF
:10A670000002DD00B050CB00106500025E02F01653
:10A6800098020350C70002CB01BC60230097A100D1
:10A69000A85002F4340003BFDE02F002E20204819B
:10A6A000AB0002CD006D4246C0801200B05A1300CC
:10A6B000178000025E02F0014D00B0540F00141E1E
:10A6C00000B05A070017A100B05A13001780018785
:10A6D0005A16F0178000B0418F00106500025E022C
:10A6E000F0160B00E05E86A0740302875E03000292
:10A6F000DC0109DE030017A300E05E8B0077A200F7
:10A70000E05E8AF477A200885E8B0037A100E05EED
:10A7100086F4508903BFDE02F002E2006D424A84F3
:10A720008012010650070017A1028CD0030002E13D
:10A7300000685E870002E20182DE86863431018293
:10A7400060028634310020D0030402E800B0504F8C
:10A750000011F200B050530011F300B05057001137
:10A76000F401BC60030091F0020601AB0003040297
:10A77000015003000304020601AB00030403A25EC0
:10A7800002F00304028030E70003040180600587C3
:10A790002C3900E001E700207901BC60430890E615
:10A7A00000025E02F0016A01BC60031910E401BC02
:10A7B000600300000601BC600301D78201D2DE08FD
:10A7C00077F0E000B00F030010E100B00047001088
:10A7D0008600B00F1F00108A01BC600300378100A3
:10A7E000025E02F0107000B0059B00106400E85893
:10A7F0001A28F14500B0058B001064006A4516C0A8
:10A8000082FF00025E02F01095006E4517004301C2
:10A8100001BC600300514501BC60030010BB01BCDA
:10A82000610303B08003BFDE02F0001203945E02F6
:10A83000F0030B020650030003070287DEAF00039C
:10A840000B028150030005DC0202D0C700030A029C
:10A8500008502B00030B0285D0030005F301906024
:10A8600012863431011050070017A60068DE9B00E5
:10A870004317013A500700178000885E0300778075
:10A8800000E000AEF0106400B05E0700081301BCE9
:10A89000602306D78100E0418301706300E0418FAF
:10A8A00000B06500025E02F010AB00B0204F001750
:10A8B0008103A25E02F0032300B0500F00111602C4
:10A8C00002D0C700031B00B0505B0011160282D0FB
:10A8D00003000323028147C300031C0280504F0082
:10A8E0000321002047C73F83230020C7DB00C36D3F
:10A8F00003BFDE02F0032303A55E02F00323028000
:10A90000C7DF00036D028850C700033F0129500BC9
:10A91000001792020300C7000330020CD0030003AB
:10A9200030028350C700033000B050CB00106501E7
:10A93000385A1300178001825A17005781010E5AA6
:10A94000130017A1018E5E86F037810202D0C70086
:10A95000033F00B0501B00108A03BFDE02F0033F2C
:10A960000282D0C700033701385027001780010842
:10A970005013001781010250130017A101825E8657
:10A98000F0378100B0507F00108903BFDE02F00372
:10A990003F0138506F0017800108502B00178101CC
:10A9A00006D0070017A101825E86F0378100B05003
:10A9B0001B00108A00B05083001089010E507300F4
:10A9C00017A1018E5E86F0378100025E02F001431E
:10A9D00000025E02F010700102421B00178101822A
:10A9E0005E0502378100025E02F01084020680C715
:10A9F00000034B010C81430017A60068DE9B006337
:10AA00004900885E870057A103BFDE02F0034B00B8
:10AA100068DE9B00434B00885E870037A100E05E44
:10AA2000840117A101D9DE8700108301BC613703BF
:10AA3000B79100685E4B02837F020400BF0003529F
:10AA40000287500300035203945E02F00353032273
:10AA50005E02F00360020681AB00035E00685E4B9D
:10AA600004435700685E4B00435703BFDE02F00308
:10AA70005E00E001EF00207B01BC60030291450114
:10AA8000836005872C3900E044670A0C3D018C6027
:10AA90000E1770BB01BC610302308003BFDE02F001
:10AAA000000201BC610300308003BFDE02F000023F
:10AAB00001BC613303B79102850063000366009017
:10AAC00000630097A100E06482F43065006E5A13C1
:10AAD0000023660188E006F23791020601AB00030D
:10AAE0006A0068DE4B05A36A01BC61030030800385
:10AAF000BFDE02F0000203BFDE02F0037F019160BF
:10AB00000E84F42703BFDE02F0036E019160068419
:10AB1000F42701BC60030010B40181E006863431E3
:10AB200003BFDE02F006C3011C508F0017A1008096
:10AB3000DE870197A200E0015E0DB06502805A7FBA
:10AB400000037E02815A7F00037A0203DA7F00034A
:10AB50007E00685A8700037E00886006F437A100F3
:10AB6000201CBAF4237E00025E02F00D2F019160DA
:10AB70001E84F42700015E02F0000003BFDE02F035
:10AB8000036E0002DE02F0000003C4DE02F00D7A64
:10AB9000020650030003870207DEAF00038701BCF3
:10ABA00061030037910207500300038501BC620373
:10ABB00000F79100E0010B00204203BFDE02F0032A
:10ABC0008801BC600300204200B05E470010800294
:10ABD0000400BF00039000B0058B001064006E45B8
:10ABE000170000020068DE4B02838F00A044B42AE5
:10ABF000314503BFDE02F0000200025E02F0109554
:10AC00000068C51700000203D05E02F00394000242
:10AC10005E02F0109503BFDE02F00002020601ABF7
:10AC20000003970068DE4B05A39701806001872C25
:10AC300039020E01AB00039A0200B0E700039A014B
:10AC4000816005872C3900E10DB228E36C00E08DAE
:10AC5000B700036D01836002F7F7BF01BC6003001A
:10AC6000900400A8412330104801BC620F0011E09D
:10AC700001816002F5D7AE020200BF0003B8006890
:10AC8000DE4B0203A400025E02F017BA0068DE4B3E
:10AC90000623B802045EB30003B80206ABD3000378
:10ACA000A90204C5AF0003B803BFDE02F003AA0285
:10ACB00000456F0003B800E844655637A100E82A54
:10ACC00096F437A100695E870823B80206ABD3006B
:10ACD00003B2006BAC422323B100E04467014B1088
:10ACE0000183E0022B915C03BFDE02F003B8018315
:10ACF000E0022B915C01BC600318517800B045E381
:10AD0000001800018360022F317900A84138F9D77B
:10AD1000A100B05E84FE704E0187E002F577AB00C3
:10AD200068810B0023BB00B044670000430182E050
:10AD30000609104800A841B310906C0182600628F3
:10AD400091440188E0020B905C00025E02F0123632
:10AD50000185E002F7F7BF0288421B0003C30185AB
:10AD6000E006F7F7BF035B5E02F003C501BC6013AA
:10AD700000104301BC600300108501BC600300109B
:10AD8000B8008850770090B90208502B0003CC011E
:10AD90003850730017A1017C506EF437A100885E13
:10ADA000870090B9020047A30003D001BC600300F4
:10ADB00011EA009042E70091EB00B047A300D1E810
:10ADC000020047B30003D201B0E08E3D91EC01D206
:10ADD000E00210908403A95E02F004FD01BC600350
:10ADE00000108400E001C300207000B04467000C34
:10ADF0000D00B0446B000C0E0320DE02F0044B008B
:10AE0000685E4B18A3E30068DE4B0783EC01BC636C
:10AE1000FF1F708401BC600300F0850138136300DC
:10AE200010B500E042D700D0B501BC60030010A609
:10AE300001BC602314D0B400E013570024D503BF35
:10AE4000DE02F004930184E006F597AC01BC60FFDC
:10AE50001FF08400025E02F0042801BC60030010B1
:10AE6000B401BC60030010A601BC600302D0B501B0
:10AE7000BC602304D0B400E0135B0024D603BFDE23
:10AE800002F0049301816006F5B7AD0068DE4B0463
:10AE9000A3FF0203DEBB0003F100E02E0B001065F0
:10AEA00003BFDE02F003F201BC602301106500A0C5
:10AEB0005E7FFE10EC00B05A030010ED00B05A07A0
:10AEC0000010EE00B05A0B0010EF00B05A0F001047
:10AED000F001BC63FF1EF08401BC600300308501FB
:10AEE000BC60030010B401BC600301D0A601BC60CB
:10AEF000030450B501BC602304D0B400E002AF00ED
:10AF000020AB03BFDE02F0049301BC61FF1FF0849D
:10AF100001BC60030010850068DE4B05240701BCFE
:10AF200060030010B401BC600B0B50A601BC6003B1
:10AF300002D0B501BC602304D0B403BFDE02F0042C
:10AF4000130068DE4B02441E00B03067001084021C
:10AF500085C38F00040B00E05E2700378901DA5EAD
:10AF6000270010EE01BC63FF1FF0CE01BC600300A0
:10AF700010B40080E02183180000E069820DB0A6C3
:10AF800001BC600303D0B501BC602304D0B400E071
:10AF900001D3002074018460070011E00282DEB357
:10AFA0000005BC02045EB30005BC0181E006F5D7D4
:10AFB000AE0183E00609104800B0412300180001EB
:10AFC000BC600306B78E0188204610D78100025E60
:10AFD00002F0108400885E8700708303BFDE02F0F9
:10AFE00005BC01BC60031FF0840103DE530017A2FF
:10AFF00000680ECF00042300B00ECF0017A200900F
:10B000001CBAF457A202005EFF00042501BC6003D5
:10B010000037A200682B4F00042701BC60030037F3
:10B02000A201865E8A1C70E3006AC39300043100AB
:10B03000E8439000D0E40202421B00042F0090007D
:10B040001B0037A10020421B00442E00B0209700B7
:10B0500017A100E04392F430E40069C39300043187
:10B0600001BC60030010E400682B4F00043300E0D3
:10B0700043915B30E401BC60030010B401BC600389
:10B080000010A601BC60030210B501BC602304D00F
:10B09000B400685E4B06A44900E001CB00207202B8
:10B0A0000681AB0004930280B0E70004930203B072
:10B0B000E700049301BC600704F7A60288421B0066
:10B0C000044101BC600F0017A60282421B0004412C
:10B0D00001BC60170017A6010C81430017A500688A
:10B0E000DE9700644400885E9B0037A600E044665B
:10B0F000F4CC3C0181E005872C3901826005872C66
:10B10000390183E001872C3903BFDE02F00493008C
:10B11000E001CF00207303BFDE02F0049303205E42
:10B1200002F0049A0181E00209104800E001D70012
:10B130002075031EDE02F0047A01BC60030017A232
:10B14000006A5E230004530102428F0017A20185AA
:10B150005E8A0910480180E0061030810284DE53C7
:10B1600000045A00B000770017A100E05E840437A5
:10B17000A100885E870057A100E05E870D57A103FC
:10B18000BFDE02F0045B01BC60030D57A100680044
:10B190002700047A00E05E8401F7A101BC6023006F
:10B1A0009065008841970030B601BC60030010B480
:10B1B00000905E870050A601BC60030110B501BC81
:10B1C000602300B0B40317DE02F004630397DE02CD
:10B1D000F004640020DE8700446D0020DE87002438
:10B1E0006A01B85E22D0168001805E8AD036810363
:10B1F000BFDE02F0047301BC5E22D0168001845EC3
:10B200008AD0368103BFDE02F004730020DE87009F
:10B21000247101B85E22D0368101805E8AD05682C8
:10B2200003BFDE02F0047301BC5E22D036810184CC
:10B230005E8AD0568201886002F430A800B05A03BA
:10B240000010B000B05A070010B1028042A3000401
:10B250007600E042A30090A800B05A0B0010B000A6
:10B26000B05A0F0010B10187600610908400E05EB4
:10B270002700378901DA5E270010EE01BC60030069
:10B2800010B401BC60030350A600B000330010B539
:10B290000284DE5300048400E0606803B0A600E08E
:10B2A00042980430A600B000370010B501BC6023FE
:10B2B00004D0B401846006F29794018660020910FC
:10B2C00048039EDE02F0048E0280441F00049100B9
:10B2D000B05E3F00114501BC600300178F00B05EF7
:10B2E0004300178500B05E0F00179003BFDE02F029
:10B2F000049100B05E0F0017850280441F00049186
:10B3000000A044B6F0B14501BC60030110420183C6
:10B310006006F29794018460070011E003A05E02CA
:10B32000F005BA02065EAF0005BC0186E006F577BF
:10B33000AB01BC600300108000025E02F00D370319
:10B34000BFDE02F0072003A15E02F0052701140012
:10B35000630017A10068DE8700E49F018160060991
:10B36000104803BFDE02F00527028500630004A138
:10B370000183E0060D906C01816006F5D7AE011CDB
:10B38000508F0003BD0206508F0004A900B044672F
:10B390000010F300B0446B0010F401BC63FF1FF019
:10B3A000D301BC63FF1FF0D400B042170310850027
:10B3B00020600E8624D0018760040310A000B00036
:10B3C000630010B401BC60030B10B500B000630053
:10B3D000F0B4020300C70004BB020CD0030004BB9E
:10B3E000028050C70004B300B054130017A100E05E
:10B3F0005E8680741A00B0506B0010E400B04213F7
:10B400000210840209502B0004BB00B0421300302C
:10B410008401D2E03AA030E0028050C70004C101AC
:10B42000D2E052A030E003BFDE02F004C10202D03D
:10B43000C70004C100B0505F0010E000B0506300CE
:10B4400010E100B050670010E200B0506B0010E453
:10B4500000B0421302F084020050C70004CB018AFE
:10B46000E00E10908401BC60FB1C10E501BC600381
:10B470000890E600B000630010B401BC6003021045
:10B48000B500B0006304D0B4018460070011E0018E
:10B49000BC600300178E03BFDE02F005C700E001A9
:10B4A000C700207100B000630010B401BC6003024B
:10B4B000D0B500B0006304D0B403BFDE02F0055481
:10B4C00003225E02F004D200E002A70020A90103DB
:10B4D00050030017A100B85E870037A101875E8680
:10B4E000101080020400BF0004E0032BDE02F00411
:10B4F000E0020000F30004DA00E8002300514201FA
:10B50000BC600A28514203945E02F004E000B005DA
:10B510008B00106400E058230036080068580300D0
:10B5200004E000B0446700111200B0580300111588
:10B53000020CD003000526020300C70004F300B08C
:10B5400050CB00106501BC600300168500E05A3343
:10B5500000368C020350C70004E800E05A2700368A
:10B560008903BFDE02F0052701BC60030017B200AB
:10B57000B05A0B000B8301385A130017A101BC5AB3
:10B5800006F430E0013C5A130017A1017C5A06F47E
:10B5900030E10181E0061090840185E0070010E3AE
:10B5A0000185E0070010C30282D0C70004F803BF82
:10B5B000DE02F004FB0202D0C70004FD00B02A3313
:10B5C0000017A101B8506EF430E000B050730017BE
:10B5D000A101B82A36F430E1028242130004FB00D4
:10B5E000B0507B0010E400B042130210840185E0EB
:10B5F000061C30E100B04213007084018760040330
:10B6000010A0020300C700051300B050CB00106566
:10B61000006D5ECAD1C5030185E0021870C300E069
:10B620005ECB00368E01BC601B1FD06500E04196EA
:10B63000F6506500B050970016800068DECB00051C
:10B640000B01BC60230150B800E001F300207C0036
:10B65000682E0F00251103BFDE02F0051E00B05E4C
:10B66000CB0010B500B000630870B4028342D30071
:10B67000050D01BC60030170B80068AE0F00251E07
:10B6800001BC60030170B802BC506700051D03BF18
:10B69000DE02F0051C010CD0030017A103A95E0215
:10B6A000F0051901BC60230150B800E001F300204F
:10B6B0007C00685E8700651C03BFDE02F0051E018A
:10B6C000BC60030170B800685E8700451E01BC6065
:10B6D000030170B80181E0021710B801BC600300DB
:10B6E000F0A501BC60030E10B500E001F700207D5D
:10B6F00000B000630010B400B0006300F0B400B00C
:10B7000042D3001800018860080310B4018160066C
:10B710000D906C03BFDE02F005540202D0C7000595
:10B720002D00B0506F0010E000B050730010E10029
:10B73000B050770010E20282421300052C00B05096
:10B740007B0010E400B0421302F08400E05E9F0032
:10B7500037A703A15E02F0053601BC60030017A7FE
:10B76000018760040310A000B000630010B401BCA6
:10B7700060030E10B500B0006300F0B401886008EB
:10B780000310B403BFDE02F0054900B0017B0010D6
:10B790006500B05A030010E500B05A070010E6003B
:10B7A000B05A0B0010E70068A04B00053C00E05EBB
:10B7B000270037890068204B0005400185E007001D
:10B7C00010E30185E0070010C300B04213011084AC
:10B7D00001DA5E270010EE0187600610908400B049
:10B7E00042131C108401BC60030010B400E06068C8
:10B7F00003B0A600B000970010B501BC602304D0D0
:10B80000B4018460070011E003BFDE02F005A90166
:10B81000085E4B0017A100685E87002554020250A5
:10B8200003000553029E509F0005500201D0030003
:10B83000055000E05E2700378901585E2700142D6F
:10B8400001DA50B70010EE0187600610908403BF44
:10B85000DE02F0055401BC600300142D0104C10791
:10B860000017A100680EF700055900B00EF7001789
:10B87000A100901CBAF437A103BFDE02F0055B0300
:10B88000225E02F0055B0103DE530017A100B05EEB
:10B89000870017A202005EFF00055E01BC60030086
:10B8A00037A200682B4F00056001BC60030037A27F
:10B8B00002885E4B00056300685E4B06856301BC31
:10B8C00060030017A200688EF70005650183DE861D
:10B8D000F297940183DE8684F4270281C213000567
:10B8E0006B01865E8B0010E3018660070010C301C8
:10B8F00081E00610908403BFDE02F0056D01865ED4
:10B900008A1C70E3018660061870C302B847A7005E
:10B9100005A502A047B70005A703A95E02F00575BB
:10B9200001085E4B0017A100685E870025A6021E75
:10B93000509F0005750185E0061C70E30185E00657
:10B940001870C3011400630017A10068DE8700852A
:10B950007E00B001530017A20068DE8BFFE57A007D
:10B9600068424700257B0068DE8A84C57E018560C9
:10B97000020910480186E0021C70E30186E0061807
:10B9800070C3011050070017A600685E9B0005A653
:10B9900001BC60030011E4013A50070017800088E1
:10B9A0005E0300778000E000AEF010640068DE9B6C
:10B9B00000458B0207D00300058901BC602B11F7FD
:10B9C000A200E05E000B37A300025E02F010D60179
:10B9D000BC602306906401BC60470017A200025EB1
:10B9E00002F010FE00685E9B0045A701A46046F4CB
:10B9F00071E00068DE9B00C59901BC611300B7A12E
:10BA0000020600F300059201BC601300B7A1019289
:10BA1000C21AF437A203295E02F0059701BC600345
:10BA20000011EE009042E70091EF0192E00EF43732
:10BA3000A200B05E8B0011EC03BFDE02F005A70090
:10BA4000685E9B00659E00685E9B00A59E00B050EE
:10BA50002F0011E200B050330011E203BFDE02F00C
:10BA600005A7018760023D11E80068DE9B00A5A1E3
:10BA7000018760063D11E801BC60030011EA0090F7
:10BA800042E70091EB0192C21B00B7A201B85E8AA7
:10BA90003D11E803BFDE02F005A701846007001135
:10BAA000E001BC600300112D00B0448300142C039E
:10BAB000A3DE02F005BD01BC600300178E00685EC6
:10BAC0004B05A5AD020050030005B70183E0060950
:10BAD000104800B0412300180001BC600306378EF7
:10BAE00000685E4B05A5BC00E002A30020A801BCD5
:10BAF000600304B78E03A95E02F005BC00685E4BCC
:10BB00000425BC01BC600306B78E03BFDE02F0054E
:10BB1000BC01816006F577AB00B05E0F00178500B1
:10BB2000025E02F0109501BC600300178C01BC603E
:10BB30000300178D0323DE02F005C7020680C7004D
:10BB400005C6010C81430017A10068DE870065C6A9
:10BB50000108421B0017A10068DE870005C601BC72
:10BB6000607F1FF7A101E05E861070830182E0050F
:10BB7000872C3900E04467258C3B0187E006107074
:10BB800083006D00A70085D903295E02F005D90264
:10BB90000300C70005D600B050CB0010650282D06C
:10BBA000C70005CE00E05A2300368803BFDE02F04E
:10BBB00005CF00E05A2700368900682E0F0025D6F1
:10BBC00000E05ECB0037B2010A5ECB0017A100E0B7
:10BBD00050CAF4306500D06006F657A200205A1A09
:10BBE000F445D603BFDE02F005D000025E02F0127B
:10BBF000360350DE02F005D603BFDE02F0063D023A
:10BC0000055EAF0005DB0187E00626713303BFDE6A
:10BC100002F000020190600A8634310282D0C7002F
:10BC200005E5013C50270017800109502B001781C2
:10BC3000010750070017A101825E86F0378100B02E
:10BC4000501F00108A00B0500F00111603BFDE0213
:10BC5000F005EB0138505F001780010A502B0017E8
:10BC6000810107D0070017A101825E86F0378100AD
:10BC7000B0502300108A00B0505B00111602030080
:10BC8000C70005F0020CD0030005F002085E0700B3
:10BC900005F0013854070017800190422AA1308A2C
:10BCA000028050C70005F901BC600305B79203BFCD
:10BCB000DE02F0031B01906006863431020300C7E8
:10BCC0000005DD020CD0030005DD00B0001F0017E9
:10BCD000A100E05E8680741A03BFDE02F005DD017C
:10BCE000BC600306379203BFDE02F0031B00E013C3
:10BCF0005F0024D70204DEB300000200B0130B0083
:10BD00001065011998870017A101095A130017A29D
:10BD100001895E86D0968400B013070017A3006DDA
:10BD2000DE8498260400B05E870017A301885E8E2B
:10BD3000D096840068DE8AF4210E01BC63FF1FF0F8
:10BD4000D000B05A130010F001BC60030017A50129
:10BD5000825E961E10F001BC63FF1FF0CF01BC6035
:10BD60001B00F0EF01BC63FF1FF0D100B04467007F
:10BD700010F101BC63FF1FF0D200B0446B0010F261
:10BD800001BC60030404D801BC63FF1FF0C301BC05
:10BD900060031C10E301BC63FF1FF0C400B052132A
:10BDA0000010E401BC63FF1FF0C500B0522F00106B
:10BDB000E501BC63FF1FF0C600B052330010E6017E
:10BDC000BC63FF1FF0C700B052370010E701BC632F
:10BDD000FF1FF0C800B052170010E801BC63FF1F3E
:10BDE000F0C900B0521B0010E901BC63FF1FF0CA8C
:10BDF00000B0521F0010EA01BC63FF1FF0CB00B07F
:10BE000013470010EB01BC63FF1FF0CC00B0134BD5
:10BE10000010EC01BC63FF1FF0CD00B0134F001009
:10BE2000ED00B0136700106201BC60030028110030
:10BE3000025E02F0107400025E02F00D2F01BC6081
:10BE40002B1877A100025E02F00127016040670015
:10BE500011C000E040649B17A100E05E870097A13D
:10BE600001BC63FF1FF0C001BC600301550101D29A
:10BE7000DE86A030E000905E870177A101BC600300
:10BE80000797920190600A09104803BFDE02F00391
:10BE90005301BC60070011C101BC602B1817A10140
:10BEA000BC60030017A200025E02F0012B01BC601F
:10BEB000030011C10002DE02F000000201C2E30033
:10BEC0000665020300C700064200682E0F002652D6
:10BED000006E4246F6465203BFDE02F00644006E94
:10BEE0004247002652020300C700064F0355DE02F8
:10BEF000F006440180600286143001385083001738
:10BF0000A100B050CB001065006DDA32F42C620055
:10BF1000A841231410480114006300106500E0419B
:10BF2000970ED06500E05A0300368001BC621F0006
:10BF300011E003BFDE02F000120181E00686343119
:10BF40000191600E84F42703BFDE02F00665013C18
:10BF500050670017A101AC5E861750BA01BC6003A0
:10BF60000190B8020300C700065F0068AE0F00260C
:10BF70005A0181E0021710B80350DE02F0065803A0
:10BF8000BFDE02F0066500E82E0F002B8300B05ED6
:10BF9000CB0010B500B000630870B4028342D30038
:10BFA000065D03BFDE02F006600186E0040310A018
:10BFB00000025E02F001E603D5DE02F00C6203D659
:10BFC000DE02F00C7A0350DE02F0066103BFDE02EF
:10BFD000F003C301BC600300F0A50182E002091078
:10BFE0004801BC621F0011E001BC60030011EC01BC
:10BFF000BC600F0011E80285500B00066C018260E6
:10C000000209104803A0DE02F0067003D5DE02F03C
:10C010000C6203D6DE02F00C7A03205E02F0067694
:10C020000188600209104801BC6003000831006803
:10C030005E4B18A0020068DE4B07867500025E02A8
:10C04000F0063703BFDE02F0001201BC60030037C8
:10C05000A100025E02F00E9603A3DE02F0001202BF
:10C060000050C700068201BC60030010800182609E
:10C07000060910480180600286343100688EF7009E
:10C0800006800104C1070017A10183DE86F29794A0
:10C0900000E001CB00207203BFDE02F0020D00B011
:10C0A000010B0017A1006DDE840806C300E844649C
:10C0B0000877A1006E5E840826C30187E006F57745
:10C0C000AB020200BF000697028881AB0006970210
:10C0D0008400C70006970129500B0017A10068DEF5
:10C0E000870206970282DEBB0006970203C5730033
:10C0F00006960283DEB30006960286ABD300069254
:10C100000282DEBB00069200682AE7000697006DF7
:10C11000DE2F01E6970182E006F7F7BF01BC613B25
:10C120000417A100E04466F42AA903BFDE02F00070
:10C130001203BFDE02F006C301BC60030011490216
:10C14000825EAF0006B201826006F577AB00B044B4
:10C150006700081C020400BF0006A30068451F001A
:10C1600006A30185E002F577AB032BDE02F006A102
:10C170000185E006F577AB00B0058B001064000286
:10C180005E02F0119700B0014B0017A20208421B9B
:10C190000006A600B0016B0017A200685E8B0006C7
:10C1A000AE0090452B0097A10080DE86F457A100D9
:10C1B0006E20BA0DA6AE00B041B700082E00E120F7
:10C1C000BA23282F00E0DE86234C4500B041B6F4A8
:10C1D000282E02055EAF0006B001BC6103001133DA
:10C1E00000E10D8229436000E08D8700036100E8D3
:10C1F00044650397A5006D5E970100C1020200BF70
:10C200000006C00068DE4B06A6B70184E002F7F71F
:10C21000BF0068DE4B0406BA0282DEB30006BA0134
:10C22000BC6003000B0A02045EB30006BD0068DEBA
:10C230004B0626BD00025E02F0158F00025E02F082
:10C24000123703A3DE02F006C00183E002F597ACCB
:10C2500000025E02F017C001826002F577AB03D1E5
:10C260005E02F00002020050C30007190325DE023F
:10C27000F006C70183600684F42703BFDE02F006E0
:10C28000F9020CD0030006F7020300C70006E6011E
:10C290001400630017A1006DDE870086F701BC6003
:10C2A0000300178000B050CB00106500B050CF00E5
:10C2B0001064018160060D906C0182600686343145
:10C2C00000B05A230017A101BC600300168801BC0E
:10C2D0005A2AF437A101BC600300168A00B05E87B9
:10C2E00000148F00B05A270017A101BC600300168C
:10C2F0008901BC5A2EF437A101BC600300168B00E3
:10C30000B05E8700149000B05A1B00148D00B05A24
:10C310001F00148E01BC60030016040068DE0300D9
:10C3200006E3020350C70006E20100509F00178099
:10C3300001805E0291B48D01BC5E0292149001BC3A
:10C34000600300378000025E02F016E400B05E0376
:10C3500000148C03BFDE02F006F20068C24700063C
:10C36000EB0181E0068634310191600E84F42701EF
:10C37000BC600300143003BFDE02F0000200B050C6
:10C380009F0017A100025E02F001E500B05E870089
:10C3900014270186E0040310A000B04283001800B7
:10C3A000010CD0030017A10068DE870066E60102D9
:10C3B00050C70017A101805E8684F427018AE00E31
:10C3C00084F42700B050BF00142603BFDE02F0063D
:10C3D000F90186E0040310A00200509F0006F90254
:10C3E00086C10700071403295E02F006FE00B05262
:10C3F0003300142D00B052370017A1019E5E8684D1
:10C40000F42700B0509F0017A10180DE86F437A109
:10C41000020580C300070500B0303B00108F00B05C
:10C42000303700108E00B050D700108D00B050D3C0
:10C4300000308C00B050BB00108F00B050B700101F
:10C440008E00B0509B00108D01806006F4308C028D
:10C450000250C700071100B0524300108F00B052C5
:10C460003F00108E00B0523B00108D011A52370071
:10C4700017A10198DE870437A101B85E8691B08CC0
:10C4800001826002863431018160020D906C01BC32
:10C49000600300143401BC60030014350325DE0280
:10C4A000F00717019C600284F42703BFDE02F00747
:10C4B0001B0285500B00071900A850C70D1431014D
:10C4C000BC600300143001816002F5D7AE018360C7
:10C4D0000284F4270185E00209104801BC600300D2
:10C4E000142E03A25E02F0020D03BFDE02F0001262
:10C4F0000323DE02F0079103A35E02F0079103A27B
:10C50000DE02F0079101816006F577AB03AA5E02B7
:10C51000F007910183E0020910480351DE02F007A1
:10C520002C020680C70007290182E001872C390010
:10C53000E0026B00209A0180E006F577AB03BFDED6
:10C5400002F007310301DE02F0072F00685E4F069C
:10C55000272F01BC60030017A803A45E02F0073177
:10C5600003C1DE02F0079402045EB300073A0184BF
:10C570006002F597AC0183E00209104800B02B3F40
:10C580000017A1006D2AEEF4200200E0027B0020DB
:10C590009E01BC6003000ABB00025E02F01592031C
:10C5A000BFDE02F000020203DEB300074A0183E0AF
:10C5B00002F597AC00E020CF00283302015EBB00FB
:10C5C000074A00B02A830017A1006D20CEF427454A
:10C5D00001BC600300083300E0027F00209F03A934
:10C5E0005E02F007480191601A84F42703BFDE025F
:10C5F000F0036E01BC63FF1FF7A100025E02F00EA4
:10C600009603295E02F0074A0191601A84F4270319
:10C61000BFDE02F0074A0184600209104800E10D04
:10C62000C229437000E08DC7000371020400BF00FF
:10C63000075101BC6003001115011400630017A12C
:10C6400000E06602F4306500025E02F0109A01829A
:10C65000600209104800685E3B18A7550068DE3B81
:10C6600007075603BFDE02F0000203295E02F0074F
:10C67000590201500300075900685E3B04A760019E
:10C68000F0DE1700378500A05E16F0978500685E23
:10C690003B0627600201500300075F028780BF004E
:10C6A000075F0185E0060910480280D0030007708B
:10C6B00000B05E1B0017A300B0008B0017A402049B
:10C6C00000BF000766006E419730676601185A0385
:10C6D0000017A3011A5A030017A40068C1831807A2
:10C6E0006900E002930020A403BFDE02F0076B00A4
:10C6F0006D5E2EF4876B0182E00686343100E05EC9
:10C700003300378C0068DE32F4676E00B05E0F00D5
:10C710001785006DDE2EF4677C03BFDE02F0078C08
:10C7200000B05E1F0017A300B0008F0017A4020422
:10C7300000BF000776006E4197306776011C5A03F0
:10C740000017A3011E5A030017A4006D5E2EF48784
:10C75000780182E00686343100E05E3700378D00D4
:10C7600068DE36F4677B00B05E0F001785006D5EF3
:10C770002EF4678C0185E00209104803D1DE02F037
:10C78000077E03295E02F00780020300C7000781CD
:10C7900000B05E0F00178500025E02F01095006881
:10C7A00041831807B2020300C7000788020CD003B8
:10C7B000000788028350C70007880068DE4B05A782
:10C7C0008803BFDE02F016640181E0068634310082
:10C7D00068DE3B06278B00E0029F0020A703BFDE38
:10C7E00002F006C300025E02F010950181600209AA
:10C7F000104803295E02F00791028300C700166407
:10C8000003BFDE02F006C303D1DE02F0079203A5E8
:10C81000DE02F006C303BFDE02F0001200E10DBA33
:10C8200029436E00E08DBF00036F0206500300072E
:10C830009C00B001030017A1006D810AF4279C0041
:10C84000E844640877A1006E5E8408279C0187E0B5
:10C8500006F577AB01085E4B0017A100685E4B053B
:10C86000279F00685E870027A000B05E0F00178535
:10C8700000025E02F0109500685E3B0627A601BC30
:10C88000600300178C0200D0030007AB01BC6003FB
:10C8900000178D03BFDE02F007AB01BC6003001779
:10C8A0008C020300C700020D020CD00300020D0130
:10C8B0009C600284F42703BFDE02F0020D00684191
:10C8C000831807B10180600684F42703295E02F013
:10C8D00006C301826006863431028300C7001664F5
:10C8E00003BFDE02F006C300E002970020A501812D
:10C8F000600209104801BC600300081200E0017BDF
:10C9000000A05E01BC60131417A1006D017AF42031
:10C910001201BC60130C805E03BFDE02F000120047
:10C92000025E02F00D2F0338DE02F00012039EDEDD
:10C9300002F0001200E8444C00F7A100E85E840118
:10C9400017A1006ADE840107C200E85E8401118736
:10C9500001BC600300118801A5E02230118001BCF8
:10C96000600300111301BC600300111400B04467A0
:10C970000017A100B0446B0017A200B05E87001141
:10C980000400B05E8B00110503B8DE02F007C4039B
:10C99000BFDE02F0001201BC600304B79201BC606C
:10C9A000030417A101BC63FF1FF0CE00B0521700B3
:10C9B00010E800B0521B0010E900B0521F0010EA4E
:10C9C00001BC60030010E4028600C30007E200B06F
:10C9D000540F0017A20069DE8A9087D500E8521232
:10C9E000F450E40068A0470007E201BC60030010B7
:10C9F000E400B054270010E000B0542F0010E10311
:10CA0000BFDE02F007EB01BC60030297A101BC602E
:10CA1000031890E801BC60030010E901BC6003004A
:10CA200010EA03BFDE02F007E203A4DE02F00A50C0
:10CA300003A9DE02F00A5001BC600301D7A102067F
:10CA400000C30007E40280DE5F0007E900B054077E
:10CA50000010E0006820470007E701D2DE86A03022
:10CA6000E000B0540B0010E103BFDE02F007EB0161
:10CA7000BC5E869010E001BC601F0010E101BC604C
:10CA8000030010E200B052230010E500B05227006E
:10CA900010E600B0522B0010E700025E02F01074A6
:10CAA00003A9DE02F00AB100685E4F04280701BC4A
:10CAB00063FF1FF0C300685E4F16A7F900685E4F62
:10CAC00005A7FC01BC60031A90E301BC600306B734
:10CAD0009200685E4F05280703BFDE02F0080101DF
:10CAE000BC600318B79201BC60030E90E303BFDE85
:10CAF00002F007FE01BC600306379201BC60031818
:10CB000090E3028E01AB00080102984407000BB5C8
:10CB100002804607000BB500B020470017810002D5
:10CB20005E02F0108400E85E8400D7A1006A5E8691
:10CB300090880700E85212F430E403BFDE02F008E8
:10CB40000A01BC60030010E40338DE02F0080A01A9
:10CB500087E0061C90E40190600A09104801BC615E
:10CB60000304379100685E4F16AC4000685E4F05C5
:10CB7000ABB503835E02F00A5003BFDE02F0000291
:10CB80000204416300081D01876002F577AB01BC18
:10CB9000600300114901BC6003010B8900E10DB283
:10CBA00028E36C00E08DB700036D018460020B1078
:10CBB0005802055EAF0008190187E00626713302AE
:10CBC0000400BF00081C0185E002F577AB00025E9F
:10CBD00002F0119703BFDE02F0000203A35E02F031
:10CBE000081F00025E02F017C00285C52300000284
:10CBF000018460060B10580200DEFF00082501804A
:10CC0000E002F7F7BF00682B4F00082500E04465FD
:10CC10005A4AD302055EAF00082701BC6103001128
:10CC200033020580BF00082D01BC60131157A1001D
:10CC3000025E02F001270196600E03301900B04039
:10CC4000670017A200025E02F0012B0203C037004A
:10CC5000082F03BFDE02F0001202875EAF0008312A
:10CC600000E0021F0020870182600628914401BC79
:10CC70006003010B8903BFDE02F00012020601AB64
:10CC800000083601806001872C39020681AB00085C
:10CC9000380183E001872C390183E0020F1078020C
:10CCA0008140130000020200420300083D0184603D
:10CCB00002F597AC01BC6003000ABB01BC60030035
:10CCC000108003A3DE02F0084001906002091048C2
:10CCD00000B0446700179E00B0446B00179D00B081
:10CCE000446F00179C00B0447300179B0068DE7A05
:10CCF00023284000E002230020880115403B001754
:10CD000097006D80A700884B00A05E5F00379700FA
:10CD10006880A700084B01BC600300379700B00192
:10CD2000430017A1010C81430017A300685E8F0028
:10CD3000284F018CE0000A17A101C9DE840527FFF6
:10CD400001BC60031077950191E0020D906C0286A2
:10CD5000403700085500E002BB0020AE03BFDE02F2
:10CD6000F00CA401BC600300148001BC600300143B
:10CD70008101B8600A04902401BC60030408240106
:10CD8000BC600300482301BC600300D02A01B360EB
:10CD90000700100401BC600300080801BC60030028
:10CDA000080901BC600300080A01BC600300080B0D
:10CDB0000183E002F5D7AE00E044671F4C1F0287F5
:10CDC000C037000C9E00025E02F012360286403729
:10CDD00000086703C35E02F0087903BFDE02F00CAF
:10CDE0009F0068C033004877006B446583E8770094
:10CDF000B041270017A100B0412701D04900B05E23
:10CE0000870017A100B05E870017A100B05E870001
:10CE100017A100B05E870017A100B05E870017A1C0
:10CE200000B05E870017A100B05E870017A100B0B8
:10CE30005E870017A100B05E870017A100B05E8773
:10CE40000017A100B05E8700104903BFDE02F00D9D
:10CE50001303435E02F00862028640370008850033
:10CE6000685E5F000C9F00685E5F004C9F0152D2BD
:10CE7000030017A10185D206F437A203BFDE02F03A
:10CE80000880013C52030017A101BC5206F437A2EE
:10CE90000323DE02F008830068DE8B01CC9F03BF12
:10CEA000DE02F0088500685E8B0288850068DE8BF4
:10CEB000038C9F006D403300CCA400685E5F004887
:10CEC0009800685E5F002895006800A700C88A0087
:10CED0006880A700A88B00E0446690283001BC62FF
:10CEE000C30017A10280520300088E01965203006E
:10CEF00017A10080DE8690379A0203520300089340
:10CF000000E05E6A90379A0207D20300089300E8B7
:10CF10005E6B00379A029E5E6B000CA403BFDE02BC
:10CF2000F0089C0152D2030017A10185D206F43704
:10CF30009A03BFDE02F0089C013C52030017A101D6
:10CF4000BC5206F4379A006E5E680BACA400685EB3
:10CF50006B000D130204C03B0008AE0181E0060D1A
:10CF6000906C0207C0AF0008A4020740370008A277
:10CF700000E0027300209C03BFDE02F00CA400025C
:10CF80005E02F0123603BFDE02F0089E00B02023DE
:10CF9000000C1100B02027000C1200B0202B000C58
:10CFA0001300B0202F000C1400B05E7F000C15029F
:10CFB00087C0AF000C9E0282403B000C9E0158408F
:10CFC000AF00179A01BC603F1E17A1006DDE6AF426
:10CFD0002C9E035B5E02F008B001BC60130010439E
:10CFE00001BC60FF1E17A1006E5E6AF42C9E00B0AB
:10CFF000412328104801806002F297940184E002E6
:10D00000091048015840AF00102A006840AB002CBE
:10D010009E01BB5E5600900402035E570008C102E9
:10D020000047A30008BE01BC621E3C11E001BC60C9
:10D03000030011EA00B05E6B0011EB0198601E3D29
:10D0400011E8020047B30008C100B05E6B0011EFA9
:10D0500001B0E0CE3D91EC03835E02F008C4000213
:10D060005E02F01236006D403304C8C103AADE022E
:10D07000F008E001BC63FF1FE3B301BC601F10D0E8
:10D080006401BC600300B7A101BC63FF1FE793000C
:10D09000E04186F4306501BC63FF1FF60000E05EEE
:10D0A000870077A100025E02F00F1F0200C0770028
:10D0B00008D6012940770017A2006D5E8B04C8D402
:10D0C00000E85E8B04D60001BC601F05F06300E041
:10D0D000418EC01063010C56030003B30068DE8765
:10D0E0000168D600B05E8B000793006DDE8701C833
:10D0F000D900E0419300306403BFDE02F008C903A9
:10D10000B05E02F008DF018360020D906C00681EC3
:10D110001BFFE8E001BC601F05F06500E04194F0F2
:10D12000D06502005A030008E0018360060D906C90
:10D130000020402F08A8E201BC60030003B301BC3B
:10D1400060030007FC0188E00F0007FD006D40331D
:10D15000020A4A0129520F0017930109520F0017C2
:10D16000AA0068DE4F03A8EA0129522300179301A1
:10D17000A95E4F00379301966002F2979400E04158
:10D180008701F06501BC600F0017A10028DE8690C2
:10D1900068F101866006F2979400E041970070659F
:10D1A00000E0209300C82401065E530017A200A0EF
:10D1B0005E4F0477A10068DE870448FF0186E00621
:10D1C000F2979400B85E8B0037A200B05A030017A4
:10D1D000A0020ADA030008F901876006F2979402B8
:10D1E00084C03B0008FF0203DA030008FF03AB5EC4
:10D1F00002F008FD020441070008FF01806004FFFF
:10D20000A7FD01065E530017A20182DE8A0090048A
:10D2100003AADE02F0094503AB5E02F009170184A0
:10D2200060020D906C01BC63FF1FF79900B01E23D4
:10D230000017A20068DEAB00290900A05E4FFF774F
:10D24000A10068DE8707291503BFDE02F0090B0283
:10D2500084520F0009150204D20F00090E03B15EBB
:10D2600002F0091400B01E1F0017A203BFDE02F077
:10D27000090F03B35E02F0091402005217000915EA
:10D2800000685E8BFFE91500E0015EF45065020165
:10D290005A4700091500B01E4F0017990184600617
:10D2A0000D906C0200521700094303315E02F00931
:10D2B00043020200BF0009430180E001610B080244
:10D2C00000521700091E0068DE4F04091D00B02A35
:10D2D000D70017A2006DDE895509310202AB2F007D
:10D2E000093E02832B2F00092000685E5F00092B96
:10D2F00001BC60030017A3013852030017A3028387
:10D30000AB2F0009270068DE5F00292701085E8F28
:10D310000017A300695E8F00693E03BFDE02F009BB
:10D320002B006DDE5F00492903BFDE02F0093E02DB
:10D33000842B2F00093E0068DE8F00093E00682A1A
:10D340009B00093E00B02B930017A2006DAA9AF42F
:10D35000493E00685EAB00493100685E4F06893186
:10D3600003BFDE02F0093A00B02B9B0017A200B009
:10D370002A9B0017A10283AC2700093600682C877E
:10D38000000937006D5E8564293700B02C7F0017D7
:10D39000A2006D5E895CA93900B02C4B000B110115
:10D3A00084E006F7F7BF0068DE4F02893E00025EA8
:10D3B00002F017BA0206DEFF00093E00E02BC700AC
:10D3C0002AF10068DE5F0009410068DEAB004941D8
:10D3D0000180E005610B0800682B4F0009430180C4
:10D3E000E006F7F7BF01BC63FF1FF7A5032B5E0242
:10D3F000F0094600B01E4F0017A50207520F0009A2
:10D40000C2028047A30009BF028047B30009BF00E2
:10D41000E0209300882400E8208F00882301BC606E
:10D42000030011E401BC600303D1E102065E530076
:10D43000094F01BC60030491E10206DE5300095369
:10D4400000E047870051E10207D20F00095300E0D6
:10D4500047870091E1006D403302CA4A00685E4F81
:10D460000589560068DEAB0049C203AB5E02F009D5
:10D4700059020052170009C2020580F300095E003C
:10D48000685E97FFE95B00E05E970097A50068DEA5
:10D4900097FFE95E028052170009C2020700BF0031
:10D4A00009C201BC601B0437A200904787003065A9
:10D4B00000E04196F4506500E0478701081A0383B5
:10D4C0005E02F0096500025E02F01236006D403126
:10D4D000034962006D4031034A4A01BC600B1D578D
:10D4E000A10068DE97FFE975010F5A070017A50331
:10D4F0001EDE02F0097502005217000975032C5E4A
:10D5000002F009C200685E67FFE97500E05E67002F
:10D51000979900E05E66F43064012A580300179979
:10D520000100DE970017A500E05E66F4B79900E001
:10D530005E67003799011558030017A603BFDE0286
:10D54000F0098500E05E96F43064012A5803001764
:10D5500099020580F30009840182E002F337990201
:10D560000052170009840116D8030017A6010F5AAC
:10D57000070017A4010CD8030017A10068DE92F47D
:10D58000298000E05E6702179903BFDE02F0098977
:10D59000010DD8030017A10068DE92F429C200E053
:10D5A0005E6704179903BFDE02F009890110580372
:10D5B0000017A60068DE9B00C9890181DA03001705
:10D5C000A100B85E86C017A10281DE870009C200F3
:10D5D000885E6700778000E000AEF0106401AADE8C
:10D5E00064FF87FC0068DE9B0049A3020781870077
:10D5F0000996006DDE030C09960285520F0009960C
:10D600000298523B0009960181E004FFA7FD00E06B
:10D610005E000B37A300E05E8F0097A300E0418718
:10D620000077A200025E02F010D600E8208F010809
:10D630002301BC602306D78100885E970077A10094
:10D64000E85E86F4B06301BC60070E17A100E041FC
:10D650008EF4306300B056170017A100B0561B00BF
:10D6600017A20068DE86D049C20068DE8AD069C28F
:10D6700000025E02F010AB01BC602306906401BCA6
:10D68000624F0017A200025E02F010FE00E0478722
:10D690000217A103835E02F009A7006EC032F429CD
:10D6A000A5006EC032F42C9E00685E9B0049BF014D
:10D6B000BC621EF471E00068DE9B00C9B201BC616F
:10D6C0001300B7A1020600F30009AE01BC6013000D
:10D6D000B7A101BC60030011EE00B05E6B0011EF5A
:10D6E0000192E00EF431EC03BFDE02F009BF0068E6
:10D6F0005E9B0069B40068DE9B00A9BF01986006CC
:10D700003D11E800E0209300882400E8208F008885
:10D710002301BC60030011EA0068DE5F0049BA0023
:10D72000B05E6B0011EB0192DE5E3D11E801876097
:10D73000023D11E80068DE9B00A9BE018760063D3E
:10D7400011E8019860163D11E80181E004FF87FCB3
:10D7500001AADE64FF87FC03BFDE02F009C701BC3B
:10D76000620F0011E001BC60030011E40181E000E0
:10D77000FFA7FD01BC600F0011E801BC60030011B0
:10D78000EC02001FF70009CE00E0208EF3482300D2
:10D79000B0209300102500E8208E04A823006AA082
:10D7A0008F01C9CE01B860060490240182E006F220
:10D7B00097940188600A00900401BC600318779573
:10D7C00003A0DE02F009DB00685E4F06A9E0013825
:10D7D000520300178000B05E5F0017810204DEB7BD
:10D7E0000009DA00685E070009D901BC600301770F
:10D7F0008001BC600300378103BFDE02F009DA015B
:10D80000BC600301578000025E02F001430068DE45
:10D81000AB0049E000A05E4F0477A100685E87007E
:10D820004C2D00685E87044C2D03BFDE02F00E35E0
:10D830000180600186EC37006EB083002A1C00680E
:10D84000DE4F040A1C03335E02F00A1C01806001F3
:10D8500084AC2500E030B3002C2C0392DE02F00AE9
:10D860001C00E03093002C2400B030830017A1008E
:10D870006D3092F429EB03BFDE02F00A1A018060DA
:10D880000584AC2501BC60270897A100025E02F068
:10D8900001270187E006032C2A00B00143000C2B6E
:10D8A00003835E02F00A18006DC03305C9FB00E86F
:10D8B00060BA0197A60080DE9B0117A500685E5F35
:10D8C0000009F60080DE9B0057A500B041B7000CB0
:10D8D000360080B0DB0C8C3600B041B7000C36004F
:10D8E000B030DB0010400000800000000001BC6090
:10D8F0001B06D06501BC600300B7A400025E02F005
:10D90000017200685E9300AA0303835E02F00A18A6
:10D91000006DC031842A1801BC6003064C3603BF79
:10D92000DE02F009F70207C197000A0601385A071C
:10D930000017BB03BFDE02F00A07013C5A030017C1
:10D94000BB01BC601B0437A600E84196F4D7A300D6
:10D95000885E8F0037A300E05E8EF777A500E05E5B
:10D96000970057A503835E02F00A18006DC031844A
:10D970002A18006DC032F4AA1800E85E960197A636
:10D980000080DE9B0117A400685E5F000A13008020
:10D99000DE9B0057A400B041B70017A40080DE93BF
:10D9A0000C97A400B041B7001040000080000000B8
:10D9B0000003BFDE02F00A0C0386DE02F00CA103B6
:10D9C000BFDE02F00D8B0180600184AC2501BC60DC
:10D9D00003000C240386DE02F00CA10287C037008E
:10D9E0000C9E00025E02F0123603035E02F00A1C77
:10D9F00003A9DE02F00A2600025E02F012360207D8
:10DA00004037000A210386DE02F00CA10287C037EE
:10DA1000000C9E00025E02F00EA3006E4030020A6F
:10DA2000500301DE02F00A500068DEAB000A370343
:10DA30002B5E02F00A2C00E0022B00208A03BFDEDE
:10DA400002F00A3002805217000A2F00E002430061
:10DA5000209003BFDE02F00A3000E002570020955C
:10DA600000685E4F040D8500685E4F028D8500687A
:10DA70005E4F020BC100685E4F050E2500685E4FC9
:10DA8000060E2500685E4F068E2F03BFDE02F00EE5
:10DA9000350068DEAB002A49032B5E02F00A3B002A
:10DAA000E0022F00208B03BFDE02F00A3F0280520B
:10DAB00017000A3E00E0024700209103BFDE02F09B
:10DAC0000A3F00E0025B00209600685E4F06AB8EC6
:10DAD00000685E4F042E4D00685E4F04AE4D006836
:10DAE0005E4F05AC3200685E4F062B8E00685E4FBD
:10DAF000052E2300A05E4FFF77A100685E87072EEA
:10DB00004000685E4F16AC3D03BFDE02F00BB5036C
:10DB1000BFDE02F00BB900E0020F00208301BC6001
:10DB2000030011EC01BC600F0011E80284C03B004F
:10DB300009C20184E00609104803BFDE02F009C2F1
:10DB40000200C09300000203A35E02F00A5403C364
:10DB50005E02F00A5303BFDE02F00D1100025E0206
:10DB6000F012360207C0AF000A5702074037000A1A
:10DB7000540107C0AF0017A100B85E870037A101AC
:10DB8000825E860D906C00B0447F0007FE018360CA
:10DB9000020910480287C037000C9E0386DE02F09F
:10DBA0000CA100025E02F0123603435E02F00A5C32
:10DBB0000287C037000C9E0301DE02F00A7B0330AF
:10DBC0005E02F00A7B01BC601F15506500E04194C5
:10DBD000F530650138402B001680012D406B001791
:10DBE000A200885E8B0137A202884027000A6A01E2
:10DBF000846006D0168000B05A02F456800205C038
:10DC000027000A6D0187E006D0168001BC601B0D5D
:10DC1000D7A100025E02F0012700B0406700168124
:10DC200001BC601B0DF7A100025E02F0012700B0ED
:10DC3000406700168200B05A0B0017A100E85A0690
:10DC4000F437A200E15E8AF457A100E0DE86F457C3
:10DC5000A100985E8700B7A100E01EA70067A90099
:10DC6000691EA7018A7B01BC60030007A902801F0F
:10DC7000F7000A7D006E4030020B890381DE02F05E
:10DC80000A8A00E002170020850329DE02F00A81DB
:10DC900002902E27000A8201BC6003002B8903A991
:10DCA000DE02F00A860184E0060910480180E002E5
:10DCB0000910480184E002F7F7BF0386DE02F00C8A
:10DCC000A101806004FF87FC01806006F297940345
:10DCD000BFDE02F00B370068DE4F040A8D03335EAF
:10DCE00002F00A8D01BC6003000C2401836002F77E
:10DCF000F7BF0329DE02F00A910288AE27000AA3CB
:10DD000001BC6003000B8903AB5E02F00A9E006851
:10DD10005EAB002AA200685EAB000A9C010C520FA9
:10DD20000017A100685E87002A9800685E87004A95
:10DD30009A03BFDE02F00AA203B0DE02F00A9E03DD
:10DD4000BFDE02F00AA003B15E02F00A9E03BFDE4E
:10DD500002F00AA003B35E02F00A9E03BFDE02F0E7
:10DD60000AA001BC6003004B8903BFDE02F00AA3D6
:10DD700001BC6003008B8903BFDE02F00AA301BC73
:10DD80006003002B890386DE02F00CA103AB5E0268
:10DD9000F00AA801F0521300118601A5E00A301123
:10DDA0008003BFDE02F00ACA03A9DE02F00AAE0059
:10DDB00068DEAB004ACA00B0523B00179F00B05269
:10DDC0003B0017BE01BC600300280803BFDE02F061
:10DDD0000ACA02875E53000AD703A0DE02F00AB91E
:10DDE00003BFDE02F007CA0190600A09104800B0C4
:10DDF000523B00179F00B0523B0017BE019E5E834E
:10DE000000B0EB0106520F0017A100B85E87003783
:10DE1000A10182DE86F577AB01BC61030030800092
:10DE2000E8523AF3F7A2006BD23AF3EABC00E85E9C
:10DE30007E91D7A200905E8B0097A101BC60230168
:10DE40001064006B523AF3EAC701185E870017A20C
:10DE5000010A5E870017A300886006F457A200E05D
:10DE60004192F4706400B05802F45600006BDEFA80
:10DE700091CACA00B0523B0017BE03BFDE02F00ACF
:10DE8000CA00025E02F0164F00B0202300280800EE
:10DE9000B0523B00179F0320DE02F00AD702075E54
:10DEA00053000ACE0180E00209104803BFDE02F0F1
:10DEB0000AD70068DE5F000AD4021A5407000AD2AB
:10DEC0000103C0270017A101825E8610D0860102DF
:10DED000C0270017A100E0422AF4308A0180E00444
:10DEE000FF87FC03A9DE02F00AD700B05E470010EE
:10DEF0008001085E4F0017A100685E87002B0503B4
:10DF0000AB5E02F00B0902005217000AEF0068DE58
:10DF1000AB004ADD00E0025300209402865E53000D
:10DF20000B370284520F000D130284D20F000AE255
:10DF300003AC5E02F00AED03BFDE02F00AF8032C28
:10DF40005E02F00AF800685E4F040AED0106D20F87
:10DF50000017A100808ECF0197A200E0015E0DB0F6
:10DF6000640181DE86C3F61F0187DE8624912400CA
:10DF7000683077FFEAED00B04467000C1E02005ED7
:10DF800087000AED00E0446583AC1E00685E4F0226
:10DF90000B3703BFDE02F00B24031EDE02F00AF58E
:10DFA00003315E02F00AF50068DEAB004AF500803E
:10DFB0008ECF0197A200E0015E0DB0640181E00206
:10DFC000C3F61F0068DEAB004AFA00E0023F002003
:10DFD0008F03BFDE02F00AFD00685EAB004AFD025F
:10DFE00080522F000B3702024107000AFD00685ED5
:10DFF0004F040B3700685E4F028B370206DE53007A
:10E000000B020028E01EF40B0200A044B703E14518
:10E0100000B005130017A100E05E8428A146028429
:10E020004107000B3701806006F2979403BFDE02C0
:10E03000F00B37032B5E02F00B3700685E4F05AB29
:10E040002400685E4F052B2403BFDE02F00B37006F
:10E0500068DEAB004B12006D8ECF002B1201BC604E
:10E0600003000AB501826002F5D7AE02805EFF00B0
:10E070000B1000682B4F000B1200E044655A4AD386
:10E0800000682B6BFFCB1200E02B6B002ADA020634
:10E090005E53000B1500E0026300209803BFDE0210
:10E0A000F00B370323DE02F00B1F0129500B001782
:10E0B000A30068DE8F052B1F020680C7000B1A0124
:10E0C00082E001872C390187E002107083018460AF
:10E0D0000209104800B05E870017A1006EE003003F
:10E0E0002B1E03D1DE02F00B1F0068DEAB004B21BC
:10E0F00000E0022700208900685E4F000B370068AF
:10E100005E4F010B3700685E4F058B3700808ECF66
:10E110000197A200E0015E0DB0650020DA7F140BCC
:10E1200037028047C7000B870329DE02F00B2D0161
:10E1300002DEAF0017A10106520F0017A200385EE1
:10E1400086F44B370182DE8AF577AB00B0522300AC
:10E1500011F200B052270011F300B0522B0011F45D
:10E160000106520F0017A100E05E870031F500B0F4
:10E17000005B0011F000B047C30018000134C7C7AE
:10E180000017A1006EDE8402AB3701BC60030810EB
:10E19000420283C107000B3B0301DE02F00B3A038E
:10E1A000B55E02F00B3B02805E53000D1300B040E1
:10E1B000330017A101089FF70017A200685E8B00CB
:10E1C0006B4300E840310497A102811FF7000B4325
:10E1D00000B020930017A102809FF7000B4300B00E
:10E1E0005E630017A1006E5E84020B8900B05E873B
:10E1F0000007F401816000FF87FC0202C013000BDE
:10E200004900E05E840347F401816004FF87FC025B
:10E21000011FF7000B8201035E530017A10187DE87
:10E2200084FF87FC0386DE02F00CA100025E02F090
:10E23000123603855E02F00B4C018E60023D11E840
:10E240000107C7830017A101825E84FF87FC0201DA
:10E250009FF7000B550103C7970017A101825E8449
:10E26000FFA7FD00B020330017A1018E5E84FFA739
:10E27000FD032A5E02F00B5D00025E02F00E8703D2
:10E2800029DE02F00B5C0301DE02F00B5C0182E090
:10E29000060D906C03BFDE02F008A401BC60030011
:10E2A00011EC01BC600F0011E801846004FFA7FDC0
:10E2B00001075EAF0017A10185DE84FF87FC00B077
:10E2C00040270007F600B0406B0007F800B0406F31
:10E2D0000007F900B0402B0007F701BC601B0DD709
:10E2E000A100025E02F0012700B040670017A20102
:10E2F000BC601B0DF7A100025E02F0012700B040D8
:10E30000670017A100E85E8AF437A200E15E8AF494
:10E3100057A100E0DE86F457A100985E8700B7A100
:10E3200001BC5E860147F700681F33000B7C018F3C
:10E3300060060127F600681F33002B7900B01FC765
:10E340000017A100025E02F0012700A04064F9D787
:10E35000A200B85E88FE17A103BFDE02F00B7A00B0
:10E36000A04138FE17A10068DE87000B7C018F609A
:10E37000020127F601846004FFA7FD01075EAF00DC
:10E3800017A10185DE84FF87FC00025E02F00EA368
:10E3900001BC63FF1FD7A800025E02F0109A0002C2
:10E3A0005E02F00E8701A8600A00900402011FF7C8
:10E3B00000163B00A8401300500403BFDE02F00724
:10E3C0002000E002870020A103BFDE02F00B8A00DC
:10E3D000E0020B00208203A9DE02F00D130184602D
:10E3E000060910480184E00609104803BFDE02F068
:10E3F0000D13032B5E02F00BB10068DE4F06AB92EB
:10E4000000E0023B00208E03BFDE02F00B9300E031
:10E41000023700208D0323DE02F00BB50068DE4ECC
:10E42000F1CBB5020680C7000B970182E001872C73
:10E43000390187E0021070830184600209104800EE
:10E44000B05E870017A1006EE003002B9B03D1DEB6
:10E4500002F00B9C00685E4F062BAF01BC6003000E
:10E46000083303295E02F00BA10203DEB3000BA206
:10E470000191601A84F4270183E002F597AC02024F
:10E4800000BF000BAE0206ABD3000BA7020345AFE3
:10E49000000BA90185E0062D716B03BFDE02F00BB6
:10E4A000A90203456F000BA90185E0062B715B02F1
:10E4B000045EB3000BAE0187E0021070830183E0BD
:10E4C0000209104800025E02F0159303BFDE02F05D
:10E4D0000BB50205500B000BB50182600609104810
:10E4E00003BFDE02F00BB500025E02F00BBC006859
:10E4F000DE4F062BB500E0024F00209303BFDE0283
:10E50000F00BB503AB5E02F00BB702044107000B42
:10E51000BA02834107000A5003BFDE02F00BBA02C1
:10E52000844107000A5001806006F2979403BFDE21
:10E5300002F00A50028700C3000BC00068D213002B
:10E540000BC001BC600300118301BC600300118299
:10E550000002DE02F00000039F5E02F00BC4039E87
:10E56000DE02F00E3502035E53000E35010C8143CE
:10E570000017A10068DE87002BC9010001630017A6
:10E58000A10102C0270017A20038DE86F44BB903B0
:10E59000AB5E02F00BCB02005217000BB9028052A7
:10E5A0002F000BCD03335E02F00E3502181DF30071
:10E5B0000BF101BC601B06106501BC60031BB7A416
:10E5C00000025E02F0017200B05E8F0017A60068C4
:10E5D000DE931BABED0207C197000BDA01385A0737
:10E5E0000017A1013C5A070017A201BC5A0AF457B0
:10E5F000A2013C5A0B0017A301BC5A0EF477A303E7
:10E60000BFDE02F00BDD013C5A030017A100B05A37
:10E61000070017A200B05A0B0017A3006D5E870019
:10E620008BE701BC61BF0A17A50068DE8AF4ABE284
:10E6300001BC60271357A500685E8EF4ABE601BCF1
:10E64000605F0017A50068DE8AF4ABE701BC6017C5
:10E650001E57A50068DE8EF4ABE703BFDE02F00CA8
:10E660002900D85E870037A100E14196F4306500AB
:10E67000E1C19700306501F041970017A200E05E0C
:10E680008B0077A2006D5E8AF4CBD000E8403300A7
:10E6900097A5006E5E96004C2900B01DEF0017A1F3
:10E6A0000068DE840A0E35023C523F000C02013C39
:10E6B000523F0017A10068DE84048C2701BC600370
:10E6C00016106401BC601B06306500685E87002B75
:10E6D000FE00B05A030017A20068DE8AC00C2700B3
:10E6E000E0419700306500E0419300306400E85E4F
:10E6F000870057A1006A5E87002BF700685E8700DD
:10E700000C0301385A030017A1013858030017A25F
:10E710000068DE86F44C2703BFDE02F00C0302859E
:10E72000C107000E3501BC601B06106501BC60030B
:10E7300005B7A400025E02F00172028000C3000C63
:10E740002701BC60131417A600E0017F00B7A500E5
:10E750006D5E96F4CC0B01BC60130C97A500685E4F
:10E76000940BCC2B00B0017B00106500B052270049
:10E7700017A200B0522B0017A3006841940BEC16AF
:10E780000068DE8ED04C1200685E8AD02C2700E034
:10E79000419700B065006D4196F4CC0F01BC601349
:10E7A0000C906503BFDE02F00C0F00E0028B00202E
:10E7B000A200B0017F00106500B052230016800057
:10E7C000B0522700168100B0522B00168200808EB6
:10E7D000CF0197A200E0015E0DB0640203587F00F4
:10E7E0000C2001BC602F0037A103BFDE02F00C211A
:10E7F00001BC5202F2F7A101A95E02F43683009037
:10E800004467011684020281AB000C250068DE9388
:10E8100005AC2601846006D0968400B05E970000A7
:10E820005F020781AB000C2901806006F297940318
:10E83000AB5E02F007DF03BFDE02F00A5000E00229
:10E840008F0020A303BFDE02F00BB903835E02F04A
:10E850000C2F006D4033038C2D006D4033038BB9BA
:10E86000032B5E02F00E3903BFDE02F007DF032B3D
:10E870005E02F00C3700E0023300208C020681AB10
:10E88000000C360183E005872C3903BFDE02F00758
:10E89000E100E0024B002092008800230037A20034
:10E8A000E05E8800F7A200E0001AF451890186E0DA
:10E8B0000630118003BFDE02F00BB5032B5E02F0C1
:10E8C0000C3800E013530024D403BFDE02F007DA53
:10E8D00002045247000BB501BC601F10F06401BC7C
:10E8E00060030177A101BC63FF1FE79300E041864D
:10E8F000F4306501BC63FF1FF60000E05E8700771F
:10E90000A100025E02F00F1F0200C077000BB501EC
:10E910002940770017A2006D5E8B04CBB500E85E3E
:10E920008B04D60001BC601F05F06300E0418EC07F
:10E9300010630200D603000BB502065603000BB5A8
:10E940000184E006F597AC0116D6030017A20088F3
:10E950005E8B0077A200E0019EF4506500B0419705
:10E960000004C201BC602B1817A100B05A0F001799
:10E97000A200025E02F0012B01BC602B1837A1003F
:10E98000B05A130017A200025E02F0012B00B04142
:10E990008B0004D903BFDE02F00BB503A2DE02F048
:10E9A00000C203A3DE02F00C7A00E001FF00207F2A
:10E9B00001BC60030017A303BFDE02F00C7C0187DB
:10E9C00060040310A001BC60030051E400B0479351
:10E9D00000180001BC600302900401BC620F00112A
:10E9E000E001BC600F0131E800B047A3001800014E
:10E9F000BC600F0011E801BC60030131EC00B047BE
:10EA0000B300180001BC60030011EC01846006092A
:10EA100010480020601E090C7100E001FB00207E00
:10EA200003BFDE02F00C8501BC60030ED7A1011408
:10EA300000630017A200E05E86F4506500E05A0310
:10EA4000003680020300C7000C7703A95E02F00CB9
:10EA50007C0291509F000C7B0191601A84F4270383
:10EA6000BFDE02F00C7B00E001FF00207F01BC60F4
:10EA7000030037A30323DE02F00C850183E00209C3
:10EA8000104801846002F597AC01BC6003000ABB2A
:10EA900001BC600300178E020680C7000C83018250
:10EAA000E001872C390187E0021070830182600247
:10EAB00009104803D0DE02F00C8603D05E02F00C91
:10EAC000870182E00209104803D5DE02F00C8901BB
:10EAD000BC60030010B401BC600300F7A100680033
:10EAE000A7000C8D0185421AF437A100025E02F0E6
:10EAF000012700B040670017A501BC63FF1FF7A204
:10EB000000025E02F0012B008860070157A400B8E4
:10EB10005E86F497A100025E02F0012B0283C21F01
:10EB2000000C9400025E02F0114C02844523000C9C
:10EB30009603D0DE02F00C9800685E8F00000200A1
:10EB400020E01E090C9C00B05E9700142E03BFDE6F
:10EB500002F0036E00A8412300F04803BFDE02F07C
:10EB600000020183600209104800E00213002084C3
:10EB700003BFDE02F00CA401BC6007001042006E6F
:10EB80004030020CA400E0027700209D00025E02EB
:10EB9000F0170A03A35E02F00A5003C6DE02F00C6F
:10EBA000A7032ADE02F00CAE00B0304700080800D0
:10EBB000B0304B00080900B0304F00080A00B030F8
:10EBC0005300080B00B0305700179F03BFDE02F060
:10EBD0000D130184E00609104803BFDE02F00D1397
:10EBE000020681AB000CB30281B0E70000BD0283D6
:10EBF00030E70000BD028445230000BD0320DE0293
:10EC0000F00CBB0068A0C7000CB801BC609F0217E5
:10EC1000A100E04466F42831006B4465062CBC007A
:10EC200020E1020900BD00025E02F00D2F01BC6070
:10EC3000030008310020E38A0900BD028445230057
:10EC400000BD00B05E870017A103915E02F000BD19
:10EC50000396DE02F000BD03965E02F000BD0002E6
:10EC60005E02F00D2F00E10DB228E36C00E08DB7DD
:10EC700000036D01BC600300114701BC600300602C
:10EC80002000680173000CD701BC60130890E600F7
:10EC9000025E02F0016A00B001730010E401BC6082
:10ECA0000300000601BC600300005C01BC600301BE
:10ECB000D78201D2DE0877F0E000B00F030010E148
:10ECC00000B0004700108600B00F1F00108A01BC82
:10ECD000600300378100025E02F010700190600A4C
:10ECE00009104801BC610300308003BFDE02F00060
:10ECF0000201BC60030030420187E002247123005E
:10ED0000025E02F014DB03975E02F00D4303125E15
:10ED100002F00CDA01BC600300402001BC6003007B
:10ED20000B8901BC600300114901BC6183001125FE
:10ED300000B0007B00112701BC60130C805E01BC99
:10ED400060130C805F0180E006F5D7AE0107C107B4
:10ED50000017A101805E86F577AB01BC600F001142
:10ED6000E801BC620F0011E000025E02F00CF70146
:10ED7000BC61CF0C105C01BC600300105D01BC6184
:10ED8000CF01F05E01BC603B0AF05F018660056167
:10ED90000B0800025E02F0145C01866001610B0842
:10EDA00001BC600300082E020300C700001201BC72
:10EDB00060030006B201BC60030006B701BC60033B
:10EDC0000006BC01BC60030006C103BFDE02F00008
:10EDD0001201BC60430017BB00A04122F77048013C
:10EDE000BC63FF1FF05401BC63FF1FF05501BC63FF
:10EDF000BF1FF05601BC63FF0FF05700025E02F028
:10EE0000170A0187E00624712301BC600300105437
:10EE100001BC600300105501BC600300105601BC2A
:10EE2000600300105701BC600F0020170106C107E6
:10EE30000017A101825E8402E01701074107001755
:10EE4000A100B85E870037A10180DE8700001600B0
:10EE500002DE02F000000285C03700000200025E00
:10EE600002F0123602864037000D0A00E0021B0055
:10EE7000208601BC6003010B890386DE02F00CA131
:10EE80000287C037000CA100025E02F017D003BF5A
:10EE9000DE02F0001201B8600A04902403AA5E02A8
:10EEA000F00D160158600300102A01BC60030290A7
:10EEB0000400B040130018000183600209104801EB
:10EEC000806000FFA7FD00025E02F0123603855E3F
:10EED00002F00D1A01BC620F0011E001BC600F01CD
:10EEE00031E800B047A300180001BC600F0011E832
:10EEF00001BC60030157A100E85E870037A10068EC
:10EF0000DE87000D2101BC600302900400B04013B5
:10EF100000180001BC60030131EC00B047B30018D9
:10EF20000001BC60030011EC0324DE02F0072001A5
:10EF3000866006F577AB00025E02F00D2F0180605F
:10EF40000610308100B05E870017A10180600210BA
:10EF5000308103BFDE02F00720020601AB000D3155
:10EF600001806001872C3901BC610300108000B072
:10EF70004203001800006EE003002D3403505E02CF
:10EF8000F00D3700015E02F0000003BFDE02F00367
:10EF90009401846002F597AC01BC6003000ABB00D9
:10EFA000A8412304F048018260020910480206DEED
:10EFB000AF000D3E03D5DE02F00D3E0350DE02F041
:10EFC0000D3C01BC60030010B40284C783000D41F6
:10EFD00001BC600B0011E0018E6002F577AB00020E
:10EFE000DE02F0000003A2DE02F000BD02BC428798
:10EFF000000D4A01BC60030037A401BC60031FF789
:10F00000A3011400630017A200886006F457A2034E
:10F01000BFDE02F00D4F008860070117A401BC633A
:10F02000FF0017A3011400630017A200E05E8B012C
:10F0300017A200886006F457A201BC60131B9065FC
:10F0400001BC601B18506401BC60030017A50020C0
:10F05000C286F48D5900E0419706D06500E04193E7
:10F0600001F06400E05E970037A500885E930037EA
:10F07000A400205E92F46D7803BFDE02F00D520012
:10F0800068DE92F44D5E00680083006D5E03A0DED2
:10F0900002F00D5E0020C123160D5300025E02F047
:10F0A0000D2F006DDE93200D74020300C7000D6864
:10F0B000006DDE97008D6801BC600300160801BC7E
:10F0C000600300160901BC600300160A01BC60035E
:10F0D00000160B01BC600300160C01BC6003001697
:10F0E0000D01BC600300160E02005AC3000D73022E
:10F0F0003C5A9F000D7300680083006D730385DE2A
:10F1000002F000BD03855E02F000BD03A2DE02F046
:10F1100000BD03A3DE02F000BD0397DE02F000BDD8
:10F1200000B041970010600191600A84F42703BF8A
:10F13000DE02F0036E01806002D616B000B05E936E
:10F140000010A101836002F7F7BF01BC600300302B
:10F150004303BFDE02F00D53006880830060BD03EF
:10F16000BFDE02F00CDB0283C21F00000200B05EB3
:10F17000870017A103D0DE02F0063D01BC60030446
:10F180001042039EDE02F0001200B05E3F00114507
:10F1900001BC600300178F00B05E4300178500B00C
:10F1A0005E0F00179000025E02F00D2F03BFDE021B
:10F1B000F00012006D4033058BBA03AC5E02F00D17
:10F1C0008A00685E4F028DEB00E002670020990321
:10F1D000BFDE02F00DEB00685E4F028DEB02803067
:10F1E000DF000D8E00E0025F002097018060058641
:10F1F000EC3700025E02F00EAF01866002F5B7AD9B
:10F2000001826002F5D7AE01BC6003000AB5039E1F
:10F21000DE02F00DA00321DE02F00DA000E0026F7F
:10F2200000209B00025E02F00D2F01866002091093
:10F230004800A8412301304801BC6003021042028B
:10F2400080441F000D9F00B05E3F00114501BC606F
:10F250000300178F00B05E4300178500B05E0F00FB
:10F26000179003BFDE02F00DA000A044B6F0714578
:10F27000028200C3000DEB00B000730017A100E094
:10F280005E86B017A100E15E7AF4379E00E1DE777A
:10F2900000179D00E1DE7300179C00E0DE6F001791
:10F2A0009B039EDE02F00DAF006E5E6E924E21005B
:10F2B0006D5E6E924DAF006E5E72922E21006D5E9D
:10F2C00072922DAF006E5E76920E21006D5E769288
:10F2D0000DAF006DDE7A91EE2102003097000DB483
:10F2E00000B05E7B000C3200B05E77000C3300B0E3
:10F2F0005E73000C3400B05E6F000C35028201AB0F
:10F30000000DC500B0446700082D00B0446B000834
:10F310002C00B0446F00082B00B0447300082A0092
:10F3200068A0B6232DAF00E920B6F3D79E00E9A070
:10F33000B2F3B79D00E9A0AEF3979C00E8A0AAF352
:10F34000779B00E15E7A91F7A100B05E870011190A
:10F3500000E1DE7692111A00E1DE7292311B00E0CC
:10F36000DE6E92511C0068DE86232DBE03BFDE02D6
:10F37000F00DEB00E9523EF3D7A100E9D242F3B71A
:10F38000A200E9D246F397A300E8D24AF377A4009B
:10F39000880ECF0057A500E0015EF4B06400E95E7E
:10F3A00086C9A78100E9DE8AC9C78200E9DE8EC965
:10F3B000E78300E8DE92CA078400808ECF0197A51C
:10F3C00001BC601F07778000E05E020DB065008819
:10F3D0005A0F00F7A500B05E970817A50134DA0FA1
:10F3E0000017A600E95E94F037A500E8DE98F05714
:10F3F000A6017BDE96F4D7A500685E96D06DEB0083
:10F40000E85E96D077A600B05E9700168300685A33
:10F4100013000DDD00E05A16F4D68500685A1B0073
:10F420000DDF00E05A1EF4D68700885E9B00F7A12E
:10F430000134DE9B0017A201BC60030017A301BCCE
:10F4400060030017A40069DE9B000DE701BC63FFA9
:10F450001FF7A301BC63FF1FF7A401C3DE8EF4579F
:10F46000A200E95936F4364D00E9D93AF4564E0077
:10F47000E9D93EF4764F00E8D942F49650031EDEF7
:10F4800002F00E21039F5E02F00E2100685E4F0223
:10F490008E21032C5E02F00E2101BC601B06D0659C
:10F4A00001BC600300B7A400025E02F0017202001A
:10F4B0003097000DF600685E9300ADF600E030C7AF
:10F4C000002C3103BFDE02F018840068DE9300AE2A
:10F4D000210207C197000DFC013C5A070017BB0130
:10F4E0003C5A0B0017A101385A07000C2603BFDE57
:10F4F00002F00DFF01385A070017BB01385A0B0004
:10F5000017A1013C5A03000C2600B05E87000C27AF
:10F5100000808ECF0197A200E0015E0DB06400B0C4
:10F520005EEF0016280181DE86C3F61F0068307387
:10F53000FFEE0802005E87000E080088307300713D
:10F54000260090307301B12800683077FFEE0C0080
:10F55000B04467000C1E02005E87000E0C00E04401
:10F560006583AC1E0187DE86249124020680F300A9
:10F570000E100181E002C3F61F0187E002249124EE
:10F5800002003097000E2100E030B7002C2D0286DB
:10F5900080F3000E140281D87F000E1F00B0309F50
:10F5A0000017A100025E02F00F0802805E8B000EC1
:10F5B0001F00E85E6984D7A100685E85846E1B0029
:10F5C000E030BF002C2F03BFDE02F00E1F00E03042
:10F5D000BB002C2E01BC6003000C2501BC600700A1
:10F5E000104303BFDE02F00D1300E85E6984CC23F4
:10F5F00003BFDE02F0188403AB5E02F007DF03BF37
:10F60000DE02F00A50032B5E02F00BB903BFDE02EC
:10F61000F007DF03AB5E02F00E28032C5E02F00B56
:10F62000B903BFDE02F00E3900B052230011F20020
:10F63000B052270011F300B0522B0011F401BC604E
:10F64000030091F501BC600308104200B0005B00AC
:10F6500011F003BFDE02F007DF0138523F0017A1AF
:10F6600002065E53000E320138524B0017A10068AB
:10F67000DE87008E3503AB5E02F007DF03BFDE02DC
:10F68000F00A500068DE4F020E38020781AB000E10
:10F690003801806006F2979403AB5E02F007DF0248
:10F6A0000000F3000E3E0206DE53000E3E01185E1F
:10F6B000830017A10068DE8700AE3E01BC600B022C
:10F6C000514202005217000BB903BFDE02F00A508C
:10F6D00001BC600300118301BC6003001182032C94
:10F6E0005E02F00E450199E00620110003BFDE0224
:10F6F000F00E490119402F0017A100685E87000B2A
:10F70000B50199DE8620110003315E02F00BB500D1
:10F71000A05E3B0097A200205E4EF44BB5018460D2
:10F720000209104803BFDE02F00BB503AB5E02F026
:10F730000E5000025E02F00BBC03BFDE02F00BB500
:10F740000068DE4F042E5400B0523300179F00B003
:10F75000522F0010EB0281522F0007CA00E002ABCB
:10F760000020AA0281522F000B9303295E02F00EA3
:10F770005A0203DEB3000E5A0191601A84F4270185
:10F7800083E002F597AC0208522F0007DF03BFDECB
:10F7900002F00A5001BC600300106701BC60030066
:10F7A00010460180E0060930490282C11F000E6444
:10F7B00001BC603F1FF06501BC600300168000E8DB
:10F7C00041970030650069C197000E6101BC600B74
:10F7D00000179401BC60030017AB01BC6003001765
:10F7E000AC01BC60030017AD01BC60030017AE01A3
:10F7F000BC60030017BF01BC63FF1FF7B501BC600D
:10F800000300202001BC60030017A100025E02F08B
:10F81000012701384067000028011C4067000029CB
:10F8200001BC600300504901BC60030017A701BC84
:10F8300060030017A801BC60030017A901BC6003A6
:10F840000017AC01BC60030017AD0182E0060F1089
:10F85000780206C1E3000E77006880A7000E7A03E5
:10F86000BFDE02F00E7B006880A7008E7B01BC60CB
:10F870001302600001BC60230E400101BC63F31859
:10F88000600201BC614B15600301BC600300000411
:10F8900001BC604305200501BC601B04306101BC54
:10F8A000601702506001BC600300082200B05E0FC8
:10F8B00000178500A044B6F0714503BFDE02F00CCE
:10F8C000C30183E0060F107801885E5CFEC7F60175
:10F8D000BC601F1E900701BC600301900801886096
:10F8E000060090040386DE02F00CA10305DE02F0A0
:10F8F0000E8C0386DE02F00CA10385DE02F00E8E74
:10F9000000B05E870017A1006EE003002E92038610
:10F91000DE02F00CA1006EC0146FEE9501BC600712
:10F920000010420002DE02F0000003215E02F00E31
:10F930009A00E0204AF4281200B0204B00178B03F5
:10F94000BFDE02F00EA2028150C7000E9F011C50C4
:10F950009F00178B00E05E2EF4378B019C5E2E8497
:10F96000F42703BFDE02F00EA2011E509F00178B8A
:10F9700000E05E2EF4378B019E5E2E84F427000299
:10F98000DE02F00000006800A7008EA80102C02778
:10F99000000821006880A700AEAE00E020870028A4
:10F9A000210002DE02F0000001BC600300282101FA
:10F9B000BC402B0017A100985E870117A10098405A
:10F9C0002B0117A2006ADE8AF42EAE01BC60030090
:10F9D00088210002DE02F00000028280BF000F07D3
:10F9E00000B0418F00081300B0418B00081400B034
:10F9F00044670017A2017BDE8A2357A101BC601F68
:10FA000007706501BC60030017A201BC601F03D032
:10FA10006401BC601F11506300685A03000EFE01B0
:10FA2000BC601F0FB06200E0418AF4506200905445
:10FA30000300F7A6006B5E86D06ED400B05A0300B8
:10FA400017A300E05A0EF4D58000E05A0EF4768336
:10FA500000E85A2F00368B0069DA2F000EC300E849
:10FA60005A0700368B006CDA0EF42EBE00E85A0EF0
:10FA7000F437A400905A030077A5006EDE92F4AE2E
:10FA8000CA01BC600300360001BC600B00104301DA
:10FA9000BC600300278900205A0B080ECD01BC6012
:10FAA0000300279203BFDE02F00ED400205A0B148D
:10FAB0000ED400202C27080ED000205A0B040ED4A0
:10FAC00001866006F5B7AD0088009B00D126009046
:10FAD000009B01512801BC6303001124006B5E866A
:10FAE000B00EDC00685A13000ED901886006D056AB
:10FAF0008200B056030017A400E05E92D096850005
:10FB0000E05A0EF4D58000205A0B080EDC01BC60D0
:10FB10000300079200685A13000EE4006B5E86D063
:10FB2000AEE40188600AD0568200B056030017A4E4
:10FB300000E05E92D0968501BC600300360101BCF6
:10FB4000600B00104301BC600300278900685A1B4A
:10FB5000000EFE006B5E86D0EEFE02015A0B000E18
:10FB6000F300E85A1B00368600B05A270017A3009E
:10FB7000E05A1EF4768701BC601F11D06200E0419C
:10FB80008AF4506200B05A2B0017A300E05402F42C
:10FB900075000203D403000EF100E05A1F003687FF
:10FBA0000130540300150001816002D0568203BF6A
:10FBB000DE02F00EF600B05A230017A300E05A1E32
:10FBC000F4768701816006D0568200685A1B000EC9
:10FBD000F8006CDA1EF42EE602015A0B000EFB014F
:10FBE000BC600300360203BFDE02F00EFC01BC6005
:10FBF0000300360301BC600B00104301BC6003002E
:10FC0000278900E0419701906500E05E8B0037A2F4
:10FC100000E0419300906400E0418F003063006D8C
:10FC20005E8B008EB802981DF3000F0501BC6003C7
:10FC300000079200B0204F00106300B02053001066
:10FC4000620002DE02F0000001BC60030017A200A7
:10FC500068018B000F1E0090018B0077A20180606D
:10FC600002F437A1006E5E86F44F1E0207C19700B2
:10FC70000F1001385A070017A303BFDE02F00F115F
:10FC8000013C5A030017A300E85E8F0097A300E829
:10FC90005E8AF437A2006A5E8AF46F1E00D0419734
:10FCA00000306400E05E8B00B7A300E04192F47086
:10FCB0006400D841930030640207C193000F1B0118
:10FCC0003C58030017A103BFDE02F00F1C01385897
:10FCD000030017A100A0018B00F7A200905E86F43C
:10FCE00057A20002DE02F0000000B05A0300101F0D
:10FCF00000B05A0700102000B05A0B0010210180FC
:10FD0000600700101D02804077000F230002DE0212
:10FD1000F000000187E002F577AB03915E02F0008E
:10FD2000020020E3FE0900020200421F0000020060
:10FD300068C2F3000002028445230000020068C08C
:10FD4000170000020068AB9700000200025E02F09C
:10FD50000EAF00683073FFEF310207C493000F3C11
:10FD600000683077FFE00200683077FFEF35006809
:10FD7000307B000F3B006BC46583CF3C03BFDE02CA
:10FD8000F0000201BC601F07706400E04193061799
:10FD9000A20068D82F000F390281D80B00000200A2
:10FDA000E04193019064006D4192F44F370287C4A3
:10FDB0009300000200689E4B00000202815E530027
:10FDC0000F4A0283411F000F400281DE53000F5B88
:10FDD00001BC600300115101BC600300115201BC61
:10FDE000620300115301BC60030051500189600699
:10FDF000F2979401BC60E700107701BC600300102B
:10FE00007601BC60031117A300025E02F001340307
:10FE1000BFDE02F000020280C54300000201F0C50F
:10FE2000470011560107C5470017A101F0C54AF464
:10FE3000315500B0455700107700B0455B00107693
:10FE400001BC60030E97A300025E02F0013400B013
:10FE50004557000C1000B0455B000C0F01BC60035F
:10FE600000115501BC60030011560090303F00CCDA
:10FE70000F00B030430017A101AD5E8581EC0F018A
:10FE800089600AF2979401BC60030810470392DE70
:10FE900002F00FAF020480BF000F6001BC63FF1FC0
:10FEA000E7F301BC61FF1FE80E03BFDE02F00FB1F4
:10FEB00001866002F597AC01BC601F07706501BC4C
:10FEC000601F0FB06401BC60030037A101BC600378
:10FED0000017A300685A03000F9D01BC60030017C0
:10FEE000A502035A0B000F6E02805A0B000FAF00E1
:10FEF000E9440AC017BB00E8C40F0017A4017BDE69
:10FF0000EEF497A400685A13000F7C03BFDE02F0E2
:10FF10000F790068DE87002F700203DE53000FAFF9
:10FF20000203DA0B000F8400B05A0F0017A4006818
:10FF30005A07002F7500685A2F002F7501BC600307
:10FF40000037A500685A13000F79006CDE92D0AF1D
:10FF50007900B05A170017A401BC60030037A50050
:10FF6000201CBAF42F7C00685A1B000F9703BFDED9
:10FF700002F00F7F00885E870097BB00201CBAF755
:10FF80006FAF02015A0B000FAF006CDE92D0EF97FB
:10FF900000B05A1F0017A400201CBAF42F8301BC24
:10FFA00060030037A503BFDE02F00F970202DA0BF1
:10FFB000000F9D0204C107000FAF00B05A0F0017D9
:10FFC000A400E85A2F0037BB0069DEEF000F8A005B
:10FFD000E85A070037BB013C016F0017800068DE5C
:10FFE00003000F900138016F00178000685E030066
:10FFF0000F9300E85E030037BB03BFDE02F00F93F0
:020000041004E6
:1000000000E85E030037800080DE02D0378000E029
:100010005EEE0DB7BB00685EEF000F9700E05E92EA
:10002000D017A400E85EEF0037BB03BFDE02F00F7D
:100030009300685E8F000F9A006B5E92F44F9B03F3
:10004000BFDE02F00F9D01BC60030037A300B05E6D
:10005000930017A200B05E970017A600885E870085
:1000600037A100E0419701906500E04193003064C2
:10007000006D5E87020F6500685E8F000FAF00B0F5
:1000800044670017A5017BDE962357A500E85E8A2A
:10009000F4B7A400885E9300E4DB00905E93012730
:1000A0001D00B0012B0017A300689C77000FAA0069
:1000B0006E936EF46FAF03A65E02F00FAF00B05EFA
:1000C0009B00078500E9136EF467F300E89C770056
:1000D000080E03BFDE02F00FB100681E1700000219
:1000E00003BFDE02F0105901BC6103001123006957
:1000F000203B000FB50180E006F2979403BFDE02BB
:10010000F00FB70180E002F2979403BFDE02F00027
:100110000200684127000FC602844523000FB80083
:100120006800A700AFBC006800A700CFBC006880D3
:10013000A7010FBF00B044670017A100E84466F4B0
:1001400037A2006D5E8B004FBD0280C127000FC13A
:100150000392DE02F010590392DE02F00CE7000277
:100160005E02F014E700025E02F0113D00025E0242
:10017000F0113800025E02F0114801BC600F00115E
:10018000E8031EDE02F00FCD01BC600300105C012D
:10019000BC600300905D01BC605304105E01BC6054
:1001A0000300105F03BFDE02F00FD101BC600B0043
:1001B000105C01BC600300905D01BC604304105EF4
:1001C00001BC600300105F01BC6003000C1E01BC99
:1001D0006003008020028500BF00106000B01FCFC8
:1001E00000115100B0203B001152006E1FCE2A8F2B
:1001F000DA0068A03B000FDA00E01FCE23280F03CF
:10020000BFDE02F00FFB00B0446700080F00E91FDB
:10021000CE2A915100E8A03B00115201BC61FF1FA2
:10022000707701BC63FF1FF07601BC60031197A3D8
:1002300000025E02F0013400B0454B00107700B0C0
:10024000454700107601BC60030F17A300025E0251
:10025000F0013401BC602F1AB06500B0455700169C
:100260009100B0455B00169200B0440B001693005D
:10027000B0440F00169401BC63FF1FF15201BC6330
:10028000FF1FF15101BC600300115501BC60030068
:10029000115601AC607F029075028741D7000FEFC5
:1002A00000B041DB0003B100B041DF0003B200B099
:1002B000446700082D00B0446B00082C00B0446F68
:1002C00000082B00B0447300082A00E14464FE6C6F
:1002D0001A00E0C46901CC1B01BC6003023150006C
:1002E000B0454300180000686003000FFB01BC60CC
:1002F0000300104000008000000000020480BF00E6
:100300000FFF0312DE02F00FFB0068C55700100755
:1003100001BC602F1AB06500B05A4700115500B0FB
:100320005A4B00115600B05A4F00110200B05A53F8
:1003300000110301BC60030017A701BC6003001794
:10034000A801BC600300006601AC607F0F1075025D
:100350008741D700100900B041DB00115100B041C6
:10036000DF0011520068454700101000E91FCE2A37
:1003700087F300E8A03B00080E01866006F597AC05
:1003800001BC600300107701BC600300107601BC63
:1003900060030F17A300025E02F0013401BC60038A
:1003A000001150028445430010150207C1E30010FC
:1003B0001600B044670017A100685E86233018015C
:1003C00082E0060F10780206C1E300101A01BC603B
:1003D0000300402001BC6003000066018660062027
:1003E000110001BC606300107B01BC601B00107A2F
:1003F00001AC607F029075028741D700102100E9AF
:1004000041D876379C00E8C1DC76579B00B0303F7E
:100410000017A10080DE72F4379D00B041B70017CD
:100420009E0080DE6EF4379C00E15E760DB79D0085
:10043000E0DE7300179C017D5E7AF3B7A1017D5E5B
:1004400076F397A200905E730157A300E120B6F403
:10045000311900E1A0B2F4511A00E1A0AEF4711B11
:1004600000E0A0AB00111C00E10DAAF4236A00E03B
:100470008DAEF4436B00B0441F0018000088442385
:100480000157A30090442300D7A400B0440B0017E9
:10049000A100B0440F0017A200E95E862337A10037
:1004A000E8DE8A2357A20069DE8B00104100E14498
:1004B0000AF4710200E0C40EF4910300E85E230028
:1004C00037880069DE2300103600E80027003788EF
:1004D00003BFDE02F010360186600220110001BC6D
:1004E000600300402000E9306A2337A100E8B06EC5
:1004F0002357A20068DE8B00105001BC604F11171B
:10050000A3006DDE86F4705001BC60030010400152
:10051000BC600300105D018260060BF05F00D05EDE
:100520008700713401E1DE8A26913501BC63030046
:10053000113300008000000000018260020BF05FB8
:1005400002865EB300105900681E1700105901BCE6
:1005500060430017A100E04466F4378001BC6003EB
:1005600000078900025E02F00EAF006C4466F010D6
:100570005900681E2700105503BFDE02F00F5B0212
:1005800000DE530010630180E002F2979400025EE7
:1005900002F0113B01BC600300104003BFDE02F01B
:1005A000105E00E044640957A103BFDE02F010634F
:1005B00001BC600300104000B0012F0017A100E053
:1005C000012AF4310900B0012F00110901BC61CFEB
:1005D0000C105C01BC600300105D01BC61CF01F038
:1005E0005E01BC603B0AF05F00025E02F011440055
:1005F000025E02F0114B00025E02F0114101BC608C
:1006000003000785006D80A7008CE700E0446704C5
:1006100077A10068DE8623306E03BFDE02F00CE7B0
:1006200001885E0610D08601025E070017A10182D4
:100630005E8610D0860002DE02F0000000B00047A7
:100640000010860108204700178101385203001767
:10065000800102C0270017A600025E02F015F80014
:1006600068204700507B00B0540700178000025EEE
:1006700002F01070006820470030830068A0470037
:10068000107F021A54070010830103C0270017A12E
:1006900003BFDE02F010820106C03B0017A10182F9
:1006A0005E8610D0860002DE02F0000000B0541317
:1006B0000017A10068DE4F16B08700B05413001772
:1006C000A10200DE0700108F00B0418B0010650111
:1006D000BC600301D7A10068DE4F16B08C01BC607E
:1006E000030297A100025E02F0160B00E05E840098
:1006F000F7A103BFDE02F01094020480F30010940F
:1007000002025E0700109402805E070010940090C1
:10071000001B0037A200E85412F457A10002DE02C9
:10072000F00000020400BF00109800025E02F01109
:10073000E903BFDE02F0109900A044B6F0B1450015
:1007400002DE02F00000020000BF0010AA0068AB49
:10075000EF0010AA00E05EA30037A8006D5EA005C0
:10076000D0AA00B02E2F0017A100025E02F00127D0
:1007700000B040670017A20068DEA3FFF0A700B03A
:100780005E897197A2006D00A70090A6006DA087FA
:100790000050A803BFDE02F010A70068A087001079
:1007A000A800B85E897197A200025E02F0012B01D9
:1007B000BC60030017A80002DE02F0000000D85A57
:1007C000030117A201B85A06F457A200B05603005D
:1007D000083600B0560700083700B0560B0008383E
:1007E00000B0560F00083900B0561300083A00E078
:1007F0005612F4483B00B05A0300083401385E8BAF
:1008000000083500B020EF0017A401BC60030017FA
:10081000A200B0419300106500B85E92D017A4000A
:10082000E05E06F4506300F05E930017A300F05EF4
:10083000930077A400E05E8B0037A200B85E92F4CC
:1008400077A400E04192F4506500E05602F49580F0
:1008500000B056030017A4006EDE8B00B0B800B8DD
:100860005E92C0D7A200D85E8B0037A200E020DAEB
:10087000F4483600B020DB0017A400B85E92C0F741
:10088000A200D85E8B0037A200E020DEF4483700DB
:10089000D820DF0037A200E020E2F4483800D8205A
:1008A000E30037A200E020E6F4483900D820E70052
:1008B00037A200E020EAF4483A00D820EB0037A243
:1008C00000E020EEF4483B00B020EF0017A200B893
:1008D0005E8AC017A200905E8B0037A201BC5E89C1
:1008E00006A8350002DE02F00000018060063C919F
:1008F000E4018760063CD1E601A860023CD1E60134
:100900008B60023CD1E600B05E8F00106300B056F1
:10091000030011E700B056070011E700B0560B00C6
:1009200011E700B0560F0011E701A960423C91E4C5
:1009300001A860023CD1E6018B60063CD1E600B024
:100940005E8B00106301BC60030057A102045603D4
:100950000010E601BC60030117A100E0418EF430F5
:100960006300B056030011E700B056070011E7001E
:10097000B0560B0011E700B05E8B00106301BC6045
:100980000300B7A10204D6030010F001BC6003010C
:1009900017A102065E530010F001BC60030197A18D
:1009A00000E0418EF4306300B056030011E700B060
:1009B00056070011E700B0560B0011E701BC6003B9
:1009C0000017A10206DE530010FB00B05E8B001082
:1009D0006302065E530010FA00A0563F01F7A10320
:1009E000BFDE02F010FB00A0563301F7A100B05E9D
:1009F000870011E701BC60030011E70002DE02F08E
:100A0000000000685E9B00D11801BC60070211E382
:100A10000068DE9B00510B00E847870111E101BC33
:100A200060030011E201BC60030011E201BC60033D
:100A30000011E201BC60030011E201BC600300117F
:100A4000E201BC60030011E201BC60030011E2019D
:100A5000BC60030011E200B06142F451E000B05804
:100A6000030011E200B058070011E200B0580B007B
:100A700011E200B0580F0011E200B058130011E26B
:100A800000B058170011E200B0581B0011E200B08E
:100A9000581F0011E200B05E9B0017A40068DE9BA7
:100AA00000B11601BC60030077A40192DE93021727
:100AB000A30002DE02F0000001BC60070011E300A9
:100AC000B058030011E200B058070011E200B0581E
:100AD0000B0011E200B0580F0011E200B0581300F3
:100AE00011E200B058170011E200B0581B0011E2EB
:100AF00000B0581F0011E200E00146F0106401BC94
:100B000060070031E300B058030011E200B058075D
:100B10000011E200B0580B0011E200B0580F0011B4
:100B2000E200B058130011E200B058170011E200C3
:100B3000B0581B0011E200B0581F0011E20192E012
:100B40001B0017A30002DE02F00000028740C30072
:100B5000112D01866006F01030028640C300112F6F
:100B600000B040C70017810002DE02F000000287DB
:100B700040C300113200B05E070010310186E0066C
:100B8000F010300002DE02F00000006800A70197BC
:100B90008C03BFDE02F0114A00025E02F0113B003E
:100BA000025E02F0114B0002DE02F000000068005D
:100BB000A701970F0002DE02F00000018160060924
:100BC0003049006800A700914000025E02F0114C1D
:100BD0000002DE02F0000000025E02F0114C018112
:100BE00060020930490002DE02F000000188E00ED8
:100BF00009304900B0412700180000B0002B001058
:100C0000020002DE02F0000001BC600300100201DD
:100C100082E0020F10780002DE02F000000068009F
:100C2000A701978B00B041270017A100B041270111
:100C3000D04900B05E870017A100B05E870017A101
:100C400000B05E870017A100B05E870017A100B05A
:100C50005E870017A100B05E870017A100B05E8715
:100C60000017A100B05E870017A100B05E870017D3
:100C7000A100B05E870017A100B05E870010490098
:100C800002DE02F000000100DE530017A601BC6086
:100C9000030037A103BFDE02F0115D00025E02F027
:100CA0000127018760060337A20068DE9B001161FF
:100CB000018760020337A200025E02F0012B0002EE
:100CC000DE02F000000202411F00117602825E5334
:100CD00000116801826006F2979400B04467001822
:100CE0000000B0446B00081B00B04467001800000F
:100CF000E844690377A4006800A700916B006DDEEB
:100D00009300517000E044670317A303905E02F064
:100D100011730285C5230011730068DE8E23316DC7
:100D200001BC600302104701BC60030090430182D4
:100D30006002F2979401826002F5B7AD006800A7E7
:100D4000009176006800A700B1760002DE02F00094
:100D5000000201C11F00118902855EAF00117C01F4
:100D6000856006F577AB00B0446700081E00B0440C
:100D70006B00081F00E9446503D7A100E8C46903BC
:100D8000F7A200D05E870077A101E1DE8AF437A2E6
:100D900000E95E862697A100E8DE8A26B7A20069F0
:100DA0005E8B00118901BC610300113300E144DA5C
:100DB000F4313600E144DEF4513701856002F57705
:100DC000AB01BC600301104701BC6003005043004D
:100DD00002DE02F000000201AE2700118C0284C581
:100DE0002300119601BC600F0C106500E041957165
:100DF000306502002E2700119000E0419700B06599
:100E000001BC600F0D17A1006E4196F4319400E112
:100E10005A0229368000E0DA0700168101BC60031F
:100E2000000B8901BC60030011490002DE02F000E2
:100E30000000B0451F00178100B005B70017A601DC
:100E4000BC600704106401BC60131B906501BC60AA
:100E5000030017A10205DEAF0011B100B0580F006A
:100E600017800068DE842C31A100E058230036088A
:100E700003BFDE02F011B902005E9B0011B10280D7
:100E8000DA030011A70118581F00178200E05E0B5B
:100E900000378201985E0AC0F60703BFDE02F01138
:100EA000AA011A581F00178200E05E0B003782016A
:100EB0009A5E0AC0F60701F0DE0300378000A05EEC
:100EC00002C0578000B05E0300160300A044B6F0D5
:100ED000178200B05E0B00160500E05E0AC09606A1
:100EE00003BFDE02F011B900B0581300178200E80A
:100EF0005E06F057A5006ADE970011B700E85816A5
:100F0000F4B6050069D8170011B701BC60030016DC
:100F10000500B058170017A500E05812F4B60600F7
:100F2000E0419302106400E0419706D06500E05E66
:100F3000870037A100905E9B0037A60068DE87001F
:100F4000919C01BC600300114701BC600300016D6E
:100F50000002DE02F0000001BC600300016C01BC75
:100F6000600300016D01BC60070A106401BC6003EE
:100F70000077A100B0428F00178000A05E0301F748
:100F80008000B05E0300016E01BC63FF1FF7A2008A
:100F900068DE030011CB01BC60030017A20088606B
:100FA00006F43781002005BAF031D00068DE8AC02F
:100FB000D1D000E005B300216C00B005B6F0216D82
:100FC00000685E030011D400205E06F011DA006EA6
:100FD000DE8AC0D1DA03BFDE02F011D5006DDE8AF1
:100FE000C0D1DA00B05E870017A300B041930001C2
:100FF0006600B0581B0017A201BC600300016C0121
:10100000BC600300016D00E8419302106400E85EDB
:10101000870037A10069DE870011CB00B05E8F002A
:1010200001650002DE02F0000000B0059B001064C4
:1010300000B0581B00114500B0059B00016200B0D4
:10104000059700016100B0580F00178500B05807E0
:1010500000178300B0580B0017840118581F0017A1
:101060008C011A581F00178D0002DE02F0000000EC
:10107000B0058B001064006E41932A11F600A04465
:10108000B6F0B7A100B05E8700160500E05812F474
:10109000360600B0581B001145020000F30011F3A2
:1010A000006D41932811F30200DEAF0011F301BC83
:1010B000600B02514200B05E8700016F02015EAF1B
:1010C0000011F600B05E1700160301816002F5778B
:1010D000AB0002DE02F00000020145230012010213
:1010E00087C49300120101826002F5D7AE02012C81
:1010F000230011FE00E02C2B002B0A01816001610E
:101100000B0802065EB700120100E02AD7002AB5DC
:1011100001866002F5B7AD0002DE02F000000202B7
:1011200000BF00120F00025E02F012370202DEB3AF
:101130000012070068428F000F2503BFDE02F00097
:1011400002028881AB00120F02845EFF00120502CA
:10115000845EB30012050282DEFF00120502822BBC
:101160002F00120D00682A9B00120F0284DEAF00D0
:10117000120502845EB700120500B05E870017A159
:101180000002DE02F000000182E002F597AC0203EB
:10119000DEFF0012190284452300121902012B2FD1
:1011A0000012190180E006F2979400025E02F0112D
:1011B0004C0180E002F2979400025E02F0114C01B3
:1011C00080E002F297940201AC230011360181E025
:1011D00001610B0803BFDE02F01138020400C700F2
:1011E00012270206ABD30012210284C5AF001235CC
:1011F00003BFDE02F012220284C56F0012350284A2
:1012000045230012240200420300123500685E4BA1
:1012100004B23500685E4B06B23500685E4B06329C
:10122000350182E006F597AC0284452300122A03BB
:1012300023DE02F0122B0183E006F597AC0180E07B
:1012400006F29794028400C700113600B02AD70036
:1012500017A2006DDE8955113602872B2F0012323E
:1012600002005EFF0011360207AB2F00113601812C
:10127000E005610B0803BFDE02F0113803BFDE0298
:10128000F011360002DE02F00000020200BF00147E
:101290004D0206ABD30012440104C1070017A1019F
:1012A000855E85610B0802042C23001244018460D2
:1012B00001610B0801BC60370017A201BC60031478
:1012C00017A100B045E300180000B045E300180086
:1012D00000B045E300180001BC620300107701BCB8
:1012E00060031B507600025E02F0013E00682AEBAC
:1012F00000124900E844655757A101BC63F71D1768
:10130000A2006D5E86F4524900E84466F44ABA00D1
:101310006CC46556724B00E84467002AB30206AB02
:10132000D3001250006DC46701524E01BC6003002F
:101330000B100284C5AF0012BD03BFDE02F01251D4
:101340000280456F0012BD020701AB0012530180FD
:10135000600209D04E01BC63FF1FF7A10068C5867B
:10136000F4325601BC6003000ABD0204DEB700146B
:101370004D0184E002F5B7AD0184E001610B080284
:1013800002DEB30012740206ABD30012650068AA35
:10139000F700925D00682B0300125E03BFDE02F0CF
:1013A0001263018B600E2B915C0287ABD30012623B
:1013B0000182600209D04E03BFDE02F01263018297
:1013C000600609D04E00025E02F0121103BFDE0279
:1013D000F01267018360062B915C00025E02F0123E
:1013E000110204DEAF0012740282DEBB0012740030
:1013F00068AAF700926C0106AB170017BB0068DE05
:10140000EF001270028480C70012740068AAF7000F
:10141000326F006CC4655672730068AAF70092744C
:1014200000682B0300127400E845895AF7A1006D8B
:101430005E856052740186E005610B0802835EBB25
:1014400000127A0206ABD300127800E845C95AF7B9
:10145000A103BFDE02F0127900E845895AF7A10026
:101460006E5E8554B2970205DEB700129300E02B42
:1014700097002AE501BC6003000AE700682C4700DA
:10148000127F00E82C47002B1101866002F5B7ADF2
:101490000204DEFF00128900B02B9B0017A200B0EF
:1014A0002A9B0017A10283AC2700128600682C87B4
:1014B000001287006D5E8564328700B02C7F0017B4
:1014C000A2006D2B96F452890184E002F7F7BF0267
:1014D00006DEFF00129300E02BC7020AF100B044C1
:1014E00067000AFC01182BC70017A1011A2BC700BF
:1014F00017A2006E5E87001291006DDE895E529128
:1015000003BFDE02F0129301BC6003000AF1018602
:10151000E002F7F7BF02025EFF00144D0068AAEB7D
:1015200000144D00B02AC7000ABA03BFDE02F0144F
:101530004D0182E002F7F7BF02862C2300129F00C4
:1015400068B05B00129B0068305F00129F00E944A6
:101550006582D7A600E8C46982F7BB00E10EE2F419
:10156000C3B800E08EE6F763B902025EFF0012A77F
:10157000020600C70012A402802BD30012A400B000
:101580002B2B0017BB006E2B02F7744D02025EFF7F
:101590000012A700B04467000ABA03BFDE02F014CD
:1015A0004D0205DEB70012B500682AF70872AA00DE
:1015B000E8446555CAB600682C470012AC00E82C18
:1015C00047002B1100E02B9F002AE700B02BA3005F
:1015D00017A100B02A9B0017A20283AC270012B209
:1015E00000682C870012B3006D5E896432B300B0CE
:1015F0002C830017A1006D2B9EF432B501BC600353
:10160000000AE50068AAF700B2B800B04467000A13
:10161000EF00B0446B000AF30068AAF70132BC0087
:10162000B04467000B0B02062BD30012BC00B02C99
:101630007B010B1E03BFDE02F0144D020701AB005D
:1016400012BF0180600609D04E0204DEB70012C846
:101650000283C5730012C201876006F577AB028270
:10166000DEB300144D0203C57300141C00E844658A
:101670005637A1006D5E8555B44D01836006F5D7E0
:10168000AE03BFDE02F0144D00E10ED30023B40020
:10169000E08ED70003B502862C230012CD00B044A3
:1016A00067000C1600B0446B000C170206AC230058
:1016B00012D001846002F5B7AD0186E001610B082C
:1016C0000206ABD30012D701BC6003000AD7006D3D
:1016D00045C71F52D400B045C7000AD700E0446593
:1016E0005AF7BB00E85EEE2E2AB103BFDE02F0120D
:1016F000DC01BC6003000AD7006D45871F52DA0089
:10170000B04587000AD700E044655AF7BB00E85EA1
:10171000EE2C2AB101836002F5D7AE0184E006F514
:10172000B7AD0185E002F5B7AD01826002F7F7BF02
:1017300001856002F5B7AD01BC6003000B0500E850
:1017400044655637A1006D5E855DD2E2006D5E8511
:1017500055B2E600E02B63002AD800B02A930017A8
:10176000B30206ABD30012F501BC6003019178000F
:10177000B045E300180000B045E7000AC401BC60B2
:101780000301B17800B045E300180000B045E70060
:101790000AC501BC600301D17800B045E300180020
:1017A00000B045E7000AC601BC600301F17800B053
:1017B00045E300180000B045E7000AC703BFDE029A
:1017C000F0130101BC600300117800B045E300187C
:1017D0000000B045E7000AC401BC60030031780096
:1017E000B045E300180000B045E7000AC501BC6041
:1017F0000300517800B045E300180000B045E70051
:101800000AC601BC600300717800B045E30018000F
:1018100000B045E7000AC70182E001610B0802073A
:10182000AB1B0013040182E005610B0800B02B170D
:101830000017BB01285EEF000ABD01BC60131C57F6
:10184000BB02182B1B00130B01182B1B0017A60043
:1018500080DE9AF777BB00B041B70017B301342B95
:101860001B0017A201182B1B0017A300682AF70002
:1018700033180068AAF700931100685E8F00731A8E
:1018800003BFDE02F0131800682AF701331700685F
:10189000AAF70053150068DE8B00731903BFDE0240
:1018A000F013170068AAF700731A0068DE8B00D3E4
:1018B0001900685E8F00331A00685E8F00131A01EA
:1018C0008760055E8AF402032BD300132200682A86
:1018D000F702D31D0068AAF702B32201BC60131CF3
:1018E00057BB0234AB170013220134AB170017A605
:1018F0000080DE9AF777BB00B041B70017B3020251
:101900002C270013240186600560AB05006E2AF7C2
:1019100001F3280088600557B7BB0020DEED5C535B
:101920002B03BFDE02F0132E00E82AF70217BB00DC
:10193000886006F777BB00205EED5C732E01856042
:1019400006F5B7AD020480C300132E0184E00560E4
:10195000AB05006E2AF701F3350088600557B7BB69
:1019600000205EEF0193330186600160AB050068E3
:10197000AC470013390020DEED5A933803BFDE0276
:10198000F0133900E82AF70217BB00886006F777E2
:10199000BB00205EED5AB3390184600560AB0500E1
:1019A00068AAF702F342010DAB170017A1010EABB5
:1019B000170017A200685E8700134200E05E86F4FD
:1019C00057A100E05E87080ABD0186600160AB0593
:1019D00000682C470013420184600160AB050203DC
:1019E0002BD300134E018360015AAAD500682AF751
:1019F00002D3490068AAF702B35E0068AAE70013A1
:101A00004C0068AB2300134C0282DEBB00134C0277
:101A1000072B1B00134C0184600560AB0503BFDE80
:101A200002F0135E0283C57300135E00025E02F0D3
:101A300015BE0068AAF702B35E018360055AAAD5F5
:101A400000E02C8F002B2301856002F5B7AD006804
:101A5000AAE700135E0068AB2300135E0282DEBBC0
:101A600000135E00B02AC30017A201342B1B00171D
:101A7000A1006EDE8706135900B02ABF0017A2002E
:101A80006E5E8964735E01BC6003000B2301BC6061
:101A900003000ADA01856006F5B7AD0184E005614F
:101AA0000B080068AAF700B36802075EFF0013681E
:101AB00001342B1B0017A3006DDE8D6033680068B6
:101AC0005E8F0013680283AB170013660183600505
:101AD00060AB0503BFDE02F0136800B02BDB000A29
:101AE000F000B0446B000AF70068AAF701337702F0
:101AF00002AC2700136B0186E00560AB050281ABE9
:101B0000D300137701BC6003000ADA00682C2F00B1
:101B1000137700E844656177A1006D5E8561937479
:101B200000B02C330017A200E05E8961B7A2006DFF
:101B3000DE86F453760200AC23001377018560053E
:101B400060AB0503BFDE02F013770180E001610B9B
:101B5000080068AAF701137A00B02AC7000AD10169
:101B600087E006F7F7BF0207DEFF00137C0181E084
:101B70000560AB0500682AF700338100682AF70189
:101B8000F38102852BD300138000682AF7031381A9
:101B90000068AAF700939201826006F7F7BF00B0D1
:101BA0002AC7000AB90068AAF703138800682B2324
:101BB00000138800B00013000ABD00B02B7F000A9C
:101BC000C003BFDE02F013910068AAF700939201F0
:101BD0001C2B17000AC00106AB170017BB00685E7C
:101BE000EF00138F01BC6003006AC300B02C7B00C0
:101BF0004B1E03BFDE02F0139100A82C7B004B1E8E
:101C000001BC6003008AC300B02AC7000AC80202F0
:101C1000DEBB00139F0284DEFF0013950206DEFF89
:101C200000139F00B02AD70017A2006DDE8955135C
:101C30009E00B02B9B0017A200B02A9B0017A102A8
:101C400083AC2700139C00682C8700139D006D5EF9
:101C50008564339D00B02C7F0017A2006DAB96F415
:101C6000539F0182E00560AB050286ABD30013AD44
:101C70000088600557B7A10020DE856393A500E8C2
:101C80002AF70217A100886006F437A100205E85BC
:101C900063B3AB00682C6F0013AB01342B1B001730
:101CA000A2006E5E8B0293AA00B02C7B002B1E0359
:101CB000BFDE02F013AB00A82C7B002B1E0068AA2D
:101CC000F702F3AD00B04467000B1B00E05ECD549B
:101CD000B7B301826002F5D7AE00B02C2B0017A17C
:101CE00000B02AD70017A2006D5E895513B4028692
:101CF0005EB70013C503BFDE02F013B6006D5E854C
:101D00005FF3CA02812C230013C501BC601F07705A
:101D10006501BC601F11506401BC601F11D7A40095
:101D2000685A030013C10088580300F7A30134D890
:101D3000030017A200E95E8E2337A301C3E002234C
:101D400057A500E8DE8AF4B7A20068DE8B0013C155
:101D5000006EDE8EF673C500E0419300306400E053
:101D60004197019065006D4192F493B903BFDE0283
:101D7000F013CA00682AF70093CA00682AF70053D4
:101D8000CA00682AF70073CA01826006F5D7AE0060
:101D9000025E02F015BE01BC60131C57BB01342B60
:101DA0001B0017A20080DE8AF777BB00B041B700A6
:101DB00017A200682AF70053D700682AF70253D702
:101DC00000682AF70273D700682AF70073D7006803
:101DD0002AF70853D700682AF70873D700682AF74C
:101DE0000893D700682AF703D3D703BFDE02F013A6
:101DF000E60185E006F5B7AD00685E8B0013E100F3
:101E0000B05E8B000AA60182E006F5D7AE00682C12
:101E10008B0013DE006E5E896453DE018160056312
:101E2000CB1E00E02BAB002AEA006E5E896013E156
:101E30000182600560AB0500E844655637A100B03B
:101E400044670017A300682AF70893E500E85E8E50
:101E5000F42AAE01846002F7F7BF0282DEB30014F9
:101E60004D0203C57300141C00B02AAB0017A2007A
:101E7000B02AB30017A30068AAF70093F602802BDC
:101E8000D30013F600B02B030017A1006D5E855838
:101E900073F20180E00560AB0500682B4F0013F280
:101EA00001BC6003000ABC00025E02F0159B0068E2
:101EB0005E870013F600682BE70013F600B02BE7EF
:101EC0000017A200B02BEB0017A300685E8F001371
:101ED000FF00682AEB0013FF00E844655757A10094
:101EE000E05E8EF457A2006D5E86F453FF018160C0
:101EF0000560AB0500682B4F0013FF01BC600300B9
:101F00000ABC00025E02F0159B0281AB2F00140494
:101F100002005EFF0014040204452300140403A021
:101F2000DE02F014040183E00560AB050281AC27FA
:101F300000141C02862C1700144D0286AC170014E6
:101F40004D028080BF00144D02825EBB00144D0222
:101F5000822BD300141C0281AC1700141C0280AC2D
:101F60001700141C02812C1700141C02822C17006D
:101F7000141C028881AB00141C0282AC17001415DB
:101F800002832B1700141C02832C170014150285E2
:101F90002C1700141502842C1700141C0284AC1793
:101FA00000141C0283AC1700141C02845EB70014DA
:101FB0001B0204DEAF00141B0281DEBB00141B01F8
:101FC00084E002F577AB00025E02F0159F03BFDEEE
:101FD00002F0144D00E844655637A1006DDE8554CB
:101FE000B4280206ABD30014210183E0022B915CDC
:101FF00003BFDE02F0144D0183E0022B915C01BCB3
:10200000600318517800B045E300180001836002B6
:102010002F317900A84138F9D7A100B05E84FE7055
:102020004E03BFDE02F0144D028101AB00142C02FE
:102030000081AB00143702842C170014370280ACE7
:10204000170014370206ABD3001435006BAC4223E3
:10205000343000E04467014B10018B60022B915C2F
:102060000287ABD30014330182600609D04E03BF50
:10207000DE02F014340182600209D04E03BFDE029A
:10208000F01436018360022B915C03BFDE02F01472
:102090004D0206ABD3001440006BAC4223343B002E
:1020A000E04467014B10018B60022B915C0287AB0F
:1020B000D300143E0182600609D04E03BFDE02F059
:1020C000143F0182600209D04E03BFDE02F01446C5
:1020D000018B60022B915C01BC600318517800B049
:1020E00045E3001800018360022F317900A84138D0
:1020F000F9D7A100B05E84FE704E00025E02F012BD
:102100001D02845EB700144D02832BD300144A00D5
:10211000682AF702B44D0184E006F577AB00E02BA6
:1021200027002AC903BFDE02F015870002DE02F095
:1021300000000185E002F5B7AD01836002F5D7AE7E
:102140000182E002F5D7AE0182E002F7F7BF018419
:10215000E002F7F7BF01BC6003000AD301BC6003D3
:10216000000AC801BC6003000AC001BC6003000A89
:10217000EA018760015F6AFB01BC6003000C160185
:10218000BC6003000C170181600163CB1E0002DEFE
:1021900002F00000020200BF0014B20283DEFF0062
:1021A00014DA0183E006F7F7BF018560060B705B68
:1021B000018560060BF05F0206ABD300146601BC1C
:1021C000600302116D00B02A9700116E028045ABCA
:1021D00000147A03BFDE02F0146901BC600302112F
:1021E0005D00B02A9700115E0280456B00147A02F0
:1021F00006ABD3001473006BAC4223346D00E04493
:1022000067014B10018B60022B915C0287ABD300FE
:1022100014700182600609D04E03BFDE02F0147113
:102220000182600209D04E0188600E2D516A03BF01
:10223000DE02F0147A018B60022B915C01BC60031A
:1022400018517800B045E3001800018360022F3177
:102250007900A84138F9D7A100B05E84FE704E0124
:1022600088600E2B515A00B0413F1FF04F00682A82
:10227000BB00148001846006F7F7BF01BC602F1714
:1022800017A300E04466F46AB401BC6003000AAE20
:1022900000025E02F0144E00E844695FD7A1006EB0
:1022A000DE8700348A00B02BD7000AF001BC60033F
:1022B000000AEF00682AEB00148A00B04467000AA5
:1022C000B900E84465554ABA00B02AB30017A10026
:1022D000E82AEAF42ABA028080BF0014970281DE5D
:1022E000BB0014A80206ABD300148F0204C5AF00D4
:1022F000149703BFDE02F014900200456F0014979C
:102300000283C5730014970206ABD300149501BC79
:1023100063FF1FF7A10068C5C6F434A803BFDE023F
:10232000F0149701BC63FF1FF7A10068C586F43461
:10233000A80206ABD300149E018B600E2B915C02A9
:1023400087ABD300149C0182600209D04E03BFDE2C
:1023500002F0149D0182600609D04E03BFDE02F038
:1023600014A4018B600E2B915C01BC6003185178A2
:1023700000B045E3001800018B2B2E2F317900A807
:102380004138F9D7A100B05E84F9B04E0184E00273
:10239000F5B7AD0184E002F577AB0185E001610B93
:1023A0000803BFDE02F015920206ABD30014AB00A7
:1023B000025E02F0121D03BFDE02F014AD01836065
:1023C000022B915C00025E02F0121D0184E006F512
:1023D000B7AD0184E006F577AB0206ABD30014B1CC
:1023E00001846005610B0803BFDE02F01592018DC8
:1023F00060020BF05F0206ABD30014B60188600EDA
:102400002D516A03BFDE02F014B70188600E2B5114
:102410005A028181AB0014C80206ABD30014C1007C
:102420006BAC422334BC00E04467014B10018B606D
:10243000062B915C0287ABD30014BF0182600209B6
:10244000D04E03BFDE02F014C00182600609D04EF8
:1024500003BFDE02F014D7018B60062B915C01BC38
:10246000600318517800B045E30018000183600252
:102470002F317900A84138F9D7A100B05E84FE70F1
:102480004E03BFDE02F014D70206ABD30014D10016
:102490006BAC422334CC00E04467014B10018B60ED
:1024A000022B915C0287ABD30014CF018260060936
:1024B000D04E03BFDE02F014D00182600209D04E7C
:1024C00003BFDE02F014D7018B60022B915C01BCCC
:1024D000600318517800B045E300180001836002E2
:1024E0002F317900A84138F9D7A100B05E84FE7081
:1024F0004E0184E002F5B7AD0184E002F577AB0050
:10250000025E02F0144E0002DE02F0000000B04451
:102510006B000AFE0202DEB30014E70206ABD30032
:1025200014E5018360062B915C0287ABD30014E2B3
:102530000182600209D04E03BFDE02F014E3018283
:10254000600609D04E00025E02F0121103BFDE02E7
:10255000F014E7018360062B915C00025E02F0122A
:102560001101866005610B08020200BF00150C0115
:1025700083E002F7F7BF0203C5730014FC0200807A
:10258000BF0014FC0206ABD30014F5006BAC422371
:1025900034F000E04467014B10018B600E2B915C1E
:1025A0000287ABD30014F30182600209D04E03BF4F
:1025B000DE02F014F40182600609D04E03BFDE0291
:1025C000F0150B018B600E2B915C01BC6003185160
:1025D0007800B045E3001800018B2B2E2F317900D5
:1025E000A84138F9D7A100B05E84F9B04E03BFDE30
:1025F00002F0150B0206ABD300150500E04467009E
:10260000B7BB006CC466F774FE018B60022B915C53
:102610000287ABD30015030182600609D04E03BFC9
:10262000DE02F015040182600209D04E03BFDE0213
:10263000F0150B018B60022B915C01BC60031851FB
:102640007800B045E3001800018360022F31790063
:10265000A84138F9D7A100B05E84FE704E0182E037
:1026600002F597AC0002DE02F0000001BC6003003E
:1026700037A20020E3FE0915680020E0420D9568AE
:1026800002845EB30015680280420300156802846C
:10269000452300156803915E02F015680068AB4F92
:1026A0000015680282DEFF00156800682ABB00156D
:1026B0001900E8446555D7B900E82A9AF737B902F6
:1026C000805EFF00159B020180C700159200B02AB2
:1026D000D70017A1006DDE855515920282DEB3008A
:1026E00015680203C573001549020480C700154927
:1026F00000685E8B00152E0284AC2300152E0203A9
:10270000C5730015490202ABD300152502855EBBD7
:102710000015260282DEBB00154900B02B8300178E
:10272000A1006EAB6AF4352E0203C5730015490093
:10273000682A9B00152D00682ABB00152E006ADE52
:10274000E554F549006ADEE55A554900682AE70074
:10275000154902941DF30015310203DE53001536AE
:1027600003BFDE02F0153401141DF30017A600901C
:102770001CBAF4D7A602005E9B00153600B02B876A
:10278000000AA703BFDE02F0159201BC60030257E6
:102790009201BC63FF1FF0C301BC60030910E30199
:1027A000865E8A1C70E3018460061C70E300682A60
:1027B000EF00153D0185E0061C70E301BC600303DA
:1027C000978200025E02F0157200B054130010E40C
:1027D00000E043915B30E401BC60030010EE01BCFB
:1027E00063FF1FF0CE00E02AEF002ABB01BC6103AB
:1027F0000077A601141DF30017A200B05E8B000C39
:102800001801BC610303EC1903BFDE02F01562027C
:10281000845EB700156801BC60230890E600025E84
:1028200002F0016A00B05ECF0010E40068AAF70071
:1028300035520205AC2300155200E82ACE2337A3F7
:10284000006DDE8E1C955200B05E8F0010E40068B3
:102850002A9B00155A00B02ADB0010E40206ABD315
:102860000015570284C5AF00155A03BFDE02F015EC
:10287000580280456F00155A00695EE700155A003E
:10288000E05EE556D0E40282DEBB00155E00682AF9
:10289000F700155E00E10EDA1C83B600E08EDF0063
:1028A00003B701BC600301D78200025E02F015721B
:1028B00001BC61030077A603BFDE02F0156200B021
:1028C000004700108600025E02F015F800025E026A
:1028D000F010700190600A09104801846006F597B5
:1028E000AC00B05E9B0010800002DE02F00000022F
:1028F000805EFF00156D0281DEBB00156D02018058
:10290000C7001592020480C700159201806002F78B
:10291000F7BF0280C28F0015930201DEBB00159342
:1029200001BC60030017A203BFDE02F0150E0068B1
:102930005E4B0635790285DEFF00158000B02B372F
:102940000017A1006DAAEEF4358001BC60030137C9
:102950008000B02B3B0017A1006D2AEEF4357B02FE
:10296000812BD300157B01BC600301778001BC6023
:102970000300378100025E02F0014301D2DE0AA0AB
:1029800030E000B0540B0010E103BFDE02F015860A
:102990000280ABD300157901BC600301578001BCF4
:1029A000600300178100025E02F0014300B054078B
:1029B0000010E000885E0B0070E10002DE02F00013
:1029C0000000682AF30015920204DEAF00159200A1
:1029D000E844655797A4006E5E9154F59200885EB6
:1029E000930037A4006D5E9154F59200025E02F0F0
:1029F00015E303BFDE02F0159F00E844655797A476
:102A000000885E930037A400025E02F015E303BF66
:102A1000DE02F0159F0284DEAF0015960181E00210
:102A2000F5D7AE03BFDE02F0159F00682B670015D7
:102A30009B00E044655B2AD300682B6B00159A006D
:102A4000E044655A4AD30002DE02F00000018060D3
:102A500006F7F7BF00682AF300159F00E8446557A2
:102A600097A400025E02F015E301846002F597ACC2
:102A700001BC6003000ABC01BC6003000AD301BCB6
:102A80006003000ABB0104DEAF0017A101845E866B
:102A9000F5B7AD0284DEAF0015A8018060060D9089
:102AA0006C0002DE02F000000285AC230015BD02BE
:102AB00003C5730015BD00B02A8F0017A30202AC36
:102AC000230015AD00B02AAF0017A30202DEBB0041
:102AD00015AF00B02A8B0017A300E04466F46AB378
:102AE0000185E005610B0800B04467000B03020696
:102AF000ABD30015B7006BAC422335B600E044679A
:102B0000014B100183E0022B915C03BFDE02F01544
:102B1000BD0183E0022B915C01BC60031851780079
:102B2000B045E3001800018360022F317900A8410D
:102B300038F9D7A100B05E84FE704E0002DE02F0CC
:102B400000000202DEB30015C90206ABD30015C7B0
:102B5000018B600E2B915C0287ABD30015C4018200
:102B6000600209D04E03BFDE02F015C50182600687
:102B700009D04E00025E02F0121103BFDE02F01512
:102B8000DB018360062B915C00025E02F0121102F1
:102B900003C5730015CE0284DEAF0015CE0281DEC0
:102BA000BB0015CE02805EFF0015CE02045EB700AA
:102BB00015E20206ABD30015D5018B600E2B915C9C
:102BC0000287ABD30015D30182600209D04E03BF48
:102BD000DE02F015D40182600609D04E03BFDE028A
:102BE000F015DB018B600E2B915C01BC600318516A
:102BF0007800B045E3001800018B2B2E2F317900AF
:102C0000A84138F9D7A100B05E84F9B04E0183E045
:102C100001610B0801846006F5B7AD0184E002F59F
:102C200077AB01BC6003000ABB01846002F597AC7E
:102C30000185E001610B080186E001610B080002DB
:102C4000DE02F0000000682B5B0015E500B02B5B96
:102C50000017A4006D5E915555E700B02AAB001730
:102C6000A400882B070037A500E82B0AF4AAC200AD
:102C7000885E930037A400E02B0AF48AC200902BF0
:102C80000B00AAC100B02B07000AA70002DE02F069
:102C9000000003A0DE02F015F1020042030015F16E
:102CA00000025E02F00D2F0183E005610B08018434
:102CB0006002F5B7AD0184E006F577AB01BC6003B7
:102CC000000ABB01846002F597AC00B04467000ABB
:102CD000BC0002DE02F00000010C81430017A101DC
:102CE000BC600300508A00685E070016020068DEC0
:102CF0008700360201BC600300B08A00685E0700EE
:102D000036020282DE0300160201BC600300908AD4
:102D10000283DE0300160200E0600AF4D08A006835
:102D20005E0700160A0190422AA1308A00685E07F9
:102D300000360A0190422AA0108A0109DE0300171A
:102D4000A2018F5E8A11508A00685E8B00160A010C
:102D500091E00E11508A0002DE02F000000109DE4F
:102D6000030017A400E05A06F497A500905E96F4BD
:102D700097A50203DE030016120282DE030016127C
:102D800001BC61EF0857A60080DE96F4D7A50116B6
:102D9000DE870017A300885E870077A100E15E87C9
:102DA00002D7A100E0DE8F0017A301BC600300176B
:102DB000A2020E5E0300161901BC60030037A200D8
:102DC000905E96F457A50080DE96F437A100E141AD
:102DD000B7FFF7A600E1DE8701F7A10080DE96F4D9
:102DE00077A300E1DE860DB7A100E0DE8F0017A318
:102DF000017A5E86F477A100885E86F457A100B060
:102E00005E870017A20287DE0300162600885E8711
:102E10000057A103BFDE02F0163302875E030016DF
:102E20002D01BC639B0CD7A50080DE86F4B7A10002
:102E3000E141B7FFF7A500E0DE870017A100885E3B
:102E4000870057A103BFDE02F0163300885E8700BB
:102E500057A101BC639B0CF7A50080DE86F4B7A1E7
:102E600001BC62030017A500E141B6F4B7A500E07C
:102E7000DE870017A100E05E8400D7A10002DE0219
:102E8000F0000002001FF70000120282DE5300165D
:102E90003B0188600204902400E02092F3082400A3
:102EA000E8208EF3082303BFDE02F00B3701B86081
:102EB0001604902401BC600301D02503055E02F0D6
:102EC000164C0287C037000C9E0386DE02F00CA170
:102ED00000025E02F01236035CDE02F0163D00D8FE
:102EE000409B0117A100E05E8702379800A85E634F
:102EF0000077980102DE530017A10182E002F297E9
:102F0000940188DE84FFA7FD006EA08EF3164C00AE
:102F1000E85E6301D02501B8600604902403BFDE9B
:102F200002F0000201816004FFA7FD01B8600A04FD
:102F3000902403BFDE02F0000202285E87001662C2
:102F400000B041930017A400E04193007064010AAF
:102F50005E870017A200E84192F4506301185E8773
:102F60000017A100E86042F437A200885602F43648
:102F7000000068418EF4965E00E8418F00306300E7
:102F8000E8419300306400685E8B0216560090564C
:102F900002F457A300B05806F4760103BFDE02F036
:102FA000165600684192F4966200E841930030643E
:102FB00001BC600300160003BFDE02F0165E00B025
:102FC0005E870017A10002DE02F0000001806002AF
:102FD00086143000B050CB001065013850830017C4
:102FE000A10068DE3B06366A00E05A3300368C00EA
:102FF0006EDA32F4201200B05A0B0017A201BC6343
:10300000FF1FF7A300B050CF001064006EDA32F457
:10301000366F00B05A370017A300B058130017825C
:1030200001BC600300160401BC601B1FD7B601027F
:10303000D0C70017A100E04196F4306500E050CB06
:1030400000D06401BC60030017B401BC600300172A
:103050008001BC6003003781018760040310A00079
:103060009052330097A400E0418701B7B500685E35
:10307000D2F0569600E05EDAF690630020D802F0B7
:10308000368A020250C7001690009056030097A19E
:1030900000E85E86F497A1019E6002F437A1006DFE
:1030A000DE87081690010A5E870017A201DA600227
:1030B000F437A100E05ED6F4506300886006F43770
:1030C000A100205602F4369000B05802F0360000FD
:1030D000E05A2B00368A006ADED2F4768C0068DE75
:1030E000D2F0169100E05E0300378000685E0300B6
:1030F00036910186E0040310A003BFDE02F01691B2
:10310000006ADED2F4768C00E05ED30037B400D0E3
:103110005E0700378102985ED300167B00E0419382
:1031200000306403BFDE02F0167B00685E0300001F
:103130001203BFDE02F006CC0282D0C70016A00048
:10314000B02A370017A101B82A32F43684010250A0
:1031500013001685013C50830017A100B050A70052
:1031600017A4006D5A32F436A90182E00686343184
:103170000288502B0016A500B05A330017A1019EFB
:103180005E8684F427018360068634310002DE0205
:10319000F0000000B050730017A101B8506EF43673
:1031A000840106D00700168500B050AB0017A400BC
:1031B000D06006C0978000E0419700D7B5010A585B
:1031C000130017A100E05ED6F437B500B0580F0029
:1031D0001063011656030017810068D8130016BE4D
:1031E000011400630017A10068DE870016B4008890
:1031F000013B01168003BFDE02F016B90068DE87CE
:103200000076B700A0013BE0168003BFDE02F01697
:10321000B900E05E870970620088540301168000DF
:10322000E85A0330168001BC600300168101BC60BF
:103230000300168201BC600300168303BFDE02F0A8
:1032400016C300E0418EC09063006EC18EC036C3CD
:1032500000E8418EC0306300E858030037A100E069
:10326000418EF43063013850A30017A5006858134D
:1032700003F6DE0068418EC056DE006DDA0AF4B651
:10328000DE011656030017A10068DE86F036DE0167
:103290005856030017A100E05E870DD7A200B05E6C
:1032A000D70010620020DE02A016D500E05E86D0B6
:1032B00037A300E05E8ED077A3006D5A02F456DE8D
:1032C000006E5E8EF496DE00E86002F4368300B095
:1032D0005E8F00168100A05A0F00768300E05A0B23
:1032E00000368200E85A02F4568000D05E030037B0
:1032F0008000E0581300360400E0418F0030630284
:103300009858130016DB00E05ED70037B5006EC199
:103310008EC036C400B0580300106303BFDE02F055
:1033200016C400B058130017A10068DA370016E180
:1033300000B05E8700168D006DDE86D1B6E300B06A
:103340005E8700168D0002DE02F0000001BC600303
:103350000017A1018760040310A001BC600309905D
:10336000B500B0006300F0B401BC60570310B601B3
:10337000BC60030090B500B0006300B0B400B04280
:10338000D30018000317DE02F016EC0397DE02F0FC
:1033900016ED00B02A3300142F018EE00C0310A0AC
:1033A000006DDE02D1B6F300E85A36F0168D03BF89
:1033B000DE02F016F501BC600300168C01BC600350
:1033C00000168D006E5A3AF016F801BC6003001624
:1033D0008E03BFDE02F016F900E85A3AF0168E00AE
:1033E000B058070017A100E0580EF01603006ED881
:1033F0000EF436FF00E85E86C017A100E8580EF410
:10340000360300E8580F00360301185E030017A1C9
:10341000006DDE0302170700E86042F437A2009057
:103420005A1AF4368600885A1EF457A200905A1E83
:10343000F4368700B05A1AF4568603BFDE02F0173E
:103440000900905A1EF4368601BC600300168700FE
:1034500002DE02F000000158600300102A01B8608B
:103460000A04902401BC60030290040189E0020D6B
:10347000906C0002DE02F000000200DE530017191B
:1034800001BC60170777A100025E02F0012700B0BF
:1034900040670017A200B05E8B0057A200025E02D8
:1034A000F0012B01BC600303378001BC60030017EF
:1034B0008100025E02F011320002DE02F000000123
:1034C000BC600303378000025E02F0112D0183E02F
:1034D00006F037810181E006F0378100025E02F0DC
:1034E000113200B05E070017A200E044670B57A13D
:1034F000006B4466F4372001BC6003113780000282
:103500005E02F0112D01806006F0378100025E023C
:10351000F0113201BC600300978000025E02F011DE
:103520002D01806006F0378100025E02F01132004A
:10353000E044670157A1006B4466F4372A01BC6080
:103540000303378001A0607EF4578100025E02F021
:10355000113200E044670797A1006B4466F4372FEF
:1035600001BC600311578000025E02F0112D01843E
:103570006006F0378100025E02F0113200B05E0793
:103580000017A201BC60030A378000025E02F0113E
:103590002D01806002F0378100025E02F0113200DE
:1035A000E044670037A1006B4466F4373A0180605D
:1035B00006F0378100025E02F0113201BC600308A0
:1035C000578000025E02F0112D018A6002F03781FF
:1035D00000025E02F0113200E044670037A1006B88
:1035E0004466F43742018A600EF0378100025E02C1
:1035F000F0113200E044670657A1006B4466F437CF
:103600004601BC60030CB78000025E02F0112D027F
:1036100080DE0700173001BC600311578001846011
:1036200002F4578100025E02F0113201BC60030017
:1036300037A30206ABD30017510284C5AF00175958
:1036400003BFDE02F017520280456F00175901BC1C
:1036500060030017A3018B600E2B915C01BC60031B
:1036600018517800B045E3001800018B2B2E2F3144
:103670007900A84138F9D7A100B05E84F9B04E01B5
:10368000BC60170777A100025E02F0012700B0407E
:10369000670017A200A85E8B0057A200025E02F02E
:1036A000012B00E044670157A1006B4466F4375FCB
:1036B00001BC600301B7A101BC60030477A2000252
:1036C0005E02F0012B01BC60130AF7A101BC60038C
:1036D0000017A200025E02F0012B01BC600301177B
:1036E000A400E85E930037A401BC600301D7A100E9
:1036F000B05E930017A200025E02F0012B01BC60D5
:10370000130AD7A101BC60030017A200025E02F0F9
:10371000012B0068DE9300176700685E8F00177149
:103720000002DE02F0000001BC60270CB7A101BC62
:1037300060030197A200025E02F0012B01BC60272A
:103740000EB7A101BC60030137A200025E02F001C6
:103750002B01BC60030657A401BC60030077A301E2
:10376000BC60130957A100025E02F00127018060CE
:10377000060337A200025E02F0012B01806002F412
:1037800057A200025E02F0012B00E04466F497A10C
:10379000006B4466F4378000E85E8F0037A3006852
:1037A0005E8F00178701BC60030317A401BC60276C
:1037B0000F17A100025E02F001270068C0671FF723
:1037C0007901BC60270EB7A101BC600301F7A2001C
:1037D000025E02F0012B0002DE02F000000002DEB9
:1037E00002F000000200DE5300179D01BC60130EC2
:1037F00077A100025E02F0012700A040673FEC4481
:1038000001BC60131497A100025E02F0012701962B
:10381000E0020337A200025E02F0012B01BC60133C
:1038200009B7A100025E02F0012701876002033799
:10383000A200025E02F0012B01BC60130997A100F7
:10384000025E02F00127018760060337A200025ED4
:1038500002F0012B0002DE02F0000001BC607300E8
:1038600017A301BC60131497A100025E02F00127A8
:1038700000A04066F477A40196E01EF497A300B080
:103880005E8D8897A200025E02F0012B01BC6013DE
:1038900009B7A100025E02F0012701876006033725
:1038A000A200025E02F0012B01BC60130997A10087
:1038B000025E02F00127018760060337A200025E64
:1038C00002F0012B0002DE02F000000068DE93002F
:1038D00017B100E05E030057A201095E8B0017A13B
:1038E00003BFDE02F017B90068DE930037B50110A0
:1038F0005E030017A200E05E8B0097A103BFDE020B
:10390000F017B901305E030017A200E05E8B01974B
:10391000A1006D5E870597B901BC60030597A10002
:1039200002DE02F0000000682BCB0017BF00B02BB6
:10393000F30017A100E05E855FB7A1006BDE862370
:1039400037BF0186E006F7F7BF0002DE02F0000095
:1039500000681F330017CD020200BF0017C3020327
:1039600045730017CD0285C5230017CD00681F33AE
:103970000037CB00B01FC70017A100025E02F001A4
:103980002700A84064F9D7A200B05E88F9B7A2006A
:10399000025E02F0012B03BFDE02F017CD00A8414A
:1039A00038F9D7A100B05E84F9B04E0002DE02F013
:1039B0000000020200BF0017C3020345730017CDC9
:1039C0000158600300102A0189E0020D906C01BCCF
:1039D000600300900400B040130017A10002DE0253
:1039E000F00000018260060F10780207C1E30017A3
:1039F000D601BC60030C17A301BC600300907601E4
:103A0000BC600300107700025E02F0013401BC606C
:103A1000030C97A300025E02F0012F00886011875B
:103A200057A101BC5E860EF07700025E02F0013401
:103A300001BC60030C17A301BC600300B07601BC9D
:103A4000600300107700025E02F0013401BC6003E5
:103A50000C97A300025E02F0012F008860058757D3
:103A6000A101BC5E860ED07600025E02F001340138
:103A7000BC60030017A300025E02F0012F01856005
:103A8000060ED07600025E02F0013401BC60030C29
:103A900017A301BC600300307601BC6003001077FF
:103AA00000025E02F0013401BC60030C97A3000227
:103AB0005E02F0012F01AC60A20EF07700025E0200
:103AC000F0013401BC60030017A300025E02F001A4
:103AD0002F018560060ED07600025E02F0013401EF
:103AE000BC60030C17A301BC600300307601BC600E
:103AF0000300107700025E02F0013401BC60030C89
:103B000097A300025E02F0012F01AC60020EF07775
:103B100000025E02F0013401BC60030017A3000242
:103B20005E02F0012F018560060ED07600025E0273
:103B3000F00134018260020F10780002DE02F00012
:103B40000001BC60130817A100025E02F00127010A
:103B50008060020337A200025E02F0012B01BC600C
:103B6000030037A100025E02F001270188600E0306
:103B700037A20068B0EB0018100188600A0337A272
:103B800000025E02F0012B01BC601B0657A100027F
:103B90005E02F00127018830EA0337A200025E02CC
:103BA000F0012B00025E02F017D501BC601308176C
:103BB000A100025E02F00127018060060337A20027
:103BC000025E02F0012B0002DE02F0000001BC6088
:103BD000430890E600025E02F0016A01BC604F11EA
:103BE00010E40190600A09104801BC60030000065F
:103BF00001BC600301D78201D2DE0877F0E000B09B
:103C00000F030010E100B0004700108600B00F1F46
:103C100000108A01BC600300378100025E02F010D0
:103C20007001BC60030010BB01BC61030010800187
:103C300082600610308103D05E02F003940002DE41
:103C400002F0000000681F83001882028042030017
:103C500018820285C52300188200681F8F003882F1
:103C600000681F8B00385F01BC60130817A10002B9
:103C70005E02F00127018060020337A200025E02AB
:103C8000F0012B01BC601B1B57A100025E02F0017A
:103C90002700B04067000C3E0182E0060337A20017
:103CA000025E02F0012B01846006F457A200025E5E
:103CB00002F0012B01BC60270F37A100025E02F069
:103CC000012700B04067000C3F018860060337A25F
:103CD00000025E02F0012B01BC60271597A10002D3
:103CE0005E02F0012700B04067000C40019B6016A7
:103CF0000337A201806006F457A200025E02F001C1
:103D00002B01BC60131077A101BC600B0017A2004F
:103D1000025E02F0012B01BC60131057A100025E8D
:103D200002F0012701B860820337A200025E02F0B0
:103D3000012B01BC60131037A100025E02F00127C5
:103D40000180E0020337A200025E02F0012B01BCF9
:103D500060030007E201BC60030007E30068310F65
:103D600000185700E044658867E103BFDE02F018E1
:103D70005800E044670807E101BC60131037A10058
:103D8000025E02F00127018060060337A200025E96
:103D900002F0012B01BC60030027E200025E02F08A
:103DA0000127020040670018730280420300187365
:103DB0000285C52300187301BC60131037A10002EF
:103DC0005E02F0012702004067001866006CC464C0
:103DD000FC385F00E03107002C4100E0310B002C83
:103DE0004201BC601310F7A100025E02F00127003F
:103DF000B0406700018401BC601310D7A100025ECF
:103E000002F0012700B0406700018501BC602B1360
:103E100057A100025E02F0012700B0406700018652
:103E200001BC60131117A100025E02F0012700B06F
:103E3000406700018701BC60271597A100B03103DE
:103E40000017A200025E02F0012B01BC60270F37B1
:103E5000A100B030FF0017A200025E02F0012B01AA
:103E6000BC601B1B57A100B030FB0017A200025E14
:103E700002F0012B01BC60130817A100025E02F0E2
:103E80000127018060060337A200025E02F0012BC9
:103E900001BC60030007E201BC60030007E000B062
:103EA0005E870017A10002DE02F0000001BC600383
:103EB000000C2500B030CB00179E00B030CF0017AB
:103EC0009D00B030D300179C00B030D700179B0383
:103ED000BFDE02F00A1A000000000000000000002F
:103EE00000000000000000000000000000000000D2
:103EF00000000000000000000000000000207EC064
:103F000000000000000000000000000000000000B1
:103F100000000000000000000000000000000000A1
:103F20000000000000000000000000000000000091
:103F300000000000000000000000000000207EC023
:103F40000000000000000000000000000000000071
:103F50000000000000000000000000000000000061
:103F60000000200000004011010000000000801649
:103F70000100800000008016010080030000801610
:103F8000000000400000801A2100E00300008016BD
:103F9000000200400000801A100200400000801A59
:103FA000100202400000801A6100E0030000801649
:103FB000100200400000801A6101E013000080162A
:103FC000300200400000801A100200400000801AF9
:103FD0001C0200400000801A000200000000801A4D
:103FE0001C0A00400000801A1C0A20400000801AB1
:103FF0001FCA20400000801A1FCA20400000801AFB
:10400000010000000000801E090000000000801E6A
:10401000000000000000800200000000000080029C
:104020000000000000008002080000000000801E68
:10403000000000000000801E010000000000801E43
:10404000110000000000801E1FCA20C00000801A5E
:104050001FCA20C00000801A5FCA20C00000801A5A
:10406000B06400000000800E0000280000008012F4
:10407000110000000000801E00000000C8254285DD
:1040800000000000000040010000000000004001AE
:1040900000000000000040015FCA204000004019FD
:1040A0001FCA204000004019010000000000401D10
:1040B000010000000000401D010000000000401D44
:1040C000090000000000401D1FC2204000004019F0
:1040D0000F0000000000401D1FC220C0000040195A
:1040E0001BC220C000004019207D00000000400DD0
:1040F000000020000000401100000000330442894D
:10410000000000000000400100000000000040012D
:1041100000000000000040011BC2204000004019C8
:10412000090000000000401D1BC220400000401993
:10413000010000000000401D000000000000401DC4
:104140001FC2204000004019010000000000401D77
:10415000090000000000401D1FC22040000040195F
:104160000B0100000000401D1FC220C000004019CC
:104170001BC220C000004019C07700000000400DA5
:10418000000028000000401100000000331C42899C
:10419000000000000000400100000000000040019D
:1041A00000000000000040011FC220C000004019B4
:1041B0001FC220C0000040196100E013000040153C
:1041C000000000000000400100000000000040016D
:1041D00000000000000040016101E01300004015F4
:1041E00013C220C000004019610180130000401577
:1041F0000A0100000000401D13C220C00000401949
:1042000008040000000000F8000000000000400169
:10421000000000000000400100000000000040011C
:10422000000000000000400100000000000040010C
:1042300013C22040000040190B0100000000401D87
:1042400013C220C00000401900000000000040011F
:104250000000000000004001030100000000401DBC
:1042600013C2204000004019000008000000401167
:1042700061018013000040156101801300004015AA
:1042800061018013000040151FC22040000040194A
:104290001FC22040000040191FC2204000004019EA
:1042A0000B0100000000401D0B0100000000401D3C
:1042B0001FC220C0000040191BC220C000004019CE
:1042C000C37700000000400D00000800000040110E
:1042D00000000000131C42880000000000004001A4
:1042E000000000000000400100000000000040014C
:1042F0001BC2204000004019090000000000401DC2
:104300001BCA2040000040191FCA2040000040196D
:10431000090000000000401D1FC22040000040199D
:104320000F0000000000401D1FC220C00000401907
:104330001BC220C000004019237D00000000400D7A
:10434000000000000000401100000000130442883B
:1043500000000000000040010000000000004001DB
:1043600000000000000040011BC220400000401976
:10437000090000000000401D1BCA20400000401939
:10438000010000000000401D1FCA2040000040192D
:10439000110000000000401D1FCA2040000040190D
:1043A0001FCA20C0000040191FCA20C000004019C9
:1043B0001FCA20C0000040195FCA20C00000401979
:1043C000B06400000000400D000008000000401133
:1043D000110000000000401D00000000B8254284CC
:1043E000000000000000400100000000000040014B
:1043F00000000000000040015FCA2040000040199A
:10440000010000000000401D1FCA204000004019AC
:104410001FCA204000004019000000000000401D9D
:104420001C0A2040000000181C0A20400000001850
:104430000000000000000010000000000000001C50
:1044400061018013000000141C0A204000000018C5
:104450006101800300000014100A204000000018D1
:10446000000A204000000018000A00400000001868
:104470004101800300000014000800400000001803
:1044800000001000000000100008024000000018AA
:104490000008034000000018000802400000001857
:1044A000000800400000001800000000000000109C
:1044B000000800400000001800080040000000183C
:1044C00041018000000000144101000000000014C0
:1044D0004001000000000014000802400000001825
:1044E0000001000000000014000800400000001857
:1044F000000800C000000018080C000000000004C4
:1045000008080000000000FC00000000000000009F
:10451000000000000000000000000000000000009B
:104520000C715D48075F3100B3C9A561005B234B87
:10453000452524472808000000000000941DC513ED
:1045400001BD32080100343334333961302D726FCC
:104550006D6C2F7364696F2D672D706F6F6C2D708C
:1045600032702D69647375702D6964617574682D7E
:10457000706B7466696C7465722D6B656570616CC7
:104580006976652D616F652D6C70632D7377646935
:10459000762D7372666173742D66756172742D6207
:1045A0007463782D6E6F636C6D696E632D636C6DD3
:1045B0005F6D696E2D6662742D6D66702D73616519
:1045C0002D776F776C70662D746B6F2056657273E4
:1045D000696F6E3A20372E39352E34392028323221
:1045E000373162623620435929204352433A2062D0
:1045F0003761323865663320446174653A204D6F07
:104600006E20323032312D31312D32392032323A72
:1046100035303A3237205053542055636F6465204B
:104620005665723A20313034332E323136322046DC
:104630005749442030312D633531643934303000EE
:10464000FA00445649442030312D6230623435320C
:1046500030660000000000000000000000000000C4
:10466000000000000000000000000000000000004A
:10467000000000000000000000000000000000003A
:10468000000000000000000000000000000000002A
:1046900000000000424C4F423C000000FA69E0BBC1
:1046A0000100000002000000000000003C000000CB
:1046B000980300000A6F2B52000000000000000069
:1046C000D403000004000000A0B0E5E200000000F8
:1046D000434C4D204441544100000C000200526103
:1046E0007370626572727950692E5069636F5700FA
:1046F0000000312E32392E3400000000000000008E
:1047000070000000436C6D496D706F72743A203117
:104710002E34372E310000000000000000000000A1
:10472000000076352032322F30362F323400000030
:104730000000000000000000010B010D0C0D000046
:1047400068030000740100006800000030010000F0
:104750007C010000000000004C0100004601000048
:104760005803000000000000280100009003000032
:10477000880300007FB2000000000000000000007D
:104780000000000000000000000000000000000029
:1047900000000000000000007003000000000000A6
:1047A00032010000000000000000000000000000D6
:1047B00000000000000000000000000000000000F9
:1047C00000000000000000000000000000000000E9
:1047D00000000000000000000000000000000000D9
:1047E00000000000000000000000000000000000C9
:1047F0000000000000000000340000008101000003
:104800000102323032322D30362D32342030363AF9
:1048100035353A3038000000FF0000000100FF018C
:104820001E0000014800010100FF011400000148C2
:1048300000010000FF000000020000011E01000155
:10484000480101000000000000000000000100011C
:1048500001236E000200FFFFF0004154000100013F
:10486000FFC000415500010001FFC00042450001AA
:104870000001FFC000425200010001FFC00043419F
:104880000000FF00FFCC00434800010001FFC00012
:10489000434C00010001FFC000434E00010001FF36
:1048A000C000434F00010001FFC000435A00010057
:1048B00001FFC00044450001FF01FFCC00444B0054
:1048C000010001FFC000454500010001FFC0004597
:1048D0005300010001FFC000465200010001FFC06B
:1048E00000474200010001FFC000475200010001E3
:1048F000FFC000484B00010001FFC0004855000107
:104900000001FFC000494C00010001FFC000494EFA
:1049100000010001FFC000495300010001FFC00079
:10492000495400010001FFC0004A5000010001FF8E
:10493000C0004B4500010001FFC0004B52000100C8
:1049400001FFC0004C4900010001FFC0004C5400B1
:10495000010001FFC0004C5500010001FFC0004CE8
:104960005600010001FFC0004D5400010001FFC0CE
:10497000004D5800010001FFC0004D590001000129
:10498000FFC0004E4700010001FFC0004E4C000177
:104990000001FFC0004E4F00010001FFC0004E5A51
:1049A00000010001FFC000504500010001FFC000F0
:1049B000504800010001FFC000504C00010001FF01
:1049C000C000505400010001FFC000534500010029
:1049D00001FFC000534700010001FFC00053490020
:1049E000010001FFC000534B00010001FFC0005453
:1049F0004800010001FFC000545200010001FFC047
:104A000000545700010001FFC00055530000000092
:104A1000FFC00058580003FF02FFCC005A410001BC
:104A20000001FFC000010D01000148000000014825
:104A300000000001480100000100000055030000D3
:104A40000A0C0D0E0F1011121314150C00010203A5
:104A50000405060708090A0B00000000000000001A
:104A60000000000000000000AFA900004E565241B7
:104A70004D5265763D2452657624006D616E6669FF
:104A8000643D30783264300070726F6469643D3028
:104A900078303732370076656E6469643D3078313E
:104AA0003465340064657669643D3078343365324A
:104AB00000626F617264747970653D3078303838A7
:104AC0003700626F6172647265763D3078313130E3
:104AD0003000626F6172646E756D3D3232006D61DF
:104AE00063616464723D30303A41303A35303A6245
:104AF000353A35393A35650073726F6D7265763DBA
:104B0000313100626F617264666C6167733D307849
:104B1000303034303430303100626F617264666C32
:104B2000616773333D3078303430303030303000AE
:104B30007874616C667265713D3337343030006E65
:104B40006F6372633D31006167303D32353500611E
:104B50006132673D310063636F64653D414C4C00D9
:104B60007061306974737369743D307832300065F8
:104B7000787470616761696E32673D3000706132D0
:104B80006761303D2D3136382C363634392C2D378F
:104B90003738004176566D69645F63303D30783058
:104BA0002C307863380063636B7077726F6666735E
:104BB0006574303D35006D617870326761303D3825
:104BC0003400747870777262636B6F663D36006391
:104BD000636B627732303267706F3D30006C6567AF
:104BE0006F66646D627732303267706F3D30783651
:104BF00036313131313131006D63736277323032A9
:104C000067706F3D3078373737313131313100706F
:104C1000726F70627732303267706F3D30786464E3
:104C2000006F66646D64696766696C747479706539
:104C30003D3138006F66646D64696766696C7474D1
:104C400079706562653D313800706170646D6F64C4
:104C5000653D31007061706476616C696474657380
:104C6000743D3100706163616C69647832673D3412
:104C70003500706170646570736F66667365743D4E
:104C80002D33300070617064656E646964783D3501
:104C900038006C746563786D75783D30006C7465B0
:104CA00063787061646E756D3D30783031303200FC
:104CB0006C74656378666E73656C3D30783434006F
:104CC0006C746563786763696770696F3D307830CD
:104CD0003100696C306D6163616464723D30303AFB
:104CE00039303A34633A63353A31323A33380077FF
:104CF0006C3069643D3078343331620064656164DE
:104D00006D616E5F746F3D30786666666666666676
:104D100066006D7578656E61623D307831303000C7
:104D200073707572636F6E6669673D3078330067C4
:104D30006C697463685F62617365645F6372736DED
:104D4000696E3D31006274635F6D6F64653D310073
:104D5000000000000050F20100000000636C6D6C68
:104D60006F61640000000000636C6D6C6F61645FD4
:104D7000737461747573000000000000636F756EDA
:104D80007472790000000000636C6D76657200003B
:104D90006375725F657468657261646472000000B7
:104DA000000000000000000000A050B5595E0000A7
:104DB00062737300000000006D61786173736F634C
:104DC0000000000063636770696F696E0000000097
:104DD000BE9F0010929F0010929F0010DE9F001057
:104DE000929F0010929F001018A00010929F001038
:104DF000929F0010929F0010929F0010849F0010BD
:104E0000929F0010929F0010929F0010929F00109E
:104E100032A00010929F0010929F0010929F0010ED
:104E2000929F0010929F0010929F0010A09F001070
:104E3000929F0010929F0010929F0010929F00106E
:104E4000929F0010929F0010929F0010929F00105E
:104E5000929F0010929F0010929F0010929F00104E
:104E6000929F0010929F0010929F0010929F00103E
:104E7000929F0010929F0010929F0010929F00102E
:104E8000929F0010929F001068A000106379773401
:104E9000335F656E737572655F7570007570646100
:104EA00074655F75735F73696E63655F626F6F745E
:104EB000000000000CCD001018CD00100000000014
:104EC00020CD0010000000000000000028CD0010E0
:104ED00034CD0010000000000000000000000000C1
:104EE0003CCD001048CD0010000000000000000084
:104EF0000000000058CD001000000000000000007D
:104F000000000000000000000000000000000000A1
:104F10000000000000000000000000000000000091
:104F20000000000000000000000000000000000081
:104F30000000000000000000000000000000000071
:104F40000000000000000000000000000000000061
:104F50000000000000000000000000000000000051
:104F600000000000000000000000000060CD001004
:104F70000000000000000000000000000000000031
:104F80000000000000000000000000000000000021
:104F90000000000000000000000000000000000011
:104FA0000000000000000000000000000000000001
:104FB00000000000000000000000000000000000F1
:104FC000000000000000000068CD0010000000009C
:104FD00000000000000000000000000000000000D1
:104FE00000000000000000000000000000000000C1
:104FF0000000000078CD001000000000000000005C
:1050000000000000000000000000000000000000A0
:105010008CCD00109CCD001063797734335F6472BF
:10502000697665725F6465696E6974006379773467
:10503000335F7363686564756C655F696E74657210
:105040006E616C5F706F6C6C5F64697370617463C8
:105050006800000063797734335F706F73745F703A
:105060006F6C6C5F686F6F6B000000006379773462
:10507000335F6972715F6465696E69740000000076
:105080007570646174655F75735F73696E63655F86
:10509000626F6F740000000063797734335F736C64
:1050A0006565705F74696D656F75745F7265616366
:1050B0006865640063797734335F646F5F706F6C29
:1050C0006C00000063797734335F6972715F696ED9
:1050D000697400006C6F775F7072696F5F697271DD
:1050E0005F696E69740000006C6F775F7072696F42
:1050F000726974795F6972715F68616E646C657200
:10510000000000006C6F775F7072696F5F69727189
:105110005F6465696E6974006173796E635F636F64
:105120006E746578745F74687265616473616665D6
:105130005F6261636B67726F756E645F6465696EF1
:10514000697400006173796E635F636F6E74657874
:10515000745F746872656164736166655F626163E0
:105160006B67726F756E645F696E69740000000032
:105170007570646174655F75735F73696E63655F95
:10518000626F6F740000000070726F636573735F0D
:10519000756E6465725F6C6F636B000002000000E7
:1051A00085A6001059A80010EDA600103BA800101D
:1051B00005AA0010E5A90010C5A90010A5A90010B6
:1051C000DFA60010000000008BA9001081A90010CC
:1051D000B1A800107570646174655F75735F736961
:1051E0006E63655F626F6F74000000006173796EBB
:1051F000635F636F6E746578745F626173655F721D
:10520000656D6F76655F72656164795F61745F7407
:0C521000696D655F776F726B657200005E
:10521C00D8D60010E4D6001088020010F0D600108A
:10522C0094020010A0020010AC02001030D7001045
:10523C00F0B5C64600B5040090461F002668EFF393
:10524C00108C72B63568002DFCD0BFF35F8F042331
:10525C00E55E002D0EDC2368BFF35F8F00221A6021
:10526C008CF310884046390000F0E6FD0028E5D0AC
:10527C00002009E0013DA5802368BFF35F8F002269
:10528C001A608CF31088012080BCB846F0BD10B5B4
:10529C000268EFF3108172B61368002BFCD0BFF3D9
:1052AC005F8F0422835E0624025F93420BDA013384
:1052BC0083800368BFF35F8F00221A6081F310882C
:1052CC0040BF012010BD0368BFF35F8F00221A603E
:1052DC0081F310880020F5E710B5D0231B060024BD
:1052EC001C570DE0154B164A1648382100F074FD7A
:1052FC000368BFF35F8F00221A6081F3108820BF10
:10530C000268EFF3108172B61368002BFCD0BFF368
:10531C005F8F0423C356A34201D0002BE8DA04713B
:10532C0043790133DBB243710268BFF35F8F002016
:10533C00106081F31088002BD4D010BD14B5001070
:10534C00BCD200101CB5001003000068EFF3108CE9
:10535C0072B60268002AFCD0BFF35F8F04229A5603
:10536C00002A0BDB002910D00A6000201B68BFF359
:10537C005F8F00221A608CF310887047D0221206BF
:10538C00127852B21A710120F0E70020EEE700000B
:10539C0010B50300D0221206002010561C68EFF343
:1053AC00108C72B62268002AFCD0BFF35F8F0422E7
:1053BC009A56002A06DB824204D0002918D00A60D3
:1053CC00002007E018715A790132D2B25A71002AC2
:1053DC0008D001201B68BFF35F8F00221A608CF38A
:1053EC00108810BD034B044A0448652100F0F4FCFE
:1053FC000020EFE714B50010A0D200101CB500106F
:10540C00F8B5CE46474680B50400170098460368A9
:10541C00002B20D0D0231B061B785BB29946266844
:10542C00EFF3108C72B63568002DFCD0BFF35F8F94
:10543C0004256557002D14DB2368BFF35F8F002212
:10544C001A608CF310883800414600F0F5FC0028F7
:10545C00E5D000200FE00A4B0A4A0B48852100F0EA
:10546C00BBFC4B4623712368BFF35F8F00221A608D
:10547C008CF310880120C0BCB946B046F8BDC046BC
:10548C0064B5001070D200101CB5001070B582B05D
:10549C00060015001C0001A9FFF756FF002807D1D4
:1054AC00019B5BB2D0221206127852B2934201D108
:1054BC0002B070BD2A0023003000FFF7A1FFF7E710
:1054CC0010B582B00400684600F0BEFC009A019B47
:1054DC002000FFF795FF02B010BD000010B5026868
:1054EC00EFF3108172B61368002BFCD0BFF35F8F03
:1054FC000423C356002B0ADBFF2303710368BFF39D
:10550C005F8F00221A6081F3108840BF10BD034BDF
:10551C00034A0448B42100F05FFCC04678B5001083
:10552C0064D200101CB5001010B50268EFF31081A6
:10553C0072B61368002BFCD0BFF35F8F0423C356E5
:10554C00002B12DB4379002B15D0013BDBB24371EE
:10555C00002B16D1FF3303710368BFF35F8F00225A
:10556C001A6081F3108840BF10BD0A4B0A4A0B48E1
:10557C00BB2100F031FC0A4B074A0848BC2100F063
:10558C002BFC0368BFF35F8F00221A6081F3108835
:10559C00EAE7C04678B500104CD200101CB50010DC
:1055AC009CB50010094B1B78002B08D00CE09A001E
:1055BC0080214905511808680549505001333F2B8B
:1055CC00F5DD024B01221A707047C0468927002076
:1055DC002814002010B5014B984710BD2914002049
:1055EC0000280AD003231B02054A12685340C0222C
:1055FC0092001340034A136070470223F3E7C0463E
:10560C000C8001400C900140F0B5D6464F46464602
:10561C00C0B507000E00150018239A461B881422EB
:10562C009046108828499847814653461B88424625
:10563C00108826499847040053461B884246108818
:10564C002349984780464B46002B0CD0002C0AD09F
:10565C00002808D0FFF7A6FFC847A0470020FFF797
:10566C00BFFF2A000FE01B4B1B4A1C48802100F097
:10567C00B3FB002B07D0002A05D0C0235B051B6EA3
:10568C003370013A01362B00134312D0C0235B0553
:10569C009C6A08232340A407EBD5002DE9D0511BAD
:1056AC000D29E6D83878C02149050866013D013737
:1056BC00DFE70120FFF794FFC047FFF78BFFE0BC4B
:1056CC00BA46B146A846F0BD494600004558000010
:1056DC004643000074C0001004D8001078BF0010BE
:1056EC0010B5002308E00133DA00002108481150FE
:1056FC00844662445160DBB20E2BF4D90548F0228B
:10570C009200002100F088FB034B044A1A6010BD84
:10571C00000010502821002004250020800110508A
:10572C00F0B5CE46474680B585B0234B9F6D00241F
:10573C00012603E0B74376000134E4B2002F36D0E3
:10574C001F2C34D83E42F6D01C4B9E6563089946FC
:10575C000123634001221A4090464B465D004544AC
:10576C006D01174BED18280000F034FA0028E1D039
:10577C00134A4B465B0043445B01D3189A7891461D
:10578C00DB8A98460C22002101A800F045FB072378
:10579C006A4653716B464A461A724346039301217B
:1057AC0001A800F03FFA280000F09EF9C2E705B00E
:1057BC00C0BCB946B046F0BD0000115000301150CD
:1057CC00E820002070B584B0634A9823D558802314
:1057DC009B022C001C401D4240D0604B9A6A604BCF
:1057EC001A600024002109E05E4B5B183C33002258
:1057FC001A7000F0ABF931000134E4B20F2C18D858
:10580C00A60130002030574BC0189B193B331B7836
:10581C00022BF1D1534B9B193A331E78002EEBD04F
:10582C00504BA1015B183C331B78002BDCD13100B1
:10583C00E2E7002908D14C4B1B78002B04D14B4AD2
:10584C00903380218902D150434B996C4905490D05
:10585C000122002000F0D8FA8024A402EB0609D41F
:10586C00EB0329D580235B021C4301AB404A1A8011
:10587C0000260BE010231C43FFF752FFF0E701ABAF
:10588C00985D00F0F1FA0123C3700136012EF6D9B0
:10589C0001AE0C220021300000F0BEFA062373701A
:1058AC00344A02AB03CA03C30121300000F0BAF939
:1058BC002E4B802292021A65EB0407D46B041ED483
:1058CC002B042FD4AC4241D104B070BD80235B01BA
:1058DC001C43214B00221A60FFF702FF01AE0C2281
:1058EC000021300000F098FA012373700121300080
:1058FC0000F098F91D4B802212031A65DEE7802315
:10590C00DB011C4301AE0C220021300000F084FAB4
:10591C00042373700121300000F084F9134B102222
:10592C001A65CDE780231B021C4301AE0C2200211B
:10593C00300000F071FA052373700121300000F083
:10594C0071F90A4B802212011A65BBE721006940EC
:10595C00094800F049FAC0460000115000400540CB
:10596C00D8200020E820002085270020003011508E
:10597C000080FFFF000010507CC10010094B1B6C15
:10598C009B070CD48378DB09012B01D0002007E0A6
:10599C00C37E022B01D0002002E0012000E0002099
:1059AC007047C0460000115010B5FFF7E7FF002804
:1059BC0009D0064B9B6A064A12689B1A054A944604
:1059CC006344C62B00D810BD0020FCE70040054006
:1059DC00D8200020E0FCFFFFF8B504000F00838AFC
:1059EC00028B1E1C934200D9161CB6B29B1BA382C1
:1059FC008022D2003243E378002B13D08025AD01F6
:105A0C00154301225340E3706378002B0CD0A38A1A
:105A1C00002B02D18023DB011D43002F00D02D046D
:105A2C002800F8BD0025EBE7E068BB01C018216930
:105A3C00320000F011FA23699B19236180231B02A9
:105A4C001D43E4E770B5040083681B68002900D08F
:105A5C001B0C9D05AD0D6278002A12D11B0409D4D4
:105A6C00E38A5B19E382238BAB4201D90023A38227
:105A7C00280070BD0E4B0F4A81210F48490000F0E1
:105A8C00ABF91B040DD52069E368890159182A006C
:105A9C0000F0E2F9E38A5B19E38223695B19236165
:105AAC00E1E7064B034A0A210348FF3100F094F961
:105ABC009CC1001074D80010BCC1001020C2001092
:105ACC0010B5040083681B680021FFF7BBFF6368F7
:105ADC001B685B0002D5238B834200D010BD0121D3
:105AEC002000FFF7AFFFF9E7002383768382C382A0
:105AFC000361704710B5002902D083681B681940F8
:105B0C00002A0FD0114352050CD5826813685B052F
:105B1C000BD40B4B0B401360FFE7FFE7FFE7FFE7EE
:105B2C00FFE7FFE78368196010BD83787F21194078
:105B3C00DB09044A9B0004489A5800F055F9C0460A
:105B4C00FFFBFFFFD80D002040C2001070B5040011
:105B5C0043681E680021FFF73FFF80256D01054358
:105B6C00194B1B6C0222110019401A4204D1A37864
:105B7C00DB0917D0002917D0A3785B0616D10023B8
:105B8C00A28A002A01D0002B12D0104B1E40802379
:105B9C009B053343626813602A0000212000FFF745
:105BAC00A9FF70BD0123EBE70023E9E70123E7E739
:105BBC0001212000FFF710FF0543054A3240A023C6
:105BCC00DB051343E6E7C04600001150FFFFFFAFB3
:105BDC00FFFFFFDF70B50400857E002D06D0FFF7B8
:105BEC006FFFA38A002B0BD1280070BD83787F2117
:105BFC001940DB09094A9B0009489A5800F0F4F84F
:105C0C002000FFF7D1FE051E03D0012323770025CA
:105C1C00EAE72000FFF79AFFE6E7C046D80D002020
:105C2C0060C2001070B584B005004378042B48D0D6
:105C3C0006D8022B23D0032B00D0A9E0002466E069
:105C4C00052B00D0A4E05C4B1B78DB0737D55A4AF8
:105C5C00137804218B431370584B1C6820001430AC
:105C6C0000F0E2F82900200000F0C6F86269A36990
:105C7C00BFF35F8F0021116083F310881FE04E4B40
:105C8C001A7801218A431A701A7801318A431A70E2
:105C9C0000265E701A7802318A431A70474B1C68D2
:105CAC002000143000F0C0F82900200000F0A4F807
:105CBC006269A369BFF35F8F166083F3108804B029
:105CCC0070BD3D4B1B78DB07F9D53B4A137804219B
:105CDC000B431370394B1C682000143000F0A4F8EF
:105CEC002900200000F088F86269A369BFF35F8F78
:105CFC000021116083F31088E1E762001219D200D1
:105D0C002F4B1B689B18002B13D10134E4B22D4B85
:105D1C001B78A34216D32C4A002A11D0A342ECD8EC
:105D2C00E31ADBB2002BF0D15A00D318DB00274A60
:105D3C009B185B69002BE8D0287869689847E4E7E2
:105D4C002300EFE71C4B1B785B07B8D51A4A137876
:105D5C0004218B4313700C22002101A800F05CF885
:105D6C002B786A46137105235371144B1C68200061
:105D7C00143000F059F801A9200000F03DF86269D8
:105D8C00A369BFF35F8F0021116083F3108896E73E
:105D9C000A4B1C682000143000F046F82900200043
:105DAC0000F02AF86269A369BFF35F8F00211160CC
:105DBC0083F3108883E7C046D012002028130020FC
:105DCC00A80F0020842700207D4C001010D9001053
:105DDC007047C0460000000001B40248844601BC74
:105DEC00604700BFB12B001001B40248844601BCCF
:105DFC00604700BFE12C001001B40248844601BC8E
:105E0C00604700BFF770001001B40248844601BC23
:105E1C00604700BFA153001001B40248844601BC86
:105E2C00604700BF7548001001B40248844601BCAD
:105E3C00604700BFCD56001001B40248844601BC37
:105E4C00604700BF3121001001B40248844601BCF8
:105E5C00604700BF9F16001001B40248844601BC85
:105E6C00604700BF8148001001B40248844601BC61
:105E7C00604700BF91520010681F0020681E002070
:105E8C00E907021700173B3BE907021700173B3BDA
:105E9C00FFFFFFFFFFFFFFFF1000000000000000EE
:105EAC0000000100000000000000000000000200E3
:105EBC0000000000000000000000030000000000D3
:105ECC00000000000000FF000000000001B5486861
:105EDC0001318E460047704609380149884701BD9B
:105EEC00951400108C0D002000000000A00E002066
:105EFC006820002000000000000000007820002036
:105F0C000000000000000000100000000000000075
:105F1C00503300004C330000543300005233000067
:105F2C004D5300004D430000533400004334000037
:105F3C008150001000000000F94F0010B14C00100F
:105F4C00000000000001000044CC00108CC20010C6
:105F5C002C13002010000C000000000000000000BA
:105F6C00000000000000000000000000FF00000026
:105F7C0000800440000000000040044000000000CD
:105F8C0000000000F5A2001000000000000000005E
:105F9C0000000000A1A100100000000000000000A3
:105FAC0000000000000000000000000000000000E5
:105FBC0065480010053F0010F5450010DD47001046
:085FCC00E5020010D5510010A0
:04000005100001E9FD
:00000001FF
